timestep,demand
0,0
1,16
2,16
3,0
4,1
5,0
6,2
7,0
8,1
9,2
10,0
11,0
12,1
13,0
14,1
15,0
16,2
17,0
18,1
19,2
20,0
21,1
22,0
23,2
24,0
25,1
26,0
27,0
28,1
29,0
30,2
31,0
32,1
33,2
34,0
35,0
36,1
37,0
38,1
39,0
40,1
41,1
42,0
43,2
44,0
45,1
46,2
47,0
48,0
49,1
50,0
51,1
52,0
53,2
54,0
55,1
56,2
57,0
58,1
59,0
60,2
61,0
62,1
63,0
64,0
65,1
66,0
67,2
68,0
69,1
70,2
71,0
72,0
73,1
74,0
75,1
76,0
77,1
78,1
79,0
80,2
81,0
82,1
83,2
84,0
85,0
86,1
87,0
88,1
89,0
90,2
91,0
92,1
93,2
94,0
95,1
96,0
97,2
98,0
99,1
100,0
101,0
102,1
103,0
104,2
105,0
106,1
107,2
108,0
109,0
110,1
111,0
112,1
113,0
114,1
115,1
116,0
117,2
118,0
119,1
120,2
121,0
122,0
123,1
124,0
125,1
126,0
127,2
128,0
129,1
130,2
131,0
132,1
133,0
134,2
135,0
136,1
137,0
138,0
139,1
140,0
141,2
142,0
143,1
144,2
145,0
146,0
147,1
148,0
149,1
150,0
151,1
152,1
153,0
154,2
155,0
156,1
157,2
158,0
159,0
160,1
161,0
162,1
163,0
164,2
165,0
166,1
167,2
168,0
169,1
170,0
171,2
172,0
173,1
174,0
175,0
176,1
177,0
178,2
179,0
180,1
181,2
182,0
183,0
184,1
185,0
186,1
187,0
188,1
189,1
190,0
191,2
192,0
193,1
194,2
195,0
196,0
197,1
198,0
199,1
200,0
201,2
202,0
203,1
204,2
205,0
206,1
207,0
208,2
209,0
210,1
211,0
212,0
213,1
214,0
215,2
216,0
217,1
218,2
219,0
220,0
221,1
222,0
223,1
224,0
225,1
226,1
227,0
228,2
229,0
230,1
231,2
232,0
233,0
234,1
235,0
236,1
237,0
238,2
239,0
240,1
241,2
242,0
243,1
244,0
245,2
246,0
247,1
248,0
249,0
250,1
251,0
252,2
253,0
254,1
255,2
256,0
257,0
258,1
259,0
260,1
261,0
262,1
263,1
264,0
265,2
266,0
267,1
268,2
269,0
270,0
271,1
272,0
273,1
274,0
275,2
276,0
277,1
278,2
279,0
280,1
281,0
282,2
283,0
284,1
285,0
286,0
287,1
288,0
289,2
290,0
291,1
292,2
293,0
294,0
295,1
296,0
297,1
298,0
299,1
300,1
301,0
302,2
303,0
304,1
305,2
306,0
307,0
308,1
309,0
310,1
311,0
312,2
313,0
314,1
315,2
316,0
317,1
318,0
319,2
320,0
321,1
322,0
323,0
324,1
325,0
326,2
327,0
328,1
329,2
330,0
331,0
332,1
333,0
334,1
335,0
336,1
337,1
338,0
339,2
340,0
341,1
342,2
343,0
344,0
345,1
346,0
347,1
348,0
349,2
350,0
351,1
352,2
353,0
354,1
355,0
356,2
357,0
358,1
359,0
360,0
361,1
362,0
363,2
364,0
365,1
366,2
367,0
368,0
369,1
370,0
371,1
372,0
373,1
374,1
375,0
376,2
377,0
378,1
379,2
380,0
381,0
382,1
383,0
384,1
385,0
386,2
387,0
388,1
389,2
390,0
391,1
392,0
393,2
394,0
395,1
396,0
397,0
398,1
399,0
400,2
401,0
402,1
403,2
404,0
405,0
406,1
407,0
408,1
409,0
410,1
411,1
412,0
413,2
414,0
415,1
416,2
417,0
418,0
419,1
420,0
421,1
422,0
423,2
424,0
425,1
426,2
427,0
428,1
429,0
430,2
431,0
432,1
433,0
434,0
435,1
436,0
437,2
438,0
439,1
440,2
441,0
442,0
443,1
444,0
445,1
446,0
447,1
448,1
449,0
450,2
451,0
452,1
453,2
454,0
455,0
456,1
457,0
458,1
459,0
460,2
461,0
462,1
463,2
464,0
465,1
466,0
467,2
468,0
469,1
470,0
471,0
472,1
473,0
474,2
475,0
476,1
477,2
478,0
479,0
480,1
481,0
482,1
483,0
484,1
485,1
486,0
487,2
488,0
489,1
490,2
491,0
492,0
493,1
494,0
495,1
496,0
497,2
498,0
499,1
500,2
501,0
502,1
503,0
504,2
505,0
506,1
507,0
508,0
509,1
510,0
511,2
512,0
513,1
514,2
515,0
516,0
517,1
518,0
519,1
520,0
521,1
522,1
523,0
524,2
525,0
526,1
527,2
528,0
529,0
530,1
531,0
532,1
533,0
534,2
535,0
536,1
537,2
538,0
539,1
540,0
541,2
542,0
543,1
544,0
545,0
546,1
547,0
548,2
549,0
550,1
551,2
552,0
553,0
554,1
555,0
556,1
557,0
558,1
559,1
560,0
561,2
562,0
563,1
564,2
565,0
566,0
567,1
568,0
569,1
570,0
571,2
572,0
573,1
574,2
575,0
576,1
577,0
578,2
579,0
580,1
581,0
582,0
583,1
584,0
585,2
586,0
587,1
588,2
589,0
590,1
591,1
592,0
593,1
594,0
595,0
596,1
597,0
598,2
599,0
600,1
601,2
602,0
603,0
604,1
605,1
606,1
607,0
608,0
609,1
610,0
611,2
612,0
613,1
614,2
615,0
616,0
617,1
618,0
619,1
620,0
621,1
622,0
623,0
624,1
625,1
626,0
627,1
628,0
629,2
630,0
631,1
632,2
633,0
634,1
635,1
636,1
637,0
638,2
639,0
640,1
641,2
642,0
643,0
644,1
645,1
646,1
647,0
648,0
649,1
650,0
651,2
652,0
653,1
654,2
655,0
656,0
657,1
658,0
659,1
660,0
661,1
662,0
663,0
664,1
665,1
666,0
667,1
668,0
669,2
670,0
671,1
672,2
673,0
674,1
675,1
676,1
677,0
678,2
679,0
680,1
681,2
682,0
683,0
684,1
685,1
686,1
687,0
688,0
689,1
690,0
691,2
692,0
693,1
694,2
695,0
696,0
697,1
698,0
699,1
700,0
701,1
702,0
703,0
704,1
705,1
706,0
707,1
708,0
709,2
710,0
711,1
712,2
713,0
714,1
715,1
716,1
717,0
718,2
719,0
720,1
721,2
722,0
723,0
724,1
725,1
726,1
727,0
728,0
729,1
730,0
731,2
732,0
733,1
734,2
735,0
736,0
737,1
738,0
739,1
740,0
741,1
742,0
743,0
744,1
745,1
746,0
747,1
748,0
749,2
750,0
751,1
752,2
753,0
754,1
755,1
756,1
757,0
758,2
759,0
760,1
761,2
762,0
763,0
764,1
765,1
766,1
767,0
768,0
769,1
770,0
771,2
772,0
773,1
774,2
775,0
776,0
777,1
778,0
779,1
780,0
781,1
782,0
783,0
784,1
785,1
786,0
787,1
788,0
789,2
790,0
791,1
792,2
793,0
794,1
795,1
796,1
797,0
798,2
799,0
800,1
801,2
802,0
803,0
804,1
805,1
806,1
807,0
808,0
809,1
810,0
811,2
812,0
813,1
814,2
815,0
816,0
817,1
818,0
819,1
820,0
821,1
822,0
823,0
824,1
825,1
826,0
827,1
828,0
829,2
830,0
831,1
832,2
833,0
834,1
835,1
836,1
837,0
838,2
839,0
840,1
841,2
842,0
843,0
844,1
845,1
846,1
847,0
848,0
849,1
850,0
851,2
852,0
853,1
854,2
855,0
856,0
857,1
858,0
859,1
860,0
861,1
862,0
863,0
864,1
865,1
866,0
867,1
868,0
869,2
870,0
871,1
872,2
873,0
874,1
875,1
876,1
877,0
878,2
879,0
880,1
881,2
882,0
883,0
884,1
885,1
886,1
887,0
888,0
889,1
890,0
891,2
892,0
893,1
894,2
895,0
896,0
897,1
898,0
899,1
900,0
901,1
902,0
903,0
904,1
905,1
906,0
907,1
908,0
909,2
910,0
911,1
912,2
913,0
914,1
915,1
916,1
917,0
918,2
919,0
920,1
921,2
922,0
923,0
924,1
925,1
926,1
927,0
928,0
929,1
930,0
931,2
932,0
933,1
934,2
935,0
936,0
937,1
938,0
939,1
940,0
941,1
942,0
943,0
944,1
945,1
946,0
947,1
948,0
949,2
950,0
951,1
952,2
953,0
954,1
955,1
956,1
957,0
958,2
959,0
960,1
961,2
962,0
963,0
964,1
965,1
966,1
967,0
968,0
969,1
970,0
971,2
972,0
973,1
974,2
975,0
976,0
977,1
978,0
979,1
980,0
981,1
982,0
983,0
984,1
985,1
986,0
987,1
988,0
989,2
990,0
991,1
992,2
993,0
994,1
995,1
996,1
997,0
998,2
999,0
1000,1
1001,2
1002,0
1003,0
1004,1
1005,1
1006,1
1007,0
1008,0
1009,1
1010,0
1011,2
1012,0
1013,1
1014,2
1015,0
1016,0
1017,1
1018,0
1019,1
1020,0
1021,1
1022,0
1023,0
1024,1
1025,1
1026,0
1027,1
1028,0
1029,2
1030,0
1031,1
1032,2
1033,0
1034,1
1035,1
1036,1
1037,0
1038,2
1039,0
1040,1
1041,2
1042,0
1043,0
1044,1
1045,1
1046,1
1047,0
1048,0
1049,1
1050,0
1051,2
1052,0
1053,1
1054,2
1055,0
1056,0
1057,1
1058,0
1059,1
1060,0
1061,1
1062,0
1063,0
1064,1
1065,1
1066,0
1067,1
1068,0
1069,2
1070,0
1071,1
1072,2
1073,0
1074,1
1075,1
1076,1
1077,0
1078,2
1079,0
1080,1
1081,2
1082,0
1083,0
1084,1
1085,1
1086,1
1087,0
1088,0
1089,1
1090,0
1091,2
1092,0
1093,1
1094,2
1095,0
1096,0
1097,1
1098,0
1099,1
1100,0
1101,1
1102,0
1103,0
1104,1
1105,1
1106,0
1107,1
1108,0
1109,2
1110,0
1111,1
1112,2
1113,0
1114,1
1115,1
1116,1
1117,0
1118,2
1119,0
1120,1
1121,2
1122,0
1123,0
1124,1
1125,1
1126,1
1127,0
1128,0
1129,1
1130,0
1131,2
1132,0
1133,1
1134,2
1135,0
1136,0
1137,1
1138,0
1139,1
1140,0
1141,1
1142,0
1143,0
1144,1
1145,1
1146,0
1147,1
1148,0
1149,2
1150,0
1151,1
1152,2
1153,0
1154,1
1155,1
1156,1
1157,0
1158,2
1159,0
1160,1
1161,2
1162,0
1163,0
1164,1
1165,1
1166,1
1167,0
1168,0
1169,1
1170,0
1171,2
1172,0
1173,1
1174,2
1175,0
1176,0
1177,1
1178,0
1179,1
1180,0
1181,1
1182,0
1183,0
1184,1
1185,1
1186,0
1187,1
1188,0
1189,2
1190,0
1191,1
1192,2
1193,0
1194,1
1195,1
1196,1
1197,0
1198,2
1199,0
1200,1
1201,2
1202,0
1203,0
1204,1
1205,1
1206,1
1207,0
1208,0
1209,1
1210,0
1211,2
1212,0
1213,1
1214,2
1215,0
1216,0
1217,1
1218,0
1219,1
1220,0
1221,1
1222,0
1223,1
1224,0
1225,1
1226,0
1227,1
1228,0
1229,2
1230,0
1231,1
1232,2
1233,0
1234,1
1235,1
1236,1
1237,0
1238,2
1239,0
1240,1
1241,2
1242,0
1243,0
1244,2
1245,0
1246,2
1247,0
1248,1
1249,2
1250,0
1251,0
1252,1
1253,0
1254,1
1255,0
1256,2
1257,0
1258,1
1259,2
1260,0
1261,1
1262,0
1263,2
1264,0
1265,1
1266,0
1267,0
1268,1
1269,0
1270,2
1271,0
1272,1
1273,2
1274,0
1275,0
1276,1
1277,0
1278,1
1279,0
1280,1
1281,1
1282,0
1283,2
1284,0
1285,1
1286,2
1287,0
1288,0
1289,1
1290,0
1291,1
1292,0
1293,2
1294,0
1295,1
1296,2
1297,0
1298,1
1299,0
1300,2
1301,0
1302,1
1303,0
1304,0
1305,1
1306,0
1307,2
1308,0
1309,1
1310,2
1311,0
1312,0
1313,1
1314,0
1315,1
1316,0
1317,1
1318,1
1319,0
1320,2
1321,0
1322,1
1323,2
1324,0
1325,0
1326,1
1327,0
1328,1
1329,0
1330,2
1331,0
1332,1
1333,2
1334,0
1335,1
1336,0
1337,2
1338,0
1339,1
1340,0
1341,0
1342,1
1343,0
1344,2
1345,0
1346,1
1347,2
1348,0
1349,0
1350,1
1351,0
1352,1
1353,0
1354,1
1355,1
1356,0
1357,2
1358,0
1359,1
1360,2
1361,0
1362,0
1363,1
1364,0
1365,1
1366,0
1367,2
1368,0
1369,1
1370,2
1371,0
1372,1
1373,0
1374,2
1375,0
1376,1
1377,0
1378,0
1379,1
1380,0
1381,2
1382,0
1383,1
1384,2
1385,0
1386,0
1387,1
1388,0
1389,1
1390,0
1391,1
1392,1
1393,0
1394,2
1395,0
1396,1
1397,2
1398,0
1399,0
1400,1
1401,0
1402,1
1403,0
1404,2
1405,0
1406,1
1407,2
1408,0
1409,1
1410,0
1411,2
1412,0
1413,1
1414,0
1415,0
1416,1
1417,0
1418,2
1419,0
1420,1
1421,2
1422,0
1423,0
1424,1
1425,0
1426,1
1427,0
1428,1
1429,1
1430,0
1431,2
1432,0
1433,1
1434,2
1435,0
1436,0
1437,1
1438,0
1439,1
1440,0
1441,2
1442,0
1443,1
1444,2
1445,0
1446,1
1447,0
1448,2
1449,0
1450,1
1451,0
1452,0
1453,1
1454,0
1455,2
1456,0
1457,1
1458,2
1459,0
1460,0
1461,1
1462,0
1463,1
1464,0
1465,1
1466,1
1467,0
1468,2
1469,0
1470,1
1471,2
1472,0
1473,0
1474,1
1475,0
1476,1
1477,0
1478,2
1479,0
1480,1
1481,2
1482,0
1483,1
1484,0
1485,2
1486,0
1487,1
1488,0
1489,0
1490,1
1491,0
1492,2
1493,0
1494,1
1495,2
1496,0
1497,0
1498,1
1499,0
1500,1
1501,0
1502,1
1503,1
1504,0
1505,2
1506,0
1507,1
1508,2
1509,0
1510,0
1511,1
1512,0
1513,1
1514,0
1515,2
1516,0
1517,1
1518,2
1519,0
1520,1
1521,0
1522,2
1523,0
1524,1
1525,0
1526,0
1527,1
1528,0
1529,2
1530,0
1531,1
1532,2
1533,0
1534,0
1535,1
1536,0
1537,1
1538,0
1539,1
1540,1
1541,0
1542,2
1543,0
1544,1
1545,2
1546,0
1547,0
1548,1
1549,0
1550,1
1551,0
1552,2
1553,0
1554,1
1555,2
1556,0
1557,1
1558,0
1559,2
1560,0
1561,1
1562,0
1563,0
1564,1
1565,0
1566,2
1567,0
1568,1
1569,2
1570,0
1571,0
1572,1
1573,0
1574,1
1575,0
1576,1
1577,1
1578,0
1579,2
1580,0
1581,1
1582,2
1583,0
1584,0
1585,1
1586,0
1587,1
1588,0
1589,2
1590,0
1591,1
1592,2
1593,0
1594,1
1595,0
1596,2
1597,0
1598,1
1599,0
1600,0
1601,1
1602,0
1603,2
1604,0
1605,1
1606,2
1607,0
1608,0
1609,1
1610,0
1611,1
1612,0
1613,1
1614,1
1615,0
1616,2
1617,0
1618,1
1619,2
1620,0
1621,0
1622,1
1623,0
1624,1
1625,0
1626,2
1627,0
1628,1
1629,2
1630,0
1631,1
1632,0
1633,2
1634,0
1635,1
1636,0
1637,0
1638,1
1639,0
1640,2
1641,0
1642,1
1643,2
1644,0
1645,0
1646,1
1647,0
1648,1
1649,0
1650,1
1651,1
1652,0
1653,2
1654,0
1655,1
1656,2
1657,0
1658,0
1659,1
1660,0
1661,1
1662,0
1663,2
1664,0
1665,1
1666,2
1667,0
1668,1
1669,0
1670,2
1671,0
1672,1
1673,0
1674,0
1675,1
1676,0
1677,2
1678,0
1679,1
1680,2
1681,0
1682,0
1683,1
1684,0
1685,1
1686,0
1687,1
1688,1
1689,0
1690,2
1691,0
1692,1
1693,2
1694,0
1695,0
1696,1
1697,0
1698,1
1699,0
1700,2
1701,0
1702,1
1703,2
1704,0
1705,1
1706,0
1707,2
1708,0
1709,1
1710,0
1711,0
1712,1
1713,0
1714,2
1715,0
1716,1
1717,2
1718,0
1719,0
1720,1
1721,0
1722,1
1723,0
1724,1
1725,1
1726,0
1727,2
1728,0
1729,1
1730,2
1731,0
1732,0
1733,1
1734,0
1735,1
1736,0
1737,2
1738,0
1739,1
1740,2
1741,0
1742,1
1743,0
1744,2
1745,0
1746,1
1747,0
1748,0
1749,1
1750,0
1751,2
1752,0
1753,1
1754,2
1755,0
1756,0
1757,1
1758,0
1759,1
1760,0
1761,1
1762,1
1763,0
1764,2
1765,0
1766,1
1767,2
1768,0
1769,0
1770,1
1771,0
1772,1
1773,0
1774,2
1775,0
1776,1
1777,2
1778,0
1779,1
1780,0
1781,2
1782,0
1783,1
1784,0
1785,0
1786,1
1787,0
1788,2
1789,0
1790,1
1791,2
1792,0
1793,0
1794,1
1795,0
1796,1
1797,0
1798,1
1799,1
1800,0
1801,2
1802,0
1803,1
1804,2
1805,0
1806,0
1807,1
1808,0
1809,1
1810,0
1811,2
1812,0
1813,1
1814,2
1815,0
1816,1
1817,0
1818,2
1819,0
1820,1
1821,0
1822,0
1823,1
1824,0
1825,2
1826,0
1827,1
1828,2
1829,0
1830,1
1831,1
1832,0
1833,1
1834,0
1835,0
1836,1
1837,0
1838,2
1839,0
1840,1
1841,2
1842,0
1843,0
1844,1
1845,1
1846,1
1847,0
1848,0
1849,1
1850,0
1851,2
1852,0
1853,1
1854,2
1855,0
1856,0
1857,1
1858,0
1859,1
1860,0
1861,1
1862,0
1863,0
1864,1
1865,1
1866,0
1867,1
1868,0
1869,2
1870,0
1871,1
1872,2
1873,0
1874,1
1875,1
1876,1
1877,0
1878,2
1879,0
1880,1
1881,2
1882,0
1883,0
1884,1
1885,1
1886,1
1887,0
1888,0
1889,1
1890,0
1891,2
1892,0
1893,1
1894,2
1895,0
1896,0
1897,1
1898,0
1899,1
1900,0
1901,1
1902,0
1903,0
1904,1
1905,1
1906,0
1907,1
1908,0
1909,2
1910,0
1911,1
1912,2
1913,0
1914,1
1915,1
1916,1
1917,0
1918,2
1919,0
1920,1
1921,2
1922,0
1923,0
1924,1
1925,1
1926,1
1927,0
1928,0
1929,1
1930,0
1931,2
1932,0
1933,1
1934,2
1935,0
1936,0
1937,1
1938,0
1939,1
1940,0
1941,1
1942,0
1943,0
1944,1
1945,1
1946,0
1947,1
1948,0
1949,2
1950,0
1951,1
1952,2
1953,0
1954,1
1955,1
1956,1
1957,0
1958,2
1959,0
1960,1
1961,2
1962,0
1963,0
1964,1
1965,1
1966,1
1967,0
1968,0
1969,1
1970,0
1971,2
1972,0
1973,1
1974,2
1975,0
1976,0
1977,1
1978,0
1979,1
1980,0
1981,1
1982,0
1983,0
1984,1
1985,1
1986,0
1987,1
1988,0
1989,2
1990,0
1991,1
1992,2
1993,0
1994,1
1995,1
1996,1
1997,0
1998,2
1999,0
2000,1
2001,2
2002,0
2003,0
2004,1
2005,1
2006,1
2007,0
2008,0
2009,1
2010,0
2011,2
2012,0
2013,1
2014,2
2015,0
2016,0
2017,1
2018,0
2019,1
2020,0
2021,1
2022,0
2023,0
2024,1
2025,1
2026,0
2027,1
2028,0
2029,2
2030,0
2031,1
2032,2
2033,0
2034,1
2035,1
2036,1
2037,0
2038,2
2039,0
2040,1
2041,2
2042,0
2043,0
2044,1
2045,1
2046,1
2047,0
2048,0
2049,1
2050,0
2051,2
2052,0
2053,1
2054,2
2055,0
2056,0
2057,1
2058,0
2059,1
2060,0
2061,1
2062,0
2063,0
2064,1
2065,1
2066,0
2067,1
2068,0
2069,2
2070,0
2071,1
2072,2
2073,0
2074,1
2075,1
2076,1
2077,0
2078,2
2079,0
2080,1
2081,2
2082,0
2083,0
2084,1
2085,1
2086,1
2087,0
2088,0
2089,1
2090,0
2091,2
2092,0
2093,1
2094,2
2095,0
2096,0
2097,1
2098,0
2099,1
2100,0
2101,1
2102,0
2103,0
2104,1
2105,1
2106,0
2107,1
2108,0
2109,2
2110,0
2111,1
2112,2
2113,0
2114,1
2115,1
2116,1
2117,0
2118,2
2119,0
2120,1
2121,2
2122,0
2123,0
2124,1
2125,1
2126,1
2127,0
2128,0
2129,1
2130,0
2131,2
2132,0
2133,1
2134,2
2135,0
2136,0
2137,1
2138,0
2139,1
2140,0
2141,1
2142,0
2143,0
2144,1
2145,1
2146,0
2147,1
2148,0
2149,2
2150,0
2151,1
2152,2
2153,0
2154,1
2155,1
2156,1
2157,0
2158,2
2159,0
2160,1
2161,2
2162,0
2163,0
2164,1
2165,1
2166,1
2167,0
2168,0
2169,1
2170,0
2171,2
2172,0
2173,1
2174,2
2175,0
2176,0
2177,1
2178,0
2179,1
2180,0
2181,1
2182,0
2183,0
2184,1
2185,1
2186,0
2187,1
2188,0
2189,2
2190,0
2191,1
2192,2
2193,0
2194,1
2195,1
2196,1
2197,0
2198,2
2199,0
2200,1
2201,2
2202,0
2203,0
2204,1
2205,1
2206,1
2207,0
2208,0
2209,1
2210,0
2211,2
2212,0
2213,1
2214,2
2215,0
2216,0
2217,1
2218,0
2219,1
2220,0
2221,1
2222,0
2223,0
2224,1
2225,1
2226,0
2227,1
2228,0
2229,2
2230,0
2231,1
2232,2
2233,0
2234,1
2235,1
2236,1
2237,0
2238,2
2239,0
2240,1
2241,2
2242,0
2243,0
2244,1
2245,1
2246,1
2247,0
2248,0
2249,1
2250,0
2251,2
2252,0
2253,1
2254,2
2255,0
2256,0
2257,1
2258,0
2259,1
2260,0
2261,1
2262,0
2263,0
2264,1
2265,1
2266,0
2267,1
2268,0
2269,2
2270,0
2271,1
2272,2
2273,0
2274,1
2275,1
2276,1
2277,0
2278,2
2279,0
2280,1
2281,2
2282,0
2283,0
2284,1
2285,1
2286,1
2287,0
2288,0
2289,1
2290,0
2291,2
2292,0
2293,1
2294,2
2295,0
2296,0
2297,1
2298,0
2299,1
2300,0
2301,1
2302,0
2303,0
2304,1
2305,1
2306,0
2307,1
2308,0
2309,2
2310,0
2311,1
2312,2
2313,0
2314,1
2315,1
2316,1
2317,0
2318,2
2319,0
2320,1
2321,2
2322,0
2323,0
2324,1
2325,1
2326,1
2327,0
2328,0
2329,1
2330,0
2331,2
2332,0
2333,1
2334,2
2335,0
2336,0
2337,1
2338,0
2339,1
2340,0
2341,1
2342,0
2343,0
2344,1
2345,1
2346,0
2347,1
2348,0
2349,2
2350,0
2351,1
2352,2
2353,0
2354,1
2355,1
2356,1
2357,0
2358,2
2359,0
2360,1
2361,2
2362,0
2363,0
2364,1
2365,1
2366,1
2367,0
2368,0
2369,1
2370,0
2371,2
2372,0
2373,1
2374,2
2375,0
2376,0
2377,1
2378,0
2379,1
2380,0
2381,1
2382,0
2383,0
2384,1
2385,1
2386,0
2387,1
2388,0
2389,2
2390,0
2391,1
2392,2
2393,0
2394,1
2395,1
2396,1
2397,0
2398,2
2399,0
2400,1
2401,2
2402,0
2403,0
2404,1
2405,1
2406,1
2407,0
2408,0
2409,1
2410,0
2411,2
2412,0
2413,1
2414,2
2415,0
2416,0
2417,1
2418,0
2419,1
2420,0
2421,1
2422,0
2423,0
2424,1
2425,1
2426,0
2427,1
2428,0
2429,2
2430,0
2431,1
2432,2
2433,0
2434,1
2435,1
2436,1
2437,0
2438,2
2439,0
2440,1
2441,2
2442,0
2443,0
2444,1
2445,1
2446,1
2447,0
2448,0
2449,1
2450,0
2451,2
2452,0
2453,1
2454,2
2455,0
2456,0
2457,1
2458,0
2459,1
2460,0
2461,1
2462,0
2463,1
2464,0
2465,1
2466,0
2467,1
2468,0
2469,2
2470,0
2471,1
2472,2
2473,0
2474,1
2475,1
2476,1
2477,0
2478,2
2479,0
2480,1
2481,2
2482,0
2483,0
2484,2
2485,0
2486,2
2487,0
2488,1
2489,2
2490,0
2491,0
2492,1
2493,0
2494,1
2495,0
2496,2
2497,0
2498,1
2499,2
2500,0
2501,1
2502,0
2503,2
2504,0
2505,1
2506,0
2507,0
2508,1
2509,0
2510,2
2511,0
2512,1
2513,2
2514,0
2515,0
2516,1
2517,0
2518,1
2519,0
2520,1
2521,1
2522,0
2523,2
2524,0
2525,1
2526,2
2527,0
2528,0
2529,1
2530,0
2531,1
2532,0
2533,2
2534,0
2535,1
2536,2
2537,0
2538,1
2539,0
2540,2
2541,0
2542,1
2543,0
2544,0
2545,1
2546,0
2547,2
2548,0
2549,1
2550,2
2551,0
2552,0
2553,1
2554,0
2555,1
2556,0
2557,1
2558,1
2559,0
2560,2
2561,0
2562,1
2563,2
2564,0
2565,0
2566,1
2567,0
2568,1
2569,0
2570,2
2571,0
2572,1
2573,2
2574,0
2575,1
2576,0
2577,2
2578,0
2579,1
2580,0
2581,0
2582,1
2583,0
2584,2
2585,0
2586,1
2587,2
2588,0
2589,0
2590,1
2591,0
2592,1
2593,0
2594,1
2595,1
2596,0
2597,2
2598,0
2599,1
2600,2
2601,0
2602,0
2603,1
2604,0
2605,1
2606,0
2607,2
2608,0
2609,1
2610,2
2611,0
2612,1
2613,0
2614,2
2615,0
2616,1
2617,0
2618,0
2619,1
2620,0
2621,2
2622,0
2623,1
2624,2
2625,0
2626,0
2627,1
2628,0
2629,1
2630,0
2631,1
2632,1
2633,0
2634,2
2635,0
2636,1
2637,2
2638,0
2639,0
2640,1
2641,0
2642,1
2643,0
2644,2
2645,0
2646,1
2647,2
2648,0
2649,1
2650,0
2651,2
2652,0
2653,1
2654,0
2655,0
2656,1
2657,0
2658,2
2659,0
2660,1
2661,2
2662,0
2663,0
2664,1
2665,0
2666,1
2667,0
2668,1
2669,1
2670,0
2671,2
2672,0
2673,1
2674,2
2675,0
2676,0
2677,1
2678,0
2679,1
2680,0
2681,2
2682,0
2683,1
2684,2
2685,0
2686,1
2687,0
2688,2
2689,0
2690,1
2691,0
2692,0
2693,1
2694,0
2695,2
2696,0
2697,1
2698,2
2699,0
2700,0
2701,1
2702,0
2703,1
2704,0
2705,1
2706,1
2707,0
2708,2
2709,0
2710,1
2711,2
2712,0
2713,0
2714,1
2715,0
2716,1
2717,0
2718,2
2719,0
2720,1
2721,2
2722,0
2723,1
2724,0
2725,2
2726,0
2727,1
2728,0
2729,0
2730,1
2731,0
2732,2
2733,0
2734,1
2735,2
2736,0
2737,0
2738,1
2739,0
2740,1
2741,0
2742,1
2743,1
2744,0
2745,2
2746,0
2747,1
2748,2
2749,0
2750,0
2751,1
2752,0
2753,1
2754,0
2755,2
2756,0
2757,1
2758,2
2759,0
2760,1
2761,0
2762,2
2763,0
2764,1
2765,0
2766,0
2767,1
2768,0
2769,2
2770,0
2771,1
2772,2
2773,0
2774,0
2775,1
2776,0
2777,1
2778,0
2779,1
2780,1
2781,0
2782,2
2783,0
2784,1
2785,2
2786,0
2787,0
2788,1
2789,0
2790,1
2791,0
2792,2
2793,0
2794,1
2795,2
2796,0
2797,1
2798,0
2799,2
2800,0
2801,1
2802,0
2803,0
2804,1
2805,0
2806,2
2807,0
2808,1
2809,2
2810,0
2811,0
2812,1
2813,0
2814,1
2815,0
2816,1
2817,1
2818,0
2819,2
2820,0
2821,1
2822,2
2823,0
2824,0
2825,1
2826,0
2827,1
2828,0
2829,2
2830,0
2831,1
2832,2
2833,0
2834,1
2835,0
2836,2
2837,0
2838,1
2839,0
2840,0
2841,1
2842,0
2843,2
2844,0
2845,1
2846,2
2847,0
2848,0
2849,1
2850,0
2851,1
2852,0
2853,1
2854,1
2855,0
2856,2
2857,0
2858,1
2859,2
2860,0
2861,0
2862,1
2863,0
2864,1
2865,0
2866,2
2867,0
2868,1
2869,2
2870,0
2871,1
2872,0
2873,2
2874,0
2875,1
2876,0
2877,0
2878,1
2879,0
2880,2
2881,0
2882,1
2883,2
2884,0
2885,0
2886,1
2887,0
2888,1
2889,0
2890,1
2891,1
2892,0
2893,2
2894,0
2895,1
2896,2
2897,0
2898,0
2899,1
2900,0
2901,1
2902,0
2903,2
2904,0
2905,1
2906,2
2907,0
2908,1
2909,0
2910,2
2911,0
2912,1
2913,0
2914,0
2915,1
2916,0
2917,2
2918,0
2919,1
2920,2
2921,0
2922,0
2923,1
2924,0
2925,1
2926,0
2927,1
2928,1
2929,0
2930,2
2931,0
2932,1
2933,2
2934,0
2935,0
2936,1
2937,0
2938,1
2939,0
2940,2
2941,0
2942,1
2943,2
2944,0
2945,1
2946,0
2947,2
2948,0
2949,1
2950,0
2951,0
2952,1
2953,0
2954,2
2955,0
2956,1
2957,2
2958,0
2959,0
2960,1
2961,0
2962,1
2963,0
2964,1
2965,1
2966,0
2967,2
2968,0
2969,1
2970,2
2971,0
2972,0
2973,1
2974,0
2975,1
2976,0
2977,2
2978,0
2979,1
2980,2
2981,0
2982,1
2983,0
2984,2
2985,0
2986,1
2987,0
2988,0
2989,1
2990,0
2991,2
2992,0
2993,1
2994,2
2995,0
2996,0
2997,1
2998,0
2999,1
3000,0
3001,1
3002,1
3003,0
3004,2
3005,0
3006,1
3007,2
3008,0
3009,0
3010,1
3011,0
3012,1
3013,0
3014,2
3015,0
3016,1
3017,2
3018,0
3019,1
3020,0
3021,2
3022,0
3023,1
3024,0
3025,0
3026,1
3027,0
3028,2
3029,0
3030,1
3031,2
3032,0
3033,0
3034,1
3035,0
3036,1
3037,0
3038,1
3039,1
3040,0
3041,2
3042,0
3043,1
3044,2
3045,0
3046,0
3047,1
3048,0
3049,1
3050,0
3051,2
3052,0
3053,1
3054,2
3055,0
3056,1
3057,0
3058,2
3059,0
3060,1
3061,0
3062,0
3063,1
3064,0
3065,2
3066,0
3067,1
3068,2
3069,0
3070,1
3071,1
3072,0
3073,1
3074,0
3075,0
3076,1
3077,0
3078,2
3079,0
3080,1
3081,2
3082,0
3083,0
3084,1
3085,1
3086,1
3087,0
3088,0
3089,1
3090,0
3091,2
3092,0
3093,1
3094,2
3095,0
3096,0
3097,1
3098,0
3099,1
3100,0
3101,1
3102,0
3103,0
3104,1
3105,1
3106,0
3107,1
3108,0
3109,2
3110,0
3111,1
3112,2
3113,0
3114,1
3115,1
3116,1
3117,0
3118,2
3119,0
3120,1
3121,2
3122,0
3123,0
3124,1
3125,1
3126,1
3127,0
3128,0
3129,1
3130,0
3131,2
3132,0
3133,1
3134,2
3135,0
3136,0
3137,1
3138,0
3139,1
3140,0
3141,1
3142,0
3143,0
3144,1
3145,1
3146,0
3147,1
3148,0
3149,2
3150,0
3151,1
3152,2
3153,0
3154,1
3155,1
3156,1
3157,0
3158,2
3159,0
3160,1
3161,2
3162,0
3163,0
3164,1
3165,1
3166,1
3167,0
3168,0
3169,1
3170,0
3171,2
3172,0
3173,1
3174,2
3175,0
3176,0
3177,1
3178,0
3179,1
3180,0
3181,1
3182,0
3183,0
3184,1
3185,1
3186,0
3187,1
3188,0
3189,2
3190,0
3191,1
3192,2
3193,0
3194,1
3195,1
3196,1
3197,0
3198,2
3199,0
3200,1
3201,2
3202,0
3203,0
3204,1
3205,1
3206,1
3207,0
3208,0
3209,1
3210,0
3211,2
3212,0
3213,1
3214,2
3215,0
3216,0
3217,1
3218,0
3219,1
3220,0
3221,1
3222,0
3223,0
3224,1
3225,1
3226,0
3227,1
3228,0
3229,2
3230,0
3231,1
3232,2
3233,0
3234,1
3235,1
3236,1
3237,0
3238,2
3239,0
3240,1
3241,2
3242,0
3243,0
3244,1
3245,1
3246,1
3247,0
3248,0
3249,1
3250,0
3251,2
3252,0
3253,1
3254,2
3255,0
3256,0
3257,1
3258,0
3259,1
3260,0
3261,1
3262,0
3263,0
3264,1
3265,1
3266,0
3267,1
3268,0
3269,2
3270,0
3271,1
3272,2
3273,0
3274,1
3275,1
3276,1
3277,0
3278,2
3279,0
3280,1
3281,2
3282,0
3283,0
3284,1
3285,1
3286,1
3287,0
3288,0
3289,1
3290,0
3291,2
3292,0
3293,1
3294,2
3295,0
3296,0
3297,1
3298,0
3299,1
3300,0
3301,1
3302,0
3303,0
3304,1
3305,1
3306,0
3307,1
3308,0
3309,2
3310,0
3311,1
3312,2
3313,0
3314,1
3315,1
3316,1
3317,0
3318,2
3319,0
3320,1
3321,2
3322,0
3323,0
3324,1
3325,1
3326,1
3327,0
3328,0
3329,1
3330,0
3331,2
3332,0
3333,1
3334,2
3335,0
3336,0
3337,1
3338,0
3339,1
3340,0
3341,1
3342,0
3343,0
3344,1
3345,1
3346,0
3347,1
3348,0
3349,2
3350,0
3351,1
3352,2
3353,0
3354,1
3355,1
3356,1
3357,0
3358,2
3359,0
3360,1
3361,2
3362,0
3363,0
3364,1
3365,1
3366,1
3367,0
3368,0
3369,1
3370,0
3371,2
3372,0
3373,1
3374,2
3375,0
3376,0
3377,1
3378,0
3379,1
3380,0
3381,1
3382,0
3383,0
3384,1
3385,1
3386,0
3387,1
3388,0
3389,2
3390,0
3391,1
3392,2
3393,0
3394,1
3395,1
3396,1
3397,0
3398,2
3399,0
3400,1
3401,2
3402,0
3403,0
3404,1
3405,1
3406,1
3407,0
3408,0
3409,1
3410,0
3411,2
3412,0
3413,1
3414,2
3415,0
3416,0
3417,1
3418,0
3419,1
3420,0
3421,1
3422,0
3423,0
3424,1
3425,1
3426,0
3427,1
3428,0
3429,2
3430,0
3431,1
3432,2
3433,0
3434,1
3435,1
3436,1
3437,0
3438,2
3439,0
3440,1
3441,2
3442,0
3443,0
3444,1
3445,1
3446,1
3447,0
3448,0
3449,1
3450,0
3451,2
3452,0
3453,1
3454,2
3455,0
3456,0
3457,1
3458,0
3459,1
3460,0
3461,1
3462,0
3463,0
3464,1
3465,1
3466,0
3467,1
3468,0
3469,2
3470,0
3471,1
3472,2
3473,0
3474,1
3475,1
3476,1
3477,0
3478,2
3479,0
3480,1
3481,2
3482,0
3483,0
3484,1
3485,1
3486,1
3487,0
3488,0
3489,1
3490,0
3491,2
3492,0
3493,1
3494,2
3495,0
3496,0
3497,1
3498,0
3499,1
3500,0
3501,1
3502,0
3503,0
3504,1
3505,1
3506,0
3507,1
3508,0
3509,2
3510,0
3511,1
3512,2
3513,0
3514,1
3515,1
3516,1
3517,0
3518,2
3519,0
3520,1
3521,2
3522,0
3523,0
3524,1
3525,1
3526,1
3527,0
3528,0
3529,1
3530,0
3531,2
3532,0
3533,1
3534,2
3535,0
3536,0
3537,1
3538,0
3539,1
3540,0
3541,1
3542,0
3543,0
3544,1
3545,1
3546,0
3547,1
3548,0
3549,2
3550,0
3551,1
3552,2
3553,0
3554,1
3555,1
3556,1
3557,0
3558,2
3559,0
3560,1
3561,2
3562,0
3563,0
3564,1
3565,1
3566,1
3567,0
3568,0
3569,1
3570,0
3571,2
3572,0
3573,1
3574,2
3575,0
3576,0
3577,1
3578,0
3579,1
3580,0
3581,1
3582,0
3583,0
3584,1
3585,1
3586,0
3587,1
3588,0
3589,2
3590,0
3591,1
3592,2
3593,0
3594,1
3595,1
3596,1
3597,0
3598,2
3599,0
3600,1
3601,2
3602,0
3603,0
3604,1
3605,1
3606,1
3607,0
3608,0
3609,1
3610,0
3611,2
3612,0
3613,1
3614,2
3615,0
3616,0
3617,1
3618,0
3619,1
3620,0
3621,1
3622,0
3623,0
3624,1
3625,1
3626,0
3627,1
3628,0
3629,2
3630,0
3631,1
3632,2
3633,0
3634,1
3635,1
3636,1
3637,0
3638,2
3639,0
3640,1
3641,2
3642,0
3643,0
3644,1
3645,1
3646,1
3647,0
3648,0
3649,1
3650,0
3651,2
3652,0
3653,1
3654,2
3655,0
3656,0
3657,1
3658,0
3659,1
3660,0
3661,1
3662,0
3663,0
3664,1
3665,1
3666,0
3667,1
3668,0
3669,2
3670,0
3671,1
3672,2
3673,0
3674,1
3675,1
3676,1
3677,0
3678,2
3679,0
3680,1
3681,2
3682,0
3683,0
3684,1
3685,1
3686,1
3687,0
3688,0
3689,1
3690,0
3691,2
3692,0
3693,1
3694,2
3695,0
3696,0
3697,1
3698,0
3699,1
3700,0
3701,1
3702,0
3703,1
3704,0
3705,1
3706,0
3707,1
3708,0
3709,2
3710,0
3711,1
3712,2
3713,0
3714,1
3715,1
3716,1
3717,0
3718,2
3719,0
3720,1
3721,2
3722,0
3723,0
3724,1
3725,0
3726,2
3727,0
3728,1
3729,2
3730,0
3731,0
3732,1
3733,0
3734,1
3735,0
3736,2
3737,0
3738,1
3739,2
3740,0
3741,1
3742,0
3743,2
3744,0
3745,1
3746,0
3747,0
3748,1
3749,0
3750,2
3751,0
3752,1
3753,2
3754,0
3755,0
3756,1
3757,0
3758,1
3759,0
3760,1
3761,1
3762,0
3763,2
3764,0
3765,1
3766,2
3767,0
3768,0
3769,1
3770,0
3771,1
3772,0
3773,2
3774,0
3775,1
3776,2
3777,0
3778,1
3779,0
3780,2
3781,0
3782,1
3783,0
3784,0
3785,1
3786,0
3787,2
3788,0
3789,1
3790,2
3791,0
3792,0
3793,1
3794,0
3795,1
3796,0
3797,1
3798,1
3799,0
3800,2
3801,0
3802,1
3803,2
3804,0
3805,0
3806,1
3807,0
3808,1
3809,0
3810,2
3811,0
3812,1
3813,2
3814,0
3815,1
3816,0
3817,2
3818,0
3819,1
3820,0
3821,0
3822,1
3823,0
3824,2
3825,0
3826,1
3827,2
3828,0
3829,0
3830,1
3831,0
3832,1
3833,0
3834,1
3835,1
3836,0
3837,2
3838,0
3839,1
3840,2
3841,0
3842,0
3843,1
3844,0
3845,1
3846,0
3847,2
3848,0
3849,1
3850,2
3851,0
3852,1
3853,0
3854,2
3855,0
3856,1
3857,0
3858,0
3859,1
3860,0
3861,2
3862,0
3863,1
3864,2
3865,0
3866,0
3867,1
3868,0
3869,1
3870,0
3871,1
3872,1
3873,0
3874,2
3875,0
3876,1
3877,2
3878,0
3879,0
3880,1
3881,0
3882,1
3883,0
3884,2
3885,0
3886,1
3887,2
3888,0
3889,1
3890,0
3891,2
3892,0
3893,1
3894,0
3895,0
3896,1
3897,0
3898,2
3899,0
3900,1
3901,2
3902,0
3903,0
3904,1
3905,0
3906,1
3907,0
3908,1
3909,1
3910,0
3911,2
3912,0
3913,1
3914,2
3915,0
3916,0
3917,1
3918,0
3919,1
3920,0
3921,2
3922,0
3923,1
3924,2
3925,0
3926,1
3927,0
3928,2
3929,0
3930,1
3931,0
3932,0
3933,1
3934,0
3935,2
3936,0
3937,1
3938,2
3939,0
3940,0
3941,1
3942,0
3943,1
3944,0
3945,1
3946,1
3947,0
3948,2
3949,0
3950,1
3951,2
3952,0
3953,0
3954,1
3955,0
3956,1
3957,0
3958,2
3959,0
3960,1
3961,2
3962,0
3963,1
3964,0
3965,2
3966,0
3967,1
3968,0
3969,0
3970,1
3971,0
3972,2
3973,0
3974,1
3975,2
3976,0
3977,0
3978,1
3979,0
3980,1
3981,0
3982,1
3983,1
3984,0
3985,2
3986,0
3987,1
3988,2
3989,0
3990,0
3991,1
3992,0
3993,1
3994,0
3995,2
3996,0
3997,1
3998,2
3999,0
4000,1
4001,0
4002,2
4003,0
4004,1
4005,0
4006,0
4007,1
4008,0
4009,2
4010,0
4011,1
4012,2
4013,0
4014,0
4015,1
4016,0
4017,1
4018,0
4019,1
4020,1
4021,0
4022,2
4023,0
4024,1
4025,2
4026,0
4027,0
4028,1
4029,0
4030,1
4031,0
4032,2
4033,0
4034,1
4035,2
4036,0
4037,1
4038,0
4039,2
4040,0
4041,1
4042,0
4043,0
4044,1
4045,0
4046,2
4047,0
4048,1
4049,2
4050,0
4051,0
4052,1
4053,0
4054,1
4055,0
4056,1
4057,1
4058,0
4059,2
4060,0
4061,1
4062,2
4063,0
4064,0
4065,1
4066,0
4067,1
4068,0
4069,2
4070,0
4071,1
4072,2
4073,0
4074,1
4075,0
4076,2
4077,0
4078,1
4079,0
4080,0
4081,1
4082,0
4083,2
4084,0
4085,1
4086,2
4087,0
4088,0
4089,1
4090,0
4091,1
4092,0
4093,1
4094,1
4095,0
4096,2
4097,0
4098,1
4099,2
4100,0
4101,0
4102,1
4103,0
4104,1
4105,0
4106,2
4107,0
4108,1
4109,2
4110,0
4111,1
4112,0
4113,2
4114,0
4115,1
4116,0
4117,0
4118,1
4119,0
4120,2
4121,0
4122,1
4123,2
4124,0
4125,0
4126,1
4127,0
4128,1
4129,0
4130,1
4131,1
4132,0
4133,2
4134,0
4135,1
4136,2
4137,0
4138,0
4139,1
4140,0
4141,1
4142,0
4143,2
4144,0
4145,1
4146,2
4147,0
4148,1
4149,0
4150,2
4151,0
4152,1
4153,0
4154,0
4155,1
4156,0
4157,2
4158,0
4159,1
4160,2
4161,0
4162,0
4163,1
4164,0
4165,1
4166,0
4167,1
4168,1
4169,0
4170,2
4171,0
4172,1
4173,2
4174,0
4175,0
4176,1
4177,0
4178,1
4179,0
4180,2
4181,0
4182,1
4183,2
4184,0
4185,1
4186,0
4187,2
4188,0
4189,1
4190,0
4191,0
4192,1
4193,0
4194,2
4195,0
4196,1
4197,2
4198,0
4199,0
4200,1
4201,0
4202,1
4203,0
4204,1
4205,1
4206,0
4207,2
4208,0
4209,1
4210,2
4211,0
4212,0
4213,1
4214,0
4215,1
4216,0
4217,2
4218,0
4219,1
4220,2
4221,0
4222,1
4223,0
4224,2
4225,0
4226,1
4227,0
4228,0
4229,1
4230,0
4231,2
4232,0
4233,1
4234,2
4235,0
4236,0
4237,1
4238,0
4239,1
4240,0
4241,1
4242,1
4243,0
4244,2
4245,0
4246,1
4247,2
4248,0
4249,0
4250,1
4251,0
4252,1
4253,0
4254,2
4255,0
4256,1
4257,2
4258,0
4259,1
4260,0
4261,2
4262,0
4263,1
4264,0
4265,0
4266,1
4267,0
4268,2
4269,0
4270,1
4271,2
4272,0
4273,0
4274,1
4275,0
4276,1
4277,0
4278,1
4279,1
4280,0
4281,2
4282,0
4283,1
4284,2
4285,0
4286,0
4287,1
4288,0
4289,1
4290,0
4291,2
4292,0
4293,1
4294,2
4295,0
4296,1
4297,0
4298,2
4299,0
4300,1
4301,0
4302,0
4303,1
4304,0
4305,2
4306,0
4307,1
4308,2
4309,0
4310,1
4311,1
4312,0
4313,1
4314,0
4315,0
4316,1
4317,0
4318,2
4319,0
4320,1
4321,2
4322,0
4323,0
4324,1
4325,1
4326,1
4327,0
4328,0
4329,1
4330,0
4331,2
4332,0
4333,1
4334,2
4335,0
4336,0
4337,1
4338,0
4339,1
4340,0
4341,1
4342,0
4343,0
4344,1
4345,1
4346,0
4347,1
4348,0
4349,2
4350,0
4351,1
4352,2
4353,0
4354,1
4355,1
4356,1
4357,0
4358,2
4359,0
4360,1
4361,2
4362,0
4363,0
4364,1
4365,1
4366,1
4367,0
4368,0
4369,1
4370,0
4371,2
4372,0
4373,1
4374,2
4375,0
4376,0
4377,1
4378,0
4379,1
4380,0
4381,1
4382,0
4383,0
4384,1
4385,1
4386,0
4387,1
4388,0
4389,2
4390,0
4391,1
4392,2
4393,0
4394,1
4395,1
4396,1
4397,0
4398,2
4399,0
4400,1
4401,2
4402,0
4403,0
4404,1
4405,1
4406,1
4407,0
4408,0
4409,1
4410,0
4411,2
4412,0
4413,1
4414,2
4415,0
4416,0
4417,1
4418,0
4419,1
4420,0
4421,1
4422,0
4423,0
4424,1
4425,1
4426,0
4427,1
4428,0
4429,2
4430,0
4431,1
4432,2
4433,0
4434,1
4435,1
4436,1
4437,0
4438,2
4439,0
4440,1
4441,2
4442,0
4443,0
4444,1
4445,1
4446,1
4447,0
4448,0
4449,1
4450,0
4451,2
4452,0
4453,1
4454,2
4455,0
4456,0
4457,1
4458,0
4459,1
4460,0
4461,1
4462,0
4463,0
4464,1
4465,1
4466,0
4467,1
4468,0
4469,2
4470,0
4471,1
4472,2
4473,0
4474,1
4475,1
4476,1
4477,0
4478,2
4479,0
4480,1
4481,2
4482,0
4483,0
4484,1
4485,1
4486,1
4487,0
4488,0
4489,1
4490,0
4491,2
4492,0
4493,1
4494,2
4495,0
4496,0
4497,1
4498,0
4499,1
4500,0
4501,1
4502,0
4503,0
4504,1
4505,1
4506,0
4507,1
4508,0
4509,2
4510,0
4511,1
4512,2
4513,0
4514,1
4515,1
4516,1
4517,0
4518,2
4519,0
4520,1
4521,2
4522,0
4523,0
4524,1
4525,1
4526,1
4527,0
4528,0
4529,1
4530,0
4531,2
4532,0
4533,1
4534,2
4535,0
4536,0
4537,1
4538,0
4539,1
4540,0
4541,1
4542,0
4543,0
4544,1
4545,1
4546,0
4547,1
4548,0
4549,2
4550,0
4551,1
4552,2
4553,0
4554,1
4555,1
4556,1
4557,0
4558,2
4559,0
4560,1
4561,2
4562,0
4563,0
4564,1
4565,1
4566,1
4567,0
4568,0
4569,1
4570,0
4571,2
4572,0
4573,1
4574,2
4575,0
4576,0
4577,1
4578,0
4579,1
4580,0
4581,1
4582,0
4583,0
4584,1
4585,1
4586,0
4587,1
4588,0
4589,2
4590,0
4591,1
4592,2
4593,0
4594,1
4595,1
4596,1
4597,0
4598,2
4599,0
4600,1
4601,2
4602,0
4603,0
4604,1
4605,1
4606,1
4607,0
4608,0
4609,1
4610,0
4611,2
4612,0
4613,1
4614,2
4615,0
4616,0
4617,1
4618,0
4619,1
4620,0
4621,1
4622,0
4623,0
4624,1
4625,1
4626,0
4627,1
4628,0
4629,2
4630,0
4631,1
4632,2
4633,0
4634,1
4635,1
4636,1
4637,0
4638,2
4639,0
4640,1
4641,2
4642,0
4643,0
4644,1
4645,1
4646,1
4647,0
4648,0
4649,1
4650,0
4651,2
4652,0
4653,1
4654,2
4655,0
4656,0
4657,1
4658,0
4659,1
4660,0
4661,1
4662,0
4663,0
4664,1
4665,1
4666,0
4667,1
4668,0
4669,2
4670,0
4671,1
4672,2
4673,0
4674,1
4675,1
4676,1
4677,0
4678,2
4679,0
4680,1
4681,2
4682,0
4683,0
4684,1
4685,1
4686,1
4687,0
4688,0
4689,1
4690,0
4691,2
4692,0
4693,1
4694,2
4695,0
4696,0
4697,1
4698,0
4699,1
4700,0
4701,1
4702,0
4703,0
4704,1
4705,1
4706,0
4707,1
4708,0
4709,2
4710,0
4711,1
4712,2
4713,0
4714,1
4715,1
4716,1
4717,0
4718,2
4719,0
4720,1
4721,2
4722,0
4723,0
4724,1
4725,1
4726,1
4727,0
4728,0
4729,1
4730,0
4731,2
4732,0
4733,1
4734,2
4735,0
4736,0
4737,1
4738,0
4739,1
4740,0
4741,1
4742,0
4743,0
4744,1
4745,1
4746,0
4747,1
4748,0
4749,2
4750,0
4751,1
4752,2
4753,0
4754,1
4755,1
4756,1
4757,0
4758,2
4759,0
4760,1
4761,2
4762,0
4763,0
4764,1
4765,1
4766,1
4767,0
4768,0
4769,1
4770,0
4771,2
4772,0
4773,1
4774,2
4775,0
4776,0
4777,1
4778,0
4779,1
4780,0
4781,1
4782,0
4783,0
4784,1
4785,1
4786,0
4787,1
4788,0
4789,2
4790,0
4791,1
4792,2
4793,0
4794,1
4795,1
4796,1
4797,0
4798,2
4799,0
4800,1
4801,2
4802,0
4803,0
4804,1
4805,1
4806,1
4807,0
4808,0
4809,1
4810,0
4811,2
4812,0
4813,1
4814,2
4815,0
4816,0
4817,1
4818,0
4819,1
4820,0
4821,1
4822,0
4823,0
4824,1
4825,1
4826,0
4827,1
4828,0
4829,2
4830,0
4831,1
4832,2
4833,0
4834,1
4835,1
4836,1
4837,0
4838,2
4839,0
4840,1
4841,2
4842,0
4843,0
4844,1
4845,1
4846,1
4847,0
4848,0
4849,1
4850,0
4851,2
4852,0
4853,1
4854,2
4855,0
4856,0
4857,1
4858,0
4859,1
4860,0
4861,1
4862,0
4863,0
4864,1
4865,1
4866,0
4867,1
4868,0
4869,2
4870,0
4871,1
4872,2
4873,0
4874,1
4875,1
4876,1
4877,0
4878,2
4879,0
4880,1
4881,2
4882,0
4883,0
4884,1
4885,1
4886,1
4887,0
4888,0
4889,1
4890,0
4891,2
4892,0
4893,1
4894,2
4895,0
4896,0
4897,1
4898,0
4899,1
4900,0
4901,1
4902,0
4903,0
4904,1
4905,1
4906,0
4907,1
4908,0
4909,2
4910,0
4911,1
4912,2
4913,0
4914,1
4915,1
4916,1
4917,0
4918,2
4919,0
4920,1
4921,2
4922,0
4923,0
4924,1
4925,1
4926,1
4927,0
4928,0
4929,1
4930,0
4931,2
4932,0
4933,1
4934,2
4935,0
4936,0
4937,1
4938,0
4939,1
4940,0
4941,1
4942,0
4943,1
4944,0
4945,1
4946,0
4947,1
4948,0
4949,2
4950,0
4951,1
4952,2
4953,0
4954,1
4955,1
4956,1
4957,0
4958,2
4959,0
4960,1
4961,2
4962,0
4963,0
4964,1
4965,0
4966,2
4967,0
4968,1
4969,2
4970,0
4971,0
4972,1
4973,0
4974,1
4975,0
4976,2
4977,0
4978,1
4979,2
4980,0
4981,1
4982,0
4983,2
4984,0
4985,1
4986,0
4987,0
4988,1
4989,0
4990,2
4991,0
4992,1
4993,2
4994,0
4995,0
4996,1
4997,0
4998,1
4999,0
5000,1
5001,1
5002,0
5003,2
5004,0
5005,1
5006,2
5007,0
5008,0
5009,1
5010,0
5011,1
5012,0
5013,2
5014,0
5015,1
5016,2
5017,0
5018,1
5019,0
5020,2
5021,0
5022,1
5023,0
5024,0
5025,1
5026,0
5027,2
5028,0
5029,1
5030,2
5031,0
5032,0
5033,1
5034,0
5035,1
5036,0
5037,1
5038,1
5039,0
5040,2
5041,0
5042,1
5043,2
5044,0
5045,0
5046,1
5047,0
5048,1
5049,0
5050,2
5051,0
5052,1
5053,2
5054,0
5055,1
5056,0
5057,2
5058,0
5059,1
5060,0
5061,0
5062,1
5063,0
5064,2
5065,0
5066,1
5067,2
5068,0
5069,0
5070,1
5071,0
5072,1
5073,0
5074,1
5075,1
5076,0
5077,2
5078,0
5079,1
5080,2
5081,0
5082,0
5083,1
5084,0
5085,1
5086,0
5087,2
5088,0
5089,1
5090,2
5091,0
5092,1
5093,0
5094,2
5095,0
5096,1
5097,0
5098,0
5099,1
5100,0
5101,2
5102,0
5103,1
5104,2
5105,0
5106,0
5107,1
5108,0
5109,1
5110,0
5111,1
5112,1
5113,0
5114,2
5115,0
5116,1
5117,2
5118,0
5119,0
5120,1
5121,0
5122,1
5123,0
5124,2
5125,0
5126,1
5127,2
5128,0
5129,1
5130,0
5131,2
5132,0
5133,1
5134,0
5135,0
5136,1
5137,0
5138,2
5139,0
5140,1
5141,2
5142,0
5143,0
5144,1
5145,0
5146,1
5147,0
5148,1
5149,1
5150,0
5151,2
5152,0
5153,1
5154,2
5155,0
5156,0
5157,1
5158,0
5159,1
5160,0
5161,2
5162,0
5163,1
5164,2
5165,0
5166,1
5167,0
5168,2
5169,0
5170,1
5171,0
5172,0
5173,1
5174,0
5175,2
5176,0
5177,1
5178,2
5179,0
5180,0
5181,1
5182,0
5183,1
5184,0
5185,1
5186,1
5187,0
5188,2
5189,0
5190,1
5191,2
5192,0
5193,0
5194,1
5195,0
5196,1
5197,0
5198,2
5199,0
5200,1
5201,2
5202,0
5203,1
5204,0
5205,2
5206,0
5207,1
5208,0
5209,0
5210,1
5211,0
5212,2
5213,0
5214,1
5215,2
5216,0
5217,0
5218,1
5219,0
5220,1
5221,0
5222,1
5223,1
5224,0
5225,2
5226,0
5227,1
5228,2
5229,0
5230,0
5231,1
5232,0
5233,1
5234,0
5235,2
5236,0
5237,1
5238,2
5239,0
5240,1
5241,0
5242,2
5243,0
5244,1
5245,0
5246,0
5247,1
5248,0
5249,2
5250,0
5251,1
5252,2
5253,0
5254,0
5255,1
5256,0
5257,1
5258,0
5259,1
5260,1
5261,0
5262,2
5263,0
5264,1
5265,2
5266,0
5267,0
5268,1
5269,0
5270,1
5271,0
5272,2
5273,0
5274,1
5275,2
5276,0
5277,1
5278,0
5279,2
5280,0
5281,1
5282,0
5283,0
5284,1
5285,0
5286,2
5287,0
5288,1
5289,2
5290,0
5291,0
5292,1
5293,0
5294,1
5295,0
5296,1
5297,1
5298,0
5299,2
5300,0
5301,1
5302,2
5303,0
5304,0
5305,1
5306,0
5307,1
5308,0
5309,2
5310,0
5311,1
5312,2
5313,0
5314,1
5315,0
5316,2
5317,0
5318,1
5319,0
5320,0
5321,1
5322,0
5323,2
5324,0
5325,1
5326,2
5327,0
5328,0
5329,1
5330,0
5331,1
5332,0
5333,1
5334,1
5335,0
5336,2
5337,0
5338,1
5339,2
5340,0
5341,0
5342,1
5343,0
5344,1
5345,0
5346,2
5347,0
5348,1
5349,2
5350,0
5351,1
5352,0
5353,2
5354,0
5355,1
5356,0
5357,0
5358,1
5359,0
5360,2
5361,0
5362,1
5363,2
5364,0
5365,0
5366,1
5367,0
5368,1
5369,0
5370,1
5371,1
5372,0
5373,2
5374,0
5375,1
5376,2
5377,0
5378,0
5379,1
5380,0
5381,1
5382,0
5383,2
5384,0
5385,1
5386,2
5387,0
5388,1
5389,0
5390,2
5391,0
5392,1
5393,0
5394,0
5395,1
5396,0
5397,2
5398,0
5399,1
5400,2
5401,0
5402,0
5403,1
5404,0
5405,1
5406,0
5407,1
5408,1
5409,0
5410,2
5411,0
5412,1
5413,2
5414,0
5415,0
5416,1
5417,0
5418,1
5419,0
5420,2
5421,0
5422,1
5423,2
5424,0
5425,1
5426,0
5427,2
5428,0
5429,1
5430,0
5431,0
5432,1
5433,0
5434,2
5435,0
5436,1
5437,2
5438,0
5439,0
5440,1
5441,0
5442,1
5443,0
5444,1
5445,1
5446,0
5447,2
5448,0
5449,1
5450,2
5451,0
5452,0
5453,1
5454,0
5455,1
5456,0
5457,2
5458,0
5459,1
5460,2
5461,0
5462,1
5463,0
5464,2
5465,0
5466,1
5467,0
5468,0
5469,1
5470,0
5471,2
5472,0
5473,1
5474,2
5475,0
5476,0
5477,1
5478,0
5479,1
5480,0
5481,1
5482,1
5483,0
5484,2
5485,0
5486,1
5487,2
5488,0
5489,0
5490,1
5491,0
5492,1
5493,0
5494,2
5495,0
5496,1
5497,2
5498,0
5499,1
5500,0
5501,2
5502,0
5503,1
5504,0
5505,0
5506,1
5507,0
5508,2
5509,0
5510,1
5511,2
5512,0
5513,0
5514,1
5515,0
5516,1
5517,0
5518,1
5519,1
5520,0
5521,2
5522,0
5523,1
5524,2
5525,0
5526,0
5527,1
5528,0
5529,1
5530,0
5531,2
5532,0
5533,1
5534,2
5535,0
5536,1
5537,0
5538,2
5539,0
5540,1
5541,0
5542,0
5543,1
5544,0
5545,2
5546,0
5547,1
5548,2
5549,0
5550,1
5551,1
5552,0
5553,1
5554,0
5555,0
5556,1
5557,0
5558,2
5559,0
5560,1
5561,2
5562,0
5563,0
5564,1
5565,1
5566,1
5567,0
5568,0
5569,1
5570,0
5571,2
5572,0
5573,1
5574,2
5575,0
5576,0
5577,1
5578,0
5579,1
5580,0
5581,1
5582,0
5583,0
5584,1
5585,1
5586,0
5587,1
5588,0
5589,2
5590,0
5591,1
5592,2
5593,0
5594,1
5595,1
5596,1
5597,0
5598,2
5599,0
5600,1
5601,2
5602,0
5603,0
5604,1
5605,1
5606,1
5607,0
5608,0
5609,1
5610,0
5611,2
5612,0
5613,1
5614,2
5615,0
5616,0
5617,1
5618,0
5619,1
5620,0
5621,1
5622,0
5623,0
5624,1
5625,1
5626,0
5627,1
5628,0
5629,2
5630,0
5631,1
5632,2
5633,0
5634,1
5635,1
5636,1
5637,0
5638,2
5639,0
5640,1
5641,2
5642,0
5643,0
5644,1
5645,1
5646,1
5647,0
5648,0
5649,1
5650,0
5651,2
5652,0
5653,1
5654,2
5655,0
5656,0
5657,1
5658,0
5659,1
5660,0
5661,1
5662,0
5663,0
5664,1
5665,1
5666,0
5667,1
5668,0
5669,2
5670,0
5671,1
5672,2
5673,0
5674,1
5675,1
5676,1
5677,0
5678,2
5679,0
5680,1
5681,2
5682,0
5683,0
5684,1
5685,1
5686,1
5687,0
5688,0
5689,1
5690,0
5691,2
5692,0
5693,1
5694,2
5695,0
5696,0
5697,1
5698,0
5699,1
5700,0
5701,1
5702,0
5703,0
5704,1
5705,1
5706,0
5707,1
5708,0
5709,2
5710,0
5711,1
5712,2
5713,0
5714,1
5715,1
5716,1
5717,0
5718,2
5719,0
5720,1
5721,2
5722,0
5723,0
5724,1
5725,1
5726,1
5727,0
5728,0
5729,1
5730,0
5731,2
5732,0
5733,1
5734,2
5735,0
5736,0
5737,1
5738,0
5739,1
5740,0
5741,1
5742,0
5743,0
5744,1
5745,1
5746,0
5747,1
5748,0
5749,2
5750,0
5751,1
5752,2
5753,0
5754,1
5755,1
5756,1
5757,0
5758,2
5759,0
5760,1
5761,2
5762,0
5763,0
5764,1
5765,1
5766,1
5767,0
5768,0
5769,1
5770,0
5771,2
5772,0
5773,1
5774,2
5775,0
5776,0
5777,1
5778,0
5779,1
5780,0
5781,1
5782,0
5783,0
5784,1
5785,1
5786,0
5787,1
5788,0
5789,2
5790,0
5791,1
5792,2
5793,0
5794,1
5795,1
5796,1
5797,0
5798,2
5799,0
5800,1
5801,2
5802,0
5803,0
5804,1
5805,1
5806,1
5807,0
5808,0
5809,1
5810,0
5811,2
5812,0
5813,1
5814,2
5815,0
5816,0
5817,1
5818,0
5819,1
5820,0
5821,1
5822,0
5823,0
5824,1
5825,1
5826,0
5827,1
5828,0
5829,2
5830,0
5831,1
5832,2
5833,0
5834,1
5835,1
5836,1
5837,0
5838,2
5839,0
5840,1
5841,2
5842,0
5843,0
5844,1
5845,1
5846,1
5847,0
5848,0
5849,1
5850,0
5851,2
5852,0
5853,1
5854,2
5855,0
5856,0
5857,1
5858,0
5859,1
5860,0
5861,1
5862,0
5863,0
5864,1
5865,1
5866,0
5867,1
5868,0
5869,2
5870,0
5871,1
5872,2
5873,0
5874,1
5875,1
5876,1
5877,0
5878,2
5879,0
5880,1
5881,2
5882,0
5883,0
5884,1
5885,1
5886,1
5887,0
5888,0
5889,1
5890,0
5891,2
5892,0
5893,1
5894,2
5895,0
5896,0
5897,1
5898,0
5899,1
5900,0
5901,1
5902,0
5903,0
5904,1
5905,1
5906,0
5907,1
5908,0
5909,2
5910,0
5911,1
5912,2
5913,0
5914,1
5915,1
5916,1
5917,0
5918,2
5919,0
5920,1
5921,2
5922,0
5923,0
5924,1
5925,1
5926,1
5927,0
5928,0
5929,1
5930,0
5931,2
5932,0
5933,1
5934,2
5935,0
5936,0
5937,1
5938,0
5939,1
5940,0
5941,1
5942,0
5943,0
5944,1
5945,1
5946,0
5947,1
5948,0
5949,2
5950,0
5951,1
5952,2
5953,0
5954,1
5955,1
5956,1
5957,0
5958,2
5959,0
5960,1
5961,2
5962,0
5963,0
5964,1
5965,1
5966,1
5967,0
5968,0
5969,1
5970,0
5971,2
5972,0
5973,1
5974,2
5975,0
5976,0
5977,1
5978,0
5979,1
5980,0
5981,1
5982,0
5983,0
5984,1
5985,1
5986,0
5987,1
5988,0
5989,2
5990,0
5991,1
5992,2
5993,0
5994,1
5995,1
5996,1
5997,0
5998,2
5999,0
6000,1
6001,2
6002,0
6003,0
6004,1
6005,1
6006,1
6007,0
6008,0
6009,1
6010,0
6011,2
6012,0
6013,1
6014,2
6015,0
6016,0
6017,1
6018,0
6019,1
6020,0
6021,1
6022,0
6023,0
6024,1
6025,1
6026,0
6027,1
6028,0
6029,2
6030,0
6031,1
6032,2
6033,0
6034,1
6035,1
6036,1
6037,0
6038,2
6039,0
6040,1
6041,2
6042,0
6043,0
6044,1
6045,1
6046,1
6047,0
6048,0
6049,1
6050,0
6051,2
6052,0
6053,1
6054,2
6055,0
6056,0
6057,1
6058,0
6059,1
6060,0
6061,1
6062,0
6063,0
6064,1
6065,1
6066,0
6067,1
6068,0
6069,2
6070,0
6071,1
6072,2
6073,0
6074,1
6075,1
6076,1
6077,0
6078,2
6079,0
6080,1
6081,2
6082,0
6083,0
6084,1
6085,1
6086,1
6087,0
6088,0
6089,1
6090,0
6091,2
6092,0
6093,1
6094,2
6095,0
6096,0
6097,1
6098,0
6099,1
6100,0
6101,1
6102,0
6103,0
6104,1
6105,1
6106,0
6107,1
6108,0
6109,2
6110,0
6111,1
6112,2
6113,0
6114,1
6115,1
6116,1
6117,0
6118,2
6119,0
6120,1
6121,2
6122,0
6123,0
6124,1
6125,1
6126,1
6127,0
6128,0
6129,1
6130,0
6131,2
6132,0
6133,1
6134,2
6135,0
6136,0
6137,1
6138,0
6139,1
6140,0
6141,1
6142,0
6143,0
6144,1
6145,1
6146,0
6147,1
6148,0
6149,2
6150,0
6151,1
6152,2
6153,0
6154,1
6155,1
6156,1
6157,0
6158,2
6159,0
6160,1
6161,2
6162,0
6163,0
6164,1
6165,1
6166,1
6167,0
6168,0
6169,1
6170,0
6171,2
6172,0
6173,1
6174,2
6175,0
6176,0
6177,1
6178,0
6179,1
6180,0
6181,1
6182,0
6183,1
6184,0
6185,1
6186,0
6187,1
6188,0
6189,2
6190,0
6191,1
6192,2
6193,0
6194,1
6195,1
6196,1
6197,0
6198,2
6199,0
6200,1
6201,2
6202,0
6203,0
6204,1
6205,0
6206,2
6207,0
6208,1
6209,2
6210,0
6211,0
6212,1
6213,0
6214,1
6215,0
6216,2
6217,0
6218,1
6219,2
6220,0
6221,1
6222,0
6223,2
6224,0
6225,1
6226,0
6227,0
6228,1
6229,0
6230,2
6231,0
6232,1
6233,2
6234,0
6235,0
6236,1
6237,0
6238,1
6239,0
6240,1
6241,1
6242,0
6243,2
6244,0
6245,1
6246,2
6247,0
6248,0
6249,1
6250,0
6251,1
6252,0
6253,2
6254,0
6255,1
6256,2
6257,0
6258,1
6259,0
6260,2
6261,0
6262,1
6263,0
6264,0
6265,1
6266,0
6267,2
6268,0
6269,1
6270,2
6271,0
6272,0
6273,1
6274,0
6275,1
6276,0
6277,1
6278,1
6279,0
6280,2
6281,0
6282,1
6283,2
6284,0
6285,0
6286,1
6287,0
6288,1
6289,0
6290,2
6291,0
6292,1
6293,2
6294,0
6295,1
6296,0
6297,2
6298,0
6299,1
6300,0
6301,0
6302,1
6303,0
6304,2
6305,0
6306,1
6307,2
6308,0
6309,0
6310,1
6311,0
6312,1
6313,0
6314,1
6315,1
6316,0
6317,2
6318,0
6319,1
6320,2
6321,0
6322,0
6323,1
6324,0
6325,1
6326,0
6327,2
6328,0
6329,1
6330,2
6331,0
6332,1
6333,0
6334,2
6335,0
6336,1
6337,0
6338,0
6339,1
6340,0
6341,2
6342,0
6343,1
6344,2
6345,0
6346,0
6347,1
6348,0
6349,1
6350,0
6351,1
6352,1
6353,0
6354,2
6355,0
6356,1
6357,2
6358,0
6359,0
6360,1
6361,0
6362,1
6363,0
6364,2
6365,0
6366,1
6367,2
6368,0
6369,1
6370,0
6371,2
6372,0
6373,1
6374,0
6375,0
6376,1
6377,0
6378,2
6379,0
6380,1
6381,2
6382,0
6383,0
6384,1
6385,0
6386,1
6387,0
6388,1
6389,1
6390,0
6391,2
6392,0
6393,1
6394,2
6395,0
6396,0
6397,1
6398,0
6399,1
6400,0
6401,2
6402,0
6403,1
6404,2
6405,0
6406,1
6407,0
6408,2
6409,0
6410,1
6411,0
6412,0
6413,1
6414,0
6415,2
6416,0
6417,1
6418,2
6419,0
6420,0
6421,1
6422,0
6423,1
6424,0
6425,1
6426,1
6427,0
6428,2
6429,0
6430,1
6431,2
6432,0
6433,0
6434,1
6435,0
6436,1
6437,0
6438,2
6439,0
6440,1
6441,2
6442,0
6443,1
6444,0
6445,2
6446,0
6447,1
6448,0
6449,0
6450,1
6451,0
6452,2
6453,0
6454,1
6455,2
6456,0
6457,0
6458,1
6459,0
6460,1
6461,0
6462,1
6463,1
6464,0
6465,2
6466,0
6467,1
6468,2
6469,0
6470,0
6471,1
6472,0
6473,1
6474,0
6475,2
6476,0
6477,1
6478,2
6479,0
6480,1
6481,0
6482,2
6483,0
6484,1
6485,0
6486,0
6487,1
6488,0
6489,2
6490,0
6491,1
6492,2
6493,0
6494,0
6495,1
6496,0
6497,1
6498,0
6499,1
6500,1
6501,0
6502,2
6503,0
6504,1
6505,2
6506,0
6507,0
6508,1
6509,0
6510,1
6511,0
6512,2
6513,0
6514,1
6515,2
6516,0
6517,1
6518,0
6519,2
6520,0
6521,1
6522,0
6523,0
6524,1
6525,0
6526,2
6527,0
6528,1
6529,2
6530,0
6531,0
6532,1
6533,0
6534,1
6535,0
6536,1
6537,1
6538,0
6539,2
6540,0
6541,1
6542,2
6543,0
6544,0
6545,1
6546,0
6547,1
6548,0
6549,2
6550,0
6551,1
6552,2
6553,0
6554,1
6555,0
6556,2
6557,0
6558,1
6559,0
6560,0
6561,1
6562,0
6563,2
6564,0
6565,1
6566,2
6567,0
6568,0
6569,1
6570,0
6571,1
6572,0
6573,1
6574,1
6575,0
6576,2
6577,0
6578,1
6579,2
6580,0
6581,0
6582,1
6583,0
6584,1
6585,0
6586,2
6587,0
6588,1
6589,2
6590,0
6591,1
6592,0
6593,2
6594,0
6595,1
6596,0
6597,0
6598,1
6599,0
6600,2
6601,0
6602,1
6603,2
6604,0
6605,0
6606,1
6607,0
6608,1
6609,0
6610,1
6611,1
6612,0
6613,2
6614,0
6615,1
6616,2
6617,0
6618,0
6619,1
6620,0
6621,1
6622,0
6623,2
6624,0
6625,1
6626,2
6627,0
6628,1
6629,0
6630,2
6631,0
6632,1
6633,0
6634,0
6635,1
6636,0
6637,2
6638,0
6639,1
6640,2
6641,0
6642,0
6643,1
6644,0
6645,1
6646,0
6647,1
6648,1
6649,0
6650,2
6651,0
6652,1
6653,2
6654,0
6655,0
6656,1
6657,0
6658,1
6659,0
6660,2
6661,0
6662,1
6663,2
6664,0
6665,1
6666,0
6667,2
6668,0
6669,1
6670,0
6671,0
6672,1
6673,0
6674,2
6675,0
6676,1
6677,2
6678,0
6679,0
6680,1
6681,0
6682,1
6683,0
6684,1
6685,1
6686,0
6687,2
6688,0
6689,1
6690,2
6691,0
6692,0
6693,1
6694,0
6695,1
6696,0
6697,2
6698,0
6699,1
6700,2
6701,0
6702,1
6703,0
6704,2
6705,0
6706,1
6707,0
6708,0
6709,1
6710,0
6711,2
6712,0
6713,1
6714,2
6715,0
6716,0
6717,1
6718,0
6719,1
6720,0
6721,1
6722,1
6723,0
6724,2
6725,0
6726,1
6727,2
6728,0
6729,0
6730,1
6731,0
6732,1
6733,0
6734,2
6735,0
6736,1
6737,2
6738,0
6739,1
6740,0
6741,2
6742,0
6743,1
6744,0
6745,0
6746,1
6747,0
6748,2
6749,0
6750,1
6751,2
6752,0
6753,0
6754,1
6755,0
6756,1
6757,0
6758,1
6759,1
6760,0
6761,2
6762,0
6763,1
6764,2
6765,0
6766,0
6767,1
6768,0
6769,1
6770,0
6771,2
6772,0
6773,1
6774,2
6775,0
6776,1
6777,0
6778,2
6779,0
6780,1
6781,0
6782,0
6783,1
6784,0
6785,2
6786,0
6787,1
6788,2
6789,0
6790,1
6791,1
6792,0
6793,1
6794,0
6795,0
6796,1
6797,0
6798,2
6799,0
6800,1
6801,2
6802,0
6803,0
6804,1
6805,1
6806,1
6807,0
6808,0
6809,1
6810,0
6811,2
6812,0
6813,1
6814,2
6815,0
6816,0
6817,1
6818,0
6819,1
6820,0
6821,1
6822,0
6823,0
6824,1
6825,1
6826,0
6827,1
6828,0
6829,2
6830,0
6831,1
6832,2
6833,0
6834,1
6835,1
6836,1
6837,0
6838,2
6839,0
6840,1
6841,2
6842,0
6843,0
6844,1
6845,1
6846,1
6847,0
6848,0
6849,1
6850,0
6851,2
6852,0
6853,1
6854,2
6855,0
6856,0
6857,1
6858,0
6859,1
6860,0
6861,1
6862,0
6863,0
6864,1
6865,1
6866,0
6867,1
6868,0
6869,2
6870,0
6871,1
6872,2
6873,0
6874,1
6875,1
6876,1
6877,0
6878,2
6879,0
6880,1
6881,2
6882,0
6883,0
6884,1
6885,1
6886,1
6887,0
6888,0
6889,1
6890,0
6891,2
6892,0
6893,1
6894,2
6895,0
6896,0
6897,1
6898,0
6899,1
6900,0
6901,1
6902,0
6903,0
6904,1
6905,1
6906,0
6907,1
6908,0
6909,2
6910,0
6911,1
6912,2
6913,0
6914,1
6915,1
6916,1
6917,0
6918,2
6919,0
6920,1
6921,2
6922,0
6923,0
6924,1
6925,1
6926,1
6927,0
6928,0
6929,1
6930,0
6931,2
6932,0
6933,1
6934,2
6935,0
6936,0
6937,1
6938,0
6939,1
6940,0
6941,1
6942,0
6943,0
6944,1
6945,1
6946,0
6947,1
6948,0
6949,2
6950,0
6951,1
6952,2
6953,0
6954,1
6955,1
6956,1
6957,0
6958,2
6959,0
6960,1
6961,2
6962,0
6963,0
6964,1
6965,1
6966,1
6967,0
6968,0
6969,1
6970,0
6971,2
6972,0
6973,1
6974,2
6975,0
6976,0
6977,1
6978,0
6979,1
6980,0
6981,1
6982,0
6983,0
6984,1
6985,1
6986,0
6987,1
6988,0
6989,2
6990,0
6991,1
6992,2
6993,0
6994,1
6995,1
6996,1
6997,0
6998,2
6999,0
7000,1
7001,2
7002,0
7003,0
7004,1
7005,1
7006,1
7007,0
7008,0
7009,1
7010,0
7011,2
7012,0
7013,1
7014,2
7015,0
7016,0
7017,1
7018,0
7019,1
7020,0
7021,1
7022,0
7023,0
7024,1
7025,1
7026,0
7027,1
7028,0
7029,2
7030,0
7031,1
7032,2
7033,0
7034,1
7035,1
7036,1
7037,0
7038,2
7039,0
7040,1
7041,2
7042,0
7043,0
7044,1
7045,1
7046,1
7047,0
7048,0
7049,1
7050,0
7051,2
7052,0
7053,1
7054,2
7055,0
7056,0
7057,1
7058,0
7059,1
7060,0
7061,1
7062,0
7063,0
7064,1
7065,1
7066,0
7067,1
7068,0
7069,2
7070,0
7071,1
7072,2
7073,0
7074,1
7075,1
7076,1
7077,0
7078,2
7079,0
7080,1
7081,2
7082,0
7083,0
7084,1
7085,1
7086,1
7087,0
7088,0
7089,1
7090,0
7091,2
7092,0
7093,1
7094,2
7095,0
7096,0
7097,1
7098,0
7099,1
7100,0
7101,1
7102,0
7103,0
7104,1
7105,1
7106,0
7107,1
7108,0
7109,2
7110,0
7111,1
7112,2
7113,0
7114,1
7115,1
7116,1
7117,0
7118,2
7119,0
7120,1
7121,2
7122,0
7123,0
7124,1
7125,1
7126,1
7127,0
7128,0
7129,1
7130,0
7131,2
7132,0
7133,1
7134,2
7135,0
7136,0
7137,1
7138,0
7139,1
7140,0
7141,1
7142,0
7143,0
7144,1
7145,1
7146,0
7147,1
7148,0
7149,2
7150,0
7151,1
7152,2
7153,0
7154,1
7155,1
7156,1
7157,0
7158,2
7159,0
7160,1
7161,2
7162,0
7163,0
7164,1
7165,1
7166,1
7167,0
7168,0
7169,1
7170,0
7171,2
7172,0
7173,1
7174,2
7175,0
7176,0
7177,1
7178,0
7179,1
7180,0
7181,1
7182,0
7183,0
7184,1
7185,1
7186,0
7187,1
7188,0
7189,2
7190,0
7191,1
7192,2
7193,0
7194,1
7195,1
7196,1
7197,0
7198,2
7199,0
7200,1
7201,2
7202,0
7203,0
7204,1
7205,1
7206,1
7207,0
7208,0
7209,1
7210,0
7211,2
7212,0
7213,1
7214,2
7215,0
7216,0
7217,1
7218,0
7219,1
7220,0
7221,1
7222,0
7223,0
7224,1
7225,1
7226,0
7227,1
7228,0
7229,2
7230,0
7231,1
7232,2
7233,0
7234,1
7235,1
7236,1
7237,0
7238,2
7239,0
7240,1
7241,2
7242,0
7243,0
7244,1
7245,1
7246,1
7247,0
7248,0
7249,1
7250,0
7251,2
7252,0
7253,1
7254,2
7255,0
7256,0
7257,1
7258,0
7259,1
7260,0
7261,1
7262,0
7263,0
7264,1
7265,1
7266,0
7267,1
7268,0
7269,2
7270,0
7271,1
7272,2
7273,0
7274,1
7275,1
7276,1
7277,0
7278,2
7279,0
7280,1
7281,2
7282,0
7283,0
7284,1
7285,1
7286,1
7287,0
7288,0
7289,1
7290,0
7291,2
7292,0
7293,1
7294,2
7295,0
7296,0
7297,1
7298,0
7299,1
7300,0
7301,1
7302,0
7303,0
7304,1
7305,1
7306,0
7307,1
7308,0
7309,2
7310,0
7311,1
7312,2
7313,0
7314,1
7315,1
7316,1
7317,0
7318,2
7319,0
7320,1
7321,2
7322,0
7323,0
7324,1
7325,1
7326,1
7327,0
7328,0
7329,1
7330,0
7331,2
7332,0
7333,1
7334,2
7335,0
7336,0
7337,1
7338,0
7339,1
7340,0
7341,1
7342,0
7343,0
7344,1
7345,1
7346,0
7347,1
7348,0
7349,2
7350,0
7351,1
7352,2
7353,0
7354,1
7355,1
7356,1
7357,0
7358,2
7359,0
7360,1
7361,2
7362,0
7363,0
7364,1
7365,1
7366,1
7367,0
7368,0
7369,1
7370,0
7371,2
7372,0
7373,1
7374,2
7375,0
7376,0
7377,1
7378,0
7379,1
7380,0
7381,1
7382,0
7383,0
7384,1
7385,1
7386,0
7387,1
7388,0
7389,2
7390,0
7391,1
7392,2
7393,0
7394,1
7395,1
7396,1
7397,0
7398,2
7399,0
7400,1
7401,2
7402,0
7403,0
7404,1
7405,1
7406,1
7407,0
7408,0
7409,1
7410,0
7411,2
7412,0
7413,1
7414,2
7415,0
7416,0
7417,1
7418,0
7419,1
7420,0
7421,1
7422,0
7423,1
7424,0
7425,1
7426,0
7427,1
7428,0
7429,2
7430,0
7431,1
7432,2
7433,0
7434,1
7435,1
7436,1
7437,0
7438,2
7439,0
7440,1
7441,2
7442,0
7443,0
7444,1
7445,0
7446,2
7447,0
7448,1
7449,2
7450,0
7451,0
7452,1
7453,0
7454,1
7455,0
7456,2
7457,0
7458,1
7459,2
7460,0
7461,1
7462,0
7463,2
7464,0
7465,1
7466,0
7467,0
7468,1
7469,0
7470,2
7471,0
7472,1
7473,2
7474,0
7475,0
7476,1
7477,0
7478,1
7479,0
7480,1
7481,1
7482,0
7483,2
7484,0
7485,1
7486,2
7487,0
7488,0
7489,1
7490,0
7491,1
7492,0
7493,2
7494,0
7495,1
7496,2
7497,0
7498,1
7499,0
7500,2
7501,0
7502,1
7503,0
7504,0
7505,1
7506,0
7507,2
7508,0
7509,1
7510,2
7511,0
7512,0
7513,1
7514,0
7515,1
7516,0
7517,1
7518,1
7519,0
7520,2
7521,0
7522,1
7523,2
7524,0
7525,0
7526,1
7527,0
7528,1
7529,0
7530,2
7531,0
7532,1
7533,2
7534,0
7535,1
7536,0
7537,2
7538,0
7539,1
7540,0
7541,0
7542,1
7543,0
7544,2
7545,0
7546,1
7547,2
7548,0
7549,0
7550,1
7551,0
7552,1
7553,0
7554,1
7555,1
7556,0
7557,2
7558,0
7559,1
7560,2
7561,0
7562,0
7563,1
7564,0
7565,1
7566,0
7567,2
7568,0
7569,1
7570,2
7571,0
7572,1
7573,0
7574,2
7575,0
7576,1
7577,0
7578,0
7579,1
7580,0
7581,2
7582,0
7583,1
7584,2
7585,0
7586,0
7587,1
7588,0
7589,1
7590,0
7591,1
7592,1
7593,0
7594,2
7595,0
7596,1
7597,2
7598,0
7599,0
7600,1
7601,0
7602,1
7603,0
7604,2
7605,0
7606,1
7607,2
7608,0
7609,1
7610,0
7611,2
7612,0
7613,1
7614,0
7615,0
7616,1
7617,0
7618,2
7619,0
7620,1
7621,2
7622,0
7623,0
7624,1
7625,0
7626,1
7627,0
7628,1
7629,1
7630,0
7631,2
7632,0
7633,1
7634,2
7635,0
7636,0
7637,1
7638,0
7639,1
7640,0
7641,2
7642,0
7643,1
7644,2
7645,0
7646,1
7647,0
7648,2
7649,0
7650,1
7651,0
7652,0
7653,1
7654,0
7655,2
7656,0
7657,1
7658,2
7659,0
7660,0
7661,1
7662,0
7663,1
7664,0
7665,1
7666,1
7667,0
7668,2
7669,0
7670,1
7671,2
7672,0
7673,0
7674,1
7675,0
7676,1
7677,0
7678,2
7679,0
7680,1
7681,2
7682,0
7683,1
7684,0
7685,2
7686,0
7687,1
7688,0
7689,0
7690,1
7691,0
7692,2
7693,0
7694,1
7695,2
7696,0
7697,0
7698,1
7699,0
7700,1
7701,0
7702,1
7703,1
7704,0
7705,2
7706,0
7707,1
7708,2
7709,0
7710,0
7711,1
7712,0
7713,1
7714,0
7715,2
7716,0
7717,1
7718,2
7719,0
7720,1
7721,0
7722,2
7723,0
7724,1
7725,0
7726,0
7727,1
7728,0
7729,2
7730,0
7731,1
7732,2
7733,0
7734,0
7735,1
7736,0
7737,1
7738,0
7739,1
7740,1
7741,0
7742,2
7743,0
7744,1
7745,2
7746,0
7747,0
7748,1
7749,0
7750,1
7751,0
7752,2
7753,0
7754,1
7755,2
7756,0
7757,1
7758,0
7759,2
7760,0
7761,1
7762,0
7763,0
7764,1
7765,0
7766,2
7767,0
7768,1
7769,2
7770,0
7771,0
7772,1
7773,0
7774,1
7775,0
7776,1
7777,1
7778,0
7779,2
7780,0
7781,1
7782,2
7783,0
7784,0
7785,1
7786,0
7787,1
7788,0
7789,2
7790,0
7791,1
7792,2
7793,0
7794,1
7795,0
7796,2
7797,0
7798,1
7799,0
7800,0
7801,1
7802,0
7803,2
7804,0
7805,1
7806,2
7807,0
7808,0
7809,1
7810,0
7811,1
7812,0
7813,1
7814,1
7815,0
7816,2
7817,0
7818,1
7819,2
7820,0
7821,0
7822,1
7823,0
7824,1
7825,0
7826,2
7827,0
7828,1
7829,2
7830,0
7831,1
7832,0
7833,2
7834,0
7835,1
7836,0
7837,0
7838,1
7839,0
7840,2
7841,0
7842,1
7843,2
7844,0
7845,0
7846,1
7847,0
7848,1
7849,0
7850,1
7851,1
7852,0
7853,2
7854,0
7855,1
7856,2
7857,0
7858,0
7859,1
7860,0
7861,1
7862,0
7863,2
7864,0
7865,1
7866,2
7867,0
7868,1
7869,0
7870,2
7871,0
7872,1
7873,0
7874,0
7875,1
7876,0
7877,2
7878,0
7879,1
7880,2
7881,0
7882,0
7883,1
7884,0
7885,1
7886,0
7887,1
7888,1
7889,0
7890,2
7891,0
7892,1
7893,2
7894,0
7895,0
7896,1
7897,0
7898,1
7899,0
7900,2
7901,0
7902,1
7903,2
7904,0
7905,1
7906,0
7907,2
7908,0
7909,1
7910,0
7911,0
7912,1
7913,0
7914,2
7915,0
7916,1
7917,2
7918,0
7919,0
7920,1
7921,0
7922,1
7923,0
7924,1
7925,1
7926,0
7927,2
7928,0
7929,1
7930,2
7931,0
7932,0
7933,1
7934,0
7935,1
7936,0
7937,2
7938,0
7939,1
7940,2
7941,0
7942,1
7943,0
7944,2
7945,0
7946,1
7947,0
7948,0
7949,1
7950,0
7951,2
7952,0
7953,1
7954,2
7955,0
7956,0
7957,1
7958,0
7959,1
7960,0
7961,1
7962,1
7963,0
7964,2
7965,0
7966,1
7967,2
7968,0
7969,0
7970,1
7971,0
7972,1
7973,0
7974,2
7975,0
7976,1
7977,2
7978,0
7979,1
7980,0
7981,2
7982,0
7983,1
7984,0
7985,0
7986,1
7987,0
7988,2
7989,0
7990,1
7991,2
7992,0
7993,0
7994,1
7995,0
7996,1
7997,0
7998,1
7999,1
8000,0
8001,2
8002,0
8003,1
8004,2
8005,0
8006,0
8007,1
8008,0
8009,1
8010,0
8011,2
8012,0
8013,1
8014,2
8015,0
8016,1
8017,0
8018,2
8019,0
8020,1
8021,0
8022,0
8023,1
8024,0
8025,2
8026,0
8027,1
8028,2
8029,0
8030,1
8031,1
8032,0
8033,1
8034,0
8035,0
8036,1
8037,0
8038,2
8039,0
8040,1
8041,2
8042,0
8043,0
8044,1
8045,1
8046,1
8047,0
8048,0
8049,1
8050,0
8051,2
8052,0
8053,1
8054,2
8055,0
8056,0
8057,1
8058,0
8059,1
8060,0
8061,1
8062,0
8063,0
8064,1
8065,1
8066,0
8067,1
8068,0
8069,2
8070,0
8071,1
8072,2
8073,0
8074,1
8075,1
8076,1
8077,0
8078,2
8079,0
8080,1
8081,2
8082,0
8083,0
8084,1
8085,1
8086,1
8087,0
8088,0
8089,1
8090,0
8091,2
8092,0
8093,1
8094,2
8095,0
8096,0
8097,1
8098,0
8099,1
8100,0
8101,1
8102,0
8103,0
8104,1
8105,1
8106,0
8107,1
8108,0
8109,2
8110,0
8111,1
8112,2
8113,0
8114,1
8115,1
8116,1
8117,0
8118,2
8119,0
8120,1
8121,2
8122,0
8123,0
8124,1
8125,1
8126,1
8127,0
8128,0
8129,1
8130,0
8131,2
8132,0
8133,1
8134,2
8135,0
8136,0
8137,1
8138,0
8139,1
8140,0
8141,1
8142,0
8143,0
8144,1
8145,1
8146,0
8147,1
8148,0
8149,2
8150,0
8151,1
8152,2
8153,0
8154,1
8155,1
8156,1
8157,0
8158,2
8159,0
8160,1
8161,2
8162,0
8163,0
8164,1
8165,1
8166,1
8167,0
8168,0
8169,1
8170,0
8171,2
8172,0
8173,1
8174,2
8175,0
8176,0
8177,1
8178,0
8179,1
8180,0
8181,1
8182,0
8183,0
8184,1
8185,1
8186,0
8187,1
8188,0
8189,2
8190,0
8191,1
8192,2
8193,0
8194,1
8195,1
8196,1
8197,0
8198,2
8199,0
8200,1
8201,2
8202,0
8203,0
8204,1
8205,1
8206,1
8207,0
8208,0
8209,1
8210,0
8211,2
8212,0
8213,1
8214,2
8215,0
8216,0
8217,1
8218,0
8219,1
8220,0
8221,1
8222,0
8223,0
8224,1
8225,1
8226,0
8227,1
8228,0
8229,2
8230,0
8231,1
8232,2
8233,0
8234,1
8235,1
8236,1
8237,0
8238,2
8239,0
8240,1
8241,2
8242,0
8243,0
8244,1
8245,1
8246,1
8247,0
8248,0
8249,1
8250,0
8251,2
8252,0
8253,1
8254,2
8255,0
8256,0
8257,1
8258,0
8259,1
8260,0
8261,1
8262,0
8263,0
8264,1
8265,1
8266,0
8267,1
8268,0
8269,2
8270,0
8271,1
8272,2
8273,0
8274,1
8275,1
8276,1
8277,0
8278,2
8279,0
8280,1
8281,2
8282,0
8283,0
8284,1
8285,1
8286,1
8287,0
8288,0
8289,1
8290,0
8291,2
8292,0
8293,1
8294,2
8295,0
8296,0
8297,1
8298,0
8299,1
8300,0
8301,1
8302,0
8303,0
8304,1
8305,1
8306,0
8307,1
8308,0
8309,2
8310,0
8311,1
8312,2
8313,0
8314,1
8315,1
8316,1
8317,0
8318,2
8319,0
8320,1
8321,2
8322,0
8323,0
8324,1
8325,1
8326,1
8327,0
8328,0
8329,1
8330,0
8331,2
8332,0
8333,1
8334,2
8335,0
8336,0
8337,1
8338,0
8339,1
8340,0
8341,1
8342,0
8343,0
8344,1
8345,1
8346,0
8347,1
8348,0
8349,2
8350,0
8351,1
8352,2
8353,0
8354,1
8355,1
8356,1
8357,0
8358,2
8359,0
8360,1
8361,2
8362,0
8363,0
8364,1
8365,1
8366,1
8367,0
8368,0
8369,1
8370,0
8371,2
8372,0
8373,1
8374,2
8375,0
8376,0
8377,1
8378,0
8379,1
8380,0
8381,1
8382,0
8383,0
8384,1
8385,1
8386,0
8387,1
8388,0
8389,2
8390,0
8391,1
8392,2
8393,0
8394,1
8395,1
8396,1
8397,0
8398,2
8399,0
8400,1
8401,2
8402,0
8403,0
8404,1
8405,1
8406,1
8407,0
8408,0
8409,1
8410,0
8411,2
8412,0
8413,1
8414,2
8415,0
8416,0
8417,1
8418,0
8419,1
8420,0
8421,1
8422,0
8423,0
8424,1
8425,1
8426,0
8427,1
8428,0
8429,2
8430,0
8431,1
8432,2
8433,0
8434,1
8435,1
8436,1
8437,0
8438,2
8439,0
8440,1
8441,2
8442,0
8443,0
8444,1
8445,1
8446,1
8447,0
8448,0
8449,1
8450,0
8451,2
8452,0
8453,1
8454,2
8455,0
8456,0
8457,1
8458,0
8459,1
8460,0
8461,1
8462,0
8463,0
8464,1
8465,1
8466,0
8467,1
8468,0
8469,2
8470,0
8471,1
8472,2
8473,0
8474,1
8475,1
8476,1
8477,0
8478,2
8479,0
8480,1
8481,2
8482,0
8483,0
8484,1
8485,1
8486,1
8487,0
8488,0
8489,1
8490,0
8491,2
8492,0
8493,1
8494,2
8495,0
8496,0
8497,1
8498,0
8499,1
8500,0
8501,1
8502,0
8503,0
8504,1
8505,1
8506,0
8507,1
8508,0
8509,2
8510,0
8511,1
8512,2
8513,0
8514,1
8515,1
8516,1
8517,0
8518,2
8519,0
8520,1
8521,2
8522,0
8523,0
8524,1
8525,1
8526,1
8527,0
8528,0
8529,1
8530,0
8531,2
8532,0
8533,1
8534,2
8535,0
8536,0
8537,1
8538,0
8539,1
8540,0
8541,1
8542,0
8543,0
8544,1
8545,1
8546,0
8547,1
8548,0
8549,2
8550,0
8551,1
8552,2
8553,0
8554,1
8555,1
8556,1
8557,0
8558,2
8559,0
8560,1
8561,2
8562,0
8563,0
8564,1
8565,1
8566,1
8567,0
8568,0
8569,1
8570,0
8571,2
8572,0
8573,1
8574,2
8575,0
8576,0
8577,1
8578,0
8579,1
8580,0
8581,1
8582,0
8583,0
8584,1
8585,1
8586,0
8587,1
8588,0
8589,2
8590,0
8591,1
8592,2
8593,0
8594,1
8595,1
8596,1
8597,0
8598,2
8599,0
8600,1
8601,2
8602,0
8603,0
8604,1
8605,1
8606,1
8607,0
8608,0
8609,1
8610,0
8611,2
8612,0
8613,1
8614,2
8615,0
8616,0
8617,1
8618,0
8619,1
8620,0
8621,1
8622,0
8623,0
8624,1
8625,1
8626,0
8627,1
8628,0
8629,2
8630,0
8631,1
8632,2
8633,0
8634,1
8635,1
8636,1
8637,0
8638,2
8639,0
8640,1
8641,2
8642,0
8643,0
8644,1
8645,1
8646,1
8647,0
8648,0
8649,1
8650,0
8651,2
8652,0
8653,1
8654,2
8655,0
8656,0
8657,1
8658,0
8659,1
8660,0
8661,1
8662,0
8663,1
8664,0
8665,1
8666,0
8667,1
8668,0
8669,2
8670,0
8671,1
8672,2
8673,0
8674,1
8675,1
8676,1
8677,0
8678,2
8679,0
8680,1
8681,2
8682,0
8683,0
8684,1
8685,0
8686,2
8687,0
8688,1
8689,2
8690,0
8691,0
8692,1
8693,0
8694,1
8695,0
8696,2
8697,0
8698,1
8699,2
8700,0
8701,1
8702,0
8703,2
8704,0
8705,1
8706,0
8707,0
8708,1
8709,0
8710,2
8711,0
8712,1
8713,2
8714,0
8715,0
8716,1
8717,0
8718,1
8719,0
8720,1
8721,1
8722,0
8723,2
8724,0
8725,1
8726,2
8727,0
8728,0
8729,1
8730,0
8731,1
8732,0
8733,2
8734,0
8735,1
8736,2
8737,0
8738,1
8739,0
8740,2
8741,0
8742,1
8743,0
8744,0
8745,1
8746,0
8747,2
8748,0
8749,1
8750,2
8751,0
8752,0
8753,1
8754,0
8755,1
8756,0
8757,1
8758,1
8759,0
8760,2
8761,0
8762,1
8763,2
8764,0
8765,0
8766,1
8767,0
8768,1
8769,0
8770,2
8771,0
8772,1
8773,2
8774,0
8775,1
8776,0
8777,2
8778,0
8779,1
8780,0
8781,0
8782,1
8783,0
8784,2
8785,0
8786,1
8787,2
8788,0
8789,0
8790,1
8791,0
8792,1
8793,0
8794,1
8795,1
8796,0
8797,2
8798,0
8799,1
8800,2
8801,0
8802,0
8803,1
8804,0
8805,1
8806,0
8807,2
8808,0
8809,1
8810,2
8811,0
8812,1
8813,0
8814,2
8815,0
8816,1
8817,0
8818,0
8819,1
8820,0
8821,2
8822,0
8823,1
8824,2
8825,0
8826,0
8827,1
8828,0
8829,1
8830,0
8831,1
8832,1
8833,0
8834,2
8835,0
8836,1
8837,2
8838,0
8839,0
8840,1
8841,0
8842,1
8843,0
8844,2
8845,0
8846,1
8847,2
8848,0
8849,1
8850,0
8851,2
8852,0
8853,1
8854,0
8855,0
8856,1
8857,0
8858,2
8859,0
8860,1
8861,2
8862,0
8863,0
8864,1
8865,0
8866,1
8867,0
8868,1
8869,1
8870,0
8871,2
8872,0
8873,1
8874,2
8875,0
8876,0
8877,1
8878,0
8879,1
8880,0
8881,2
8882,0
8883,1
8884,2
8885,0
8886,1
8887,0
8888,2
8889,0
8890,1
8891,0
8892,0
8893,1
8894,0
8895,2
8896,0
8897,1
8898,2
8899,0
8900,0
8901,1
8902,0
8903,1
8904,0
8905,1
8906,1
8907,0
8908,2
8909,0
8910,1
8911,2
8912,0
8913,0
8914,1
8915,0
8916,1
8917,0
8918,2
8919,0
8920,1
8921,2
8922,0
8923,1
8924,0
8925,2
8926,0
8927,1
8928,0
8929,0
8930,1
8931,0
8932,2
8933,0
8934,1
8935,2
8936,0
8937,0
8938,1
8939,0
8940,1
8941,0
8942,1
8943,1
8944,0
8945,2
8946,0
8947,1
8948,2
8949,0
8950,0
8951,1
8952,0
8953,1
8954,0
8955,2
8956,0
8957,1
8958,2
8959,0
8960,1
8961,0
8962,2
8963,0
8964,1
8965,0
8966,0
8967,1
8968,0
8969,2
8970,0
8971,1
8972,2
8973,0
8974,0
8975,1
8976,0
8977,1
8978,0
8979,1
8980,1
8981,0
8982,2
8983,0
8984,1
8985,2
8986,0
8987,0
8988,1
8989,0
8990,1
8991,0
8992,2
8993,0
8994,1
8995,2
8996,0
8997,1
8998,0
8999,2
9000,0
9001,1
9002,0
9003,0
9004,1
9005,0
9006,2
9007,0
9008,1
9009,2
9010,0
9011,0
9012,1
9013,0
9014,1
9015,0
9016,1
9017,1
9018,0
9019,2
9020,0
9021,1
9022,2
9023,0
9024,0
9025,1
9026,0
9027,1
9028,0
9029,2
9030,0
9031,1
9032,2
9033,0
9034,1
9035,0
9036,2
9037,0
9038,1
9039,0
9040,0
9041,1
9042,0
9043,2
9044,0
9045,1
9046,2
9047,0
9048,0
9049,1
9050,0
9051,1
9052,0
9053,1
9054,1
9055,0
9056,2
9057,0
9058,1
9059,2
9060,0
9061,0
9062,1
9063,0
9064,1
9065,0
9066,2
9067,0
9068,1
9069,2
9070,0
9071,1
9072,0
9073,2
9074,0
9075,1
9076,0
9077,0
9078,1
9079,0
9080,2
9081,0
9082,1
9083,2
9084,0
9085,0
9086,1
9087,0
9088,1
9089,0
9090,1
9091,1
9092,0
9093,2
9094,0
9095,1
9096,2
9097,0
9098,0
9099,1
9100,0
9101,1
9102,0
9103,2
9104,0
9105,1
9106,2
9107,0
9108,1
9109,0
9110,2
9111,0
9112,1
9113,0
9114,0
9115,1
9116,0
9117,2
9118,0
9119,1
9120,2
9121,0
9122,0
9123,1
9124,0
9125,1
9126,0
9127,1
9128,1
9129,0
9130,2
9131,0
9132,1
9133,2
9134,0
9135,0
9136,1
9137,0
9138,1
9139,0
9140,2
9141,0
9142,1
9143,2
9144,0
9145,1
9146,0
9147,2
9148,0
9149,1
9150,0
9151,0
9152,1
9153,0
9154,2
9155,0
9156,1
9157,2
9158,0
9159,0
9160,1
9161,0
9162,1
9163,0
9164,1
9165,1
9166,0
9167,2
9168,0
9169,1
9170,2
9171,0
9172,0
9173,1
9174,0
9175,1
9176,0
9177,2
9178,0
9179,1
9180,2
9181,0
9182,1
9183,0
9184,2
9185,0
9186,1
9187,0
9188,0
9189,1
9190,0
9191,2
9192,0
9193,1
9194,2
9195,0
9196,0
9197,1
9198,0
9199,1
9200,0
9201,1
9202,1
9203,0
9204,2
9205,0
9206,1
9207,2
9208,0
9209,0
9210,1
9211,0
9212,1
9213,0
9214,2
9215,0
9216,1
9217,2
9218,0
9219,1
9220,0
9221,2
9222,0
9223,1
9224,0
9225,0
9226,1
9227,0
9228,2
9229,0
9230,1
9231,2
9232,0
9233,0
9234,1
9235,0
9236,1
9237,0
9238,1
9239,1
9240,0
9241,2
9242,0
9243,1
9244,2
9245,0
9246,0
9247,1
9248,0
9249,1
9250,0
9251,2
9252,0
9253,1
9254,2
9255,0
9256,1
9257,0
9258,2
9259,0
9260,1
9261,0
9262,0
9263,1
9264,0
9265,2
9266,0
9267,1
9268,2
9269,0
9270,1
9271,1
9272,0
9273,1
9274,0
9275,0
9276,1
9277,0
9278,2
9279,0
9280,1
9281,2
9282,0
9283,0
9284,1
9285,1
9286,1
9287,0
9288,0
9289,1
9290,0
9291,2
9292,0
9293,1
9294,2
9295,0
9296,0
9297,1
9298,0
9299,1
9300,0
9301,1
9302,0
9303,0
9304,1
9305,1
9306,0
9307,1
9308,0
9309,2
9310,0
9311,1
9312,2
9313,0
9314,1
9315,1
9316,1
9317,0
9318,2
9319,0
9320,1
9321,2
9322,0
9323,0
9324,1
9325,1
9326,1
9327,0
9328,0
9329,1
9330,0
9331,2
9332,0
9333,1
9334,2
9335,0
9336,0
9337,1
9338,0
9339,1
9340,0
9341,1
9342,0
9343,0
9344,1
9345,1
9346,0
9347,1
9348,0
9349,2
9350,0
9351,1
9352,2
9353,0
9354,1
9355,1
9356,1
9357,0
9358,2
9359,0
9360,1
9361,2
9362,0
9363,0
9364,1
9365,1
9366,1
9367,0
9368,0
9369,1
9370,0
9371,2
9372,0
9373,1
9374,2
9375,0
9376,0
9377,1
9378,0
9379,1
9380,0
9381,1
9382,0
9383,0
9384,1
9385,1
9386,0
9387,1
9388,0
9389,2
9390,0
9391,1
9392,2
9393,0
9394,1
9395,1
9396,1
9397,0
9398,2
9399,0
9400,1
9401,2
9402,0
9403,0
9404,1
9405,1
9406,1
9407,0
9408,0
9409,1
9410,0
9411,2
9412,0
9413,1
9414,2
9415,0
9416,0
9417,1
9418,0
9419,1
9420,0
9421,1
9422,0
9423,0
9424,1
9425,1
9426,0
9427,1
9428,0
9429,2
9430,0
9431,1
9432,2
9433,0
9434,1
9435,1
9436,1
9437,0
9438,2
9439,0
9440,1
9441,2
9442,0
9443,0
9444,1
9445,1
9446,1
9447,0
9448,0
9449,1
9450,0
9451,2
9452,0
9453,1
9454,2
9455,0
9456,0
9457,1
9458,0
9459,1
9460,0
9461,1
9462,0
9463,0
9464,1
9465,1
9466,0
9467,1
9468,0
9469,2
9470,0
9471,1
9472,2
9473,0
9474,1
9475,1
9476,1
9477,0
9478,2
9479,0
9480,1
9481,2
9482,0
9483,0
9484,1
9485,1
9486,1
9487,0
9488,0
9489,1
9490,0
9491,2
9492,0
9493,1
9494,2
9495,0
9496,0
9497,1
9498,0
9499,1
9500,0
9501,1
9502,0
9503,0
9504,1
9505,1
9506,0
9507,1
9508,0
9509,2
9510,0
9511,1
9512,2
9513,0
9514,1
9515,1
9516,1
9517,0
9518,2
9519,0
9520,1
9521,2
9522,0
9523,0
9524,1
9525,1
9526,1
9527,0
9528,0
9529,1
9530,0
9531,2
9532,0
9533,1
9534,2
9535,0
9536,0
9537,1
9538,0
9539,1
9540,0
9541,1
9542,0
9543,0
9544,1
9545,1
9546,0
9547,1
9548,0
9549,2
9550,0
9551,1
9552,2
9553,0
9554,1
9555,1
9556,1
9557,0
9558,2
9559,0
9560,1
9561,2
9562,0
9563,0
9564,1
9565,1
9566,1
9567,0
9568,0
9569,1
9570,0
9571,2
9572,0
9573,1
9574,2
9575,0
9576,0
9577,1
9578,0
9579,1
9580,0
9581,1
9582,0
9583,0
9584,1
9585,1
9586,0
9587,1
9588,0
9589,2
9590,0
9591,1
9592,2
9593,0
9594,1
9595,1
9596,1
9597,0
9598,2
9599,0
9600,1
9601,2
9602,0
9603,0
9604,1
9605,1
9606,1
9607,0
9608,0
9609,1
9610,0
9611,2
9612,0
9613,1
9614,2
9615,0
9616,0
9617,1
9618,0
9619,1
9620,0
9621,1
9622,0
9623,0
9624,1
9625,1
9626,0
9627,1
9628,0
9629,2
9630,0
9631,1
9632,2
9633,0
9634,1
9635,1
9636,1
9637,0
9638,2
9639,0
9640,1
9641,2
9642,0
9643,0
9644,1
9645,1
9646,1
9647,0
9648,0
9649,1
9650,0
9651,2
9652,0
9653,1
9654,2
9655,0
9656,0
9657,1
9658,0
9659,1
9660,0
9661,1
9662,0
9663,0
9664,1
9665,1
9666,0
9667,1
9668,0
9669,2
9670,0
9671,1
9672,2
9673,0
9674,1
9675,1
9676,1
9677,0
9678,2
9679,0
9680,1
9681,2
9682,0
9683,0
9684,1
9685,1
9686,1
9687,0
9688,0
9689,1
9690,0
9691,2
9692,0
9693,1
9694,2
9695,0
9696,0
9697,1
9698,0
9699,1
9700,0
9701,1
9702,0
9703,0
9704,1
9705,1
9706,0
9707,1
9708,0
9709,2
9710,0
9711,1
9712,2
9713,0
9714,1
9715,1
9716,1
9717,0
9718,2
9719,0
9720,1
9721,2
9722,0
9723,0
9724,1
9725,1
9726,1
9727,0
9728,0
9729,1
9730,0
9731,2
9732,0
9733,1
9734,2
9735,0
9736,0
9737,1
9738,0
9739,1
9740,0
9741,1
9742,0
9743,0
9744,1
9745,1
9746,0
9747,1
9748,0
9749,2
9750,0
9751,1
9752,2
9753,0
9754,1
9755,1
9756,1
9757,0
9758,2
9759,0
9760,1
9761,2
9762,0
9763,0
9764,1
9765,1
9766,1
9767,0
9768,0
9769,1
9770,0
9771,2
9772,0
9773,1
9774,2
9775,0
9776,0
9777,1
9778,0
9779,1
9780,0
9781,1
9782,0
9783,0
9784,1
9785,1
9786,0
9787,1
9788,0
9789,2
9790,0
9791,1
9792,2
9793,0
9794,1
9795,1
9796,1
9797,0
9798,2
9799,0
9800,1
9801,2
9802,0
9803,0
9804,1
9805,1
9806,1
9807,0
9808,0
9809,1
9810,0
9811,2
9812,0
9813,1
9814,2
9815,0
9816,0
9817,1
9818,0
9819,1
9820,0
9821,1
9822,0
9823,0
9824,1
9825,1
9826,0
9827,1
9828,0
9829,2
9830,0
9831,1
9832,2
9833,0
9834,1
9835,1
9836,1
9837,0
9838,2
9839,0
9840,1
9841,2
9842,0
9843,0
9844,1
9845,1
9846,1
9847,0
9848,0
9849,1
9850,0
9851,2
9852,0
9853,1
9854,2
9855,0
9856,0
9857,1
9858,0
9859,1
9860,0
9861,1
9862,0
9863,0
9864,1
9865,1
9866,0
9867,1
9868,0
9869,2
9870,0
9871,1
9872,2
9873,0
9874,1
9875,1
9876,1
9877,0
9878,2
9879,0
9880,1
9881,2
9882,0
9883,0
9884,1
9885,1
9886,1
9887,0
9888,0
9889,1
9890,0
9891,2
9892,0
9893,1
9894,2
9895,0
9896,0
9897,1
9898,0
9899,1
9900,0
9901,1
9902,0
9903,1
9904,0
9905,1
9906,0
9907,1
9908,0
9909,2
9910,0
9911,1
9912,2
9913,0
9914,1
9915,1
9916,1
9917,0
9918,2
9919,0
9920,1
9921,2
9922,0
9923,0
9924,1
9925,0
9926,2
9927,0
9928,1
9929,2
9930,0
9931,0
9932,1
9933,0
9934,1
9935,0
9936,2
9937,0
9938,1
9939,2
9940,0
9941,1
9942,0
9943,2
9944,0
9945,1
9946,0
9947,0
9948,1
9949,0
9950,2
9951,0
9952,1
9953,2
9954,0
9955,0
9956,1
9957,0
9958,1
9959,0
9960,1
9961,1
9962,0
9963,2
9964,0
9965,1
9966,2
9967,0
9968,0
9969,1
9970,0
9971,1
9972,0
9973,2
9974,0
9975,1
9976,2
9977,0
9978,1
9979,0
9980,2
9981,0
9982,1
9983,0
9984,0
9985,1
9986,0
9987,2
9988,0
9989,1
9990,2
9991,0
9992,0
9993,1
9994,0
9995,1
9996,0
9997,1
9998,1
9999,0
10000,2
10001,0
10002,1
10003,2
10004,0
10005,0
10006,1
10007,0
10008,1
10009,0
10010,2
10011,0
10012,1
10013,2
10014,0
10015,1
10016,0
10017,2
10018,0
10019,1
10020,0
10021,0
10022,1
10023,0
10024,2
10025,0
10026,1
10027,2
10028,0
10029,0
10030,1
10031,0
10032,1
10033,0
10034,1
10035,1
10036,0
10037,2
10038,0
10039,1
10040,2
10041,0
10042,0
10043,1
10044,0
10045,1
10046,0
10047,2
10048,0
10049,1
10050,2
10051,0
10052,1
10053,0
10054,2
10055,0
10056,1
10057,0
10058,0
10059,1
10060,0
10061,2
10062,0
10063,1
10064,2
10065,0
10066,0
10067,1
10068,0
10069,1
10070,0
10071,1
10072,1
10073,0
10074,2
10075,0
10076,1
10077,2
10078,0
10079,0
10080,1
10081,0
10082,1
10083,0
10084,2
10085,0
10086,1
10087,2
10088,0
10089,1
10090,0
10091,2
10092,0
10093,1
10094,0
10095,0
10096,1
10097,0
10098,2
10099,0
10100,1
10101,2
10102,0
10103,0
10104,1
10105,0
10106,1
10107,0
10108,1
10109,1
10110,0
10111,2
10112,0
10113,1
10114,2
10115,0
10116,0
10117,1
10118,0
10119,1
10120,0
10121,2
10122,0
10123,1
10124,2
10125,0
10126,1
10127,0
10128,2
10129,0
10130,1
10131,0
10132,0
10133,1
10134,0
10135,2
10136,0
10137,1
10138,2
10139,0
10140,0
10141,1
10142,0
10143,1
10144,0
10145,1
10146,1
10147,0
10148,2
10149,0
10150,1
10151,2
10152,0
10153,0
10154,1
10155,0
10156,1
10157,0
10158,2
10159,0
10160,1
10161,2
10162,0
10163,1
10164,0
10165,2
10166,0
10167,1
10168,0
10169,0
10170,1
10171,0
10172,2
10173,0
10174,1
10175,2
10176,0
10177,0
10178,1
10179,0
10180,1
10181,0
10182,1
10183,1
10184,0
10185,2
10186,0
10187,1
10188,2
10189,0
10190,0
10191,1
10192,0
10193,1
10194,0
10195,2
10196,0
10197,1
10198,2
10199,0
10200,1
10201,0
10202,2
10203,0
10204,1
10205,0
10206,0
10207,1
10208,0
10209,2
10210,0
10211,1
10212,2
10213,0
10214,0
10215,1
10216,0
10217,1
10218,0
10219,1
10220,1
10221,0
10222,2
10223,0
10224,1
10225,2
10226,0
10227,0
10228,1
10229,0
10230,1
10231,0
10232,2
10233,0
10234,1
10235,2
10236,0
10237,1
10238,0
10239,2
10240,0
10241,1
10242,0
10243,0
10244,1
10245,0
10246,2
10247,0
10248,1
10249,2
10250,0
10251,0
10252,1
10253,0
10254,1
10255,0
10256,1
10257,1
10258,0
10259,2
10260,0
10261,1
10262,2
10263,0
10264,0
10265,1
10266,0
10267,1
10268,0
10269,2
10270,0
10271,1
10272,2
10273,0
10274,1
10275,0
10276,2
10277,0
10278,1
10279,0
10280,0
10281,1
10282,0
10283,2
10284,0
10285,1
10286,2
10287,0
10288,0
10289,1
10290,0
10291,1
10292,0
10293,1
10294,1
10295,0
10296,2
10297,0
10298,1
10299,2
10300,0
10301,0
10302,1
10303,0
10304,1
10305,0
10306,2
10307,0
10308,1
10309,2
10310,0
10311,1
10312,0
10313,2
10314,0
10315,1
10316,0
10317,0
10318,1
10319,0
10320,2
10321,0
10322,1
10323,2
10324,0
10325,0
10326,1
10327,0
10328,1
10329,0
10330,1
10331,1
10332,0
10333,2
10334,0
10335,1
10336,2
10337,0
10338,0
10339,1
10340,0
10341,1
10342,0
10343,2
10344,0
10345,1
10346,2
10347,0
10348,1
10349,0
10350,2
10351,0
10352,1
10353,0
10354,0
10355,1
10356,0
10357,2
10358,0
10359,1
10360,2
10361,0
10362,0
10363,1
10364,0
10365,1
10366,0
10367,1
10368,1
10369,0
10370,2
10371,0
10372,1
10373,2
10374,0
10375,0
10376,1
10377,0
10378,1
10379,0
10380,2
10381,0
10382,1
10383,2
10384,0
10385,1
10386,0
10387,2
10388,0
10389,1
10390,0
10391,0
10392,1
10393,0
10394,2
10395,0
10396,1
10397,2
10398,0
10399,0
10400,1
10401,0
10402,1
10403,0
10404,1
10405,1
10406,0
10407,2
10408,0
10409,1
10410,2
10411,0
10412,0
10413,1
10414,0
10415,1
10416,0
10417,2
10418,0
10419,1
10420,2
10421,0
10422,1
10423,0
10424,2
10425,0
10426,1
10427,0
10428,0
10429,1
10430,0
10431,2
10432,0
10433,1
10434,2
10435,0
10436,0
10437,1
10438,0
10439,1
10440,0
10441,1
10442,1
10443,0
10444,2
10445,0
10446,1
10447,2
10448,0
10449,0
10450,1
10451,0
10452,1
10453,0
10454,2
10455,0
10456,1
10457,2
10458,0
10459,1
10460,0
10461,2
10462,0
10463,1
10464,0
10465,0
10466,1
10467,0
10468,2
10469,0
10470,1
10471,2
10472,0
10473,0
10474,1
10475,0
10476,1
10477,0
10478,1
10479,1
10480,0
10481,2
10482,0
10483,1
10484,2
10485,0
10486,0
10487,1
10488,0
10489,1
10490,0
10491,2
10492,0
10493,1
10494,2
10495,0
10496,1
10497,0
10498,2
10499,0
10500,1
10501,0
10502,0
10503,1
10504,0
10505,2
10506,0
10507,1
10508,2
10509,0
10510,1
10511,1
10512,0
10513,1
10514,0
10515,0
10516,1
10517,0
10518,2
10519,0
10520,1
10521,2
10522,0
10523,0
10524,1
10525,1
10526,1
10527,0
10528,0
10529,1
10530,0
10531,2
10532,0
10533,1
10534,2
10535,0
10536,0
10537,1
10538,0
10539,1
10540,0
10541,1
10542,0
10543,0
10544,1
10545,1
10546,0
10547,1
10548,0
10549,2
10550,0
10551,1
10552,2
10553,0
10554,1
10555,1
10556,1
10557,0
10558,2
10559,0
10560,1
10561,2
10562,0
10563,0
10564,1
10565,1
10566,1
10567,0
10568,0
10569,1
10570,0
10571,2
10572,0
10573,1
10574,2
10575,0
10576,0
10577,1
10578,0
10579,1
10580,0
10581,1
10582,0
10583,0
10584,1
10585,1
10586,0
10587,1
10588,0
10589,2
10590,0
10591,1
10592,2
10593,0
10594,1
10595,1
10596,1
10597,0
10598,2
10599,0
10600,1
10601,2
10602,0
10603,0
10604,1
10605,1
10606,1
10607,0
10608,0
10609,1
10610,0
10611,2
10612,0
10613,1
10614,2
10615,0
10616,0
10617,1
10618,0
10619,1
10620,0
10621,1
10622,0
10623,0
10624,1
10625,1
10626,0
10627,1
10628,0
10629,2
10630,0
10631,1
10632,2
10633,0
10634,1
10635,1
10636,1
10637,0
10638,2
10639,0
10640,1
10641,2
10642,0
10643,0
10644,1
10645,1
10646,1
10647,0
10648,0
10649,1
10650,0
10651,2
10652,0
10653,1
10654,2
10655,0
10656,0
10657,1
10658,0
10659,1
10660,0
10661,1
10662,0
10663,0
10664,1
10665,1
10666,0
10667,1
10668,0
10669,2
10670,0
10671,1
10672,2
10673,0
10674,1
10675,1
10676,1
10677,0
10678,2
10679,0
10680,1
10681,2
10682,0
10683,0
10684,1
10685,1
10686,1
10687,0
10688,0
10689,1
10690,0
10691,2
10692,0
10693,1
10694,2
10695,0
10696,0
10697,1
10698,0
10699,1
10700,0
10701,1
10702,0
10703,0
10704,1
10705,1
10706,0
10707,1
10708,0
10709,2
10710,0
10711,1
10712,2
10713,0
10714,1
10715,1
10716,1
10717,0
10718,2
10719,0
10720,1
10721,2
10722,0
10723,0
10724,1
10725,1
10726,1
10727,0
10728,0
10729,1
10730,0
10731,2
10732,0
10733,1
10734,2
10735,0
10736,0
10737,1
10738,0
10739,1
10740,0
10741,1
10742,0
10743,0
10744,1
10745,1
10746,0
10747,1
10748,0
10749,2
10750,0
10751,1
10752,2
10753,0
10754,1
10755,1
10756,1
10757,0
10758,2
10759,0
10760,1
10761,2
10762,0
10763,0
10764,1
10765,1
10766,1
10767,0
10768,0
10769,1
10770,0
10771,2
10772,0
10773,1
10774,2
10775,0
10776,0
10777,1
10778,0
10779,1
10780,0
10781,1
10782,0
10783,0
10784,1
10785,1
10786,0
10787,1
10788,0
10789,2
10790,0
10791,1
10792,2
10793,0
10794,1
10795,1
10796,1
10797,0
10798,2
10799,0
10800,1
10801,2
10802,0
10803,0
10804,1
10805,1
10806,1
10807,0
10808,0
10809,1
10810,0
10811,2
10812,0
10813,1
10814,2
10815,0
10816,0
10817,1
10818,0
10819,1
10820,0
10821,1
10822,0
10823,0
10824,1
10825,1
10826,0
10827,1
10828,0
10829,2
10830,0
10831,1
10832,2
10833,0
10834,1
10835,1
10836,1
10837,0
10838,2
10839,0
10840,1
10841,2
10842,0
10843,0
10844,1
10845,1
10846,1
10847,0
10848,0
10849,1
10850,0
10851,2
10852,0
10853,1
10854,2
10855,0
10856,0
10857,1
10858,0
10859,1
10860,0
10861,1
10862,0
10863,0
10864,1
10865,1
10866,0
10867,1
10868,0
10869,2
10870,0
10871,1
10872,2
10873,0
10874,1
10875,1
10876,1
10877,0
10878,2
10879,0
10880,1
10881,2
10882,0
10883,0
10884,1
10885,1
10886,1
10887,0
10888,0
10889,1
10890,0
10891,2
10892,0
10893,1
10894,2
10895,0
10896,0
10897,1
10898,0
10899,1
10900,0
10901,1
10902,0
10903,0
10904,1
10905,1
10906,0
10907,1
10908,0
10909,2
10910,0
10911,1
10912,2
10913,0
10914,1
10915,1
10916,1
10917,0
10918,2
10919,0
10920,1
10921,2
10922,0
10923,0
10924,1
10925,1
10926,1
10927,0
10928,0
10929,1
10930,0
10931,2
10932,0
10933,1
10934,2
10935,0
10936,0
10937,1
10938,0
10939,1
10940,0
10941,1
10942,0
10943,0
10944,1
10945,1
10946,0
10947,1
10948,0
10949,2
10950,0
10951,1
10952,2
10953,0
10954,1
10955,1
10956,1
10957,0
10958,2
10959,0
10960,1
10961,2
10962,0
10963,0
10964,1
10965,1
10966,1
10967,0
10968,0
10969,1
10970,0
10971,2
10972,0
10973,1
10974,2
10975,0
10976,0
10977,1
10978,0
10979,1
10980,0
10981,1
10982,0
10983,0
10984,1
10985,1
10986,0
10987,1
10988,0
10989,2
10990,0
10991,1
10992,2
10993,0
10994,1
10995,1
10996,1
10997,0
10998,2
10999,0
11000,1
11001,2
11002,0
11003,0
11004,1
11005,1
11006,1
11007,0
11008,0
11009,1
11010,0
11011,2
11012,0
11013,1
11014,2
11015,0
11016,0
11017,1
11018,0
11019,1
11020,0
11021,1
11022,0
11023,0
11024,1
11025,1
11026,0
11027,1
11028,0
11029,2
11030,0
11031,1
11032,2
11033,0
11034,1
11035,1
11036,1
11037,0
11038,2
11039,0
11040,1
11041,2
11042,0
11043,0
11044,1
11045,1
11046,1
11047,0
11048,0
11049,1
11050,0
11051,2
11052,0
11053,1
11054,2
11055,0
11056,0
11057,1
11058,0
11059,1
11060,0
11061,1
11062,0
11063,0
11064,1
11065,1
11066,0
11067,1
11068,0
11069,2
11070,0
11071,1
11072,2
11073,0
11074,1
11075,1
11076,1
11077,0
11078,2
11079,0
11080,1
11081,2
11082,0
11083,0
11084,1
11085,1
11086,1
11087,0
11088,0
11089,1
11090,0
11091,2
11092,0
11093,1
11094,2
11095,0
11096,0
11097,1
11098,0
11099,1
11100,0
11101,1
11102,0
11103,0
11104,1
11105,1
11106,0
11107,1
11108,0
11109,2
11110,0
11111,1
11112,2
11113,0
11114,1
11115,1
11116,1
11117,0
11118,2
11119,0
11120,1
11121,2
11122,0
11123,0
11124,1
11125,1
11126,1
11127,0
11128,0
11129,1
11130,0
11131,2
11132,0
11133,1
11134,2
11135,0
11136,0
11137,1
11138,0
11139,1
11140,0
11141,1
11142,0
11143,1
11144,0
11145,1
11146,0
11147,1
11148,0
11149,2
11150,0
11151,1
11152,2
11153,0
11154,1
11155,1
11156,1
11157,0
11158,2
11159,0
11160,1
11161,2
11162,0
11163,0
11164,1
11165,0
11166,2
11167,0
11168,1
11169,2
11170,0
11171,0
11172,1
11173,0
11174,1
11175,0
11176,2
11177,0
11178,1
11179,2
11180,0
11181,1
11182,0
11183,2
11184,0
11185,1
11186,0
11187,0
11188,1
11189,0
11190,2
11191,0
11192,1
11193,2
11194,0
11195,0
11196,1
11197,0
11198,1
11199,0
11200,1
11201,1
11202,0
11203,2
11204,0
11205,1
11206,2
11207,0
11208,0
11209,1
11210,0
11211,1
11212,0
11213,2
11214,0
11215,1
11216,2
11217,0
11218,1
11219,0
11220,2
11221,0
11222,1
11223,0
11224,0
11225,1
11226,0
11227,2
11228,0
11229,1
11230,2
11231,0
11232,0
11233,1
11234,0
11235,1
11236,0
11237,1
11238,1
11239,0
11240,2
11241,0
11242,1
11243,2
11244,0
11245,0
11246,1
11247,0
11248,1
11249,0
11250,2
11251,0
11252,1
11253,2
11254,0
11255,1
11256,0
11257,2
11258,0
11259,1
11260,0
11261,0
11262,1
11263,0
11264,2
11265,0
11266,1
11267,2
11268,0
11269,0
11270,1
11271,0
11272,1
11273,0
11274,1
11275,1
11276,0
11277,2
11278,0
11279,1
11280,2
11281,0
11282,0
11283,1
11284,0
11285,1
11286,0
11287,2
11288,0
11289,1
11290,2
11291,0
11292,1
11293,0
11294,2
11295,0
11296,1
11297,0
11298,0
11299,1
11300,0
11301,2
11302,0
11303,1
11304,2
11305,0
11306,0
11307,1
11308,0
11309,1
11310,0
11311,1
11312,1
11313,0
11314,2
11315,0
11316,1
11317,2
11318,0
11319,0
11320,1
11321,0
11322,1
11323,0
11324,2
11325,0
11326,1
11327,2
11328,0
11329,1
11330,0
11331,2
11332,0
11333,1
11334,0
11335,0
11336,1
11337,0
11338,2
11339,0
11340,1
11341,2
11342,0
11343,0
11344,1
11345,0
11346,1
11347,0
11348,1
11349,1
11350,0
11351,2
11352,0
11353,1
11354,2
11355,0
11356,0
11357,1
11358,0
11359,1
11360,0
11361,2
11362,0
11363,1
11364,2
11365,0
11366,1
11367,0
11368,2
11369,0
11370,1
11371,0
11372,0
11373,1
11374,0
11375,2
11376,0
11377,1
11378,2
11379,0
11380,0
11381,1
11382,0
11383,1
11384,0
11385,1
11386,1
11387,0
11388,2
11389,0
11390,1
11391,2
11392,0
11393,0
11394,1
11395,0
11396,1
11397,0
11398,2
11399,0
11400,1
11401,2
11402,0
11403,1
11404,0
11405,2
11406,0
11407,1
11408,0
11409,0
11410,1
11411,0
11412,2
11413,0
11414,1
11415,2
11416,0
11417,0
11418,1
11419,0
11420,1
11421,0
11422,1
11423,1
11424,0
11425,2
11426,0
11427,1
11428,2
11429,0
11430,0
11431,1
11432,0
11433,1
11434,0
11435,2
11436,0
11437,1
11438,2
11439,0
11440,1
11441,0
11442,2
11443,0
11444,1
11445,0
11446,0
11447,1
11448,0
11449,2
11450,0
11451,1
11452,2
11453,0
11454,0
11455,1
11456,0
11457,1
11458,0
11459,1
11460,1
11461,0
11462,2
11463,0
11464,1
11465,2
11466,0
11467,0
11468,1
11469,0
11470,1
11471,0
11472,2
11473,0
11474,1
11475,2
11476,0
11477,1
11478,0
11479,2
11480,0
11481,1
11482,0
11483,0
11484,1
11485,0
11486,2
11487,0
11488,1
11489,2
11490,0
11491,0
11492,1
11493,0
11494,1
11495,0
11496,1
11497,1
11498,0
11499,2
11500,0
11501,1
11502,2
11503,0
11504,0
11505,1
11506,0
11507,1
11508,0
11509,2
11510,0
11511,1
11512,2
11513,0
11514,1
11515,0
11516,2
11517,0
11518,1
11519,0
11520,0
11521,1
11522,0
11523,2
11524,0
11525,1
11526,2
11527,0
11528,0
11529,1
11530,0
11531,1
11532,0
11533,1
11534,1
11535,0
11536,2
11537,0
11538,1
11539,2
11540,0
11541,0
11542,1
11543,0
11544,1
11545,0
11546,2
11547,0
11548,1
11549,2
11550,0
11551,1
11552,0
11553,2
11554,0
11555,1
11556,0
11557,0
11558,1
11559,0
11560,2
11561,0
11562,1
11563,2
11564,0
11565,0
11566,1
11567,0
11568,1
11569,0
11570,1
11571,1
11572,0
11573,2
11574,0
11575,1
11576,2
11577,0
11578,0
11579,1
11580,0
11581,1
11582,0
11583,2
11584,0
11585,1
11586,2
11587,0
11588,1
11589,0
11590,2
11591,0
11592,1
11593,0
11594,0
11595,1
11596,0
11597,2
11598,0
11599,1
11600,2
11601,0
11602,0
11603,1
11604,0
11605,1
11606,0
11607,1
11608,1
11609,0
11610,2
11611,0
11612,1
11613,2
11614,0
11615,0
11616,1
11617,0
11618,1
11619,0
11620,2
11621,0
11622,1
11623,2
11624,0
11625,1
11626,0
11627,2
11628,0
11629,1
11630,0
11631,0
11632,1
11633,0
11634,2
11635,0
11636,1
11637,2
11638,0
11639,0
11640,1
11641,0
11642,1
11643,0
11644,1
11645,1
11646,0
11647,2
11648,0
11649,1
11650,2
11651,0
11652,0
11653,1
11654,0
11655,1
11656,0
11657,2
11658,0
11659,1
11660,2
11661,0
11662,1
11663,0
11664,2
11665,0
11666,1
11667,0
11668,0
11669,1
11670,0
11671,2
11672,0
11673,1
11674,2
11675,0
11676,0
11677,1
11678,0
11679,1
11680,0
11681,1
11682,1
11683,0
11684,2
11685,0
11686,1
11687,2
11688,0
11689,0
11690,1
11691,0
11692,1
11693,0
11694,2
11695,0
11696,1
11697,2
11698,0
11699,1
11700,0
11701,2
11702,0
11703,1
11704,0
11705,0
11706,1
11707,0
11708,2
11709,0
11710,1
11711,2
11712,0
11713,0
11714,1
11715,0
11716,1
11717,0
11718,1
11719,1
11720,0
11721,2
11722,0
11723,1
11724,2
11725,0
11726,0
11727,1
11728,0
11729,1
11730,0
11731,2
11732,0
11733,1
11734,2
11735,0
11736,1
11737,0
11738,2
11739,0
11740,1
11741,0
11742,0
11743,1
11744,0
11745,2
11746,0
11747,1
11748,2
11749,0
11750,1
11751,1
11752,0
11753,1
11754,0
11755,0
11756,1
11757,0
11758,2
11759,0
11760,1
11761,2
11762,0
11763,0
11764,1
11765,1
11766,1
11767,0
11768,0
11769,1
11770,0
11771,2
11772,0
11773,1
11774,2
11775,0
11776,0
11777,1
11778,0
11779,1
11780,0
11781,1
11782,0
11783,0
11784,1
11785,1
11786,0
11787,1
11788,0
11789,2
11790,0
11791,1
11792,2
11793,0
11794,1
11795,1
11796,1
11797,0
11798,2
11799,0
11800,1
11801,2
11802,0
11803,0
11804,1
11805,1
11806,1
11807,0
11808,0
11809,1
11810,0
11811,2
11812,0
11813,1
11814,2
11815,0
11816,0
11817,1
11818,0
11819,1
11820,0
11821,1
11822,0
11823,0
11824,1
11825,1
11826,0
11827,1
11828,0
11829,2
11830,0
11831,1
11832,2
11833,0
11834,1
11835,1
11836,1
11837,0
11838,2
11839,0
11840,1
11841,2
11842,0
11843,0
11844,1
11845,1
11846,1
11847,0
11848,0
11849,1
11850,0
11851,2
11852,0
11853,1
11854,2
11855,0
11856,0
11857,1
11858,0
11859,1
11860,0
11861,1
11862,0
11863,0
11864,1
11865,1
11866,0
11867,1
11868,0
11869,2
11870,0
11871,1
11872,2
11873,0
11874,1
11875,1
11876,1
11877,0
11878,2
11879,0
11880,1
11881,2
11882,0
11883,0
11884,1
11885,1
11886,1
11887,0
11888,0
11889,1
11890,0
11891,2
11892,0
11893,1
11894,2
11895,0
11896,0
11897,1
11898,0
11899,1
11900,0
11901,1
11902,0
11903,0
11904,1
11905,1
11906,0
11907,1
11908,0
11909,2
11910,0
11911,1
11912,2
11913,0
11914,1
11915,1
11916,1
11917,0
11918,2
11919,0
11920,1
11921,2
11922,0
11923,0
11924,1
11925,1
11926,1
11927,0
11928,0
11929,1
11930,0
11931,2
11932,0
11933,1
11934,2
11935,0
11936,0
11937,1
11938,0
11939,1
11940,0
11941,1
11942,0
11943,0
11944,1
11945,1
11946,0
11947,1
11948,0
11949,2
11950,0
11951,1
11952,2
11953,0
11954,1
11955,1
11956,1
11957,0
11958,2
11959,0
11960,1
11961,2
11962,0
11963,0
11964,1
11965,1
11966,1
11967,0
11968,0
11969,1
11970,0
11971,2
11972,0
11973,1
11974,2
11975,0
11976,0
11977,1
11978,0
11979,1
11980,0
11981,1
11982,0
11983,0
11984,1
11985,1
11986,0
11987,1
11988,0
11989,2
11990,0
11991,1
11992,2
11993,0
11994,1
11995,1
11996,1
11997,0
11998,2
11999,0
12000,1
12001,2
12002,0
12003,0
12004,1
12005,1
12006,1
12007,0
12008,0
12009,1
12010,0
12011,2
12012,0
12013,1
12014,2
12015,0
12016,0
12017,1
12018,0
12019,1
12020,0
12021,1
12022,0
12023,0
12024,1
12025,1
12026,0
12027,1
12028,0
12029,2
12030,0
12031,1
12032,2
12033,0
12034,1
12035,1
12036,1
12037,0
12038,2
12039,0
12040,1
12041,2
12042,0
12043,0
12044,1
12045,1
12046,1
12047,0
12048,0
12049,1
12050,0
12051,2
12052,0
12053,1
12054,2
12055,0
12056,0
12057,1
12058,0
12059,1
12060,0
12061,1
12062,0
12063,0
12064,1
12065,1
12066,0
12067,1
12068,0
12069,2
12070,0
12071,1
12072,2
12073,0
12074,1
12075,1
12076,1
12077,0
12078,2
12079,0
12080,1
12081,2
12082,0
12083,0
12084,1
12085,1
12086,1
12087,0
12088,0
12089,1
12090,0
12091,2
12092,0
12093,1
12094,2
12095,0
12096,0
12097,1
12098,0
12099,1
12100,0
12101,1
12102,0
12103,0
12104,1
12105,1
12106,0
12107,1
12108,0
12109,2
12110,0
12111,1
12112,2
12113,0
12114,1
12115,1
12116,1
12117,0
12118,2
12119,0
12120,1
12121,2
12122,0
12123,0
12124,1
12125,1
12126,1
12127,0
12128,0
12129,1
12130,0
12131,2
12132,0
12133,1
12134,2
12135,0
12136,0
12137,1
12138,0
12139,1
12140,0
12141,1
12142,0
12143,0
12144,1
12145,1
12146,0
12147,1
12148,0
12149,2
12150,0
12151,1
12152,2
12153,0
12154,1
12155,1
12156,1
12157,0
12158,2
12159,0
12160,1
12161,2
12162,0
12163,0
12164,1
12165,1
12166,1
12167,0
12168,0
12169,1
12170,0
12171,2
12172,0
12173,1
12174,2
12175,0
12176,0
12177,1
12178,0
12179,1
12180,0
12181,1
12182,0
12183,0
12184,1
12185,1
12186,0
12187,1
12188,0
12189,2
12190,0
12191,1
12192,2
12193,0
12194,1
12195,1
12196,1
12197,0
12198,2
12199,0
12200,1
12201,2
12202,0
12203,0
12204,1
12205,1
12206,1
12207,0
12208,0
12209,1
12210,0
12211,2
12212,0
12213,1
12214,2
12215,0
12216,0
12217,1
12218,0
12219,1
12220,0
12221,1
12222,0
12223,0
12224,1
12225,1
12226,0
12227,1
12228,0
12229,2
12230,0
12231,1
12232,2
12233,0
12234,1
12235,1
12236,1
12237,0
12238,2
12239,0
12240,1
12241,2
12242,0
12243,0
12244,1
12245,1
12246,1
12247,0
12248,0
12249,1
12250,0
12251,2
12252,0
12253,1
12254,2
12255,0
12256,0
12257,1
12258,0
12259,1
12260,0
12261,1
12262,0
12263,0
12264,1
12265,1
12266,0
12267,1
12268,0
12269,2
12270,0
12271,1
12272,2
12273,0
12274,1
12275,1
12276,1
12277,0
12278,2
12279,0
12280,1
12281,2
12282,0
12283,0
12284,1
12285,1
12286,1
12287,0
12288,0
12289,1
12290,0
12291,2
12292,0
12293,1
12294,2
12295,0
12296,0
12297,1
12298,0
12299,1
12300,0
12301,1
12302,0
12303,0
12304,1
12305,1
12306,0
12307,1
12308,0
12309,2
12310,0
12311,1
12312,2
12313,0
12314,1
12315,1
12316,1
12317,0
12318,2
12319,0
12320,1
12321,2
12322,0
12323,0
12324,1
12325,1
12326,1
12327,0
12328,0
12329,1
12330,0
12331,2
12332,0
12333,1
12334,2
12335,0
12336,0
12337,1
12338,0
12339,1
12340,0
12341,1
12342,0
12343,0
12344,1
12345,1
12346,0
12347,1
12348,0
12349,2
12350,0
12351,1
12352,2
12353,0
12354,1
12355,1
12356,1
12357,0
12358,2
12359,0
12360,1
12361,2
12362,0
12363,0
12364,1
12365,1
12366,1
12367,0
12368,0
12369,1
12370,0
12371,2
12372,0
12373,1
12374,2
12375,0
12376,0
12377,1
12378,0
12379,1
12380,0
12381,1
12382,0
12383,1
12384,0
12385,1
12386,0
12387,1
12388,0
12389,2
12390,0
12391,1
12392,2
12393,0
12394,1
12395,1
12396,1
12397,0
12398,2
12399,0
12400,1
12401,2
12402,0
12403,0
12404,1
12405,0
12406,2
12407,0
12408,1
12409,2
12410,0
12411,0
12412,1
12413,0
12414,1
12415,0
12416,2
12417,0
12418,1
12419,2
12420,0
12421,1
12422,0
12423,2
12424,0
12425,1
12426,0
12427,0
12428,1
12429,0
12430,2
12431,0
12432,1
12433,2
12434,0
12435,0
12436,1
12437,0
12438,1
12439,0
12440,1
12441,1
12442,0
12443,2
12444,0
12445,1
12446,2
12447,0
12448,0
12449,1
12450,0
12451,1
12452,0
12453,2
12454,0
12455,1
12456,2
12457,0
12458,1
12459,0
12460,2
12461,0
12462,1
12463,0
12464,0
12465,1
12466,0
12467,2
12468,0
12469,1
12470,2
12471,0
12472,0
12473,1
12474,0
12475,1
12476,0
12477,1
12478,1
12479,0
12480,2
12481,0
12482,1
12483,2
12484,0
12485,0
12486,1
12487,0
12488,1
12489,0
12490,2
12491,0
12492,1
12493,2
12494,0
12495,1
12496,0
12497,2
12498,0
12499,1
12500,0
12501,0
12502,1
12503,0
12504,2
12505,0
12506,1
12507,2
12508,0
12509,0
12510,1
12511,0
12512,1
12513,0
12514,1
12515,1
12516,0
12517,2
12518,0
12519,1
12520,2
12521,0
12522,0
12523,1
12524,0
12525,1
12526,0
12527,2
12528,0
12529,1
12530,2
12531,0
12532,1
12533,0
12534,2
12535,0
12536,1
12537,0
12538,0
12539,1
12540,0
12541,2
12542,0
12543,1
12544,2
12545,0
12546,0
12547,1
12548,0
12549,1
12550,0
12551,1
12552,1
12553,0
12554,2
12555,0
12556,1
12557,2
12558,0
12559,0
12560,1
12561,0
12562,1
12563,0
12564,2
12565,0
12566,1
12567,2
12568,0
12569,1
12570,0
12571,2
12572,0
12573,1
12574,0
12575,0
12576,1
12577,0
12578,2
12579,0
12580,1
12581,2
12582,0
12583,0
12584,1
12585,0
12586,1
12587,0
12588,1
12589,1
12590,0
12591,2
12592,0
12593,1
12594,2
12595,0
12596,0
12597,1
12598,0
12599,1
12600,0
12601,2
12602,0
12603,1
12604,2
12605,0
12606,1
12607,0
12608,2
12609,0
12610,1
12611,0
12612,0
12613,1
12614,0
12615,2
12616,0
12617,1
12618,2
12619,0
12620,0
12621,1
12622,0
12623,1
12624,0
12625,1
12626,1
12627,0
12628,2
12629,0
12630,1
12631,2
12632,0
12633,0
12634,1
12635,0
12636,1
12637,0
12638,2
12639,0
12640,1
12641,2
12642,0
12643,1
12644,0
12645,2
12646,0
12647,1
12648,0
12649,0
12650,1
12651,0
12652,2
12653,0
12654,1
12655,2
12656,0
12657,0
12658,1
12659,0
12660,1
12661,0
12662,1
12663,1
12664,0
12665,2
12666,0
12667,1
12668,2
12669,0
12670,0
12671,1
12672,0
12673,1
12674,0
12675,2
12676,0
12677,1
12678,2
12679,0
12680,1
12681,0
12682,2
12683,0
12684,1
12685,0
12686,0
12687,1
12688,0
12689,2
12690,0
12691,1
12692,2
12693,0
12694,0
12695,1
12696,0
12697,1
12698,0
12699,1
12700,1
12701,0
12702,2
12703,0
12704,1
12705,2
12706,0
12707,0
12708,1
12709,0
12710,1
12711,0
12712,2
12713,0
12714,1
12715,2
12716,0
12717,1
12718,0
12719,2
12720,0
12721,1
12722,0
12723,0
12724,1
12725,0
12726,2
12727,0
12728,1
12729,2
12730,0
12731,0
12732,1
12733,0
12734,1
12735,0
12736,1
12737,1
12738,0
12739,2
12740,0
12741,1
12742,2
12743,0
12744,0
12745,1
12746,0
12747,1
12748,0
12749,2
12750,0
12751,1
12752,2
12753,0
12754,1
12755,0
12756,2
12757,0
12758,1
12759,0
12760,0
12761,1
12762,0
12763,2
12764,0
12765,1
12766,2
12767,0
12768,0
12769,1
12770,0
12771,1
12772,0
12773,1
12774,1
12775,0
12776,2
12777,0
12778,1
12779,2
12780,0
12781,0
12782,1
12783,0
12784,1
12785,0
12786,2
12787,0
12788,1
12789,2
12790,0
12791,1
12792,0
12793,2
12794,0
12795,1
12796,0
12797,0
12798,1
12799,0
12800,2
12801,0
12802,1
12803,2
12804,0
12805,0
12806,1
12807,0
12808,1
12809,0
12810,1
12811,1
12812,0
12813,2
12814,0
12815,1
12816,2
12817,0
12818,0
12819,1
12820,0
12821,1
12822,0
12823,2
12824,0
12825,1
12826,2
12827,0
12828,1
12829,0
12830,2
12831,0
12832,1
12833,0
12834,0
12835,1
12836,0
12837,2
12838,0
12839,1
12840,2
12841,0
12842,0
12843,1
12844,0
12845,1
12846,0
12847,1
12848,1
12849,0
12850,2
12851,0
12852,1
12853,2
12854,0
12855,0
12856,1
12857,0
12858,1
12859,0
12860,2
12861,0
12862,1
12863,2
12864,0
12865,1
12866,0
12867,2
12868,0
12869,1
12870,0
12871,0
12872,1
12873,0
12874,2
12875,0
12876,1
12877,2
12878,0
12879,0
12880,1
12881,0
12882,1
12883,0
12884,1
12885,1
12886,0
12887,2
12888,0
12889,1
12890,2
12891,0
12892,0
12893,1
12894,0
12895,1
12896,0
12897,2
12898,0
12899,1
12900,2
12901,0
12902,1
12903,0
12904,2
12905,0
12906,1
12907,0
12908,0
12909,1
12910,0
12911,2
12912,0
12913,1
12914,2
12915,0
12916,0
12917,1
12918,0
12919,1
12920,0
12921,1
12922,1
12923,0
12924,2
12925,0
12926,1
12927,2
12928,0
12929,0
12930,1
12931,0
12932,1
12933,0
12934,2
12935,0
12936,1
12937,2
12938,0
12939,1
12940,0
12941,2
12942,0
12943,1
12944,0
12945,0
12946,1
12947,0
12948,2
12949,0
12950,1
12951,2
12952,0
12953,0
12954,1
12955,0
12956,1
12957,0
12958,1
12959,1
12960,0
12961,2
12962,0
12963,1
12964,2
12965,0
12966,0
12967,1
12968,0
12969,1
12970,0
12971,2
12972,0
12973,1
12974,2
12975,0
12976,1
12977,0
12978,2
12979,0
12980,1
12981,0
12982,0
12983,1
12984,0
12985,2
12986,0
12987,1
12988,2
12989,0
12990,1
12991,1
12992,0
12993,1
12994,0
12995,0
12996,1
12997,0
12998,2
12999,0
13000,1
13001,2
13002,0
13003,0
13004,1
13005,1
13006,1
13007,0
13008,0
13009,1
13010,0
13011,2
13012,0
13013,1
13014,2
13015,0
13016,0
13017,1
13018,0
13019,1
13020,0
13021,1
13022,0
13023,0
13024,1
13025,1
13026,0
13027,1
13028,0
13029,2
13030,0
13031,1
13032,2
13033,0
13034,1
13035,1
13036,1
13037,0
13038,2
13039,0
13040,1
13041,2
13042,0
13043,0
13044,1
13045,1
13046,1
13047,0
13048,0
13049,1
13050,0
13051,2
13052,0
13053,1
13054,2
13055,0
13056,0
13057,1
13058,0
13059,1
13060,0
13061,1
13062,0
13063,0
13064,1
13065,1
13066,0
13067,1
13068,0
13069,2
13070,0
13071,1
13072,2
13073,0
13074,1
13075,1
13076,1
13077,0
13078,2
13079,0
13080,1
13081,2
13082,0
13083,0
13084,1
13085,1
13086,1
13087,0
13088,0
13089,1
13090,0
13091,2
13092,0
13093,1
13094,2
13095,0
13096,0
13097,1
13098,0
13099,1
13100,0
13101,1
13102,0
13103,0
13104,1
13105,1
13106,0
13107,1
13108,0
13109,2
13110,0
13111,1
13112,2
13113,0
13114,1
13115,1
13116,1
13117,0
13118,2
13119,0
13120,1
13121,2
13122,0
13123,0
13124,1
13125,1
13126,1
13127,0
13128,0
13129,1
13130,0
13131,2
13132,0
13133,1
13134,2
13135,0
13136,0
13137,1
13138,0
13139,1
13140,0
13141,1
13142,0
13143,0
13144,1
13145,1
13146,0
13147,1
13148,0
13149,2
13150,0
13151,1
13152,2
13153,0
13154,1
13155,1
13156,1
13157,0
13158,2
13159,0
13160,1
13161,2
13162,0
13163,0
13164,1
13165,1
13166,1
13167,0
13168,0
13169,1
13170,0
13171,2
13172,0
13173,1
13174,2
13175,0
13176,0
13177,1
13178,0
13179,1
13180,0
13181,1
13182,0
13183,0
13184,1
13185,1
13186,0
13187,1
13188,0
13189,2
13190,0
13191,1
13192,2
13193,0
13194,1
13195,1
13196,1
13197,0
13198,2
13199,0
13200,1
13201,2
13202,0
13203,0
13204,1
13205,1
13206,1
13207,0
13208,0
13209,1
13210,0
13211,2
13212,0
13213,1
13214,2
13215,0
13216,0
13217,1
13218,0
13219,1
13220,0
13221,1
13222,0
13223,0
13224,1
13225,1
13226,0
13227,1
13228,0
13229,2
13230,0
13231,1
13232,2
13233,0
13234,1
13235,1
13236,1
13237,0
13238,2
13239,0
13240,1
13241,2
13242,0
13243,0
13244,1
13245,1
13246,1
13247,0
13248,0
13249,1
13250,0
13251,2
13252,0
13253,1
13254,2
13255,0
13256,0
13257,1
13258,0
13259,1
13260,0
13261,1
13262,0
13263,0
13264,1
13265,1
13266,0
13267,1
13268,0
13269,2
13270,0
13271,1
13272,2
13273,0
13274,1
13275,1
13276,1
13277,0
13278,2
13279,0
13280,1
13281,2
13282,0
13283,0
13284,1
13285,1
13286,1
13287,0
13288,0
13289,1
13290,0
13291,2
13292,0
13293,1
13294,2
13295,0
13296,0
13297,1
13298,0
13299,1
13300,0
13301,1
13302,0
13303,0
13304,1
13305,1
13306,0
13307,1
13308,0
13309,2
13310,0
13311,1
13312,2
13313,0
13314,1
13315,1
13316,1
13317,0
13318,2
13319,0
13320,1
13321,2
13322,0
13323,0
13324,1
13325,1
13326,1
13327,0
13328,0
13329,1
13330,0
13331,2
13332,0
13333,1
13334,2
13335,0
13336,0
13337,1
13338,0
13339,1
13340,0
13341,1
13342,0
13343,0
13344,1
13345,1
13346,0
13347,1
13348,0
13349,2
13350,0
13351,1
13352,2
13353,0
13354,1
13355,1
13356,1
13357,0
13358,2
13359,0
13360,1
13361,2
13362,0
13363,0
13364,1
13365,1
13366,1
13367,0
13368,0
13369,1
13370,0
13371,2
13372,0
13373,1
13374,2
13375,0
13376,0
13377,1
13378,0
13379,1
13380,0
13381,1
13382,0
13383,0
13384,1
13385,1
13386,0
13387,1
13388,0
13389,2
13390,0
13391,1
13392,2
13393,0
13394,1
13395,1
13396,1
13397,0
13398,2
13399,0
13400,1
13401,2
13402,0
13403,0
13404,1
13405,1
13406,1
13407,0
13408,0
13409,1
13410,0
13411,2
13412,0
13413,1
13414,2
13415,0
13416,0
13417,1
13418,0
13419,1
13420,0
13421,1
13422,0
13423,0
13424,1
13425,1
13426,0
13427,1
13428,0
13429,2
13430,0
13431,1
13432,2
13433,0
13434,1
13435,1
13436,1
13437,0
13438,2
13439,0
13440,1
13441,2
13442,0
13443,0
13444,1
13445,1
13446,1
13447,0
13448,0
13449,1
13450,0
13451,2
13452,0
13453,1
13454,2
13455,0
13456,0
13457,1
13458,0
13459,1
13460,0
13461,1
13462,0
13463,0
13464,1
13465,1
13466,0
13467,1
13468,0
13469,2
13470,0
13471,1
13472,2
13473,0
13474,1
13475,1
13476,1
13477,0
13478,2
13479,0
13480,1
13481,2
13482,0
13483,0
13484,1
13485,1
13486,1
13487,0
13488,0
13489,1
13490,0
13491,2
13492,0
13493,1
13494,2
13495,0
13496,0
13497,1
13498,0
13499,1
13500,0
13501,1
13502,0
13503,0
13504,1
13505,1
13506,0
13507,1
13508,0
13509,2
13510,0
13511,1
13512,2
13513,0
13514,1
13515,1
13516,1
13517,0
13518,2
13519,0
13520,1
13521,2
13522,0
13523,0
13524,1
13525,1
13526,1
13527,0
13528,0
13529,1
13530,0
13531,2
13532,0
13533,1
13534,2
13535,0
13536,0
13537,1
13538,0
13539,1
13540,0
13541,1
13542,0
13543,0
13544,1
13545,1
13546,0
13547,1
13548,0
13549,2
13550,0
13551,1
13552,2
13553,0
13554,1
13555,1
13556,1
13557,0
13558,2
13559,0
13560,1
13561,2
13562,0
13563,0
13564,1
13565,1
13566,1
13567,0
13568,0
13569,1
13570,0
13571,2
13572,0
13573,1
13574,2
13575,0
13576,0
13577,1
13578,0
13579,1
13580,0
13581,1
13582,0
13583,0
13584,1
13585,1
13586,0
13587,1
13588,0
13589,2
13590,0
13591,1
13592,2
13593,0
13594,1
13595,1
13596,1
13597,0
13598,2
13599,0
13600,1
13601,2
13602,0
13603,0
13604,1
13605,1
13606,1
13607,0
13608,0
13609,1
13610,0
13611,2
13612,0
13613,1
13614,2
13615,0
13616,0
13617,1
13618,0
13619,1
13620,0
13621,1
13622,0
13623,1
13624,0
13625,1
13626,0
13627,1
13628,0
13629,2
13630,0
13631,1
13632,2
13633,0
13634,1
13635,1
13636,1
13637,0
13638,2
13639,0
13640,1
13641,2
13642,0
13643,0
13644,1
13645,0
13646,2
13647,0
13648,1
13649,2
13650,0
13651,0
13652,1
13653,0
13654,1
13655,0
13656,2
13657,0
13658,1
13659,2
13660,0
13661,1
13662,0
13663,2
13664,0
13665,1
13666,0
13667,0
13668,1
13669,0
13670,2
13671,0
13672,1
13673,2
13674,0
13675,0
13676,1
13677,0
13678,1
13679,0
13680,1
13681,1
13682,0
13683,2
13684,0
13685,1
13686,2
13687,0
13688,0
13689,1
13690,0
13691,1
13692,0
13693,2
13694,0
13695,1
13696,2
13697,0
13698,1
13699,0
13700,2
13701,0
13702,1
13703,0
13704,0
13705,1
13706,0
13707,2
13708,0
13709,1
13710,2
13711,0
13712,0
13713,1
13714,0
13715,1
13716,0
13717,1
13718,1
13719,0
13720,2
13721,0
13722,1
13723,2
13724,0
13725,0
13726,1
13727,0
13728,1
13729,0
13730,2
13731,0
13732,1
13733,2
13734,0
13735,1
13736,0
13737,2
13738,0
13739,1
13740,0
13741,0
13742,1
13743,0
13744,2
13745,0
13746,1
13747,2
13748,0
13749,0
13750,1
13751,0
13752,1
13753,0
13754,1
13755,1
13756,0
13757,2
13758,0
13759,1
13760,2
13761,0
13762,0
13763,1
13764,0
13765,1
13766,0
13767,2
13768,0
13769,1
13770,2
13771,0
13772,1
13773,0
13774,2
13775,0
13776,1
13777,0
13778,0
13779,1
13780,0
13781,2
13782,0
13783,1
13784,2
13785,0
13786,0
13787,1
13788,0
13789,1
13790,0
13791,1
13792,1
13793,0
13794,2
13795,0
13796,1
13797,2
13798,0
13799,0
13800,1
13801,0
13802,1
13803,0
13804,2
13805,0
13806,1
13807,2
13808,0
13809,1
13810,0
13811,2
13812,0
13813,1
13814,0
13815,0
13816,1
13817,0
13818,2
13819,0
13820,1
13821,2
13822,0
13823,0
13824,1
13825,0
13826,1
13827,0
13828,1
13829,1
13830,0
13831,2
13832,0
13833,1
13834,2
13835,0
13836,0
13837,1
13838,0
13839,1
13840,0
13841,2
13842,0
13843,1
13844,2
13845,0
13846,1
13847,0
13848,2
13849,0
13850,1
13851,0
13852,0
13853,1
13854,0
13855,2
13856,0
13857,1
13858,2
13859,0
13860,0
13861,1
13862,0
13863,1
13864,0
13865,1
13866,1
13867,0
13868,2
13869,0
13870,1
13871,2
13872,0
13873,0
13874,1
13875,0
13876,1
13877,0
13878,2
13879,0
13880,1
13881,2
13882,0
13883,1
13884,0
13885,2
13886,0
13887,1
13888,0
13889,0
13890,1
13891,0
13892,2
13893,0
13894,1
13895,2
13896,0
13897,0
13898,1
13899,0
13900,1
13901,0
13902,1
13903,1
13904,0
13905,2
13906,0
13907,1
13908,2
13909,0
13910,0
13911,1
13912,0
13913,1
13914,0
13915,2
13916,0
13917,1
13918,2
13919,0
13920,1
13921,0
13922,2
13923,0
13924,1
13925,0
13926,0
13927,1
13928,0
13929,2
13930,0
13931,1
13932,2
13933,0
13934,0
13935,1
13936,0
13937,1
13938,0
13939,1
13940,1
13941,0
13942,2
13943,0
13944,1
13945,2
13946,0
13947,0
13948,1
13949,0
13950,1
13951,0
13952,2
13953,0
13954,1
13955,2
13956,0
13957,1
13958,0
13959,2
13960,0
13961,1
13962,0
13963,0
13964,1
13965,0
13966,2
13967,0
13968,1
13969,2
13970,0
13971,0
13972,1
13973,0
13974,1
13975,0
13976,1
13977,1
13978,0
13979,2
13980,0
13981,1
13982,2
13983,0
13984,0
13985,1
13986,0
13987,1
13988,0
13989,2
13990,0
13991,1
13992,2
13993,0
13994,1
13995,0
13996,2
13997,0
13998,1
13999,0
14000,0
14001,1
14002,0
14003,2
14004,0
14005,1
14006,2
14007,0
14008,0
14009,1
14010,0
14011,1
14012,0
14013,1
14014,1
14015,0
14016,2
14017,0
14018,1
14019,2
14020,0
14021,0
14022,1
14023,0
14024,1
14025,0
14026,2
14027,0
14028,1
14029,2
14030,0
14031,1
14032,0
14033,2
14034,0
14035,1
14036,0
14037,0
14038,1
14039,0
14040,2
14041,0
14042,1
14043,2
14044,0
14045,0
14046,1
14047,0
14048,1
14049,0
14050,1
14051,1
14052,0
14053,2
14054,0
14055,1
14056,2
14057,0
14058,0
14059,1
14060,0
14061,1
14062,0
14063,2
14064,0
14065,1
14066,2
14067,0
14068,1
14069,0
14070,2
14071,0
14072,1
14073,0
14074,0
14075,1
14076,0
14077,2
14078,0
14079,1
14080,2
14081,0
14082,0
14083,1
14084,0
14085,1
14086,0
14087,1
14088,1
14089,0
14090,2
14091,0
14092,1
14093,2
14094,0
14095,0
14096,1
14097,0
14098,1
14099,0
14100,2
14101,0
14102,1
14103,2
14104,0
14105,1
14106,0
14107,2
14108,0
14109,1
14110,0
14111,0
14112,1
14113,0
14114,2
14115,0
14116,1
14117,2
14118,0
14119,0
14120,1
14121,0
14122,1
14123,0
14124,1
14125,1
14126,0
14127,2
14128,0
14129,1
14130,2
14131,0
14132,0
14133,1
14134,0
14135,1
14136,0
14137,2
14138,0
14139,1
14140,2
14141,0
14142,1
14143,0
14144,2
14145,0
14146,1
14147,0
14148,0
14149,1
14150,0
14151,2
14152,0
14153,1
14154,2
14155,0
14156,0
14157,1
14158,0
14159,1
14160,0
14161,1
14162,1
14163,0
14164,2
14165,0
14166,1
14167,2
14168,0
14169,0
14170,1
14171,0
14172,1
14173,0
14174,2
14175,0
14176,1
14177,2
14178,0
14179,1
14180,0
14181,2
14182,0
14183,1
14184,0
14185,0
14186,1
14187,0
14188,2
14189,0
14190,1
14191,2
14192,0
14193,0
14194,1
14195,0
14196,1
14197,0
14198,1
14199,1
14200,0
14201,2
14202,0
14203,1
14204,2
14205,0
14206,0
14207,1
14208,0
14209,1
14210,0
14211,2
14212,0
14213,1
14214,2
14215,0
14216,1
14217,0
14218,2
14219,0
14220,1
14221,0
14222,0
14223,1
14224,0
14225,2
14226,0
14227,1
14228,2
14229,0
14230,1
14231,1
14232,0
14233,1
14234,0
14235,0
14236,1
14237,0
14238,2
14239,0
14240,1
14241,2
14242,0
14243,0
14244,1
14245,1
14246,1
14247,0
14248,0
14249,1
14250,0
14251,2
14252,0
14253,1
14254,2
14255,0
14256,0
14257,1
14258,0
14259,1
14260,0
14261,1
14262,0
14263,0
14264,1
14265,1
14266,0
14267,1
14268,0
14269,2
14270,0
14271,1
14272,2
14273,0
14274,1
14275,1
14276,1
14277,0
14278,2
14279,0
14280,1
14281,2
14282,0
14283,0
14284,1
14285,1
14286,1
14287,0
14288,0
14289,1
14290,0
14291,2
14292,0
14293,1
14294,2
14295,0
14296,0
14297,1
14298,0
14299,1
14300,0
14301,1
14302,0
14303,0
14304,1
14305,1
14306,0
14307,1
14308,0
14309,2
14310,0
14311,1
14312,2
14313,0
14314,1
14315,1
14316,1
14317,0
14318,2
14319,0
14320,1
14321,2
14322,0
14323,0
14324,1
14325,1
14326,1
14327,0
14328,0
14329,1
14330,0
14331,2
14332,0
14333,1
14334,2
14335,0
14336,0
14337,1
14338,0
14339,1
14340,0
14341,1
14342,0
14343,0
14344,1
14345,1
14346,0
14347,1
14348,0
14349,2
14350,0
14351,1
14352,2
14353,0
14354,1
14355,1
14356,1
14357,0
14358,2
14359,0
14360,1
14361,2
14362,0
14363,0
14364,1
14365,1
14366,1
14367,0
14368,0
14369,1
14370,0
14371,2
14372,0
14373,1
14374,2
14375,0
14376,0
14377,1
14378,0
14379,1
14380,0
14381,1
14382,0
14383,0
14384,1
14385,1
14386,0
14387,1
14388,0
14389,2
14390,0
14391,1
14392,2
14393,0
14394,1
14395,1
14396,1
14397,0
14398,2
14399,0
14400,1
14401,2
14402,0
14403,0
14404,1
14405,1
14406,1
14407,0
14408,0
14409,1
14410,0
14411,2
14412,0
14413,1
14414,2
14415,0
14416,0
14417,1
14418,0
14419,1
14420,0
14421,1
14422,0
14423,0
14424,1
14425,1
14426,0
14427,1
14428,0
14429,2
14430,0
14431,1
14432,2
14433,0
14434,1
14435,1
14436,1
14437,0
14438,2
14439,0
14440,1
14441,2
14442,0
14443,0
14444,1
14445,1
14446,1
14447,0
14448,0
14449,1
14450,0
14451,2
14452,0
14453,1
14454,2
14455,0
14456,0
14457,1
14458,0
14459,1
14460,0
14461,1
14462,0
14463,0
14464,1
14465,1
14466,0
14467,1
14468,0
14469,2
14470,0
14471,1
14472,2
14473,0
14474,1
14475,1
14476,1
14477,0
14478,2
14479,0
14480,1
14481,2
14482,0
14483,0
14484,1
14485,1
14486,1
14487,0
14488,0
14489,1
14490,0
14491,2
14492,0
14493,1
14494,2
14495,0
14496,0
14497,1
14498,0
14499,1
14500,0
14501,1
14502,0
14503,0
14504,1
14505,1
14506,0
14507,1
14508,0
14509,2
14510,0
14511,1
14512,2
14513,0
14514,1
14515,1
14516,1
14517,0
14518,2
14519,0
14520,1
14521,2
14522,0
14523,0
14524,1
14525,1
14526,1
14527,0
14528,0
14529,1
14530,0
14531,2
14532,0
14533,1
14534,2
14535,0
14536,0
14537,1
14538,0
14539,1
14540,0
14541,1
14542,0
14543,0
14544,1
14545,1
14546,0
14547,1
14548,0
14549,2
14550,0
14551,1
14552,2
14553,0
14554,1
14555,1
14556,1
14557,0
14558,2
14559,0
14560,1
14561,2
14562,0
14563,0
14564,1
14565,1
14566,1
14567,0
14568,0
14569,1
14570,0
14571,2
14572,0
14573,1
14574,2
14575,0
14576,0
14577,1
14578,0
14579,1
14580,0
14581,1
14582,0
14583,0
14584,1
14585,1
14586,0
14587,1
14588,0
14589,2
14590,0
14591,1
14592,2
14593,0
14594,1
14595,1
14596,1
14597,0
14598,2
14599,0
14600,1
14601,2
14602,0
14603,0
14604,1
14605,1
14606,1
14607,0
14608,0
14609,1
14610,0
14611,2
14612,0
14613,1
14614,2
14615,0
14616,0
14617,1
14618,0
14619,1
14620,0
14621,1
14622,0
14623,0
14624,1
14625,1
14626,0
14627,1
14628,0
14629,2
14630,0
14631,1
14632,2
14633,0
14634,1
14635,1
14636,1
14637,0
14638,2
14639,0
14640,1
14641,2
14642,0
14643,0
14644,1
14645,1
14646,1
14647,0
14648,0
14649,1
14650,0
14651,2
14652,0
14653,1
14654,2
14655,0
14656,0
14657,1
14658,0
14659,1
14660,0
14661,1
14662,0
14663,0
14664,1
14665,1
14666,0
14667,1
14668,0
14669,2
14670,0
14671,1
14672,2
14673,0
14674,1
14675,1
14676,1
14677,0
14678,2
14679,0
14680,1
14681,2
14682,0
14683,0
14684,1
14685,1
14686,1
14687,0
14688,0
14689,1
14690,0
14691,2
14692,0
14693,1
14694,2
14695,0
14696,0
14697,1
14698,0
14699,1
14700,0
14701,1
14702,0
14703,0
14704,1
14705,1
14706,0
14707,1
14708,0
14709,2
14710,0
14711,1
14712,2
14713,0
14714,1
14715,1
14716,1
14717,0
14718,2
14719,0
14720,1
14721,2
14722,0
14723,0
14724,1
14725,1
14726,1
14727,0
14728,0
14729,1
14730,0
14731,2
14732,0
14733,1
14734,2
14735,0
14736,0
14737,1
14738,0
14739,1
14740,0
14741,1
14742,0
14743,0
14744,1
14745,1
14746,0
14747,1
14748,0
14749,2
14750,0
14751,1
14752,2
14753,0
14754,1
14755,1
14756,1
14757,0
14758,2
14759,0
14760,1
14761,2
14762,0
14763,0
14764,1
14765,1
14766,1
14767,0
14768,0
14769,1
14770,0
14771,2
14772,0
14773,1
14774,2
14775,0
14776,0
14777,1
14778,0
14779,1
14780,0
14781,1
14782,0
14783,0
14784,1
14785,1
14786,0
14787,1
14788,0
14789,2
14790,0
14791,1
14792,2
14793,0
14794,1
14795,1
14796,1
14797,0
14798,2
14799,0
14800,1
14801,2
14802,0
14803,0
14804,1
14805,1
14806,1
14807,0
14808,0
14809,1
14810,0
14811,2
14812,0
14813,1
14814,2
14815,0
14816,0
14817,1
14818,0
14819,1
14820,0
14821,1
14822,0
14823,0
14824,1
14825,1
14826,0
14827,1
14828,0
14829,2
14830,0
14831,1
14832,2
14833,0
14834,1
14835,1
14836,1
14837,0
14838,2
14839,0
14840,1
14841,2
14842,0
14843,0
14844,1
14845,1
14846,1
14847,0
14848,0
14849,1
14850,0
14851,2
14852,0
14853,1
14854,2
14855,0
14856,0
14857,1
14858,0
14859,1
14860,0
14861,1
14862,0
14863,1
14864,0
14865,1
14866,0
14867,1
14868,0
14869,2
14870,0
14871,1
14872,2
14873,0
14874,1
14875,1
14876,1
14877,0
14878,2
14879,0
14880,1
14881,2
14882,0
14883,0
14884,1
14885,0
14886,2
14887,0
14888,1
14889,2
14890,0
14891,0
14892,1
14893,0
14894,1
14895,0
14896,2
14897,0
14898,1
14899,2
14900,0
14901,1
14902,0
14903,2
14904,0
14905,1
14906,0
14907,0
14908,1
14909,0
14910,2
14911,0
14912,1
14913,2
14914,0
14915,0
14916,1
14917,0
14918,1
14919,0
14920,1
14921,1
14922,0
14923,2
14924,0
14925,1
14926,2
14927,0
14928,0
14929,1
14930,0
14931,1
14932,0
14933,2
14934,0
14935,1
14936,2
14937,0
14938,1
14939,0
14940,2
14941,0
14942,1
14943,0
14944,0
14945,1
14946,0
14947,2
14948,0
14949,1
14950,2
14951,0
14952,0
14953,1
14954,0
14955,1
14956,0
14957,1
14958,1
14959,0
14960,2
14961,0
14962,1
14963,2
14964,0
14965,0
14966,1
14967,0
14968,1
14969,0
14970,2
14971,0
14972,1
14973,2
14974,0
14975,1
14976,0
14977,2
14978,0
14979,1
14980,0
14981,0
14982,1
14983,0
14984,2
14985,0
14986,1
14987,2
14988,0
14989,0
14990,1
14991,0
14992,1
14993,0
14994,1
14995,1
14996,0
14997,2
14998,0
14999,1
15000,2
15001,0
15002,0
15003,1
15004,0
15005,1
15006,0
15007,2
15008,0
15009,1
15010,2
15011,0
15012,1
15013,0
15014,2
15015,0
15016,1
15017,0
15018,0
15019,1
15020,0
15021,2
15022,0
15023,1
15024,2
15025,0
15026,0
15027,1
15028,0
15029,1
15030,0
15031,1
15032,1
15033,0
15034,2
15035,0
15036,1
15037,2
15038,0
15039,0
15040,1
15041,0
15042,1
15043,0
15044,2
15045,0
15046,1
15047,2
15048,0
15049,1
15050,0
15051,2
15052,0
15053,1
15054,0
15055,0
15056,1
15057,0
15058,2
15059,0
15060,1
15061,2
15062,0
15063,0
15064,1
15065,0
15066,1
15067,0
15068,1
15069,1
15070,0
15071,2
15072,0
15073,1
15074,2
15075,0
15076,0
15077,1
15078,0
15079,1
15080,0
15081,2
15082,0
15083,1
15084,2
15085,0
15086,1
15087,0
15088,2
15089,0
15090,1
15091,0
15092,0
15093,1
15094,0
15095,2
15096,0
15097,1
15098,2
15099,0
15100,0
15101,1
15102,0
15103,1
15104,0
15105,1
15106,1
15107,0
15108,2
15109,0
15110,1
15111,2
15112,0
15113,0
15114,1
15115,0
15116,1
15117,0
15118,2
15119,0
15120,1
15121,2
15122,0
15123,1
15124,0
15125,2
15126,0
15127,1
15128,0
15129,0
15130,1
15131,0
15132,2
15133,0
15134,1
15135,2
15136,0
15137,0
15138,1
15139,0
15140,1
15141,0
15142,1
15143,1
15144,0
15145,2
15146,0
15147,1
15148,2
15149,0
15150,0
15151,1
15152,0
15153,1
15154,0
15155,2
15156,0
15157,1
15158,2
15159,0
15160,1
15161,0
15162,2
15163,0
15164,1
15165,0
15166,0
15167,1
15168,0
15169,2
15170,0
15171,1
15172,2
15173,0
15174,0
15175,1
15176,0
15177,1
15178,0
15179,1
15180,1
15181,0
15182,2
15183,0
15184,1
15185,2
15186,0
15187,0
15188,1
15189,0
15190,1
15191,0
15192,2
15193,0
15194,1
15195,2
15196,0
15197,1
15198,0
15199,2
15200,0
15201,1
15202,0
15203,0
15204,1
15205,0
15206,2
15207,0
15208,1
15209,2
15210,0
15211,0
15212,1
15213,0
15214,1
15215,0
15216,1
15217,1
15218,0
15219,2
15220,0
15221,1
15222,2
15223,0
15224,0
15225,1
15226,0
15227,1
15228,0
15229,2
15230,0
15231,1
15232,2
15233,0
15234,1
15235,0
15236,2
15237,0
15238,1
15239,0
15240,0
15241,1
15242,0
15243,2
15244,0
15245,1
15246,2
15247,0
15248,0
15249,1
15250,0
15251,1
15252,0
15253,1
15254,1
15255,0
15256,2
15257,0
15258,1
15259,2
15260,0
15261,0
15262,1
15263,0
15264,1
15265,0
15266,2
15267,0
15268,1
15269,2
15270,0
15271,1
15272,0
15273,2
15274,0
15275,1
15276,0
15277,0
15278,1
15279,0
15280,2
15281,0
15282,1
15283,2
15284,0
15285,0
15286,1
15287,0
15288,1
15289,0
15290,1
15291,1
15292,0
15293,2
15294,0
15295,1
15296,2
15297,0
15298,0
15299,1
15300,0
15301,1
15302,0
15303,2
15304,0
15305,1
15306,2
15307,0
15308,1
15309,0
15310,2
15311,0
15312,1
15313,0
15314,0
15315,1
15316,0
15317,2
15318,0
15319,1
15320,2
15321,0
15322,0
15323,1
15324,0
15325,1
15326,0
15327,1
15328,1
15329,0
15330,2
15331,0
15332,1
15333,2
15334,0
15335,0
15336,1
15337,0
15338,1
15339,0
15340,2
15341,0
15342,1
15343,2
15344,0
15345,1
15346,0
15347,2
15348,0
15349,1
15350,0
15351,0
15352,1
15353,0
15354,2
15355,0
15356,1
15357,2
15358,0
15359,0
15360,1
15361,0
15362,1
15363,0
15364,1
15365,1
15366,0
15367,2
15368,0
15369,1
15370,2
15371,0
15372,0
15373,1
15374,0
15375,1
15376,0
15377,2
15378,0
15379,1
15380,2
15381,0
15382,1
15383,0
15384,2
15385,0
15386,1
15387,0
15388,0
15389,1
15390,0
15391,2
15392,0
15393,1
15394,2
15395,0
15396,0
15397,1
15398,0
15399,1
15400,0
15401,1
15402,1
15403,0
15404,2
15405,0
15406,1
15407,2
15408,0
15409,0
15410,1
15411,0
15412,1
15413,0
15414,2
15415,0
15416,1
15417,2
15418,0
15419,1
15420,0
15421,2
15422,0
15423,1
15424,0
15425,0
15426,1
15427,0
15428,2
15429,0
15430,1
15431,2
15432,0
15433,0
15434,1
15435,0
15436,1
15437,0
15438,1
15439,1
15440,0
15441,2
15442,0
15443,1
15444,2
15445,0
15446,0
15447,1
15448,0
15449,1
15450,0
15451,2
15452,0
15453,1
15454,2
15455,0
15456,1
15457,0
15458,2
15459,0
15460,1
15461,0
15462,0
15463,1
15464,0
15465,2
15466,0
15467,1
15468,2
15469,0
15470,1
15471,1
15472,0
15473,1
15474,0
15475,0
15476,1
15477,0
15478,2
15479,0
15480,1
15481,2
15482,0
15483,0
15484,1
15485,1
15486,1
15487,0
15488,0
15489,1
15490,0
15491,2
15492,0
15493,1
15494,2
15495,0
15496,0
15497,1
15498,0
15499,1
15500,0
15501,1
15502,0
15503,0
15504,1
15505,1
15506,0
15507,1
15508,0
15509,2
15510,0
15511,1
15512,2
15513,0
15514,1
15515,1
15516,1
15517,0
15518,2
15519,0
15520,1
15521,2
15522,0
15523,0
15524,1
15525,1
15526,1
15527,0
15528,0
15529,1
15530,0
15531,2
15532,0
15533,1
15534,2
15535,0
15536,0
15537,1
15538,0
15539,1
15540,0
15541,1
15542,0
15543,0
15544,1
15545,1
15546,0
15547,1
15548,0
15549,2
15550,0
15551,1
15552,2
15553,0
15554,1
15555,1
15556,1
15557,0
15558,2
15559,0
15560,1
15561,2
15562,0
15563,0
15564,1
15565,1
15566,1
15567,0
15568,0
15569,1
15570,0
15571,2
15572,0
15573,1
15574,2
15575,0
15576,0
15577,1
15578,0
15579,1
15580,0
15581,1
15582,0
15583,0
15584,1
15585,1
15586,0
15587,1
15588,0
15589,2
15590,0
15591,1
15592,2
15593,0
15594,1
15595,1
15596,1
15597,0
15598,2
15599,0
15600,1
15601,2
15602,0
15603,0
15604,1
15605,1
15606,1
15607,0
15608,0
15609,1
15610,0
15611,2
15612,0
15613,1
15614,2
15615,0
15616,0
15617,1
15618,0
15619,1
15620,0
15621,1
15622,0
15623,0
15624,1
15625,1
15626,0
15627,1
15628,0
15629,2
15630,0
15631,1
15632,2
15633,0
15634,1
15635,1
15636,1
15637,0
15638,2
15639,0
15640,1
15641,2
15642,0
15643,0
15644,1
15645,1
15646,1
15647,0
15648,0
15649,1
15650,0
15651,2
15652,0
15653,1
15654,2
15655,0
15656,0
15657,1
15658,0
15659,1
15660,0
15661,1
15662,0
15663,0
15664,1
15665,1
15666,0
15667,1
15668,0
15669,2
15670,0
15671,1
15672,2
15673,0
15674,1
15675,1
15676,1
15677,0
15678,2
15679,0
15680,1
15681,2
15682,0
15683,0
15684,1
15685,1
15686,1
15687,0
15688,0
15689,1
15690,0
15691,2
15692,0
15693,1
15694,2
15695,0
15696,0
15697,1
15698,0
15699,1
15700,0
15701,1
15702,0
15703,0
15704,1
15705,1
15706,0
15707,1
15708,0
15709,2
15710,0
15711,1
15712,2
15713,0
15714,1
15715,1
15716,1
15717,0
15718,2
15719,0
15720,1
15721,2
15722,0
15723,0
15724,1
15725,1
15726,1
15727,0
15728,0
15729,1
15730,0
15731,2
15732,0
15733,1
15734,2
15735,0
15736,0
15737,1
15738,0
15739,1
15740,0
15741,1
15742,0
15743,0
15744,1
15745,1
15746,0
15747,1
15748,0
15749,2
15750,0
15751,1
15752,2
15753,0
15754,1
15755,1
15756,1
15757,0
15758,2
15759,0
15760,1
15761,2
15762,0
15763,0
15764,1
15765,1
15766,1
15767,0
15768,0
15769,1
15770,0
15771,2
15772,0
15773,1
15774,2
15775,0
15776,0
15777,1
15778,0
15779,1
15780,0
15781,1
15782,0
15783,0
15784,1
15785,1
15786,0
15787,1
15788,0
15789,2
15790,0
15791,1
15792,2
15793,0
15794,1
15795,1
15796,1
15797,0
15798,2
15799,0
15800,1
15801,2
15802,0
15803,0
15804,1
15805,1
15806,1
15807,0
15808,0
15809,1
15810,0
15811,2
15812,0
15813,1
15814,2
15815,0
15816,0
15817,1
15818,0
15819,1
15820,0
15821,1
15822,0
15823,0
15824,1
15825,1
15826,0
15827,1
15828,0
15829,2
15830,0
15831,1
15832,2
15833,0
15834,1
15835,1
15836,1
15837,0
15838,2
15839,0
15840,1
15841,2
15842,0
15843,0
15844,1
15845,1
15846,1
15847,0
15848,0
15849,1
15850,0
15851,2
15852,0
15853,1
15854,2
15855,0
15856,0
15857,1
15858,0
15859,1
15860,0
15861,1
15862,0
15863,0
15864,1
15865,1
15866,0
15867,1
15868,0
15869,2
15870,0
15871,1
15872,2
15873,0
15874,1
15875,1
15876,1
15877,0
15878,2
15879,0
15880,1
15881,2
15882,0
15883,0
15884,1
15885,1
15886,1
15887,0
15888,0
15889,1
15890,0
15891,2
15892,0
15893,1
15894,2
15895,0
15896,0
15897,1
15898,0
15899,1
15900,0
15901,1
15902,0
15903,0
15904,1
15905,1
15906,0
15907,1
15908,0
15909,2
15910,0
15911,1
15912,2
15913,0
15914,1
15915,1
15916,1
15917,0
15918,2
15919,0
15920,1
15921,2
15922,0
15923,0
15924,1
15925,1
15926,1
15927,0
15928,0
15929,1
15930,0
15931,2
15932,0
15933,1
15934,2
15935,0
15936,0
15937,1
15938,0
15939,1
15940,0
15941,1
15942,0
15943,0
15944,1
15945,1
15946,0
15947,1
15948,0
15949,2
15950,0
15951,1
15952,2
15953,0
15954,1
15955,1
15956,1
15957,0
15958,2
15959,0
15960,1
15961,2
15962,0
15963,0
15964,1
15965,1
15966,1
15967,0
15968,0
15969,1
15970,0
15971,2
15972,0
15973,1
15974,2
15975,0
15976,0
15977,1
15978,0
15979,1
15980,0
15981,1
15982,0
15983,0
15984,1
15985,1
15986,0
15987,1
15988,0
15989,2
15990,0
15991,1
15992,2
15993,0
15994,1
15995,1
15996,1
15997,0
15998,2
15999,0
16000,1
16001,2
16002,0
16003,0
16004,1
16005,1
16006,1
16007,0
16008,0
16009,1
16010,0
16011,2
16012,0
16013,1
16014,2
16015,0
16016,0
16017,1
16018,0
16019,1
16020,0
16021,1
16022,0
16023,0
16024,1
16025,1
16026,0
16027,1
16028,0
16029,2
16030,0
16031,1
16032,2
16033,0
16034,1
16035,1
16036,1
16037,0
16038,2
16039,0
16040,1
16041,2
16042,0
16043,0
16044,1
16045,1
16046,1
16047,0
16048,0
16049,1
16050,0
16051,2
16052,0
16053,1
16054,2
16055,0
16056,0
16057,1
16058,0
16059,1
16060,0
16061,1
16062,0
16063,0
16064,1
16065,1
16066,0
16067,1
16068,0
16069,2
16070,0
16071,1
16072,2
16073,0
16074,1
16075,1
16076,1
16077,0
16078,2
16079,0
16080,1
16081,2
16082,0
16083,0
16084,1
16085,1
16086,1
16087,0
16088,0
16089,1
16090,0
16091,2
16092,0
16093,1
16094,2
16095,0
16096,0
16097,1
16098,0
16099,1
16100,0
16101,1
16102,0
16103,1
16104,0
16105,1
16106,0
16107,1
16108,0
16109,2
16110,0
16111,1
16112,2
16113,0
16114,1
16115,1
16116,1
16117,0
16118,2
16119,0
16120,1
16121,2
16122,0
16123,0
16124,1
16125,0
16126,2
16127,0
16128,1
16129,2
16130,0
16131,0
16132,1
16133,0
16134,1
16135,0
16136,2
16137,0
16138,1
16139,2
16140,0
16141,1
16142,0
16143,2
16144,0
16145,1
16146,0
16147,0
16148,1
16149,0
16150,2
16151,0
16152,1
16153,2
16154,0
16155,0
16156,1
16157,0
16158,1
16159,0
16160,1
16161,1
16162,0
16163,2
16164,0
16165,1
16166,2
16167,0
16168,0
16169,1
16170,0
16171,1
16172,0
16173,2
16174,0
16175,1
16176,2
16177,0
16178,1
16179,0
16180,2
16181,0
16182,1
16183,0
16184,0
16185,1
16186,0
16187,2
16188,0
16189,1
16190,2
16191,0
16192,0
16193,1
16194,0
16195,1
16196,0
16197,1
16198,1
16199,0
16200,2
16201,0
16202,1
16203,2
16204,0
16205,0
16206,1
16207,0
16208,1
16209,0
16210,2
16211,0
16212,1
16213,2
16214,0
16215,1
16216,0
16217,2
16218,0
16219,1
16220,0
16221,0
16222,1
16223,0
16224,2
16225,0
16226,1
16227,2
16228,0
16229,0
16230,1
16231,0
16232,1
16233,0
16234,1
16235,1
16236,0
16237,2
16238,0
16239,1
16240,2
16241,0
16242,0
16243,1
16244,0
16245,1
16246,0
16247,2
16248,0
16249,1
16250,2
16251,0
16252,1
16253,0
16254,2
16255,0
16256,1
16257,0
16258,0
16259,1
16260,0
16261,2
16262,0
16263,1
16264,2
16265,0
16266,0
16267,1
16268,0
16269,1
16270,0
16271,1
16272,1
16273,0
16274,2
16275,0
16276,1
16277,2
16278,0
16279,0
16280,1
16281,0
16282,1
16283,0
16284,2
16285,0
16286,1
16287,2
16288,0
16289,1
16290,0
16291,2
16292,0
16293,1
16294,0
16295,0
16296,1
16297,0
16298,2
16299,0
16300,1
16301,2
16302,0
16303,0
16304,1
16305,0
16306,1
16307,0
16308,1
16309,1
16310,0
16311,2
16312,0
16313,1
16314,2
16315,0
16316,0
16317,1
16318,0
16319,1
16320,0
16321,2
16322,0
16323,1
16324,2
16325,0
16326,1
16327,0
16328,2
16329,0
16330,1
16331,0
16332,0
16333,1
16334,0
16335,2
16336,0
16337,1
16338,2
16339,0
16340,0
16341,1
16342,0
16343,1
16344,0
16345,1
16346,1
16347,0
16348,2
16349,0
16350,1
16351,2
16352,0
16353,0
16354,1
16355,0
16356,1
16357,0
16358,2
16359,0
16360,1
16361,2
16362,0
16363,1
16364,0
16365,2
16366,0
16367,1
16368,0
16369,0
16370,1
16371,0
16372,2
16373,0
16374,1
16375,2
16376,0
16377,0
16378,1
16379,0
16380,1
16381,0
16382,1
16383,1
16384,0
16385,2
16386,0
16387,1
16388,2
16389,0
16390,0
16391,1
16392,0
16393,1
16394,0
16395,2
16396,0
16397,1
16398,2
16399,0
16400,1
16401,0
16402,2
16403,0
16404,1
16405,0
16406,0
16407,1
16408,0
16409,2
16410,0
16411,1
16412,2
16413,0
16414,0
16415,1
16416,0
16417,1
16418,0
16419,1
16420,1
16421,0
16422,2
16423,0
16424,1
16425,2
16426,0
16427,0
16428,1
16429,0
16430,1
16431,0
16432,2
16433,0
16434,1
16435,2
16436,0
16437,1
16438,0
16439,2
16440,0
16441,1
16442,0
16443,0
16444,1
16445,0
16446,2
16447,0
16448,1
16449,2
16450,0
16451,0
16452,1
16453,0
16454,1
16455,0
16456,1
16457,1
16458,0
16459,2
16460,0
16461,1
16462,2
16463,0
16464,0
16465,1
16466,0
16467,1
16468,0
16469,2
16470,0
16471,1
16472,2
16473,0
16474,1
16475,0
16476,2
16477,0
16478,1
16479,0
16480,0
16481,1
16482,0
16483,2
16484,0
16485,1
16486,2
16487,0
16488,0
16489,1
16490,0
16491,1
16492,0
16493,1
16494,1
16495,0
16496,2
16497,0
16498,1
16499,2
16500,0
16501,0
16502,1
16503,0
16504,1
16505,0
16506,2
16507,0
16508,1
16509,2
16510,0
16511,1
16512,0
16513,2
16514,0
16515,1
16516,0
16517,0
16518,1
16519,0
16520,2
16521,0
16522,1
16523,2
16524,0
16525,0
16526,1
16527,0
16528,1
16529,0
16530,1
16531,1
16532,0
16533,2
16534,0
16535,1
16536,2
16537,0
16538,0
16539,1
16540,0
16541,1
16542,0
16543,2
16544,0
16545,1
16546,2
16547,0
16548,1
16549,0
16550,2
16551,0
16552,1
16553,0
16554,0
16555,1
16556,0
16557,2
16558,0
16559,1
16560,2
16561,0
16562,0
16563,1
16564,0
16565,1
16566,0
16567,1
16568,1
16569,0
16570,2
16571,0
16572,1
16573,2
16574,0
16575,0
16576,1
16577,0
16578,1
16579,0
16580,2
16581,0
16582,1
16583,2
16584,0
16585,1
16586,0
16587,2
16588,0
16589,1
16590,0
16591,0
16592,1
16593,0
16594,2
16595,0
16596,1
16597,2
16598,0
16599,0
16600,1
16601,0
16602,1
16603,0
16604,1
16605,1
16606,0
16607,2
16608,0
16609,1
16610,2
16611,0
16612,0
16613,1
16614,0
16615,1
16616,0
16617,2
16618,0
16619,1
16620,2
16621,0
16622,1
16623,0
16624,2
16625,0
16626,1
16627,0
16628,0
16629,1
16630,0
16631,2
16632,0
16633,1
16634,2
16635,0
16636,0
16637,1
16638,0
16639,1
16640,0
16641,1
16642,1
16643,0
16644,2
16645,0
16646,1
16647,2
16648,0
16649,0
16650,1
16651,0
16652,1
16653,0
16654,2
16655,0
16656,1
16657,2
16658,0
16659,1
16660,0
16661,2
16662,0
16663,1
16664,0
16665,0
16666,1
16667,0
16668,2
16669,0
16670,1
16671,2
16672,0
16673,0
16674,1
16675,0
16676,1
16677,0
16678,1
16679,1
16680,0
16681,2
16682,0
16683,1
16684,2
16685,0
16686,0
16687,1
16688,0
16689,1
16690,0
16691,2
16692,0
16693,1
16694,2
16695,0
16696,1
16697,0
16698,2
16699,0
16700,1
16701,0
16702,0
16703,1
16704,0
16705,2
16706,0
16707,1
16708,2
16709,0
16710,1
16711,1
16712,0
16713,1
16714,0
16715,0
16716,1
16717,0
16718,2
16719,0
16720,1
16721,2
16722,0
16723,0
16724,1
16725,1
16726,1
16727,0
16728,0
16729,1
16730,0
16731,2
16732,0
16733,1
16734,2
16735,0
16736,0
16737,1
16738,0
16739,1
16740,0
16741,1
16742,0
16743,0
16744,1
16745,1
16746,0
16747,1
16748,0
16749,2
16750,0
16751,1
16752,2
16753,0
16754,1
16755,1
16756,1
16757,0
16758,2
16759,0
16760,1
16761,2
16762,0
16763,0
16764,1
16765,1
16766,1
16767,0
16768,0
16769,1
16770,0
16771,2
16772,0
16773,1
16774,2
16775,0
16776,0
16777,1
16778,0
16779,1
16780,0
16781,1
16782,0
16783,0
16784,1
16785,1
16786,0
16787,1
16788,0
16789,2
16790,0
16791,1
16792,2
16793,0
16794,1
16795,1
16796,1
16797,0
16798,2
16799,0
16800,1
16801,2
16802,0
16803,0
16804,1
16805,1
16806,1
16807,0
16808,0
16809,1
16810,0
16811,2
16812,0
16813,1
16814,2
16815,0
16816,0
16817,1
16818,0
16819,1
16820,0
16821,1
16822,0
16823,0
16824,1
16825,1
16826,0
16827,1
16828,0
16829,2
16830,0
16831,1
16832,2
16833,0
16834,1
16835,1
16836,1
16837,0
16838,2
16839,0
16840,1
16841,2
16842,0
16843,0
16844,1
16845,1
16846,1
16847,0
16848,0
16849,1
16850,0
16851,2
16852,0
16853,1
16854,2
16855,0
16856,0
16857,1
16858,0
16859,1
16860,0
16861,1
16862,0
16863,0
16864,1
16865,1
16866,0
16867,1
16868,0
16869,2
16870,0
16871,1
16872,2
16873,0
16874,1
16875,1
16876,1
16877,0
16878,2
16879,0
16880,1
16881,2
16882,0
16883,0
16884,1
16885,1
16886,1
16887,0
16888,0
16889,1
16890,0
16891,2
16892,0
16893,1
16894,2
16895,0
16896,0
16897,1
16898,0
16899,1
16900,0
16901,1
16902,0
16903,0
16904,1
16905,1
16906,0
16907,1
16908,0
16909,2
16910,0
16911,1
16912,2
16913,0
16914,1
16915,1
16916,1
16917,0
16918,2
16919,0
16920,1
16921,2
16922,0
16923,0
16924,1
16925,1
16926,1
16927,0
16928,0
16929,1
16930,0
16931,2
16932,0
16933,1
16934,2
16935,0
16936,0
16937,1
16938,0
16939,1
16940,0
16941,1
16942,0
16943,0
16944,1
16945,1
16946,0
16947,1
16948,0
16949,2
16950,0
16951,1
16952,2
16953,0
16954,1
16955,1
16956,1
16957,0
16958,2
16959,0
16960,1
16961,2
16962,0
16963,0
16964,1
16965,1
16966,1
16967,0
16968,0
16969,1
16970,0
16971,2
16972,0
16973,1
16974,2
16975,0
16976,0
16977,1
16978,0
16979,1
16980,0
16981,1
16982,0
16983,0
16984,1
16985,1
16986,0
16987,1
16988,0
16989,2
16990,0
16991,1
16992,2
16993,0
16994,1
16995,1
16996,1
16997,0
16998,2
16999,0
17000,1
17001,2
17002,0
17003,0
17004,1
17005,1
17006,1
17007,0
17008,0
17009,1
17010,0
17011,2
17012,0
17013,1
17014,2
17015,0
17016,0
17017,1
17018,0
17019,1
17020,0
17021,1
17022,0
17023,0
17024,1
17025,1
17026,0
17027,1
17028,0
17029,2
17030,0
17031,1
17032,2
17033,0
17034,1
17035,1
17036,1
17037,0
17038,2
17039,0
17040,1
17041,2
17042,0
17043,0
17044,1
17045,1
17046,1
17047,0
17048,0
17049,1
17050,0
17051,2
17052,0
17053,1
17054,2
17055,0
17056,0
17057,1
17058,0
17059,1
17060,0
17061,1
17062,0
17063,0
17064,1
17065,1
17066,0
17067,1
17068,0
17069,2
17070,0
17071,1
17072,2
17073,0
17074,1
17075,1
17076,1
17077,0
17078,2
17079,0
17080,1
17081,2
17082,0
17083,0
17084,1
17085,1
17086,1
17087,0
17088,0
17089,1
17090,0
17091,2
17092,0
17093,1
17094,2
17095,0
17096,0
17097,1
17098,0
17099,1
17100,0
17101,1
17102,0
17103,0
17104,1
17105,1
17106,0
17107,1
17108,0
17109,2
17110,0
17111,1
17112,2
17113,0
17114,1
17115,1
17116,1
17117,0
17118,2
17119,0
17120,1
17121,2
17122,0
17123,0
17124,1
17125,1
17126,1
17127,0
17128,0
17129,1
17130,0
17131,2
17132,0
17133,1
17134,2
17135,0
17136,0
17137,1
17138,0
17139,1
17140,0
17141,1
17142,0
17143,0
17144,1
17145,1
17146,0
17147,1
17148,0
17149,2
17150,0
17151,1
17152,2
17153,0
17154,1
17155,1
17156,1
17157,0
17158,2
17159,0
17160,1
17161,2
17162,0
17163,0
17164,1
17165,1
17166,1
17167,0
17168,0
17169,1
17170,0
17171,2
17172,0
17173,1
17174,2
17175,0
17176,0
17177,1
17178,0
17179,1
17180,0
17181,1
17182,0
17183,0
17184,1
17185,1
17186,0
17187,1
17188,0
17189,2
17190,0
17191,1
17192,2
17193,0
17194,1
17195,1
17196,1
17197,0
17198,2
17199,0
17200,1
17201,2
17202,0
17203,0
17204,1
17205,1
17206,1
17207,0
17208,0
17209,1
17210,0
17211,2
17212,0
17213,1
17214,2
17215,0
17216,0
17217,1
17218,0
17219,1
17220,0
17221,1
17222,0
17223,0
17224,1
17225,1
17226,0
17227,1
17228,0
17229,2
17230,0
17231,1
17232,2
17233,0
17234,1
17235,1
17236,1
17237,0
17238,2
17239,0
17240,1
17241,2
17242,0
17243,0
17244,1
17245,1
17246,1
17247,0
17248,0
17249,1
17250,0
17251,2
17252,0
17253,1
17254,2
17255,0
17256,0
17257,1
17258,0
17259,1
17260,0
17261,1
17262,0
17263,0
17264,1
17265,1
17266,0
17267,1
17268,0
17269,2
17270,0
17271,1
17272,2
17273,0
17274,1
17275,1
17276,1
17277,0
17278,2
17279,0
17280,1
17281,2
17282,0
17283,0
17284,1
17285,1
17286,1
17287,0
17288,0
17289,1
17290,0
17291,2
17292,0
17293,1
17294,2
17295,0
17296,0
17297,1
17298,0
17299,1
17300,0
17301,1
17302,0
17303,0
17304,1
17305,1
17306,0
17307,1
17308,0
17309,2
17310,0
17311,1
17312,2
17313,0
17314,1
17315,1
17316,1
17317,0
17318,2
17319,0
17320,1
17321,2
17322,0
17323,0
17324,1
17325,1
17326,1
17327,0
17328,0
17329,1
17330,0
17331,2
17332,0
17333,1
17334,2
17335,0
17336,0
17337,1
17338,0
17339,1
17340,0
17341,1
17342,0
17343,1
17344,0
17345,1
17346,0
17347,1
17348,0
17349,2
17350,0
17351,1
17352,2
17353,0
17354,1
17355,1
17356,1
17357,0
17358,2
17359,0
17360,1
17361,2
17362,0
17363,0
17364,1
17365,0
17366,2
17367,0
17368,1
17369,2
17370,0
17371,0
17372,1
17373,0
17374,1
17375,0
17376,2
17377,0
17378,1
17379,2
17380,0
17381,1
17382,0
17383,2
17384,0
17385,1
17386,0
17387,0
17388,1
17389,0
17390,2
17391,0
17392,1
17393,2
17394,0
17395,0
17396,1
17397,0
17398,1
17399,0
17400,1
17401,1
17402,0
17403,2
17404,0
17405,1
17406,2
17407,0
17408,0
17409,1
17410,0
17411,1
17412,0
17413,2
17414,0
17415,1
17416,2
17417,0
17418,1
17419,0
17420,2
17421,0
17422,1
17423,0
17424,0
17425,1
17426,0
17427,2
17428,0
17429,1
17430,2
17431,0
17432,0
17433,1
17434,0
17435,1
17436,0
17437,1
17438,1
17439,0
17440,2
17441,0
17442,1
17443,2
17444,0
17445,0
17446,1
17447,0
17448,1
17449,0
17450,2
17451,0
17452,1
17453,2
17454,0
17455,1
17456,0
17457,2
17458,0
17459,1
17460,0
17461,0
17462,1
17463,0
17464,2
17465,0
17466,1
17467,2
17468,0
17469,0
17470,1
17471,0
17472,1
17473,0
17474,1
17475,1
17476,0
17477,2
17478,0
17479,1
17480,2
17481,0
17482,0
17483,1
17484,0
17485,1
17486,0
17487,2
17488,0
17489,1
17490,2
17491,0
17492,1
17493,0
17494,2
17495,0
17496,1
17497,0
17498,0
17499,1
17500,0
17501,2
17502,0
17503,1
17504,2
17505,0
17506,0
17507,1
17508,0
17509,1
17510,0
17511,1
17512,1
17513,0
17514,2
17515,0
17516,1
17517,2
17518,0
17519,0
17520,1
17521,0
17522,1
17523,0
17524,2
17525,0
17526,1
17527,2
17528,0
17529,1
17530,0
17531,2
17532,0
17533,1
17534,0
17535,0
17536,1
17537,0
17538,2
17539,0
17540,1
17541,2
17542,0
17543,0
17544,1
17545,0
17546,1
17547,0
17548,1
17549,1
17550,0
17551,2
17552,0
17553,1
17554,2
17555,0
17556,0
17557,1
17558,0
17559,1
17560,0
17561,2
17562,0
17563,1
17564,2
17565,0
17566,1
17567,0
17568,2
17569,0
17570,1
17571,0
17572,0
17573,1
17574,0
17575,2
17576,0
17577,1
17578,2
17579,0
17580,0
17581,1
17582,0
17583,1
17584,0
17585,1
17586,1
17587,0
17588,2
17589,0
17590,1
17591,2
17592,0
17593,0
17594,1
17595,0
17596,1
17597,0
17598,2
17599,0
17600,1
17601,2
17602,0
17603,1
17604,0
17605,2
17606,0
17607,1
17608,0
17609,0
17610,1
17611,0
17612,2
17613,0
17614,1
17615,2
17616,0
17617,0
17618,1
17619,0
17620,1
17621,0
17622,1
17623,1
17624,0
17625,2
17626,0
17627,1
17628,2
17629,0
17630,0
17631,1
17632,0
17633,1
17634,0
17635,2
17636,0
17637,1
17638,2
17639,0
17640,1
17641,0
17642,2
17643,0
17644,1
17645,0
17646,0
17647,1
17648,0
17649,2
17650,0
17651,1
17652,2
17653,0
17654,0
17655,1
17656,0
17657,1
17658,0
17659,1
17660,1
17661,0
17662,2
17663,0
17664,1
17665,2
17666,0
17667,0
17668,1
17669,0
17670,1
17671,0
17672,2
17673,0
17674,1
17675,2
17676,0
17677,1
17678,0
17679,2
17680,0
17681,1
17682,0
17683,0
17684,1
17685,0
17686,2
17687,0
17688,1
17689,2
17690,0
17691,0
17692,1
17693,0
17694,1
17695,0
17696,1
17697,1
17698,0
17699,2
17700,0
17701,1
17702,2
17703,0
17704,0
17705,1
17706,0
17707,1
17708,0
17709,2
17710,0
17711,1
17712,2
17713,0
17714,1
17715,0
17716,2
17717,0
17718,1
17719,0
17720,0
17721,1
17722,0
17723,2
17724,0
17725,1
17726,2
17727,0
17728,0
17729,1
17730,0
17731,1
17732,0
17733,1
17734,1
17735,0
17736,2
17737,0
17738,1
17739,2
17740,0
17741,0
17742,1
17743,0
17744,1
17745,0
17746,2
17747,0
17748,1
17749,2
17750,0
17751,1
17752,0
17753,2
17754,0
17755,1
17756,0
17757,0
17758,1
17759,0
17760,2
17761,0
17762,1
17763,2
17764,0
17765,0
17766,1
17767,0
17768,1
17769,0
17770,1
17771,1
17772,0
17773,2
17774,0
17775,1
17776,2
17777,0
17778,0
17779,1
17780,0
17781,1
17782,0
17783,2
17784,0
17785,1
17786,2
17787,0
17788,1
17789,0
17790,2
17791,0
17792,1
17793,0
17794,0
17795,1
17796,0
17797,2
17798,0
17799,1
17800,2
17801,0
17802,0
17803,1
17804,0
17805,1
17806,0
17807,1
17808,1
17809,0
17810,2
17811,0
17812,1
17813,2
17814,0
17815,0
17816,1
17817,0
17818,1
17819,0
17820,2
17821,0
17822,1
17823,2
17824,0
17825,1
17826,0
17827,2
17828,0
17829,1
17830,0
17831,0
17832,1
17833,0
17834,2
17835,0
17836,1
17837,2
17838,0
17839,0
17840,1
17841,0
17842,1
17843,0
17844,1
17845,1
17846,0
17847,2
17848,0
17849,1
17850,2
17851,0
17852,0
17853,1
17854,0
17855,1
17856,0
17857,2
17858,0
17859,1
17860,2
17861,0
17862,1
17863,0
17864,2
17865,0
17866,1
17867,0
17868,0
17869,1
17870,0
17871,2
17872,0
17873,1
17874,2
17875,0
17876,0
17877,1
17878,0
17879,1
17880,0
17881,1
17882,1
17883,0
17884,2
17885,0
17886,1
17887,2
17888,0
17889,0
17890,1
17891,0
17892,1
17893,0
17894,2
17895,0
17896,1
17897,2
17898,0
17899,1
17900,0
17901,2
17902,0
17903,1
17904,0
17905,0
17906,1
17907,0
17908,2
17909,0
17910,1
17911,2
17912,0
17913,0
17914,1
17915,0
17916,1
17917,0
17918,1
17919,1
17920,0
17921,2
17922,0
17923,1
17924,2
17925,0
17926,0
17927,1
17928,0
17929,1
17930,0
17931,2
17932,0
17933,1
17934,2
17935,0
17936,1
17937,0
17938,2
17939,0
17940,1
17941,0
17942,0
17943,1
17944,0
17945,2
17946,0
17947,1
17948,2
17949,0
17950,0
17951,1
17952,0
17953,1
17954,0
17955,1
17956,0
17957,1
17958,1
17959,1
17960,0
17961,1
17962,0
17963,2
17964,0
17965,1
17966,2
17967,0
17968,0
17969,1
17970,1
17971,1
17972,0
17973,0
17974,1
17975,0
17976,2
17977,0
17978,1
17979,2
17980,0
17981,0
17982,1
17983,0
17984,1
17985,0
17986,1
17987,0
17988,0
17989,1
17990,1
17991,0
17992,1
17993,0
17994,2
17995,0
17996,1
17997,2
17998,0
17999,1
18000,1
18001,1
18002,0
18003,2
18004,0
18005,1
18006,2
18007,0
18008,0
18009,1
18010,1
18011,1
18012,0
18013,0
18014,1
18015,0
18016,2
18017,0
18018,1
18019,2
18020,0
18021,0
18022,1
18023,0
18024,1
18025,0
18026,1
18027,0
18028,0
18029,1
18030,1
18031,0
18032,1
18033,0
18034,2
18035,0
18036,1
18037,2
18038,0
18039,1
18040,1
18041,1
18042,0
18043,2
18044,0
18045,1
18046,2
18047,0
18048,0
18049,1
18050,1
18051,1
18052,0
18053,0
18054,1
18055,0
18056,2
18057,0
18058,1
18059,2
18060,0
18061,0
18062,1
18063,0
18064,1
18065,0
18066,1
18067,0
18068,0
18069,1
18070,1
18071,0
18072,1
18073,0
18074,2
18075,0
18076,1
18077,2
18078,0
18079,1
18080,1
18081,1
18082,0
18083,2
18084,0
18085,1
18086,2
18087,0
18088,0
18089,1
18090,1
18091,1
18092,0
18093,0
18094,1
18095,0
18096,2
18097,0
18098,1
18099,2
18100,0
18101,0
18102,1
18103,0
18104,1
18105,0
18106,1
18107,0
18108,0
18109,1
18110,1
18111,0
18112,1
18113,0
18114,2
18115,0
18116,1
18117,2
18118,0
18119,1
18120,1
18121,1
18122,0
18123,2
18124,0
18125,1
18126,2
18127,0
18128,0
18129,1
18130,1
18131,1
18132,0
18133,0
18134,1
18135,0
18136,2
18137,0
18138,1
18139,2
18140,0
18141,0
18142,1
18143,0
18144,1
18145,0
18146,1
18147,0
18148,0
18149,1
18150,1
18151,0
18152,1
18153,0
18154,2
18155,0
18156,1
18157,2
18158,0
18159,1
18160,1
18161,1
18162,0
18163,2
18164,0
18165,1
18166,2
18167,0
18168,0
18169,1
18170,1
18171,1
18172,0
18173,0
18174,1
18175,0
18176,2
18177,0
18178,1
18179,2
18180,0
18181,0
18182,1
18183,0
18184,1
18185,0
18186,1
18187,0
18188,0
18189,1
18190,1
18191,0
18192,1
18193,0
18194,2
18195,0
18196,1
18197,2
18198,0
18199,1
18200,1
18201,1
18202,0
18203,2
18204,0
18205,1
18206,2
18207,0
18208,0
18209,1
18210,1
18211,1
18212,0
18213,0
18214,1
18215,0
18216,2
18217,0
18218,1
18219,2
18220,0
18221,0
18222,1
18223,0
18224,1
18225,0
18226,1
18227,0
18228,0
18229,1
18230,1
18231,0
18232,1
18233,0
18234,2
18235,0
18236,1
18237,2
18238,0
18239,1
18240,1
18241,1
18242,0
18243,2
18244,0
18245,1
18246,2
18247,0
18248,0
18249,1
18250,1
18251,1
18252,0
18253,0
18254,1
18255,0
18256,2
18257,0
18258,1
18259,2
18260,0
18261,0
18262,1
18263,0
18264,1
18265,0
18266,1
18267,0
18268,0
18269,1
18270,1
18271,0
18272,1
18273,0
18274,2
18275,0
18276,1
18277,2
18278,0
18279,1
18280,1
18281,1
18282,0
18283,2
18284,0
18285,1
18286,2
18287,0
18288,0
18289,1
18290,1
18291,1
18292,0
18293,0
18294,1
18295,0
18296,2
18297,0
18298,1
18299,2
18300,0
18301,0
18302,1
18303,0
18304,1
18305,0
18306,1
18307,0
18308,0
18309,1
18310,1
18311,0
18312,1
18313,0
18314,2
18315,0
18316,1
18317,2
18318,0
18319,1
18320,1
18321,1
18322,0
18323,2
18324,0
18325,1
18326,2
18327,0
18328,0
18329,1
18330,1
18331,1
18332,0
18333,0
18334,1
18335,0
18336,2
18337,0
18338,1
18339,2
18340,0
18341,0
18342,1
18343,0
18344,1
18345,0
18346,1
18347,0
18348,0
18349,1
18350,1
18351,0
18352,1
18353,0
18354,2
18355,0
18356,1
18357,2
18358,0
18359,1
18360,1
18361,1
18362,0
18363,2
18364,0
18365,1
18366,2
18367,0
18368,0
18369,1
18370,1
18371,1
18372,0
18373,0
18374,1
18375,0
18376,2
18377,0
18378,1
18379,2
18380,0
18381,0
18382,1
18383,0
18384,1
18385,0
18386,1
18387,0
18388,0
18389,1
18390,1
18391,0
18392,1
18393,0
18394,2
18395,0
18396,1
18397,2
18398,0
18399,1
18400,1
18401,1
18402,0
18403,2
18404,0
18405,1
18406,2
18407,0
18408,0
18409,1
18410,1
18411,1
18412,0
18413,0
18414,1
18415,0
18416,2
18417,0
18418,1
18419,2
18420,0
18421,0
18422,1
18423,0
18424,1
18425,0
18426,1
18427,0
18428,0
18429,1
18430,1
18431,0
18432,1
18433,0
18434,2
18435,0
18436,1
18437,2
18438,0
18439,1
18440,1
18441,1
18442,0
18443,2
18444,0
18445,1
18446,2
18447,0
18448,0
18449,1
18450,1
18451,1
18452,0
18453,0
18454,1
18455,0
18456,2
18457,0
18458,1
18459,2
18460,0
18461,0
18462,1
18463,0
18464,1
18465,0
18466,1
18467,0
18468,0
18469,1
18470,1
18471,0
18472,1
18473,0
18474,2
18475,0
18476,1
18477,2
18478,0
18479,1
18480,1
18481,1
18482,0
18483,2
18484,0
18485,1
18486,2
18487,0
18488,0
18489,1
18490,1
18491,1
18492,0
18493,0
18494,1
18495,0
18496,2
18497,0
18498,1
18499,2
18500,0
18501,0
18502,1
18503,0
18504,1
18505,0
18506,1
18507,0
18508,0
18509,1
18510,1
18511,0
18512,1
18513,0
18514,2
18515,0
18516,1
18517,2
18518,0
18519,1
18520,1
18521,1
18522,0
18523,2
18524,0
18525,1
18526,2
18527,0
18528,0
18529,1
18530,1
18531,1
18532,0
18533,0
18534,1
18535,0
18536,2
18537,0
18538,1
18539,2
18540,0
18541,0
18542,1
18543,0
18544,1
18545,0
18546,1
18547,0
18548,0
18549,1
18550,1
18551,0
18552,1
18553,0
18554,2
18555,0
18556,1
18557,2
18558,0
18559,1
18560,1
18561,1
18562,0
18563,2
18564,0
18565,1
18566,2
18567,0
18568,0
18569,1
18570,1
18571,1
18572,0
18573,0
18574,1
18575,0
18576,2
18577,0
18578,1
18579,2
18580,0
18581,0
18582,1
18583,0
18584,1
18585,0
18586,1
18587,0
18588,1
18589,0
18590,1
18591,0
18592,1
18593,0
18594,2
18595,0
18596,1
18597,2
18598,0
18599,1
18600,0
18601,1
18602,0
18603,2
18604,0
18605,1
18606,2
18607,0
18608,0
18609,1
18610,0
18611,2
18612,0
18613,1
18614,2
18615,0
18616,0
18617,1
18618,0
18619,2
18620,0
18621,1
18622,2
18623,0
18624,0
18625,1
18626,0
18627,2
18628,0
18629,1
18630,2
18631,0
18632,0
18633,1
18634,1
18635,2
18636,0
18637,1
18638,2
18639,0
18640,0
18641,1
18642,0
18643,2
18644,0
18645,1
18646,2
18647,0
18648,0
18649,1
18650,1
18651,2
18652,0
18653,1
18654,2
18655,0
18656,0
18657,1
18658,0
18659,2
18660,0
18661,1
18662,2
18663,0
18664,0
18665,1
18666,1
18667,2
18668,0
18669,1
18670,2
18671,0
18672,0
18673,1
18674,0
18675,2
18676,0
18677,1
18678,2
18679,0
18680,0
18681,1
18682,1
18683,2
18684,0
18685,1
18686,2
18687,0
18688,0
18689,1
18690,0
18691,2
18692,0
18693,1
18694,2
18695,0
18696,0
18697,1
18698,1
18699,2
18700,0
18701,1
18702,2
18703,0
18704,0
18705,1
18706,0
18707,2
18708,0
18709,1
18710,2
18711,0
18712,0
18713,1
18714,1
18715,2
18716,0
18717,1
18718,2
18719,0
18720,0
18721,1
18722,0
18723,2
18724,0
18725,1
18726,2
18727,0
18728,0
18729,1
18730,0
18731,1
18732,0
18733,2
18734,0
18735,1
18736,2
18737,1
18738,0
18739,1
18740,1
18741,2
18742,0
18743,1
18744,2
18745,0
18746,0
18747,1
18748,0
18749,2
18750,0
18751,1
18752,2
18753,0
18754,0
18755,1
18756,0
18757,2
18758,0
18759,1
18760,2
18761,0
18762,0
18763,1
18764,1
18765,2
18766,0
18767,1
18768,2
18769,0
18770,0
18771,1
18772,0
18773,2
18774,0
18775,1
18776,2
18777,0
18778,0
18779,1
18780,1
18781,2
18782,0
18783,1
18784,2
18785,0
18786,0
18787,1
18788,0
18789,2
18790,0
18791,1
18792,2
18793,1
18794,0
18795,1
18796,1
18797,2
18798,0
18799,1
18800,2
18801,0
18802,0
18803,1
18804,0
18805,2
18806,0
18807,1
18808,2
18809,0
18810,0
18811,1
18812,0
18813,2
18814,0
18815,1
18816,2
18817,1
18818,0
18819,0
18820,1
18821,0
18822,1
18823,0
18824,2
18825,0
18826,1
18827,2
18828,1
18829,0
18830,0
18831,1
18832,0
18833,1
18834,0
18835,2
18836,0
18837,1
18838,2
18839,1
18840,0
18841,0
18842,1
18843,0
18844,1
18845,0
18846,2
18847,0
18848,1
18849,2
18850,1
18851,0
18852,1
18853,1
18854,2
18855,0
18856,1
18857,2
18858,1
18859,0
18860,1
18861,1
18862,2
18863,0
18864,1
18865,2
18866,1
18867,0
18868,1
18869,1
18870,2
18871,0
18872,1
18873,2
18874,0
18875,0
18876,1
18877,1
18878,2
18879,0
18880,1
18881,2
18882,0
18883,0
18884,1
18885,1
18886,2
18887,0
18888,1
18889,2
18890,0
18891,0
18892,1
18893,1
18894,2
18895,0
18896,1
18897,2
18898,0
18899,0
18900,1
18901,1
18902,2
18903,0
18904,1
18905,2
18906,0
18907,0
18908,1
18909,1
18910,2
18911,0
18912,1
18913,2
18914,0
18915,0
18916,1
18917,1
18918,2
18919,0
18920,1
18921,2
18922,0
18923,1
18924,0
18925,2
18926,0
18927,1
18928,0
18929,0
18930,1
18931,0
18932,2
18933,0
18934,1
18935,2
18936,0
18937,0
18938,2
18939,0
18940,1
18941,0
18942,1
18943,0
18944,1
18945,0
18946,0
18947,1
18948,0
18949,2
18950,0
18951,1
18952,2
18953,0
18954,0
18955,1
18956,0
18957,1
18958,0
18959,1
18960,0
18961,1
18962,0
18963,0
18964,1
18965,0
18966,2
18967,0
18968,1
18969,2
18970,0
18971,0
18972,2
18973,0
18974,1
18975,0
18976,1
18977,0
18978,1
18979,0
18980,0
18981,1
18982,0
18983,2
18984,0
18985,1
18986,2
18987,0
18988,0
18989,1
18990,0
18991,1
18992,0
18993,1
18994,0
18995,1
18996,0
18997,0
18998,1
18999,0
19000,2
19001,0
19002,1
19003,2
19004,0
19005,0
19006,2
19007,0
19008,1
19009,0
19010,1
19011,0
19012,1
19013,0
19014,0
19015,1
19016,0
19017,2
19018,0
19019,1
19020,2
19021,0
19022,0
19023,1
19024,0
19025,1
19026,0
19027,1
19028,0
19029,1
19030,0
19031,0
19032,1
19033,0
19034,2
19035,0
19036,1
19037,2
19038,0
19039,0
19040,2
19041,0
19042,1
19043,0
19044,1
19045,0
19046,1
19047,0
19048,0
19049,1
19050,0
19051,2
19052,0
19053,1
19054,2
19055,0
19056,0
19057,1
19058,0
19059,1
19060,0
19061,1
19062,0
19063,1
19064,0
19065,0
19066,1
19067,0
19068,2
19069,0
19070,1
19071,2
19072,0
19073,0
19074,2
19075,0
19076,1
19077,0
19078,1
19079,0
19080,1
19081,0
19082,0
19083,1
19084,0
19085,2
19086,0
19087,1
19088,2
19089,0
19090,0
19091,1
19092,0
19093,1
19094,0
19095,1
19096,0
19097,1
19098,0
19099,0
19100,1
19101,0
19102,2
19103,0
19104,1
19105,2
19106,0
19107,0
19108,2
19109,0
19110,1
19111,0
19112,1
19113,0
19114,1
19115,0
19116,0
19117,1
19118,0
19119,2
19120,0
19121,1
19122,2
19123,0
19124,0
19125,1
19126,0
19127,1
19128,0
19129,1
19130,0
19131,1
19132,0
19133,0
19134,1
19135,0
19136,2
19137,0
19138,1
19139,2
19140,0
19141,0
19142,2
19143,0
19144,1
19145,0
19146,1
19147,0
19148,1
19149,0
19150,0
19151,1
19152,0
19153,2
19154,0
19155,1
19156,2
19157,0
19158,0
19159,1
19160,0
19161,1
19162,0
19163,1
19164,0
19165,1
19166,0
19167,0
19168,1
19169,0
19170,2
19171,0
19172,1
19173,2
19174,0
19175,0
19176,2
19177,0
19178,1
19179,0
19180,1
19181,0
19182,1
19183,0
19184,0
19185,1
19186,0
19187,2
19188,0
19189,1
19190,2
19191,0
19192,0
19193,1
19194,0
19195,1
19196,0
19197,1
19198,0
19199,1
19200,1
19201,1
19202,1
19203,0
19204,1
19205,0
19206,1
19207,0
19208,1
19209,0
19210,0
19211,1
19212,0
19213,1
19214,0
19215,2
19216,0
19217,1
19218,2
19219,0
19220,0
19221,2
19222,0
19223,1
19224,0
19225,1
19226,0
19227,1
19228,1
19229,1
19230,0
19231,0
19232,1
19233,0
19234,1
19235,0
19236,1
19237,1
19238,1
19239,1
19240,0
19241,1
19242,0
19243,1
19244,0
19245,1
19246,0
19247,0
19248,1
19249,0
19250,1
19251,0
19252,2
19253,0
19254,1
19255,2
19256,0
19257,0
19258,2
19259,0
19260,2
19261,0
19262,2
19263,0
19264,2
19265,3
19266,2
19267,1
19268,0
19269,1
19270,0
19271,1
19272,0
19273,1
19274,0
19275,0
19276,1
19277,0
19278,1
19279,0
19280,2
19281,0
19282,1
19283,2
19284,0
19285,0
19286,2
19287,0
19288,1
19289,0
19290,1
19291,0
19292,1
19293,1
19294,1
19295,0
19296,0
19297,1
19298,0
19299,1
19300,0
19301,1
19302,1
19303,1
19304,1
19305,0
19306,1
19307,0
19308,1
19309,0
19310,1
19311,0
19312,0
19313,1
19314,0
19315,1
19316,0
19317,2
19318,0
19319,1
19320,2
19321,0
19322,0
19323,2
19324,0
19325,2
19326,0
19327,2
19328,0
19329,2
19330,3
19331,2
19332,1
19333,0
19334,1
19335,0
19336,1
19337,0
19338,1
19339,0
19340,0
19341,1
19342,0
19343,1
19344,0
19345,2
19346,0
19347,1
19348,2
19349,0
19350,0
19351,2
19352,0
19353,1
19354,0
19355,1
19356,0
19357,1
19358,1
19359,1
19360,0
19361,0
19362,1
19363,0
19364,1
19365,0
19366,1
19367,1
19368,1
19369,1
19370,0
19371,1
19372,0
19373,1
19374,0
19375,1
19376,0
19377,0
19378,1
19379,0
19380,1
19381,0
19382,2
19383,0
19384,1
19385,2
19386,0
19387,0
19388,2
19389,0
19390,2
19391,0
19392,2
19393,2
19394,3
19395,3
19396,2
19397,2
19398,0
19399,1
19400,0
19401,1
19402,0
19403,1
19404,0
19405,0
19406,1
19407,0
19408,1
19409,0
19410,0
19411,1
19412,0
19413,1
19414,0
19415,1
19416,0
19417,0
19418,1
19419,0
19420,2
19421,0
19422,1
19423,2
19424,0
19425,0
19426,2
19427,0
19428,1
19429,0
19430,1
19431,1
19432,0
19433,1
19434,0
19435,1
19436,0
19437,1
19438,1
19439,1
19440,2
19441,1
19442,1
19443,0
19444,1
19445,1
19446,1
19447,0
19448,0
19449,1
19450,0
19451,1
19452,1
19453,2
19454,2
19455,1
19456,2
19457,0
19458,1
19459,0
19460,1
19461,0
19462,1
19463,0
19464,0
19465,1
19466,0
19467,1
19468,0
19469,0
19470,1
19471,0
19472,1
19473,0
19474,1
19475,0
19476,0
19477,1
19478,0
19479,2
19480,0
19481,1
19482,2
19483,0
19484,0
19485,1
19486,0
19487,1
19488,0
19489,1
19490,1
19491,0
19492,2
19493,0
19494,1
19495,0
19496,1
19497,1
19498,1
19499,2
19500,1
19501,1
19502,0
19503,2
19504,3
19505,3
19506,2
19507,1
19508,2
19509,0
19510,1
19511,0
19512,1
19513,0
19514,1
19515,0
19516,0
19517,1
19518,0
19519,1
19520,0
19521,0
19522,1
19523,0
19524,1
19525,0
19526,1
19527,0
19528,0
19529,1
19530,0
19531,2
19532,0
19533,1
19534,2
19535,0
19536,0
19537,2
19538,0
19539,1
19540,0
19541,1
19542,1
19543,0
19544,1
19545,0
19546,1
19547,0
19548,1
19549,1
19550,1
19551,2
19552,1
19553,1
19554,0
19555,1
19556,1
19557,1
19558,0
19559,0
19560,1
19561,0
19562,1
19563,1
19564,2
19565,2
19566,1
19567,2
19568,0
19569,1
19570,0
19571,1
19572,0
19573,1
19574,0
19575,0
19576,1
19577,0
19578,1
19579,0
19580,0
19581,1
19582,0
19583,1
19584,0
19585,1
19586,0
19587,0
19588,1
19589,0
19590,2
19591,0
19592,1
19593,2
19594,0
19595,0
19596,1
19597,0
19598,1
19599,0
19600,1
19601,1
19602,0
19603,2
19604,0
19605,1
19606,0
19607,1
19608,1
19609,1
19610,2
19611,1
19612,1
19613,0
19614,2
19615,2
19616,2
19617,1
19618,1
19619,1
19620,0
19621,1
19622,0
19623,1
19624,0
19625,1
19626,0
19627,0
19628,1
19629,0
19630,1
19631,0
19632,2
19633,0
19634,1
19635,2
19636,0
19637,0
19638,2
19639,0
19640,1
19641,0
19642,1
19643,0
19644,1
19645,1
19646,1
19647,0
19648,0
19649,1
19650,0
19651,1
19652,0
19653,1
19654,1
19655,1
19656,1
19657,0
19658,1
19659,0
19660,1
19661,0
19662,1
19663,0
19664,0
19665,1
19666,0
19667,1
19668,0
19669,2
19670,0
19671,1
19672,2
19673,0
19674,0
19675,2
19676,0
19677,2
19678,0
19679,2
19680,1
19681,2
19682,2
19683,2
19684,1
19685,0
19686,1
19687,0
19688,1
19689,0
19690,1
19691,0
19692,0
19693,1
19694,0
19695,1
19696,0
19697,2
19698,0
19699,1
19700,2
19701,0
19702,0
19703,2
19704,0
19705,1
19706,0
19707,1
19708,0
19709,1
19710,1
19711,1
19712,0
19713,0
19714,1
19715,0
19716,1
19717,0
19718,1
19719,1
19720,1
19721,1
19722,0
19723,1
19724,0
19725,1
19726,0
19727,1
19728,0
19729,0
19730,1
19731,0
19732,1
19733,0
19734,2
19735,0
19736,1
19737,2
19738,0
19739,0
19740,2
19741,0
19742,2
19743,0
19744,2
19745,1
19746,2
19747,2
19748,2
19749,1
19750,0
19751,1
19752,0
19753,1
19754,0
19755,1
19756,0
19757,0
19758,1
19759,0
19760,1
19761,0
19762,2
19763,0
19764,1
19765,2
19766,0
19767,0
19768,2
19769,0
19770,1
19771,0
19772,1
19773,0
19774,1
19775,1
19776,1
19777,0
19778,0
19779,1
19780,0
19781,1
19782,0
19783,1
19784,1
19785,1
19786,1
19787,0
19788,1
19789,0
19790,1
19791,0
19792,1
19793,0
19794,0
19795,1
19796,0
19797,1
19798,0
19799,2
19800,0
19801,1
19802,2
19803,0
19804,0
19805,2
19806,0
19807,2
19808,0
19809,2
19810,1
19811,2
19812,2
19813,2
19814,1
19815,0
19816,1
19817,0
19818,1
19819,0
19820,1
19821,0
19822,0
19823,1
19824,0
19825,1
19826,0
19827,2
19828,0
19829,1
19830,2
19831,0
19832,0
19833,2
19834,0
19835,1
19836,0
19837,1
19838,0
19839,1
19840,1
19841,1
19842,0
19843,0
19844,1
19845,0
19846,1
19847,0
19848,1
19849,1
19850,1
19851,1
19852,0
19853,1
19854,0
19855,1
19856,0
19857,1
19858,0
19859,0
19860,1
19861,0
19862,1
19863,0
19864,2
19865,0
19866,1
19867,2
19868,0
19869,0
19870,2
19871,0
19872,1
19873,0
19874,1
19875,1
19876,1
19877,1
19878,1
19879,0
19880,0
19881,1
19882,0
19883,1
19884,0
19885,1
19886,0
19887,0
19888,1
19889,0
19890,2
19891,0
19892,1
19893,2
19894,0
19895,0
19896,2
19897,0
19898,1
19899,0
19900,1
19901,0
19902,1
19903,0
19904,0
19905,1
19906,0
19907,2
19908,0
19909,1
19910,2
19911,0
19912,1
19913,1
19914,1
19915,1
19916,0
19917,1
19918,0
19919,1
19920,0
19921,0
19922,1
19923,0
19924,2
19925,0
19926,1
19927,2
19928,0
19929,0
19930,2
19931,0
19932,1
19933,0
19934,1
19935,0
19936,1
19937,0
19938,0
19939,1
19940,0
19941,2
19942,0
19943,1
19944,2
19945,0
19946,1
19947,1
19948,1
19949,1
19950,0
19951,1
19952,0
19953,1
19954,0
19955,0
19956,1
19957,0
19958,2
19959,0
19960,1
19961,2
19962,0
19963,0
19964,2
19965,0
19966,1
19967,0
19968,1
19969,0
19970,1
19971,0
19972,0
19973,1
19974,0
19975,2
19976,0
19977,1
19978,2
19979,0
19980,1
19981,1
19982,1
19983,1
19984,0
19985,1
19986,0
19987,1
19988,0
19989,0
19990,1
19991,0
19992,2
19993,0
19994,1
19995,2
19996,0
19997,0
19998,2
19999,0
20000,1
20001,0
20002,1
20003,0
20004,1
20005,0
20006,0
20007,1
20008,0
20009,2
20010,0
20011,1
20012,2
20013,0
20014,1
20015,1
20016,1
20017,1
20018,0
20019,1
20020,0
20021,1
20022,0
20023,0
20024,1
20025,0
20026,2
20027,0
20028,1
20029,2
20030,0
20031,0
20032,2
20033,0
20034,1
20035,0
20036,1
20037,0
20038,1
20039,0
20040,0
20041,1
20042,0
20043,2
20044,0
20045,1
20046,2
20047,0
20048,1
20049,1
20050,1
20051,1
20052,0
20053,1
20054,0
20055,1
20056,0
20057,0
20058,1
20059,0
20060,2
20061,0
20062,1
20063,2
20064,0
20065,0
20066,2
20067,0
20068,1
20069,0
20070,1
20071,0
20072,1
20073,0
20074,0
20075,1
20076,0
20077,2
20078,0
20079,1
20080,2
20081,0
20082,1
20083,1
20084,1
20085,1
20086,0
20087,1
20088,0
20089,1
20090,0
20091,0
20092,1
20093,0
20094,2
20095,0
20096,1
20097,2
20098,0
20099,0
20100,2
20101,0
20102,1
20103,0
20104,1
20105,0
20106,1
20107,0
20108,0
20109,1
20110,0
20111,2
20112,0
20113,1
20114,2
20115,0
20116,1
20117,1
20118,1
20119,1
20120,0
20121,1
20122,0
20123,1
20124,0
20125,0
20126,1
20127,0
20128,2
20129,0
20130,1
20131,2
20132,0
20133,0
20134,2
20135,0
20136,1
20137,0
20138,1
20139,1
20140,1
20141,2
20142,0
20143,2
20144,2
20145,2
20146,0
20147,2
20148,2
20149,2
20150,0
20151,2
20152,3
20153,0
20154,0
20155,1
20156,0
20157,2
20158,0
20159,1
20160,2
20161,0
20162,0
20163,1
20164,0
20165,2
20166,0
20167,1
20168,2
20169,0
20170,0
20171,1
20172,0
20173,2
20174,0
20175,1
20176,2
20177,0
20178,0
20179,1
20180,0
20181,2
20182,0
20183,1
20184,2
20185,0
20186,0
20187,1
20188,0
20189,2
20190,0
20191,1
20192,2
20193,0
20194,0
20195,1
20196,0
20197,2
20198,0
20199,1
20200,2
20201,0
20202,0
20203,1
20204,0
20205,2
20206,0
20207,1
20208,2
20209,0
20210,0
20211,1
20212,0
20213,2
20214,0
20215,1
20216,2
20217,0
20218,0
20219,1
20220,0
20221,2
20222,0
20223,1
20224,2
20225,0
20226,0
20227,1
20228,0
20229,2
20230,0
20231,1
20232,2
20233,0
20234,0
20235,1
20236,0
20237,2
20238,0
20239,1
20240,2
20241,0
20242,0
20243,1
20244,0
20245,2
20246,0
20247,1
20248,2
20249,0
20250,0
20251,2
20252,0
20253,2
20254,0
20255,1
20256,2
20257,0
20258,0
20259,0
20260,1
20261,0
20262,1
20263,0
20264,1
20265,0
20266,1
20267,0
20268,1
20269,0
20270,1
20271,0
20272,0
20273,2
20274,0
20275,1
20276,0
20277,0
20278,1
20279,0
20280,2
20281,0
20282,1
20283,2
20284,0
20285,0
20286,2
20287,0
20288,1
20289,0
20290,1
20291,0
20292,1
20293,0
20294,1
20295,1
20296,0
20297,2
20298,0
20299,1
20300,2
20301,0
20302,0
20303,1
20304,0
20305,1
20306,0
20307,1
20308,0
20309,1
20310,0
20311,0
20312,1
20313,0
20314,2
20315,0
20316,1
20317,2
20318,0
20319,0
20320,2
20321,0
20322,1
20323,0
20324,1
20325,0
20326,1
20327,0
20328,0
20329,1
20330,0
20331,2
20332,0
20333,1
20334,2
20335,0
20336,0
20337,1
20338,0
20339,1
20340,0
20341,1
20342,0
20343,1
20344,0
20345,0
20346,1
20347,0
20348,2
20349,0
20350,1
20351,2
20352,0
20353,0
20354,2
20355,0
20356,1
20357,0
20358,1
20359,0
20360,1
20361,0
20362,0
20363,1
20364,0
20365,2
20366,0
20367,1
20368,2
20369,0
20370,0
20371,1
20372,0
20373,1
20374,0
20375,1
20376,0
20377,1
20378,0
20379,0
20380,1
20381,0
20382,2
20383,0
20384,1
20385,2
20386,0
20387,0
20388,2
20389,0
20390,1
20391,0
20392,1
20393,0
20394,1
20395,0
20396,0
20397,1
20398,0
20399,2
20400,0
20401,1
20402,2
20403,0
20404,0
20405,1
20406,0
20407,1
20408,0
20409,1
20410,0
20411,1
20412,0
20413,0
20414,1
20415,0
20416,2
20417,0
20418,1
20419,2
20420,0
20421,0
20422,2
20423,0
20424,1
20425,0
20426,1
20427,0
20428,1
20429,0
20430,0
20431,1
20432,0
20433,2
20434,0
20435,1
20436,2
20437,0
20438,0
20439,1
20440,0
20441,1
20442,0
20443,1
20444,0
20445,1
20446,0
20447,0
20448,1
20449,0
20450,2
20451,0
20452,1
20453,2
20454,0
20455,0
20456,2
20457,0
20458,1
20459,0
20460,1
20461,0
20462,1
20463,0
20464,0
20465,1
20466,0
20467,2
20468,0
20469,1
20470,2
20471,0
20472,0
20473,1
20474,0
20475,1
20476,0
20477,1
20478,0
20479,1
20480,0
20481,0
20482,1
20483,0
20484,2
20485,0
20486,1
20487,2
20488,0
20489,0
20490,2
20491,0
20492,1
20493,0
20494,1
20495,0
20496,1
20497,0
20498,0
20499,1
20500,0
20501,2
20502,0
20503,1
20504,2
20505,0
20506,0
20507,1
20508,0
20509,1
20510,0
20511,1
20512,0
20513,1
20514,0
20515,0
20516,1
20517,0
20518,2
20519,0
20520,1
20521,2
20522,0
20523,0
20524,2
20525,0
20526,1
20527,0
20528,1
20529,0
20530,1
20531,0
20532,0
20533,1
20534,0
20535,2
20536,0
20537,1
20538,2
20539,0
20540,0
20541,1
20542,0
20543,1
20544,0
20545,1
20546,0
20547,1
20548,1
20549,1
20550,1
20551,0
20552,1
20553,0
20554,1
20555,0
20556,1
20557,0
20558,0
20559,1
20560,0
20561,1
20562,0
20563,2
20564,0
20565,1
20566,2
20567,0
20568,0
20569,2
20570,0
20571,1
20572,0
20573,1
20574,0
20575,1
20576,1
20577,1
20578,0
20579,0
20580,1
20581,0
20582,1
20583,0
20584,1
20585,1
20586,1
20587,1
20588,0
20589,1
20590,0
20591,1
20592,0
20593,1
20594,0
20595,0
20596,1
20597,0
20598,1
20599,0
20600,2
20601,0
20602,1
20603,2
20604,0
20605,0
20606,2
20607,0
20608,2
20609,0
20610,2
20611,0
20612,2
20613,2
20614,2
20615,1
20616,0
20617,1
20618,0
20619,1
20620,0
20621,1
20622,0
20623,0
20624,1
20625,0
20626,1
20627,0
20628,2
20629,0
20630,1
20631,2
20632,0
20633,0
20634,2
20635,0
20636,1
20637,0
20638,1
20639,0
20640,1
20641,1
20642,1
20643,0
20644,0
20645,1
20646,0
20647,1
20648,0
20649,1
20650,1
20651,1
20652,1
20653,0
20654,1
20655,0
20656,1
20657,0
20658,1
20659,0
20660,0
20661,1
20662,0
20663,1
20664,0
20665,2
20666,0
20667,1
20668,2
20669,0
20670,0
20671,2
20672,0
20673,2
20674,0
20675,2
20676,0
20677,2
20678,2
20679,2
20680,1
20681,0
20682,1
20683,0
20684,1
20685,0
20686,1
20687,0
20688,0
20689,1
20690,0
20691,1
20692,0
20693,2
20694,0
20695,1
20696,2
20697,0
20698,0
20699,2
20700,0
20701,1
20702,0
20703,1
20704,0
20705,1
20706,1
20707,1
20708,0
20709,0
20710,1
20711,0
20712,1
20713,0
20714,1
20715,1
20716,1
20717,1
20718,0
20719,1
20720,0
20721,1
20722,0
20723,1
20724,0
20725,0
20726,1
20727,0
20728,1
20729,0
20730,2
20731,0
20732,1
20733,2
20734,0
20735,0
20736,2
20737,0
20738,2
20739,0
20740,2
20741,1
20742,3
20743,4
20744,2
20745,2
20746,1
20747,1
20748,0
20749,1
20750,0
20751,1
20752,0
20753,0
20754,1
20755,0
20756,1
20757,0
20758,0
20759,1
20760,0
20761,1
20762,0
20763,1
20764,0
20765,0
20766,1
20767,0
20768,2
20769,0
20770,1
20771,2
20772,0
20773,0
20774,2
20775,0
20776,1
20777,0
20778,1
20779,1
20780,0
20781,1
20782,0
20783,1
20784,0
20785,1
20786,1
20787,1
20788,2
20789,1
20790,1
20791,0
20792,1
20793,1
20794,1
20795,0
20796,0
20797,1
20798,0
20799,1
20800,1
20801,2
20802,2
20803,1
20804,2
20805,0
20806,1
20807,0
20808,1
20809,0
20810,1
20811,0
20812,0
20813,1
20814,0
20815,1
20816,0
20817,0
20818,1
20819,0
20820,1
20821,0
20822,1
20823,0
20824,0
20825,1
20826,0
20827,2
20828,0
20829,1
20830,2
20831,0
20832,0
20833,1
20834,0
20835,1
20836,0
20837,1
20838,1
20839,0
20840,2
20841,0
20842,1
20843,0
20844,1
20845,1
20846,1
20847,2
20848,1
20849,1
20850,0
20851,2
20852,2
20853,3
20854,2
20855,2
20856,2
20857,0
20858,1
20859,0
20860,1
20861,0
20862,1
20863,0
20864,0
20865,1
20866,0
20867,1
20868,0
20869,0
20870,1
20871,0
20872,1
20873,0
20874,1
20875,0
20876,0
20877,1
20878,0
20879,2
20880,0
20881,1
20882,2
20883,0
20884,0
20885,2
20886,0
20887,1
20888,0
20889,1
20890,1
20891,0
20892,1
20893,0
20894,1
20895,0
20896,1
20897,1
20898,1
20899,2
20900,1
20901,1
20902,0
20903,1
20904,1
20905,1
20906,0
20907,0
20908,1
20909,0
20910,1
20911,1
20912,2
20913,2
20914,1
20915,2
20916,0
20917,1
20918,0
20919,1
20920,0
20921,1
20922,0
20923,0
20924,1
20925,0
20926,1
20927,0
20928,0
20929,1
20930,0
20931,1
20932,0
20933,1
20934,0
20935,0
20936,1
20937,0
20938,2
20939,0
20940,1
20941,2
20942,0
20943,0
20944,1
20945,0
20946,1
20947,0
20948,1
20949,1
20950,1
20951,2
20952,0
20953,1
20954,0
20955,1
20956,1
20957,1
20958,2
20959,1
20960,1
20961,0
20962,2
20963,1
20964,2
20965,1
20966,1
20967,1
20968,0
20969,1
20970,0
20971,1
20972,0
20973,1
20974,0
20975,0
20976,1
20977,0
20978,1
20979,0
20980,2
20981,0
20982,1
20983,2
20984,0
20985,0
20986,2
20987,0
20988,1
20989,0
20990,1
20991,0
20992,1
20993,1
20994,1
20995,0
20996,0
20997,1
20998,0
20999,1
21000,0
21001,1
21002,1
21003,1
21004,1
21005,0
21006,1
21007,0
21008,1
21009,0
21010,1
21011,0
21012,0
21013,1
21014,0
21015,1
21016,0
21017,2
21018,0
21019,1
21020,2
21021,0
21022,0
21023,2
21024,0
21025,2
21026,0
21027,2
21028,0
21029,2
21030,3
21031,2
21032,1
21033,1
21034,1
21035,0
21036,1
21037,0
21038,1
21039,0
21040,0
21041,1
21042,0
21043,1
21044,0
21045,2
21046,0
21047,1
21048,2
21049,0
21050,0
21051,2
21052,0
21053,1
21054,0
21055,1
21056,0
21057,1
21058,1
21059,1
21060,0
21061,0
21062,1
21063,0
21064,1
21065,0
21066,1
21067,1
21068,1
21069,1
21070,0
21071,1
21072,0
21073,1
21074,0
21075,1
21076,0
21077,0
21078,1
21079,0
21080,1
21081,0
21082,2
21083,0
21084,1
21085,2
21086,0
21087,0
21088,2
21089,0
21090,2
21091,0
21092,2
21093,0
21094,2
21095,3
21096,2
21097,1
21098,1
21099,1
21100,0
21101,1
21102,0
21103,1
21104,0
21105,0
21106,1
21107,0
21108,1
21109,0
21110,2
21111,0
21112,1
21113,2
21114,0
21115,0
21116,2
21117,0
21118,1
21119,0
21120,1
21121,0
21122,1
21123,1
21124,1
21125,0
21126,0
21127,1
21128,0
21129,1
21130,0
21131,1
21132,1
21133,1
21134,1
21135,0
21136,1
21137,0
21138,1
21139,0
21140,1
21141,0
21142,0
21143,1
21144,0
21145,1
21146,0
21147,2
21148,0
21149,1
21150,2
21151,0
21152,0
21153,2
21154,0
21155,2
21156,0
21157,2
21158,0
21159,2
21160,2
21161,1
21162,1
21163,1
21164,2
21165,0
21166,1
21167,2
21168,0
21169,0
21170,2
21171,0
21172,1
21173,0
21174,1
21175,0
21176,1
21177,0
21178,0
21179,1
21180,0
21181,2
21182,0
21183,1
21184,2
21185,0
21186,0
21187,1
21188,1
21189,1
21190,0
21191,1
21192,0
21193,1
21194,0
21195,0
21196,1
21197,0
21198,2
21199,0
21200,1
21201,2
21202,0
21203,0
21204,2
21205,0
21206,1
21207,0
21208,1
21209,0
21210,1
21211,0
21212,1
21213,1
21214,0
21215,2
21216,0
21217,1
21218,2
21219,0
21220,0
21221,1
21222,0
21223,1
21224,0
21225,1
21226,0
21227,1
21228,0
21229,0
21230,1
21231,0
21232,2
21233,0
21234,1
21235,2
21236,0
21237,0
21238,2
21239,0
21240,1
21241,0
21242,1
21243,0
21244,1
21245,0
21246,1
21247,1
21248,0
21249,2
21250,0
21251,1
21252,2
21253,0
21254,0
21255,1
21256,0
21257,1
21258,0
21259,1
21260,0
21261,1
21262,0
21263,0
21264,1
21265,0
21266,2
21267,0
21268,1
21269,2
21270,0
21271,0
21272,2
21273,0
21274,1
21275,0
21276,1
21277,0
21278,1
21279,0
21280,1
21281,1
21282,0
21283,2
21284,0
21285,1
21286,2
21287,0
21288,0
21289,1
21290,0
21291,1
21292,0
21293,1
21294,0
21295,1
21296,0
21297,0
21298,1
21299,0
21300,2
21301,0
21302,1
21303,2
21304,0
21305,0
21306,2
21307,0
21308,1
21309,0
21310,1
21311,0
21312,1
21313,0
21314,1
21315,1
21316,0
21317,2
21318,0
21319,1
21320,2
21321,0
21322,0
21323,1
21324,0
21325,1
21326,0
21327,1
21328,0
21329,1
21330,0
21331,0
21332,1
21333,0
21334,2
21335,0
21336,1
21337,2
21338,0
21339,0
21340,2
21341,0
21342,1
21343,0
21344,1
21345,0
21346,1
21347,0
21348,1
21349,1
21350,0
21351,2
21352,0
21353,1
21354,2
21355,0
21356,0
21357,1
21358,0
21359,1
21360,0
21361,1
21362,0
21363,1
21364,0
21365,0
21366,1
21367,0
21368,2
21369,0
21370,1
21371,2
21372,0
21373,0
21374,2
21375,0
21376,1
21377,0
21378,1
21379,0
21380,1
21381,0
21382,1
21383,1
21384,0
21385,2
21386,0
21387,1
21388,2
21389,0
21390,1
21391,0
21392,0
21393,0
21394,1
21395,0
21396,2
21397,0
21398,1
21399,2
21400,0
21401,0
21402,1
21403,0
21404,2
21405,0
21406,1
21407,2
21408,0
21409,0
21410,1
21411,0
21412,2
21413,0
21414,1
21415,2
21416,0
21417,1
21418,1
21419,0
21420,2
21421,0
21422,1
21423,2
21424,0
21425,0
21426,1
21427,0
21428,2
21429,0
21430,1
21431,2
21432,0
21433,1
21434,1
21435,0
21436,2
21437,0
21438,1
21439,2
21440,0
21441,0
21442,1
21443,0
21444,2
21445,0
21446,1
21447,2
21448,0
21449,1
21450,2
21451,0
21452,2
21453,0
21454,1
21455,2
21456,0
21457,0
21458,1
21459,0
21460,2
21461,0
21462,1
21463,2
21464,0
21465,0
21466,1
21467,0
21468,2
21469,0
21470,1
21471,2
21472,0
21473,1
21474,1
21475,1
21476,0
21477,2
21478,0
21479,1
21480,2
21481,0
21482,1
21483,1
21484,1
21485,0
21486,2
21487,0
21488,1
21489,2
21490,0
21491,1
21492,1
21493,0
21494,1
21495,0
21496,2
21497,0
21498,1
21499,2
21500,0
21501,1
21502,2
21503,0
21504,2
21505,0
21506,1
21507,2
21508,0
21509,1
21510,2
21511,0
21512,2
21513,0
21514,1
21515,2
21516,0
21517,1
21518,1
21519,0
21520,1
21521,0
21522,2
21523,0
21524,1
21525,2
21526,0
21527,1
21528,2
21529,0
21530,2
21531,0
21532,1
21533,2
21534,0
21535,1
21536,2
21537,0
21538,2
21539,0
21540,1
21541,2
21542,0
21543,1
21544,2
21545,0
21546,2
21547,0
21548,1
21549,2
21550,0
21551,1
21552,2
21553,0
21554,2
21555,0
21556,1
21557,2
21558,0
21559,1
21560,2
21561,0
21562,2
21563,0
21564,1
21565,2
21566,0
21567,1
21568,2
21569,0
21570,2
21571,0
21572,1
21573,2
21574,0
21575,1
21576,2
21577,0
21578,2
21579,0
21580,1
21581,2
21582,0
21583,0
21584,1
21585,0
21586,2
21587,0
21588,1
21589,2
21590,0
21591,0
21592,1
21593,0
21594,2
21595,0
21596,1
21597,2
21598,0
21599,0
21600,1
21601,0
21602,2
21603,0
21604,1
21605,2
21606,0
21607,0
21608,1
21609,0
21610,2
21611,0
21612,1
21613,2
21614,0
21615,0
21616,1
21617,0
21618,2
21619,0
21620,1
21621,2
21622,0
21623,0
21624,1
21625,0
21626,2
21627,0
21628,1
21629,2
21630,0
21631,0
21632,1
21633,0
21634,2
21635,0
21636,1
21637,2
21638,0
21639,0
21640,1
21641,0
21642,2
21643,0
21644,1
21645,2
21646,0
21647,0
21648,1
21649,0
21650,2
21651,0
21652,1
21653,2
21654,0
21655,0
21656,1
21657,0
21658,2
21659,0
21660,1
21661,2
21662,0
21663,0
21664,1
21665,0
21666,2
21667,0
21668,1
21669,2
21670,0
21671,0
21672,1
21673,0
21674,2
21675,0
21676,1
21677,2
21678,0
21679,0
21680,1
21681,0
21682,2
21683,0
21684,1
21685,2
21686,0
21687,0
21688,1
21689,0
21690,2
21691,0
21692,1
21693,2
21694,0
21695,0
21696,1
21697,0
21698,2
21699,0
21700,1
21701,2
21702,0
