family,seed,policy,capacity_limit_mode,C,B,compressibility,compressibility_slack_ratio,compressibility_mean_t_slack,T_static,T_exe,normalized_makespan,QTV_proxy,Delta_max,Gamma
high_compressibility,1,capacity_aware_static,C,1,0,0.5665024630541872,1.0,3.9655172413793105,29,29.0,1.0,331.0,0,0
high_compressibility,1,capacity_aware_static,C,1,1,0.5665024630541872,1.0,3.9655172413793105,29,29.0,1.0,331.0,0,0
high_compressibility,1,capacity_aware_static,C,1,2,0.5665024630541872,1.0,3.9655172413793105,29,29.0,1.0,331.0,0,0
high_compressibility,1,capacity_aware_static,C,1,3,0.5665024630541872,1.0,3.9655172413793105,29,29.0,1.0,331.0,0,0
high_compressibility,1,capacity_aware_static,C,1,4,0.5665024630541872,1.0,3.9655172413793105,29,29.0,1.0,331.0,0,0
high_compressibility,1,capacity_aware_static,C,1,5,0.5665024630541872,1.0,3.9655172413793105,29,29.0,1.0,331.0,0,0
high_compressibility,1,capacity_aware_static,C,1,6,0.5665024630541872,1.0,3.9655172413793105,29,29.0,1.0,331.0,0,0
high_compressibility,1,capacity_aware_static,C,1,7,0.5665024630541872,1.0,3.9655172413793105,29,29.0,1.0,331.0,0,0
high_compressibility,1,capacity_aware_static,C,1,8,0.5665024630541872,1.0,3.9655172413793105,29,29.0,1.0,331.0,0,0
high_compressibility,1,capacity_aware_static,C,1,9,0.5665024630541872,1.0,3.9655172413793105,29,29.0,1.0,331.0,0,0
high_compressibility,1,capacity_aware_static,C,1,10,0.5665024630541872,1.0,3.9655172413793105,29,29.0,1.0,331.0,0,0
high_compressibility,1,capacity_aware_static,C,1,11,0.5665024630541872,1.0,3.9655172413793105,29,29.0,1.0,331.0,0,0
high_compressibility,1,capacity_aware_static,C,1,12,0.5665024630541872,1.0,3.9655172413793105,29,29.0,1.0,331.0,0,0
high_compressibility,1,capacity_aware_static,C,1,13,0.5665024630541872,1.0,3.9655172413793105,29,29.0,1.0,331.0,0,0
high_compressibility,1,capacity_aware_static,C,1,14,0.5665024630541872,1.0,3.9655172413793105,29,29.0,1.0,331.0,0,0
high_compressibility,1,capacity_aware_static,C,1,15,0.5665024630541872,1.0,3.9655172413793105,29,29.0,1.0,331.0,0,0
high_compressibility,1,capacity_aware_static,C,2,0,0.5665024630541872,1.0,3.9655172413793105,15,15.0,1.0,192.0,0,0
high_compressibility,1,capacity_aware_static,C,2,1,0.5665024630541872,1.0,3.9655172413793105,15,15.0,1.0,192.0,0,0
high_compressibility,1,capacity_aware_static,C,2,2,0.5665024630541872,1.0,3.9655172413793105,15,15.0,1.0,192.0,0,0
high_compressibility,1,capacity_aware_static,C,2,3,0.5665024630541872,1.0,3.9655172413793105,15,15.0,1.0,192.0,0,0
high_compressibility,1,capacity_aware_static,C,2,4,0.5665024630541872,1.0,3.9655172413793105,15,15.0,1.0,192.0,0,0
high_compressibility,1,capacity_aware_static,C,2,5,0.5665024630541872,1.0,3.9655172413793105,15,15.0,1.0,192.0,0,0
high_compressibility,1,capacity_aware_static,C,2,6,0.5665024630541872,1.0,3.9655172413793105,15,15.0,1.0,192.0,0,0
high_compressibility,1,capacity_aware_static,C,2,7,0.5665024630541872,1.0,3.9655172413793105,15,15.0,1.0,192.0,0,0
high_compressibility,1,capacity_aware_static,C,2,8,0.5665024630541872,1.0,3.9655172413793105,15,15.0,1.0,192.0,0,0
high_compressibility,1,capacity_aware_static,C,2,9,0.5665024630541872,1.0,3.9655172413793105,15,15.0,1.0,192.0,0,0
high_compressibility,1,capacity_aware_static,C,2,10,0.5665024630541872,1.0,3.9655172413793105,15,15.0,1.0,192.0,0,0
high_compressibility,1,capacity_aware_static,C,2,11,0.5665024630541872,1.0,3.9655172413793105,15,15.0,1.0,192.0,0,0
high_compressibility,1,capacity_aware_static,C,2,12,0.5665024630541872,1.0,3.9655172413793105,15,15.0,1.0,192.0,0,0
high_compressibility,1,capacity_aware_static,C,2,13,0.5665024630541872,1.0,3.9655172413793105,15,15.0,1.0,192.0,0,0
high_compressibility,1,capacity_aware_static,C,2,14,0.5665024630541872,1.0,3.9655172413793105,15,15.0,1.0,192.0,0,0
high_compressibility,1,capacity_aware_static,C,2,15,0.5665024630541872,1.0,3.9655172413793105,15,15.0,1.0,192.0,0,0
high_compressibility,1,capacity_aware_static,C,3,0,0.5665024630541872,1.0,3.9655172413793105,10,10.0,1.0,147.0,0,0
high_compressibility,1,capacity_aware_static,C,3,1,0.5665024630541872,1.0,3.9655172413793105,10,10.0,1.0,147.0,0,0
high_compressibility,1,capacity_aware_static,C,3,2,0.5665024630541872,1.0,3.9655172413793105,10,10.0,1.0,147.0,0,0
high_compressibility,1,capacity_aware_static,C,3,3,0.5665024630541872,1.0,3.9655172413793105,10,10.0,1.0,147.0,0,0
high_compressibility,1,capacity_aware_static,C,3,4,0.5665024630541872,1.0,3.9655172413793105,10,10.0,1.0,147.0,0,0
high_compressibility,1,capacity_aware_static,C,3,5,0.5665024630541872,1.0,3.9655172413793105,10,10.0,1.0,147.0,0,0
high_compressibility,1,capacity_aware_static,C,3,6,0.5665024630541872,1.0,3.9655172413793105,10,10.0,1.0,147.0,0,0
high_compressibility,1,capacity_aware_static,C,3,7,0.5665024630541872,1.0,3.9655172413793105,10,10.0,1.0,147.0,0,0
high_compressibility,1,capacity_aware_static,C,3,8,0.5665024630541872,1.0,3.9655172413793105,10,10.0,1.0,147.0,0,0
high_compressibility,1,capacity_aware_static,C,3,9,0.5665024630541872,1.0,3.9655172413793105,10,10.0,1.0,147.0,0,0
high_compressibility,1,capacity_aware_static,C,3,10,0.5665024630541872,1.0,3.9655172413793105,10,10.0,1.0,147.0,0,0
high_compressibility,1,capacity_aware_static,C,3,11,0.5665024630541872,1.0,3.9655172413793105,10,10.0,1.0,147.0,0,0
high_compressibility,1,capacity_aware_static,C,3,12,0.5665024630541872,1.0,3.9655172413793105,10,10.0,1.0,147.0,0,0
high_compressibility,1,capacity_aware_static,C,3,13,0.5665024630541872,1.0,3.9655172413793105,10,10.0,1.0,147.0,0,0
high_compressibility,1,capacity_aware_static,C,3,14,0.5665024630541872,1.0,3.9655172413793105,10,10.0,1.0,147.0,0,0
high_compressibility,1,capacity_aware_static,C,3,15,0.5665024630541872,1.0,3.9655172413793105,10,10.0,1.0,147.0,0,0
high_compressibility,1,capacity_aware_static,C,4,0,0.5665024630541872,1.0,3.9655172413793105,8,8.0,1.0,124.0,0,0
high_compressibility,1,capacity_aware_static,C,4,1,0.5665024630541872,1.0,3.9655172413793105,8,8.0,1.0,124.0,0,0
high_compressibility,1,capacity_aware_static,C,4,2,0.5665024630541872,1.0,3.9655172413793105,8,8.0,1.0,124.0,0,0
high_compressibility,1,capacity_aware_static,C,4,3,0.5665024630541872,1.0,3.9655172413793105,8,8.0,1.0,124.0,0,0
high_compressibility,1,capacity_aware_static,C,4,4,0.5665024630541872,1.0,3.9655172413793105,8,8.0,1.0,124.0,0,0
high_compressibility,1,capacity_aware_static,C,4,5,0.5665024630541872,1.0,3.9655172413793105,8,8.0,1.0,124.0,0,0
high_compressibility,1,capacity_aware_static,C,4,6,0.5665024630541872,1.0,3.9655172413793105,8,8.0,1.0,124.0,0,0
high_compressibility,1,capacity_aware_static,C,4,7,0.5665024630541872,1.0,3.9655172413793105,8,8.0,1.0,124.0,0,0
high_compressibility,1,capacity_aware_static,C,4,8,0.5665024630541872,1.0,3.9655172413793105,8,8.0,1.0,124.0,0,0
high_compressibility,1,capacity_aware_static,C,4,9,0.5665024630541872,1.0,3.9655172413793105,8,8.0,1.0,124.0,0,0
high_compressibility,1,capacity_aware_static,C,4,10,0.5665024630541872,1.0,3.9655172413793105,8,8.0,1.0,124.0,0,0
high_compressibility,1,capacity_aware_static,C,4,11,0.5665024630541872,1.0,3.9655172413793105,8,8.0,1.0,124.0,0,0
high_compressibility,1,capacity_aware_static,C,4,12,0.5665024630541872,1.0,3.9655172413793105,8,8.0,1.0,124.0,0,0
high_compressibility,1,capacity_aware_static,C,4,13,0.5665024630541872,1.0,3.9655172413793105,8,8.0,1.0,124.0,0,0
high_compressibility,1,capacity_aware_static,C,4,14,0.5665024630541872,1.0,3.9655172413793105,8,8.0,1.0,124.0,0,0
high_compressibility,1,capacity_aware_static,C,4,15,0.5665024630541872,1.0,3.9655172413793105,8,8.0,1.0,124.0,0,0
high_compressibility,1,capacity_aware_static,C,5,0,0.5665024630541872,1.0,3.9655172413793105,8,8.0,1.0,110.0,0,0
high_compressibility,1,capacity_aware_static,C,5,1,0.5665024630541872,1.0,3.9655172413793105,8,8.0,1.0,110.0,0,0
high_compressibility,1,capacity_aware_static,C,5,2,0.5665024630541872,1.0,3.9655172413793105,8,8.0,1.0,110.0,0,0
high_compressibility,1,capacity_aware_static,C,5,3,0.5665024630541872,1.0,3.9655172413793105,8,8.0,1.0,110.0,0,0
high_compressibility,1,capacity_aware_static,C,5,4,0.5665024630541872,1.0,3.9655172413793105,8,8.0,1.0,110.0,0,0
high_compressibility,1,capacity_aware_static,C,5,5,0.5665024630541872,1.0,3.9655172413793105,8,8.0,1.0,110.0,0,0
high_compressibility,1,capacity_aware_static,C,5,6,0.5665024630541872,1.0,3.9655172413793105,8,8.0,1.0,110.0,0,0
high_compressibility,1,capacity_aware_static,C,5,7,0.5665024630541872,1.0,3.9655172413793105,8,8.0,1.0,110.0,0,0
high_compressibility,1,capacity_aware_static,C,5,8,0.5665024630541872,1.0,3.9655172413793105,8,8.0,1.0,110.0,0,0
high_compressibility,1,capacity_aware_static,C,5,9,0.5665024630541872,1.0,3.9655172413793105,8,8.0,1.0,110.0,0,0
high_compressibility,1,capacity_aware_static,C,5,10,0.5665024630541872,1.0,3.9655172413793105,8,8.0,1.0,110.0,0,0
high_compressibility,1,capacity_aware_static,C,5,11,0.5665024630541872,1.0,3.9655172413793105,8,8.0,1.0,110.0,0,0
high_compressibility,1,capacity_aware_static,C,5,12,0.5665024630541872,1.0,3.9655172413793105,8,8.0,1.0,110.0,0,0
high_compressibility,1,capacity_aware_static,C,5,13,0.5665024630541872,1.0,3.9655172413793105,8,8.0,1.0,110.0,0,0
high_compressibility,1,capacity_aware_static,C,5,14,0.5665024630541872,1.0,3.9655172413793105,8,8.0,1.0,110.0,0,0
high_compressibility,1,capacity_aware_static,C,5,15,0.5665024630541872,1.0,3.9655172413793105,8,8.0,1.0,110.0,0,0
high_compressibility,1,capacity_aware_static,C,6,0,0.5665024630541872,1.0,3.9655172413793105,8,8.0,1.0,108.0,0,0
high_compressibility,1,capacity_aware_static,C,6,1,0.5665024630541872,1.0,3.9655172413793105,8,8.0,1.0,108.0,0,0
high_compressibility,1,capacity_aware_static,C,6,2,0.5665024630541872,1.0,3.9655172413793105,8,8.0,1.0,108.0,0,0
high_compressibility,1,capacity_aware_static,C,6,3,0.5665024630541872,1.0,3.9655172413793105,8,8.0,1.0,108.0,0,0
high_compressibility,1,capacity_aware_static,C,6,4,0.5665024630541872,1.0,3.9655172413793105,8,8.0,1.0,108.0,0,0
high_compressibility,1,capacity_aware_static,C,6,5,0.5665024630541872,1.0,3.9655172413793105,8,8.0,1.0,108.0,0,0
high_compressibility,1,capacity_aware_static,C,6,6,0.5665024630541872,1.0,3.9655172413793105,8,8.0,1.0,108.0,0,0
high_compressibility,1,capacity_aware_static,C,6,7,0.5665024630541872,1.0,3.9655172413793105,8,8.0,1.0,108.0,0,0
high_compressibility,1,capacity_aware_static,C,6,8,0.5665024630541872,1.0,3.9655172413793105,8,8.0,1.0,108.0,0,0
high_compressibility,1,capacity_aware_static,C,6,9,0.5665024630541872,1.0,3.9655172413793105,8,8.0,1.0,108.0,0,0
high_compressibility,1,capacity_aware_static,C,6,10,0.5665024630541872,1.0,3.9655172413793105,8,8.0,1.0,108.0,0,0
high_compressibility,1,capacity_aware_static,C,6,11,0.5665024630541872,1.0,3.9655172413793105,8,8.0,1.0,108.0,0,0
high_compressibility,1,capacity_aware_static,C,6,12,0.5665024630541872,1.0,3.9655172413793105,8,8.0,1.0,108.0,0,0
high_compressibility,1,capacity_aware_static,C,6,13,0.5665024630541872,1.0,3.9655172413793105,8,8.0,1.0,108.0,0,0
high_compressibility,1,capacity_aware_static,C,6,14,0.5665024630541872,1.0,3.9655172413793105,8,8.0,1.0,108.0,0,0
high_compressibility,1,capacity_aware_static,C,6,15,0.5665024630541872,1.0,3.9655172413793105,8,8.0,1.0,108.0,0,0
high_compressibility,1,capacity_aware_static,C,7,0,0.5665024630541872,1.0,3.9655172413793105,8,8.0,1.0,108.0,0,0
high_compressibility,1,capacity_aware_static,C,7,1,0.5665024630541872,1.0,3.9655172413793105,8,8.0,1.0,108.0,0,0
high_compressibility,1,capacity_aware_static,C,7,2,0.5665024630541872,1.0,3.9655172413793105,8,8.0,1.0,108.0,0,0
high_compressibility,1,capacity_aware_static,C,7,3,0.5665024630541872,1.0,3.9655172413793105,8,8.0,1.0,108.0,0,0
high_compressibility,1,capacity_aware_static,C,7,4,0.5665024630541872,1.0,3.9655172413793105,8,8.0,1.0,108.0,0,0
high_compressibility,1,capacity_aware_static,C,7,5,0.5665024630541872,1.0,3.9655172413793105,8,8.0,1.0,108.0,0,0
high_compressibility,1,capacity_aware_static,C,7,6,0.5665024630541872,1.0,3.9655172413793105,8,8.0,1.0,108.0,0,0
high_compressibility,1,capacity_aware_static,C,7,7,0.5665024630541872,1.0,3.9655172413793105,8,8.0,1.0,108.0,0,0
high_compressibility,1,capacity_aware_static,C,7,8,0.5665024630541872,1.0,3.9655172413793105,8,8.0,1.0,108.0,0,0
high_compressibility,1,capacity_aware_static,C,7,9,0.5665024630541872,1.0,3.9655172413793105,8,8.0,1.0,108.0,0,0
high_compressibility,1,capacity_aware_static,C,7,10,0.5665024630541872,1.0,3.9655172413793105,8,8.0,1.0,108.0,0,0
high_compressibility,1,capacity_aware_static,C,7,11,0.5665024630541872,1.0,3.9655172413793105,8,8.0,1.0,108.0,0,0
high_compressibility,1,capacity_aware_static,C,7,12,0.5665024630541872,1.0,3.9655172413793105,8,8.0,1.0,108.0,0,0
high_compressibility,1,capacity_aware_static,C,7,13,0.5665024630541872,1.0,3.9655172413793105,8,8.0,1.0,108.0,0,0
high_compressibility,1,capacity_aware_static,C,7,14,0.5665024630541872,1.0,3.9655172413793105,8,8.0,1.0,108.0,0,0
high_compressibility,1,capacity_aware_static,C,7,15,0.5665024630541872,1.0,3.9655172413793105,8,8.0,1.0,108.0,0,0
high_compressibility,1,smoothed,none,1,2,0.5665024630541872,1.0,3.9655172413793105,10,29.0,2.9,461.0,19,19
high_compressibility,1,smoothed,none,1,3,0.5665024630541872,1.0,3.9655172413793105,10,29.0,2.9,461.0,19,19
high_compressibility,1,smoothed,none,1,4,0.5665024630541872,1.0,3.9655172413793105,10,29.0,2.9,461.0,19,19
high_compressibility,1,smoothed,none,1,5,0.5665024630541872,1.0,3.9655172413793105,10,29.0,2.9,461.0,19,19
high_compressibility,1,smoothed,none,1,6,0.5665024630541872,1.0,3.9655172413793105,10,29.0,2.9,461.0,19,19
high_compressibility,1,smoothed,none,1,7,0.5665024630541872,1.0,3.9655172413793105,10,29.0,2.9,461.0,19,19
high_compressibility,1,smoothed,none,1,8,0.5665024630541872,1.0,3.9655172413793105,10,29.0,2.9,461.0,19,19
high_compressibility,1,smoothed,none,1,9,0.5665024630541872,1.0,3.9655172413793105,10,29.0,2.9,461.0,19,19
high_compressibility,1,smoothed,none,1,10,0.5665024630541872,1.0,3.9655172413793105,10,29.0,2.9,461.0,19,19
high_compressibility,1,smoothed,none,1,11,0.5665024630541872,1.0,3.9655172413793105,10,29.0,2.9,461.0,19,19
high_compressibility,1,smoothed,none,1,12,0.5665024630541872,1.0,3.9655172413793105,10,29.0,2.9,461.0,19,19
high_compressibility,1,smoothed,none,1,13,0.5665024630541872,1.0,3.9655172413793105,10,29.0,2.9,461.0,19,19
high_compressibility,1,smoothed,none,1,14,0.5665024630541872,1.0,3.9655172413793105,10,29.0,2.9,461.0,19,19
high_compressibility,1,smoothed,none,1,15,0.5665024630541872,1.0,3.9655172413793105,10,29.0,2.9,461.0,19,19
high_compressibility,1,smoothed,none,2,1,0.5665024630541872,1.0,3.9655172413793105,10,19.0,1.9,306.0,9,9
high_compressibility,1,smoothed,none,2,2,0.5665024630541872,1.0,3.9655172413793105,10,15.0,1.5,230.0,9,9
high_compressibility,1,smoothed,none,2,3,0.5665024630541872,1.0,3.9655172413793105,10,15.0,1.5,230.0,9,9
high_compressibility,1,smoothed,none,2,4,0.5665024630541872,1.0,3.9655172413793105,10,15.0,1.5,230.0,9,9
high_compressibility,1,smoothed,none,2,5,0.5665024630541872,1.0,3.9655172413793105,10,15.0,1.5,230.0,9,9
high_compressibility,1,smoothed,none,2,6,0.5665024630541872,1.0,3.9655172413793105,10,15.0,1.5,230.0,9,9
high_compressibility,1,smoothed,none,2,7,0.5665024630541872,1.0,3.9655172413793105,10,15.0,1.5,230.0,9,9
high_compressibility,1,smoothed,none,2,8,0.5665024630541872,1.0,3.9655172413793105,10,15.0,1.5,230.0,9,9
high_compressibility,1,smoothed,none,2,9,0.5665024630541872,1.0,3.9655172413793105,10,15.0,1.5,230.0,9,9
high_compressibility,1,smoothed,none,2,10,0.5665024630541872,1.0,3.9655172413793105,10,15.0,1.5,230.0,9,9
high_compressibility,1,smoothed,none,2,11,0.5665024630541872,1.0,3.9655172413793105,10,15.0,1.5,230.0,9,9
high_compressibility,1,smoothed,none,2,12,0.5665024630541872,1.0,3.9655172413793105,10,15.0,1.5,230.0,9,9
high_compressibility,1,smoothed,none,2,13,0.5665024630541872,1.0,3.9655172413793105,10,15.0,1.5,230.0,9,9
high_compressibility,1,smoothed,none,2,14,0.5665024630541872,1.0,3.9655172413793105,10,15.0,1.5,230.0,9,9
high_compressibility,1,smoothed,none,2,15,0.5665024630541872,1.0,3.9655172413793105,10,15.0,1.5,230.0,9,9
high_compressibility,1,smoothed,none,3,0,0.5665024630541872,1.0,3.9655172413793105,10,10.0,1.0,155.0,0,0
high_compressibility,1,smoothed,none,3,1,0.5665024630541872,1.0,3.9655172413793105,10,10.0,1.0,155.0,0,0
high_compressibility,1,smoothed,none,3,2,0.5665024630541872,1.0,3.9655172413793105,10,10.0,1.0,155.0,0,0
high_compressibility,1,smoothed,none,3,3,0.5665024630541872,1.0,3.9655172413793105,10,10.0,1.0,155.0,0,0
high_compressibility,1,smoothed,none,3,4,0.5665024630541872,1.0,3.9655172413793105,10,10.0,1.0,155.0,0,0
high_compressibility,1,smoothed,none,3,5,0.5665024630541872,1.0,3.9655172413793105,10,10.0,1.0,155.0,0,0
high_compressibility,1,smoothed,none,3,6,0.5665024630541872,1.0,3.9655172413793105,10,10.0,1.0,155.0,0,0
high_compressibility,1,smoothed,none,3,7,0.5665024630541872,1.0,3.9655172413793105,10,10.0,1.0,155.0,0,0
high_compressibility,1,smoothed,none,3,8,0.5665024630541872,1.0,3.9655172413793105,10,10.0,1.0,155.0,0,0
high_compressibility,1,smoothed,none,3,9,0.5665024630541872,1.0,3.9655172413793105,10,10.0,1.0,155.0,0,0
high_compressibility,1,smoothed,none,3,10,0.5665024630541872,1.0,3.9655172413793105,10,10.0,1.0,155.0,0,0
high_compressibility,1,smoothed,none,3,11,0.5665024630541872,1.0,3.9655172413793105,10,10.0,1.0,155.0,0,0
high_compressibility,1,smoothed,none,3,12,0.5665024630541872,1.0,3.9655172413793105,10,10.0,1.0,155.0,0,0
high_compressibility,1,smoothed,none,3,13,0.5665024630541872,1.0,3.9655172413793105,10,10.0,1.0,155.0,0,0
high_compressibility,1,smoothed,none,3,14,0.5665024630541872,1.0,3.9655172413793105,10,10.0,1.0,155.0,0,0
high_compressibility,1,smoothed,none,3,15,0.5665024630541872,1.0,3.9655172413793105,10,10.0,1.0,155.0,0,0
high_compressibility,1,smoothed,none,4,0,0.5665024630541872,1.0,3.9655172413793105,10,10.0,1.0,155.0,0,0
high_compressibility,1,smoothed,none,4,1,0.5665024630541872,1.0,3.9655172413793105,10,10.0,1.0,155.0,0,0
high_compressibility,1,smoothed,none,4,2,0.5665024630541872,1.0,3.9655172413793105,10,10.0,1.0,155.0,0,0
high_compressibility,1,smoothed,none,4,3,0.5665024630541872,1.0,3.9655172413793105,10,10.0,1.0,155.0,0,0
high_compressibility,1,smoothed,none,4,4,0.5665024630541872,1.0,3.9655172413793105,10,10.0,1.0,155.0,0,0
high_compressibility,1,smoothed,none,4,5,0.5665024630541872,1.0,3.9655172413793105,10,10.0,1.0,155.0,0,0
high_compressibility,1,smoothed,none,4,6,0.5665024630541872,1.0,3.9655172413793105,10,10.0,1.0,155.0,0,0
high_compressibility,1,smoothed,none,4,7,0.5665024630541872,1.0,3.9655172413793105,10,10.0,1.0,155.0,0,0
high_compressibility,1,smoothed,none,4,8,0.5665024630541872,1.0,3.9655172413793105,10,10.0,1.0,155.0,0,0
high_compressibility,1,smoothed,none,4,9,0.5665024630541872,1.0,3.9655172413793105,10,10.0,1.0,155.0,0,0
high_compressibility,1,smoothed,none,4,10,0.5665024630541872,1.0,3.9655172413793105,10,10.0,1.0,155.0,0,0
high_compressibility,1,smoothed,none,4,11,0.5665024630541872,1.0,3.9655172413793105,10,10.0,1.0,155.0,0,0
high_compressibility,1,smoothed,none,4,12,0.5665024630541872,1.0,3.9655172413793105,10,10.0,1.0,155.0,0,0
high_compressibility,1,smoothed,none,4,13,0.5665024630541872,1.0,3.9655172413793105,10,10.0,1.0,155.0,0,0
high_compressibility,1,smoothed,none,4,14,0.5665024630541872,1.0,3.9655172413793105,10,10.0,1.0,155.0,0,0
high_compressibility,1,smoothed,none,4,15,0.5665024630541872,1.0,3.9655172413793105,10,10.0,1.0,155.0,0,0
high_compressibility,1,smoothed,none,5,0,0.5665024630541872,1.0,3.9655172413793105,10,10.0,1.0,155.0,0,0
high_compressibility,1,smoothed,none,5,1,0.5665024630541872,1.0,3.9655172413793105,10,10.0,1.0,155.0,0,0
high_compressibility,1,smoothed,none,5,2,0.5665024630541872,1.0,3.9655172413793105,10,10.0,1.0,155.0,0,0
high_compressibility,1,smoothed,none,5,3,0.5665024630541872,1.0,3.9655172413793105,10,10.0,1.0,155.0,0,0
high_compressibility,1,smoothed,none,5,4,0.5665024630541872,1.0,3.9655172413793105,10,10.0,1.0,155.0,0,0
high_compressibility,1,smoothed,none,5,5,0.5665024630541872,1.0,3.9655172413793105,10,10.0,1.0,155.0,0,0
high_compressibility,1,smoothed,none,5,6,0.5665024630541872,1.0,3.9655172413793105,10,10.0,1.0,155.0,0,0
high_compressibility,1,smoothed,none,5,7,0.5665024630541872,1.0,3.9655172413793105,10,10.0,1.0,155.0,0,0
high_compressibility,1,smoothed,none,5,8,0.5665024630541872,1.0,3.9655172413793105,10,10.0,1.0,155.0,0,0
high_compressibility,1,smoothed,none,5,9,0.5665024630541872,1.0,3.9655172413793105,10,10.0,1.0,155.0,0,0
high_compressibility,1,smoothed,none,5,10,0.5665024630541872,1.0,3.9655172413793105,10,10.0,1.0,155.0,0,0
high_compressibility,1,smoothed,none,5,11,0.5665024630541872,1.0,3.9655172413793105,10,10.0,1.0,155.0,0,0
high_compressibility,1,smoothed,none,5,12,0.5665024630541872,1.0,3.9655172413793105,10,10.0,1.0,155.0,0,0
high_compressibility,1,smoothed,none,5,13,0.5665024630541872,1.0,3.9655172413793105,10,10.0,1.0,155.0,0,0
high_compressibility,1,smoothed,none,5,14,0.5665024630541872,1.0,3.9655172413793105,10,10.0,1.0,155.0,0,0
high_compressibility,1,smoothed,none,5,15,0.5665024630541872,1.0,3.9655172413793105,10,10.0,1.0,155.0,0,0
high_compressibility,1,smoothed,none,6,0,0.5665024630541872,1.0,3.9655172413793105,10,10.0,1.0,155.0,0,0
high_compressibility,1,smoothed,none,6,1,0.5665024630541872,1.0,3.9655172413793105,10,10.0,1.0,155.0,0,0
high_compressibility,1,smoothed,none,6,2,0.5665024630541872,1.0,3.9655172413793105,10,10.0,1.0,155.0,0,0
high_compressibility,1,smoothed,none,6,3,0.5665024630541872,1.0,3.9655172413793105,10,10.0,1.0,155.0,0,0
high_compressibility,1,smoothed,none,6,4,0.5665024630541872,1.0,3.9655172413793105,10,10.0,1.0,155.0,0,0
high_compressibility,1,smoothed,none,6,5,0.5665024630541872,1.0,3.9655172413793105,10,10.0,1.0,155.0,0,0
high_compressibility,1,smoothed,none,6,6,0.5665024630541872,1.0,3.9655172413793105,10,10.0,1.0,155.0,0,0
high_compressibility,1,smoothed,none,6,7,0.5665024630541872,1.0,3.9655172413793105,10,10.0,1.0,155.0,0,0
high_compressibility,1,smoothed,none,6,8,0.5665024630541872,1.0,3.9655172413793105,10,10.0,1.0,155.0,0,0
high_compressibility,1,smoothed,none,6,9,0.5665024630541872,1.0,3.9655172413793105,10,10.0,1.0,155.0,0,0
high_compressibility,1,smoothed,none,6,10,0.5665024630541872,1.0,3.9655172413793105,10,10.0,1.0,155.0,0,0
high_compressibility,1,smoothed,none,6,11,0.5665024630541872,1.0,3.9655172413793105,10,10.0,1.0,155.0,0,0
high_compressibility,1,smoothed,none,6,12,0.5665024630541872,1.0,3.9655172413793105,10,10.0,1.0,155.0,0,0
high_compressibility,1,smoothed,none,6,13,0.5665024630541872,1.0,3.9655172413793105,10,10.0,1.0,155.0,0,0
high_compressibility,1,smoothed,none,6,14,0.5665024630541872,1.0,3.9655172413793105,10,10.0,1.0,155.0,0,0
high_compressibility,1,smoothed,none,6,15,0.5665024630541872,1.0,3.9655172413793105,10,10.0,1.0,155.0,0,0
high_compressibility,1,smoothed,none,7,0,0.5665024630541872,1.0,3.9655172413793105,10,10.0,1.0,155.0,0,0
high_compressibility,1,smoothed,none,7,1,0.5665024630541872,1.0,3.9655172413793105,10,10.0,1.0,155.0,0,0
high_compressibility,1,smoothed,none,7,2,0.5665024630541872,1.0,3.9655172413793105,10,10.0,1.0,155.0,0,0
high_compressibility,1,smoothed,none,7,3,0.5665024630541872,1.0,3.9655172413793105,10,10.0,1.0,155.0,0,0
high_compressibility,1,smoothed,none,7,4,0.5665024630541872,1.0,3.9655172413793105,10,10.0,1.0,155.0,0,0
high_compressibility,1,smoothed,none,7,5,0.5665024630541872,1.0,3.9655172413793105,10,10.0,1.0,155.0,0,0
high_compressibility,1,smoothed,none,7,6,0.5665024630541872,1.0,3.9655172413793105,10,10.0,1.0,155.0,0,0
high_compressibility,1,smoothed,none,7,7,0.5665024630541872,1.0,3.9655172413793105,10,10.0,1.0,155.0,0,0
high_compressibility,1,smoothed,none,7,8,0.5665024630541872,1.0,3.9655172413793105,10,10.0,1.0,155.0,0,0
high_compressibility,1,smoothed,none,7,9,0.5665024630541872,1.0,3.9655172413793105,10,10.0,1.0,155.0,0,0
high_compressibility,1,smoothed,none,7,10,0.5665024630541872,1.0,3.9655172413793105,10,10.0,1.0,155.0,0,0
high_compressibility,1,smoothed,none,7,11,0.5665024630541872,1.0,3.9655172413793105,10,10.0,1.0,155.0,0,0
high_compressibility,1,smoothed,none,7,12,0.5665024630541872,1.0,3.9655172413793105,10,10.0,1.0,155.0,0,0
high_compressibility,1,smoothed,none,7,13,0.5665024630541872,1.0,3.9655172413793105,10,10.0,1.0,155.0,0,0
high_compressibility,1,smoothed,none,7,14,0.5665024630541872,1.0,3.9655172413793105,10,10.0,1.0,155.0,0,0
high_compressibility,1,smoothed,none,7,15,0.5665024630541872,1.0,3.9655172413793105,10,10.0,1.0,155.0,0,0
high_compressibility,1,static_min,none,1,5,0.5665024630541872,1.0,3.9655172413793105,8,31.0,3.875,405.0,23,23
high_compressibility,1,static_min,none,1,6,0.5665024630541872,1.0,3.9655172413793105,8,31.0,3.875,405.0,23,23
high_compressibility,1,static_min,none,1,7,0.5665024630541872,1.0,3.9655172413793105,8,31.0,3.875,405.0,23,23
high_compressibility,1,static_min,none,1,8,0.5665024630541872,1.0,3.9655172413793105,8,31.0,3.875,405.0,23,23
high_compressibility,1,static_min,none,1,9,0.5665024630541872,1.0,3.9655172413793105,8,31.0,3.875,405.0,23,23
high_compressibility,1,static_min,none,1,10,0.5665024630541872,1.0,3.9655172413793105,8,31.0,3.875,405.0,23,23
high_compressibility,1,static_min,none,1,11,0.5665024630541872,1.0,3.9655172413793105,8,31.0,3.875,405.0,23,23
high_compressibility,1,static_min,none,1,12,0.5665024630541872,1.0,3.9655172413793105,8,31.0,3.875,405.0,23,23
high_compressibility,1,static_min,none,1,13,0.5665024630541872,1.0,3.9655172413793105,8,31.0,3.875,405.0,23,23
high_compressibility,1,static_min,none,1,14,0.5665024630541872,1.0,3.9655172413793105,8,31.0,3.875,405.0,23,23
high_compressibility,1,static_min,none,1,15,0.5665024630541872,1.0,3.9655172413793105,8,31.0,3.875,405.0,23,23
high_compressibility,1,static_min,none,2,4,0.5665024630541872,1.0,3.9655172413793105,8,17.0,2.125,224.0,17,17
high_compressibility,1,static_min,none,2,5,0.5665024630541872,1.0,3.9655172413793105,8,17.0,2.125,224.0,17,17
high_compressibility,1,static_min,none,2,6,0.5665024630541872,1.0,3.9655172413793105,8,17.0,2.125,224.0,17,17
high_compressibility,1,static_min,none,2,7,0.5665024630541872,1.0,3.9655172413793105,8,17.0,2.125,224.0,17,17
high_compressibility,1,static_min,none,2,8,0.5665024630541872,1.0,3.9655172413793105,8,17.0,2.125,224.0,17,17
high_compressibility,1,static_min,none,2,9,0.5665024630541872,1.0,3.9655172413793105,8,17.0,2.125,224.0,17,17
high_compressibility,1,static_min,none,2,10,0.5665024630541872,1.0,3.9655172413793105,8,17.0,2.125,224.0,17,17
high_compressibility,1,static_min,none,2,11,0.5665024630541872,1.0,3.9655172413793105,8,17.0,2.125,224.0,17,17
high_compressibility,1,static_min,none,2,12,0.5665024630541872,1.0,3.9655172413793105,8,17.0,2.125,224.0,17,17
high_compressibility,1,static_min,none,2,13,0.5665024630541872,1.0,3.9655172413793105,8,17.0,2.125,224.0,17,17
high_compressibility,1,static_min,none,2,14,0.5665024630541872,1.0,3.9655172413793105,8,17.0,2.125,224.0,17,17
high_compressibility,1,static_min,none,2,15,0.5665024630541872,1.0,3.9655172413793105,8,17.0,2.125,224.0,17,17
high_compressibility,1,static_min,none,3,3,0.5665024630541872,1.0,3.9655172413793105,8,12.0,1.5,159.0,11,11
high_compressibility,1,static_min,none,3,4,0.5665024630541872,1.0,3.9655172413793105,8,12.0,1.5,159.0,11,11
high_compressibility,1,static_min,none,3,5,0.5665024630541872,1.0,3.9655172413793105,8,12.0,1.5,159.0,11,11
high_compressibility,1,static_min,none,3,6,0.5665024630541872,1.0,3.9655172413793105,8,12.0,1.5,159.0,11,11
high_compressibility,1,static_min,none,3,7,0.5665024630541872,1.0,3.9655172413793105,8,12.0,1.5,159.0,11,11
high_compressibility,1,static_min,none,3,8,0.5665024630541872,1.0,3.9655172413793105,8,12.0,1.5,159.0,11,11
high_compressibility,1,static_min,none,3,9,0.5665024630541872,1.0,3.9655172413793105,8,12.0,1.5,159.0,11,11
high_compressibility,1,static_min,none,3,10,0.5665024630541872,1.0,3.9655172413793105,8,12.0,1.5,159.0,11,11
high_compressibility,1,static_min,none,3,11,0.5665024630541872,1.0,3.9655172413793105,8,12.0,1.5,159.0,11,11
high_compressibility,1,static_min,none,3,12,0.5665024630541872,1.0,3.9655172413793105,8,12.0,1.5,159.0,11,11
high_compressibility,1,static_min,none,3,13,0.5665024630541872,1.0,3.9655172413793105,8,12.0,1.5,159.0,11,11
high_compressibility,1,static_min,none,3,14,0.5665024630541872,1.0,3.9655172413793105,8,12.0,1.5,159.0,11,11
high_compressibility,1,static_min,none,3,15,0.5665024630541872,1.0,3.9655172413793105,8,12.0,1.5,159.0,11,11
high_compressibility,1,static_min,none,4,2,0.5665024630541872,1.0,3.9655172413793105,8,12.0,1.5,159.0,7,7
high_compressibility,1,static_min,none,4,3,0.5665024630541872,1.0,3.9655172413793105,8,11.0,1.375,145.0,7,7
high_compressibility,1,static_min,none,4,4,0.5665024630541872,1.0,3.9655172413793105,8,10.0,1.25,131.0,7,7
high_compressibility,1,static_min,none,4,5,0.5665024630541872,1.0,3.9655172413793105,8,10.0,1.25,131.0,7,7
high_compressibility,1,static_min,none,4,6,0.5665024630541872,1.0,3.9655172413793105,8,10.0,1.25,131.0,7,7
high_compressibility,1,static_min,none,4,7,0.5665024630541872,1.0,3.9655172413793105,8,10.0,1.25,131.0,7,7
high_compressibility,1,static_min,none,4,8,0.5665024630541872,1.0,3.9655172413793105,8,10.0,1.25,131.0,7,7
high_compressibility,1,static_min,none,4,9,0.5665024630541872,1.0,3.9655172413793105,8,10.0,1.25,131.0,7,7
high_compressibility,1,static_min,none,4,10,0.5665024630541872,1.0,3.9655172413793105,8,10.0,1.25,131.0,7,7
high_compressibility,1,static_min,none,4,11,0.5665024630541872,1.0,3.9655172413793105,8,10.0,1.25,131.0,7,7
high_compressibility,1,static_min,none,4,12,0.5665024630541872,1.0,3.9655172413793105,8,10.0,1.25,131.0,7,7
high_compressibility,1,static_min,none,4,13,0.5665024630541872,1.0,3.9655172413793105,8,10.0,1.25,131.0,7,7
high_compressibility,1,static_min,none,4,14,0.5665024630541872,1.0,3.9655172413793105,8,10.0,1.25,131.0,7,7
high_compressibility,1,static_min,none,4,15,0.5665024630541872,1.0,3.9655172413793105,8,10.0,1.25,131.0,7,7
high_compressibility,1,static_min,none,5,1,0.5665024630541872,1.0,3.9655172413793105,8,11.0,1.375,145.0,3,3
high_compressibility,1,static_min,none,5,2,0.5665024630541872,1.0,3.9655172413793105,8,10.0,1.25,131.0,3,3
high_compressibility,1,static_min,none,5,3,0.5665024630541872,1.0,3.9655172413793105,8,9.0,1.125,116.0,3,3
high_compressibility,1,static_min,none,5,4,0.5665024630541872,1.0,3.9655172413793105,8,9.0,1.125,116.0,3,3
high_compressibility,1,static_min,none,5,5,0.5665024630541872,1.0,3.9655172413793105,8,9.0,1.125,116.0,3,3
high_compressibility,1,static_min,none,5,6,0.5665024630541872,1.0,3.9655172413793105,8,9.0,1.125,116.0,3,3
high_compressibility,1,static_min,none,5,7,0.5665024630541872,1.0,3.9655172413793105,8,9.0,1.125,116.0,3,3
high_compressibility,1,static_min,none,5,8,0.5665024630541872,1.0,3.9655172413793105,8,9.0,1.125,116.0,3,3
high_compressibility,1,static_min,none,5,9,0.5665024630541872,1.0,3.9655172413793105,8,9.0,1.125,116.0,3,3
high_compressibility,1,static_min,none,5,10,0.5665024630541872,1.0,3.9655172413793105,8,9.0,1.125,116.0,3,3
high_compressibility,1,static_min,none,5,11,0.5665024630541872,1.0,3.9655172413793105,8,9.0,1.125,116.0,3,3
high_compressibility,1,static_min,none,5,12,0.5665024630541872,1.0,3.9655172413793105,8,9.0,1.125,116.0,3,3
high_compressibility,1,static_min,none,5,13,0.5665024630541872,1.0,3.9655172413793105,8,9.0,1.125,116.0,3,3
high_compressibility,1,static_min,none,5,14,0.5665024630541872,1.0,3.9655172413793105,8,9.0,1.125,116.0,3,3
high_compressibility,1,static_min,none,5,15,0.5665024630541872,1.0,3.9655172413793105,8,9.0,1.125,116.0,3,3
high_compressibility,1,static_min,none,6,0,0.5665024630541872,1.0,3.9655172413793105,8,8.0,1.0,108.0,0,0
high_compressibility,1,static_min,none,6,1,0.5665024630541872,1.0,3.9655172413793105,8,8.0,1.0,108.0,0,0
high_compressibility,1,static_min,none,6,2,0.5665024630541872,1.0,3.9655172413793105,8,8.0,1.0,108.0,0,0
high_compressibility,1,static_min,none,6,3,0.5665024630541872,1.0,3.9655172413793105,8,8.0,1.0,108.0,0,0
high_compressibility,1,static_min,none,6,4,0.5665024630541872,1.0,3.9655172413793105,8,8.0,1.0,108.0,0,0
high_compressibility,1,static_min,none,6,5,0.5665024630541872,1.0,3.9655172413793105,8,8.0,1.0,108.0,0,0
high_compressibility,1,static_min,none,6,6,0.5665024630541872,1.0,3.9655172413793105,8,8.0,1.0,108.0,0,0
high_compressibility,1,static_min,none,6,7,0.5665024630541872,1.0,3.9655172413793105,8,8.0,1.0,108.0,0,0
high_compressibility,1,static_min,none,6,8,0.5665024630541872,1.0,3.9655172413793105,8,8.0,1.0,108.0,0,0
high_compressibility,1,static_min,none,6,9,0.5665024630541872,1.0,3.9655172413793105,8,8.0,1.0,108.0,0,0
high_compressibility,1,static_min,none,6,10,0.5665024630541872,1.0,3.9655172413793105,8,8.0,1.0,108.0,0,0
high_compressibility,1,static_min,none,6,11,0.5665024630541872,1.0,3.9655172413793105,8,8.0,1.0,108.0,0,0
high_compressibility,1,static_min,none,6,12,0.5665024630541872,1.0,3.9655172413793105,8,8.0,1.0,108.0,0,0
high_compressibility,1,static_min,none,6,13,0.5665024630541872,1.0,3.9655172413793105,8,8.0,1.0,108.0,0,0
high_compressibility,1,static_min,none,6,14,0.5665024630541872,1.0,3.9655172413793105,8,8.0,1.0,108.0,0,0
high_compressibility,1,static_min,none,6,15,0.5665024630541872,1.0,3.9655172413793105,8,8.0,1.0,108.0,0,0
high_compressibility,1,static_min,none,7,0,0.5665024630541872,1.0,3.9655172413793105,8,8.0,1.0,108.0,0,0
high_compressibility,1,static_min,none,7,1,0.5665024630541872,1.0,3.9655172413793105,8,8.0,1.0,108.0,0,0
high_compressibility,1,static_min,none,7,2,0.5665024630541872,1.0,3.9655172413793105,8,8.0,1.0,108.0,0,0
high_compressibility,1,static_min,none,7,3,0.5665024630541872,1.0,3.9655172413793105,8,8.0,1.0,108.0,0,0
high_compressibility,1,static_min,none,7,4,0.5665024630541872,1.0,3.9655172413793105,8,8.0,1.0,108.0,0,0
high_compressibility,1,static_min,none,7,5,0.5665024630541872,1.0,3.9655172413793105,8,8.0,1.0,108.0,0,0
high_compressibility,1,static_min,none,7,6,0.5665024630541872,1.0,3.9655172413793105,8,8.0,1.0,108.0,0,0
high_compressibility,1,static_min,none,7,7,0.5665024630541872,1.0,3.9655172413793105,8,8.0,1.0,108.0,0,0
high_compressibility,1,static_min,none,7,8,0.5665024630541872,1.0,3.9655172413793105,8,8.0,1.0,108.0,0,0
high_compressibility,1,static_min,none,7,9,0.5665024630541872,1.0,3.9655172413793105,8,8.0,1.0,108.0,0,0
high_compressibility,1,static_min,none,7,10,0.5665024630541872,1.0,3.9655172413793105,8,8.0,1.0,108.0,0,0
high_compressibility,1,static_min,none,7,11,0.5665024630541872,1.0,3.9655172413793105,8,8.0,1.0,108.0,0,0
high_compressibility,1,static_min,none,7,12,0.5665024630541872,1.0,3.9655172413793105,8,8.0,1.0,108.0,0,0
high_compressibility,1,static_min,none,7,13,0.5665024630541872,1.0,3.9655172413793105,8,8.0,1.0,108.0,0,0
high_compressibility,1,static_min,none,7,14,0.5665024630541872,1.0,3.9655172413793105,8,8.0,1.0,108.0,0,0
high_compressibility,1,static_min,none,7,15,0.5665024630541872,1.0,3.9655172413793105,8,8.0,1.0,108.0,0,0
high_compressibility,3,capacity_aware_static,C,1,0,0.4778325123152709,1.0,3.3448275862068964,29,29.0,1.0,372.0,0,0
high_compressibility,3,capacity_aware_static,C,1,1,0.4778325123152709,1.0,3.3448275862068964,29,29.0,1.0,372.0,0,0
high_compressibility,3,capacity_aware_static,C,1,2,0.4778325123152709,1.0,3.3448275862068964,29,29.0,1.0,372.0,0,0
high_compressibility,3,capacity_aware_static,C,1,3,0.4778325123152709,1.0,3.3448275862068964,29,29.0,1.0,372.0,0,0
high_compressibility,3,capacity_aware_static,C,1,4,0.4778325123152709,1.0,3.3448275862068964,29,29.0,1.0,372.0,0,0
high_compressibility,3,capacity_aware_static,C,1,5,0.4778325123152709,1.0,3.3448275862068964,29,29.0,1.0,372.0,0,0
high_compressibility,3,capacity_aware_static,C,1,6,0.4778325123152709,1.0,3.3448275862068964,29,29.0,1.0,372.0,0,0
high_compressibility,3,capacity_aware_static,C,1,7,0.4778325123152709,1.0,3.3448275862068964,29,29.0,1.0,372.0,0,0
high_compressibility,3,capacity_aware_static,C,1,8,0.4778325123152709,1.0,3.3448275862068964,29,29.0,1.0,372.0,0,0
high_compressibility,3,capacity_aware_static,C,1,9,0.4778325123152709,1.0,3.3448275862068964,29,29.0,1.0,372.0,0,0
high_compressibility,3,capacity_aware_static,C,1,10,0.4778325123152709,1.0,3.3448275862068964,29,29.0,1.0,372.0,0,0
high_compressibility,3,capacity_aware_static,C,1,11,0.4778325123152709,1.0,3.3448275862068964,29,29.0,1.0,372.0,0,0
high_compressibility,3,capacity_aware_static,C,1,12,0.4778325123152709,1.0,3.3448275862068964,29,29.0,1.0,372.0,0,0
high_compressibility,3,capacity_aware_static,C,1,13,0.4778325123152709,1.0,3.3448275862068964,29,29.0,1.0,372.0,0,0
high_compressibility,3,capacity_aware_static,C,1,14,0.4778325123152709,1.0,3.3448275862068964,29,29.0,1.0,372.0,0,0
high_compressibility,3,capacity_aware_static,C,1,15,0.4778325123152709,1.0,3.3448275862068964,29,29.0,1.0,372.0,0,0
high_compressibility,3,capacity_aware_static,C,2,0,0.4778325123152709,1.0,3.3448275862068964,15,15.0,1.0,209.0,0,0
high_compressibility,3,capacity_aware_static,C,2,1,0.4778325123152709,1.0,3.3448275862068964,15,15.0,1.0,209.0,0,0
high_compressibility,3,capacity_aware_static,C,2,2,0.4778325123152709,1.0,3.3448275862068964,15,15.0,1.0,209.0,0,0
high_compressibility,3,capacity_aware_static,C,2,3,0.4778325123152709,1.0,3.3448275862068964,15,15.0,1.0,209.0,0,0
high_compressibility,3,capacity_aware_static,C,2,4,0.4778325123152709,1.0,3.3448275862068964,15,15.0,1.0,209.0,0,0
high_compressibility,3,capacity_aware_static,C,2,5,0.4778325123152709,1.0,3.3448275862068964,15,15.0,1.0,209.0,0,0
high_compressibility,3,capacity_aware_static,C,2,6,0.4778325123152709,1.0,3.3448275862068964,15,15.0,1.0,209.0,0,0
high_compressibility,3,capacity_aware_static,C,2,7,0.4778325123152709,1.0,3.3448275862068964,15,15.0,1.0,209.0,0,0
high_compressibility,3,capacity_aware_static,C,2,8,0.4778325123152709,1.0,3.3448275862068964,15,15.0,1.0,209.0,0,0
high_compressibility,3,capacity_aware_static,C,2,9,0.4778325123152709,1.0,3.3448275862068964,15,15.0,1.0,209.0,0,0
high_compressibility,3,capacity_aware_static,C,2,10,0.4778325123152709,1.0,3.3448275862068964,15,15.0,1.0,209.0,0,0
high_compressibility,3,capacity_aware_static,C,2,11,0.4778325123152709,1.0,3.3448275862068964,15,15.0,1.0,209.0,0,0
high_compressibility,3,capacity_aware_static,C,2,12,0.4778325123152709,1.0,3.3448275862068964,15,15.0,1.0,209.0,0,0
high_compressibility,3,capacity_aware_static,C,2,13,0.4778325123152709,1.0,3.3448275862068964,15,15.0,1.0,209.0,0,0
high_compressibility,3,capacity_aware_static,C,2,14,0.4778325123152709,1.0,3.3448275862068964,15,15.0,1.0,209.0,0,0
high_compressibility,3,capacity_aware_static,C,2,15,0.4778325123152709,1.0,3.3448275862068964,15,15.0,1.0,209.0,0,0
high_compressibility,3,capacity_aware_static,C,3,0,0.4778325123152709,1.0,3.3448275862068964,11,11.0,1.0,156.0,0,0
high_compressibility,3,capacity_aware_static,C,3,1,0.4778325123152709,1.0,3.3448275862068964,11,11.0,1.0,156.0,0,0
high_compressibility,3,capacity_aware_static,C,3,2,0.4778325123152709,1.0,3.3448275862068964,11,11.0,1.0,156.0,0,0
high_compressibility,3,capacity_aware_static,C,3,3,0.4778325123152709,1.0,3.3448275862068964,11,11.0,1.0,156.0,0,0
high_compressibility,3,capacity_aware_static,C,3,4,0.4778325123152709,1.0,3.3448275862068964,11,11.0,1.0,156.0,0,0
high_compressibility,3,capacity_aware_static,C,3,5,0.4778325123152709,1.0,3.3448275862068964,11,11.0,1.0,156.0,0,0
high_compressibility,3,capacity_aware_static,C,3,6,0.4778325123152709,1.0,3.3448275862068964,11,11.0,1.0,156.0,0,0
high_compressibility,3,capacity_aware_static,C,3,7,0.4778325123152709,1.0,3.3448275862068964,11,11.0,1.0,156.0,0,0
high_compressibility,3,capacity_aware_static,C,3,8,0.4778325123152709,1.0,3.3448275862068964,11,11.0,1.0,156.0,0,0
high_compressibility,3,capacity_aware_static,C,3,9,0.4778325123152709,1.0,3.3448275862068964,11,11.0,1.0,156.0,0,0
high_compressibility,3,capacity_aware_static,C,3,10,0.4778325123152709,1.0,3.3448275862068964,11,11.0,1.0,156.0,0,0
high_compressibility,3,capacity_aware_static,C,3,11,0.4778325123152709,1.0,3.3448275862068964,11,11.0,1.0,156.0,0,0
high_compressibility,3,capacity_aware_static,C,3,12,0.4778325123152709,1.0,3.3448275862068964,11,11.0,1.0,156.0,0,0
high_compressibility,3,capacity_aware_static,C,3,13,0.4778325123152709,1.0,3.3448275862068964,11,11.0,1.0,156.0,0,0
high_compressibility,3,capacity_aware_static,C,3,14,0.4778325123152709,1.0,3.3448275862068964,11,11.0,1.0,156.0,0,0
high_compressibility,3,capacity_aware_static,C,3,15,0.4778325123152709,1.0,3.3448275862068964,11,11.0,1.0,156.0,0,0
high_compressibility,3,capacity_aware_static,C,4,0,0.4778325123152709,1.0,3.3448275862068964,8,8.0,1.0,128.0,0,0
high_compressibility,3,capacity_aware_static,C,4,1,0.4778325123152709,1.0,3.3448275862068964,8,8.0,1.0,128.0,0,0
high_compressibility,3,capacity_aware_static,C,4,2,0.4778325123152709,1.0,3.3448275862068964,8,8.0,1.0,128.0,0,0
high_compressibility,3,capacity_aware_static,C,4,3,0.4778325123152709,1.0,3.3448275862068964,8,8.0,1.0,128.0,0,0
high_compressibility,3,capacity_aware_static,C,4,4,0.4778325123152709,1.0,3.3448275862068964,8,8.0,1.0,128.0,0,0
high_compressibility,3,capacity_aware_static,C,4,5,0.4778325123152709,1.0,3.3448275862068964,8,8.0,1.0,128.0,0,0
high_compressibility,3,capacity_aware_static,C,4,6,0.4778325123152709,1.0,3.3448275862068964,8,8.0,1.0,128.0,0,0
high_compressibility,3,capacity_aware_static,C,4,7,0.4778325123152709,1.0,3.3448275862068964,8,8.0,1.0,128.0,0,0
high_compressibility,3,capacity_aware_static,C,4,8,0.4778325123152709,1.0,3.3448275862068964,8,8.0,1.0,128.0,0,0
high_compressibility,3,capacity_aware_static,C,4,9,0.4778325123152709,1.0,3.3448275862068964,8,8.0,1.0,128.0,0,0
high_compressibility,3,capacity_aware_static,C,4,10,0.4778325123152709,1.0,3.3448275862068964,8,8.0,1.0,128.0,0,0
high_compressibility,3,capacity_aware_static,C,4,11,0.4778325123152709,1.0,3.3448275862068964,8,8.0,1.0,128.0,0,0
high_compressibility,3,capacity_aware_static,C,4,12,0.4778325123152709,1.0,3.3448275862068964,8,8.0,1.0,128.0,0,0
high_compressibility,3,capacity_aware_static,C,4,13,0.4778325123152709,1.0,3.3448275862068964,8,8.0,1.0,128.0,0,0
high_compressibility,3,capacity_aware_static,C,4,14,0.4778325123152709,1.0,3.3448275862068964,8,8.0,1.0,128.0,0,0
high_compressibility,3,capacity_aware_static,C,4,15,0.4778325123152709,1.0,3.3448275862068964,8,8.0,1.0,128.0,0,0
high_compressibility,3,capacity_aware_static,C,5,0,0.4778325123152709,1.0,3.3448275862068964,8,8.0,1.0,118.0,0,0
high_compressibility,3,capacity_aware_static,C,5,1,0.4778325123152709,1.0,3.3448275862068964,8,8.0,1.0,118.0,0,0
high_compressibility,3,capacity_aware_static,C,5,2,0.4778325123152709,1.0,3.3448275862068964,8,8.0,1.0,118.0,0,0
high_compressibility,3,capacity_aware_static,C,5,3,0.4778325123152709,1.0,3.3448275862068964,8,8.0,1.0,118.0,0,0
high_compressibility,3,capacity_aware_static,C,5,4,0.4778325123152709,1.0,3.3448275862068964,8,8.0,1.0,118.0,0,0
high_compressibility,3,capacity_aware_static,C,5,5,0.4778325123152709,1.0,3.3448275862068964,8,8.0,1.0,118.0,0,0
high_compressibility,3,capacity_aware_static,C,5,6,0.4778325123152709,1.0,3.3448275862068964,8,8.0,1.0,118.0,0,0
high_compressibility,3,capacity_aware_static,C,5,7,0.4778325123152709,1.0,3.3448275862068964,8,8.0,1.0,118.0,0,0
high_compressibility,3,capacity_aware_static,C,5,8,0.4778325123152709,1.0,3.3448275862068964,8,8.0,1.0,118.0,0,0
high_compressibility,3,capacity_aware_static,C,5,9,0.4778325123152709,1.0,3.3448275862068964,8,8.0,1.0,118.0,0,0
high_compressibility,3,capacity_aware_static,C,5,10,0.4778325123152709,1.0,3.3448275862068964,8,8.0,1.0,118.0,0,0
high_compressibility,3,capacity_aware_static,C,5,11,0.4778325123152709,1.0,3.3448275862068964,8,8.0,1.0,118.0,0,0
high_compressibility,3,capacity_aware_static,C,5,12,0.4778325123152709,1.0,3.3448275862068964,8,8.0,1.0,118.0,0,0
high_compressibility,3,capacity_aware_static,C,5,13,0.4778325123152709,1.0,3.3448275862068964,8,8.0,1.0,118.0,0,0
high_compressibility,3,capacity_aware_static,C,5,14,0.4778325123152709,1.0,3.3448275862068964,8,8.0,1.0,118.0,0,0
high_compressibility,3,capacity_aware_static,C,5,15,0.4778325123152709,1.0,3.3448275862068964,8,8.0,1.0,118.0,0,0
high_compressibility,3,capacity_aware_static,C,6,0,0.4778325123152709,1.0,3.3448275862068964,8,8.0,1.0,115.0,0,0
high_compressibility,3,capacity_aware_static,C,6,1,0.4778325123152709,1.0,3.3448275862068964,8,8.0,1.0,115.0,0,0
high_compressibility,3,capacity_aware_static,C,6,2,0.4778325123152709,1.0,3.3448275862068964,8,8.0,1.0,115.0,0,0
high_compressibility,3,capacity_aware_static,C,6,3,0.4778325123152709,1.0,3.3448275862068964,8,8.0,1.0,115.0,0,0
high_compressibility,3,capacity_aware_static,C,6,4,0.4778325123152709,1.0,3.3448275862068964,8,8.0,1.0,115.0,0,0
high_compressibility,3,capacity_aware_static,C,6,5,0.4778325123152709,1.0,3.3448275862068964,8,8.0,1.0,115.0,0,0
high_compressibility,3,capacity_aware_static,C,6,6,0.4778325123152709,1.0,3.3448275862068964,8,8.0,1.0,115.0,0,0
high_compressibility,3,capacity_aware_static,C,6,7,0.4778325123152709,1.0,3.3448275862068964,8,8.0,1.0,115.0,0,0
high_compressibility,3,capacity_aware_static,C,6,8,0.4778325123152709,1.0,3.3448275862068964,8,8.0,1.0,115.0,0,0
high_compressibility,3,capacity_aware_static,C,6,9,0.4778325123152709,1.0,3.3448275862068964,8,8.0,1.0,115.0,0,0
high_compressibility,3,capacity_aware_static,C,6,10,0.4778325123152709,1.0,3.3448275862068964,8,8.0,1.0,115.0,0,0
high_compressibility,3,capacity_aware_static,C,6,11,0.4778325123152709,1.0,3.3448275862068964,8,8.0,1.0,115.0,0,0
high_compressibility,3,capacity_aware_static,C,6,12,0.4778325123152709,1.0,3.3448275862068964,8,8.0,1.0,115.0,0,0
high_compressibility,3,capacity_aware_static,C,6,13,0.4778325123152709,1.0,3.3448275862068964,8,8.0,1.0,115.0,0,0
high_compressibility,3,capacity_aware_static,C,6,14,0.4778325123152709,1.0,3.3448275862068964,8,8.0,1.0,115.0,0,0
high_compressibility,3,capacity_aware_static,C,6,15,0.4778325123152709,1.0,3.3448275862068964,8,8.0,1.0,115.0,0,0
high_compressibility,3,capacity_aware_static,C,7,0,0.4778325123152709,1.0,3.3448275862068964,8,8.0,1.0,115.0,0,0
high_compressibility,3,capacity_aware_static,C,7,1,0.4778325123152709,1.0,3.3448275862068964,8,8.0,1.0,115.0,0,0
high_compressibility,3,capacity_aware_static,C,7,2,0.4778325123152709,1.0,3.3448275862068964,8,8.0,1.0,115.0,0,0
high_compressibility,3,capacity_aware_static,C,7,3,0.4778325123152709,1.0,3.3448275862068964,8,8.0,1.0,115.0,0,0
high_compressibility,3,capacity_aware_static,C,7,4,0.4778325123152709,1.0,3.3448275862068964,8,8.0,1.0,115.0,0,0
high_compressibility,3,capacity_aware_static,C,7,5,0.4778325123152709,1.0,3.3448275862068964,8,8.0,1.0,115.0,0,0
high_compressibility,3,capacity_aware_static,C,7,6,0.4778325123152709,1.0,3.3448275862068964,8,8.0,1.0,115.0,0,0
high_compressibility,3,capacity_aware_static,C,7,7,0.4778325123152709,1.0,3.3448275862068964,8,8.0,1.0,115.0,0,0
high_compressibility,3,capacity_aware_static,C,7,8,0.4778325123152709,1.0,3.3448275862068964,8,8.0,1.0,115.0,0,0
high_compressibility,3,capacity_aware_static,C,7,9,0.4778325123152709,1.0,3.3448275862068964,8,8.0,1.0,115.0,0,0
high_compressibility,3,capacity_aware_static,C,7,10,0.4778325123152709,1.0,3.3448275862068964,8,8.0,1.0,115.0,0,0
high_compressibility,3,capacity_aware_static,C,7,11,0.4778325123152709,1.0,3.3448275862068964,8,8.0,1.0,115.0,0,0
high_compressibility,3,capacity_aware_static,C,7,12,0.4778325123152709,1.0,3.3448275862068964,8,8.0,1.0,115.0,0,0
high_compressibility,3,capacity_aware_static,C,7,13,0.4778325123152709,1.0,3.3448275862068964,8,8.0,1.0,115.0,0,0
high_compressibility,3,capacity_aware_static,C,7,14,0.4778325123152709,1.0,3.3448275862068964,8,8.0,1.0,115.0,0,0
high_compressibility,3,capacity_aware_static,C,7,15,0.4778325123152709,1.0,3.3448275862068964,8,8.0,1.0,115.0,0,0
high_compressibility,3,smoothed,none,1,2,0.4778325123152709,1.0,3.3448275862068964,10,29.0,2.9,484.0,19,19
high_compressibility,3,smoothed,none,1,3,0.4778325123152709,1.0,3.3448275862068964,10,29.0,2.9,484.0,19,19
high_compressibility,3,smoothed,none,1,4,0.4778325123152709,1.0,3.3448275862068964,10,29.0,2.9,484.0,19,19
high_compressibility,3,smoothed,none,1,5,0.4778325123152709,1.0,3.3448275862068964,10,29.0,2.9,484.0,19,19
high_compressibility,3,smoothed,none,1,6,0.4778325123152709,1.0,3.3448275862068964,10,29.0,2.9,484.0,19,19
high_compressibility,3,smoothed,none,1,7,0.4778325123152709,1.0,3.3448275862068964,10,29.0,2.9,484.0,19,19
high_compressibility,3,smoothed,none,1,8,0.4778325123152709,1.0,3.3448275862068964,10,29.0,2.9,484.0,19,19
high_compressibility,3,smoothed,none,1,9,0.4778325123152709,1.0,3.3448275862068964,10,29.0,2.9,484.0,19,19
high_compressibility,3,smoothed,none,1,10,0.4778325123152709,1.0,3.3448275862068964,10,29.0,2.9,484.0,19,19
high_compressibility,3,smoothed,none,1,11,0.4778325123152709,1.0,3.3448275862068964,10,29.0,2.9,484.0,19,19
high_compressibility,3,smoothed,none,1,12,0.4778325123152709,1.0,3.3448275862068964,10,29.0,2.9,484.0,19,19
high_compressibility,3,smoothed,none,1,13,0.4778325123152709,1.0,3.3448275862068964,10,29.0,2.9,484.0,19,19
high_compressibility,3,smoothed,none,1,14,0.4778325123152709,1.0,3.3448275862068964,10,29.0,2.9,484.0,19,19
high_compressibility,3,smoothed,none,1,15,0.4778325123152709,1.0,3.3448275862068964,10,29.0,2.9,484.0,19,19
high_compressibility,3,smoothed,none,2,1,0.4778325123152709,1.0,3.3448275862068964,10,19.0,1.9,321.0,9,9
high_compressibility,3,smoothed,none,2,2,0.4778325123152709,1.0,3.3448275862068964,10,15.0,1.5,243.0,9,9
high_compressibility,3,smoothed,none,2,3,0.4778325123152709,1.0,3.3448275862068964,10,15.0,1.5,243.0,9,9
high_compressibility,3,smoothed,none,2,4,0.4778325123152709,1.0,3.3448275862068964,10,15.0,1.5,243.0,9,9
high_compressibility,3,smoothed,none,2,5,0.4778325123152709,1.0,3.3448275862068964,10,15.0,1.5,243.0,9,9
high_compressibility,3,smoothed,none,2,6,0.4778325123152709,1.0,3.3448275862068964,10,15.0,1.5,243.0,9,9
high_compressibility,3,smoothed,none,2,7,0.4778325123152709,1.0,3.3448275862068964,10,15.0,1.5,243.0,9,9
high_compressibility,3,smoothed,none,2,8,0.4778325123152709,1.0,3.3448275862068964,10,15.0,1.5,243.0,9,9
high_compressibility,3,smoothed,none,2,9,0.4778325123152709,1.0,3.3448275862068964,10,15.0,1.5,243.0,9,9
high_compressibility,3,smoothed,none,2,10,0.4778325123152709,1.0,3.3448275862068964,10,15.0,1.5,243.0,9,9
high_compressibility,3,smoothed,none,2,11,0.4778325123152709,1.0,3.3448275862068964,10,15.0,1.5,243.0,9,9
high_compressibility,3,smoothed,none,2,12,0.4778325123152709,1.0,3.3448275862068964,10,15.0,1.5,243.0,9,9
high_compressibility,3,smoothed,none,2,13,0.4778325123152709,1.0,3.3448275862068964,10,15.0,1.5,243.0,9,9
high_compressibility,3,smoothed,none,2,14,0.4778325123152709,1.0,3.3448275862068964,10,15.0,1.5,243.0,9,9
high_compressibility,3,smoothed,none,2,15,0.4778325123152709,1.0,3.3448275862068964,10,15.0,1.5,243.0,9,9
high_compressibility,3,smoothed,none,3,0,0.4778325123152709,1.0,3.3448275862068964,10,10.0,1.0,163.0,0,0
high_compressibility,3,smoothed,none,3,1,0.4778325123152709,1.0,3.3448275862068964,10,10.0,1.0,163.0,0,0
high_compressibility,3,smoothed,none,3,2,0.4778325123152709,1.0,3.3448275862068964,10,10.0,1.0,163.0,0,0
high_compressibility,3,smoothed,none,3,3,0.4778325123152709,1.0,3.3448275862068964,10,10.0,1.0,163.0,0,0
high_compressibility,3,smoothed,none,3,4,0.4778325123152709,1.0,3.3448275862068964,10,10.0,1.0,163.0,0,0
high_compressibility,3,smoothed,none,3,5,0.4778325123152709,1.0,3.3448275862068964,10,10.0,1.0,163.0,0,0
high_compressibility,3,smoothed,none,3,6,0.4778325123152709,1.0,3.3448275862068964,10,10.0,1.0,163.0,0,0
high_compressibility,3,smoothed,none,3,7,0.4778325123152709,1.0,3.3448275862068964,10,10.0,1.0,163.0,0,0
high_compressibility,3,smoothed,none,3,8,0.4778325123152709,1.0,3.3448275862068964,10,10.0,1.0,163.0,0,0
high_compressibility,3,smoothed,none,3,9,0.4778325123152709,1.0,3.3448275862068964,10,10.0,1.0,163.0,0,0
high_compressibility,3,smoothed,none,3,10,0.4778325123152709,1.0,3.3448275862068964,10,10.0,1.0,163.0,0,0
high_compressibility,3,smoothed,none,3,11,0.4778325123152709,1.0,3.3448275862068964,10,10.0,1.0,163.0,0,0
high_compressibility,3,smoothed,none,3,12,0.4778325123152709,1.0,3.3448275862068964,10,10.0,1.0,163.0,0,0
high_compressibility,3,smoothed,none,3,13,0.4778325123152709,1.0,3.3448275862068964,10,10.0,1.0,163.0,0,0
high_compressibility,3,smoothed,none,3,14,0.4778325123152709,1.0,3.3448275862068964,10,10.0,1.0,163.0,0,0
high_compressibility,3,smoothed,none,3,15,0.4778325123152709,1.0,3.3448275862068964,10,10.0,1.0,163.0,0,0
high_compressibility,3,smoothed,none,4,0,0.4778325123152709,1.0,3.3448275862068964,10,10.0,1.0,163.0,0,0
high_compressibility,3,smoothed,none,4,1,0.4778325123152709,1.0,3.3448275862068964,10,10.0,1.0,163.0,0,0
high_compressibility,3,smoothed,none,4,2,0.4778325123152709,1.0,3.3448275862068964,10,10.0,1.0,163.0,0,0
high_compressibility,3,smoothed,none,4,3,0.4778325123152709,1.0,3.3448275862068964,10,10.0,1.0,163.0,0,0
high_compressibility,3,smoothed,none,4,4,0.4778325123152709,1.0,3.3448275862068964,10,10.0,1.0,163.0,0,0
high_compressibility,3,smoothed,none,4,5,0.4778325123152709,1.0,3.3448275862068964,10,10.0,1.0,163.0,0,0
high_compressibility,3,smoothed,none,4,6,0.4778325123152709,1.0,3.3448275862068964,10,10.0,1.0,163.0,0,0
high_compressibility,3,smoothed,none,4,7,0.4778325123152709,1.0,3.3448275862068964,10,10.0,1.0,163.0,0,0
high_compressibility,3,smoothed,none,4,8,0.4778325123152709,1.0,3.3448275862068964,10,10.0,1.0,163.0,0,0
high_compressibility,3,smoothed,none,4,9,0.4778325123152709,1.0,3.3448275862068964,10,10.0,1.0,163.0,0,0
high_compressibility,3,smoothed,none,4,10,0.4778325123152709,1.0,3.3448275862068964,10,10.0,1.0,163.0,0,0
high_compressibility,3,smoothed,none,4,11,0.4778325123152709,1.0,3.3448275862068964,10,10.0,1.0,163.0,0,0
high_compressibility,3,smoothed,none,4,12,0.4778325123152709,1.0,3.3448275862068964,10,10.0,1.0,163.0,0,0
high_compressibility,3,smoothed,none,4,13,0.4778325123152709,1.0,3.3448275862068964,10,10.0,1.0,163.0,0,0
high_compressibility,3,smoothed,none,4,14,0.4778325123152709,1.0,3.3448275862068964,10,10.0,1.0,163.0,0,0
high_compressibility,3,smoothed,none,4,15,0.4778325123152709,1.0,3.3448275862068964,10,10.0,1.0,163.0,0,0
high_compressibility,3,smoothed,none,5,0,0.4778325123152709,1.0,3.3448275862068964,10,10.0,1.0,163.0,0,0
high_compressibility,3,smoothed,none,5,1,0.4778325123152709,1.0,3.3448275862068964,10,10.0,1.0,163.0,0,0
high_compressibility,3,smoothed,none,5,2,0.4778325123152709,1.0,3.3448275862068964,10,10.0,1.0,163.0,0,0
high_compressibility,3,smoothed,none,5,3,0.4778325123152709,1.0,3.3448275862068964,10,10.0,1.0,163.0,0,0
high_compressibility,3,smoothed,none,5,4,0.4778325123152709,1.0,3.3448275862068964,10,10.0,1.0,163.0,0,0
high_compressibility,3,smoothed,none,5,5,0.4778325123152709,1.0,3.3448275862068964,10,10.0,1.0,163.0,0,0
high_compressibility,3,smoothed,none,5,6,0.4778325123152709,1.0,3.3448275862068964,10,10.0,1.0,163.0,0,0
high_compressibility,3,smoothed,none,5,7,0.4778325123152709,1.0,3.3448275862068964,10,10.0,1.0,163.0,0,0
high_compressibility,3,smoothed,none,5,8,0.4778325123152709,1.0,3.3448275862068964,10,10.0,1.0,163.0,0,0
high_compressibility,3,smoothed,none,5,9,0.4778325123152709,1.0,3.3448275862068964,10,10.0,1.0,163.0,0,0
high_compressibility,3,smoothed,none,5,10,0.4778325123152709,1.0,3.3448275862068964,10,10.0,1.0,163.0,0,0
high_compressibility,3,smoothed,none,5,11,0.4778325123152709,1.0,3.3448275862068964,10,10.0,1.0,163.0,0,0
high_compressibility,3,smoothed,none,5,12,0.4778325123152709,1.0,3.3448275862068964,10,10.0,1.0,163.0,0,0
high_compressibility,3,smoothed,none,5,13,0.4778325123152709,1.0,3.3448275862068964,10,10.0,1.0,163.0,0,0
high_compressibility,3,smoothed,none,5,14,0.4778325123152709,1.0,3.3448275862068964,10,10.0,1.0,163.0,0,0
high_compressibility,3,smoothed,none,5,15,0.4778325123152709,1.0,3.3448275862068964,10,10.0,1.0,163.0,0,0
high_compressibility,3,smoothed,none,6,0,0.4778325123152709,1.0,3.3448275862068964,10,10.0,1.0,163.0,0,0
high_compressibility,3,smoothed,none,6,1,0.4778325123152709,1.0,3.3448275862068964,10,10.0,1.0,163.0,0,0
high_compressibility,3,smoothed,none,6,2,0.4778325123152709,1.0,3.3448275862068964,10,10.0,1.0,163.0,0,0
high_compressibility,3,smoothed,none,6,3,0.4778325123152709,1.0,3.3448275862068964,10,10.0,1.0,163.0,0,0
high_compressibility,3,smoothed,none,6,4,0.4778325123152709,1.0,3.3448275862068964,10,10.0,1.0,163.0,0,0
high_compressibility,3,smoothed,none,6,5,0.4778325123152709,1.0,3.3448275862068964,10,10.0,1.0,163.0,0,0
high_compressibility,3,smoothed,none,6,6,0.4778325123152709,1.0,3.3448275862068964,10,10.0,1.0,163.0,0,0
high_compressibility,3,smoothed,none,6,7,0.4778325123152709,1.0,3.3448275862068964,10,10.0,1.0,163.0,0,0
high_compressibility,3,smoothed,none,6,8,0.4778325123152709,1.0,3.3448275862068964,10,10.0,1.0,163.0,0,0
high_compressibility,3,smoothed,none,6,9,0.4778325123152709,1.0,3.3448275862068964,10,10.0,1.0,163.0,0,0
high_compressibility,3,smoothed,none,6,10,0.4778325123152709,1.0,3.3448275862068964,10,10.0,1.0,163.0,0,0
high_compressibility,3,smoothed,none,6,11,0.4778325123152709,1.0,3.3448275862068964,10,10.0,1.0,163.0,0,0
high_compressibility,3,smoothed,none,6,12,0.4778325123152709,1.0,3.3448275862068964,10,10.0,1.0,163.0,0,0
high_compressibility,3,smoothed,none,6,13,0.4778325123152709,1.0,3.3448275862068964,10,10.0,1.0,163.0,0,0
high_compressibility,3,smoothed,none,6,14,0.4778325123152709,1.0,3.3448275862068964,10,10.0,1.0,163.0,0,0
high_compressibility,3,smoothed,none,6,15,0.4778325123152709,1.0,3.3448275862068964,10,10.0,1.0,163.0,0,0
high_compressibility,3,smoothed,none,7,0,0.4778325123152709,1.0,3.3448275862068964,10,10.0,1.0,163.0,0,0
high_compressibility,3,smoothed,none,7,1,0.4778325123152709,1.0,3.3448275862068964,10,10.0,1.0,163.0,0,0
high_compressibility,3,smoothed,none,7,2,0.4778325123152709,1.0,3.3448275862068964,10,10.0,1.0,163.0,0,0
high_compressibility,3,smoothed,none,7,3,0.4778325123152709,1.0,3.3448275862068964,10,10.0,1.0,163.0,0,0
high_compressibility,3,smoothed,none,7,4,0.4778325123152709,1.0,3.3448275862068964,10,10.0,1.0,163.0,0,0
high_compressibility,3,smoothed,none,7,5,0.4778325123152709,1.0,3.3448275862068964,10,10.0,1.0,163.0,0,0
high_compressibility,3,smoothed,none,7,6,0.4778325123152709,1.0,3.3448275862068964,10,10.0,1.0,163.0,0,0
high_compressibility,3,smoothed,none,7,7,0.4778325123152709,1.0,3.3448275862068964,10,10.0,1.0,163.0,0,0
high_compressibility,3,smoothed,none,7,8,0.4778325123152709,1.0,3.3448275862068964,10,10.0,1.0,163.0,0,0
high_compressibility,3,smoothed,none,7,9,0.4778325123152709,1.0,3.3448275862068964,10,10.0,1.0,163.0,0,0
high_compressibility,3,smoothed,none,7,10,0.4778325123152709,1.0,3.3448275862068964,10,10.0,1.0,163.0,0,0
high_compressibility,3,smoothed,none,7,11,0.4778325123152709,1.0,3.3448275862068964,10,10.0,1.0,163.0,0,0
high_compressibility,3,smoothed,none,7,12,0.4778325123152709,1.0,3.3448275862068964,10,10.0,1.0,163.0,0,0
high_compressibility,3,smoothed,none,7,13,0.4778325123152709,1.0,3.3448275862068964,10,10.0,1.0,163.0,0,0
high_compressibility,3,smoothed,none,7,14,0.4778325123152709,1.0,3.3448275862068964,10,10.0,1.0,163.0,0,0
high_compressibility,3,smoothed,none,7,15,0.4778325123152709,1.0,3.3448275862068964,10,10.0,1.0,163.0,0,0
high_compressibility,3,static_min,none,1,5,0.4778325123152709,1.0,3.3448275862068964,8,31.0,3.875,425.0,23,23
high_compressibility,3,static_min,none,1,6,0.4778325123152709,1.0,3.3448275862068964,8,31.0,3.875,425.0,23,23
high_compressibility,3,static_min,none,1,7,0.4778325123152709,1.0,3.3448275862068964,8,31.0,3.875,425.0,23,23
high_compressibility,3,static_min,none,1,8,0.4778325123152709,1.0,3.3448275862068964,8,31.0,3.875,425.0,23,23
high_compressibility,3,static_min,none,1,9,0.4778325123152709,1.0,3.3448275862068964,8,31.0,3.875,425.0,23,23
high_compressibility,3,static_min,none,1,10,0.4778325123152709,1.0,3.3448275862068964,8,31.0,3.875,425.0,23,23
high_compressibility,3,static_min,none,1,11,0.4778325123152709,1.0,3.3448275862068964,8,31.0,3.875,425.0,23,23
high_compressibility,3,static_min,none,1,12,0.4778325123152709,1.0,3.3448275862068964,8,31.0,3.875,425.0,23,23
high_compressibility,3,static_min,none,1,13,0.4778325123152709,1.0,3.3448275862068964,8,31.0,3.875,425.0,23,23
high_compressibility,3,static_min,none,1,14,0.4778325123152709,1.0,3.3448275862068964,8,31.0,3.875,425.0,23,23
high_compressibility,3,static_min,none,1,15,0.4778325123152709,1.0,3.3448275862068964,8,31.0,3.875,425.0,23,23
high_compressibility,3,static_min,none,2,4,0.4778325123152709,1.0,3.3448275862068964,8,17.0,2.125,235.0,17,17
high_compressibility,3,static_min,none,2,5,0.4778325123152709,1.0,3.3448275862068964,8,17.0,2.125,235.0,17,17
high_compressibility,3,static_min,none,2,6,0.4778325123152709,1.0,3.3448275862068964,8,17.0,2.125,235.0,17,17
high_compressibility,3,static_min,none,2,7,0.4778325123152709,1.0,3.3448275862068964,8,17.0,2.125,235.0,17,17
high_compressibility,3,static_min,none,2,8,0.4778325123152709,1.0,3.3448275862068964,8,17.0,2.125,235.0,17,17
high_compressibility,3,static_min,none,2,9,0.4778325123152709,1.0,3.3448275862068964,8,17.0,2.125,235.0,17,17
high_compressibility,3,static_min,none,2,10,0.4778325123152709,1.0,3.3448275862068964,8,17.0,2.125,235.0,17,17
high_compressibility,3,static_min,none,2,11,0.4778325123152709,1.0,3.3448275862068964,8,17.0,2.125,235.0,17,17
high_compressibility,3,static_min,none,2,12,0.4778325123152709,1.0,3.3448275862068964,8,17.0,2.125,235.0,17,17
high_compressibility,3,static_min,none,2,13,0.4778325123152709,1.0,3.3448275862068964,8,17.0,2.125,235.0,17,17
high_compressibility,3,static_min,none,2,14,0.4778325123152709,1.0,3.3448275862068964,8,17.0,2.125,235.0,17,17
high_compressibility,3,static_min,none,2,15,0.4778325123152709,1.0,3.3448275862068964,8,17.0,2.125,235.0,17,17
high_compressibility,3,static_min,none,3,3,0.4778325123152709,1.0,3.3448275862068964,8,13.0,1.625,182.0,11,11
high_compressibility,3,static_min,none,3,4,0.4778325123152709,1.0,3.3448275862068964,8,12.0,1.5,167.0,11,11
high_compressibility,3,static_min,none,3,5,0.4778325123152709,1.0,3.3448275862068964,8,12.0,1.5,167.0,11,11
high_compressibility,3,static_min,none,3,6,0.4778325123152709,1.0,3.3448275862068964,8,12.0,1.5,167.0,11,11
high_compressibility,3,static_min,none,3,7,0.4778325123152709,1.0,3.3448275862068964,8,12.0,1.5,167.0,11,11
high_compressibility,3,static_min,none,3,8,0.4778325123152709,1.0,3.3448275862068964,8,12.0,1.5,167.0,11,11
high_compressibility,3,static_min,none,3,9,0.4778325123152709,1.0,3.3448275862068964,8,12.0,1.5,167.0,11,11
high_compressibility,3,static_min,none,3,10,0.4778325123152709,1.0,3.3448275862068964,8,12.0,1.5,167.0,11,11
high_compressibility,3,static_min,none,3,11,0.4778325123152709,1.0,3.3448275862068964,8,12.0,1.5,167.0,11,11
high_compressibility,3,static_min,none,3,12,0.4778325123152709,1.0,3.3448275862068964,8,12.0,1.5,167.0,11,11
high_compressibility,3,static_min,none,3,13,0.4778325123152709,1.0,3.3448275862068964,8,12.0,1.5,167.0,11,11
high_compressibility,3,static_min,none,3,14,0.4778325123152709,1.0,3.3448275862068964,8,12.0,1.5,167.0,11,11
high_compressibility,3,static_min,none,3,15,0.4778325123152709,1.0,3.3448275862068964,8,12.0,1.5,167.0,11,11
high_compressibility,3,static_min,none,4,2,0.4778325123152709,1.0,3.3448275862068964,8,11.0,1.375,151.0,5,5
high_compressibility,3,static_min,none,4,3,0.4778325123152709,1.0,3.3448275862068964,8,10.0,1.25,137.0,5,5
high_compressibility,3,static_min,none,4,4,0.4778325123152709,1.0,3.3448275862068964,8,10.0,1.25,138.0,5,5
high_compressibility,3,static_min,none,4,5,0.4778325123152709,1.0,3.3448275862068964,8,10.0,1.25,138.0,5,5
high_compressibility,3,static_min,none,4,6,0.4778325123152709,1.0,3.3448275862068964,8,10.0,1.25,138.0,5,5
high_compressibility,3,static_min,none,4,7,0.4778325123152709,1.0,3.3448275862068964,8,10.0,1.25,138.0,5,5
high_compressibility,3,static_min,none,4,8,0.4778325123152709,1.0,3.3448275862068964,8,10.0,1.25,138.0,5,5
high_compressibility,3,static_min,none,4,9,0.4778325123152709,1.0,3.3448275862068964,8,10.0,1.25,138.0,5,5
high_compressibility,3,static_min,none,4,10,0.4778325123152709,1.0,3.3448275862068964,8,10.0,1.25,138.0,5,5
high_compressibility,3,static_min,none,4,11,0.4778325123152709,1.0,3.3448275862068964,8,10.0,1.25,138.0,5,5
high_compressibility,3,static_min,none,4,12,0.4778325123152709,1.0,3.3448275862068964,8,10.0,1.25,138.0,5,5
high_compressibility,3,static_min,none,4,13,0.4778325123152709,1.0,3.3448275862068964,8,10.0,1.25,138.0,5,5
high_compressibility,3,static_min,none,4,14,0.4778325123152709,1.0,3.3448275862068964,8,10.0,1.25,138.0,5,5
high_compressibility,3,static_min,none,4,15,0.4778325123152709,1.0,3.3448275862068964,8,10.0,1.25,138.0,5,5
high_compressibility,3,static_min,none,5,1,0.4778325123152709,1.0,3.3448275862068964,8,9.0,1.125,123.0,1,1
high_compressibility,3,static_min,none,5,2,0.4778325123152709,1.0,3.3448275862068964,8,9.0,1.125,123.0,1,1
high_compressibility,3,static_min,none,5,3,0.4778325123152709,1.0,3.3448275862068964,8,9.0,1.125,123.0,1,1
high_compressibility,3,static_min,none,5,4,0.4778325123152709,1.0,3.3448275862068964,8,9.0,1.125,123.0,1,1
high_compressibility,3,static_min,none,5,5,0.4778325123152709,1.0,3.3448275862068964,8,9.0,1.125,123.0,1,1
high_compressibility,3,static_min,none,5,6,0.4778325123152709,1.0,3.3448275862068964,8,9.0,1.125,123.0,1,1
high_compressibility,3,static_min,none,5,7,0.4778325123152709,1.0,3.3448275862068964,8,9.0,1.125,123.0,1,1
high_compressibility,3,static_min,none,5,8,0.4778325123152709,1.0,3.3448275862068964,8,9.0,1.125,123.0,1,1
high_compressibility,3,static_min,none,5,9,0.4778325123152709,1.0,3.3448275862068964,8,9.0,1.125,123.0,1,1
high_compressibility,3,static_min,none,5,10,0.4778325123152709,1.0,3.3448275862068964,8,9.0,1.125,123.0,1,1
high_compressibility,3,static_min,none,5,11,0.4778325123152709,1.0,3.3448275862068964,8,9.0,1.125,123.0,1,1
high_compressibility,3,static_min,none,5,12,0.4778325123152709,1.0,3.3448275862068964,8,9.0,1.125,123.0,1,1
high_compressibility,3,static_min,none,5,13,0.4778325123152709,1.0,3.3448275862068964,8,9.0,1.125,123.0,1,1
high_compressibility,3,static_min,none,5,14,0.4778325123152709,1.0,3.3448275862068964,8,9.0,1.125,123.0,1,1
high_compressibility,3,static_min,none,5,15,0.4778325123152709,1.0,3.3448275862068964,8,9.0,1.125,123.0,1,1
high_compressibility,3,static_min,none,6,0,0.4778325123152709,1.0,3.3448275862068964,8,8.0,1.0,115.0,0,0
high_compressibility,3,static_min,none,6,1,0.4778325123152709,1.0,3.3448275862068964,8,8.0,1.0,115.0,0,0
high_compressibility,3,static_min,none,6,2,0.4778325123152709,1.0,3.3448275862068964,8,8.0,1.0,115.0,0,0
high_compressibility,3,static_min,none,6,3,0.4778325123152709,1.0,3.3448275862068964,8,8.0,1.0,115.0,0,0
high_compressibility,3,static_min,none,6,4,0.4778325123152709,1.0,3.3448275862068964,8,8.0,1.0,115.0,0,0
high_compressibility,3,static_min,none,6,5,0.4778325123152709,1.0,3.3448275862068964,8,8.0,1.0,115.0,0,0
high_compressibility,3,static_min,none,6,6,0.4778325123152709,1.0,3.3448275862068964,8,8.0,1.0,115.0,0,0
high_compressibility,3,static_min,none,6,7,0.4778325123152709,1.0,3.3448275862068964,8,8.0,1.0,115.0,0,0
high_compressibility,3,static_min,none,6,8,0.4778325123152709,1.0,3.3448275862068964,8,8.0,1.0,115.0,0,0
high_compressibility,3,static_min,none,6,9,0.4778325123152709,1.0,3.3448275862068964,8,8.0,1.0,115.0,0,0
high_compressibility,3,static_min,none,6,10,0.4778325123152709,1.0,3.3448275862068964,8,8.0,1.0,115.0,0,0
high_compressibility,3,static_min,none,6,11,0.4778325123152709,1.0,3.3448275862068964,8,8.0,1.0,115.0,0,0
high_compressibility,3,static_min,none,6,12,0.4778325123152709,1.0,3.3448275862068964,8,8.0,1.0,115.0,0,0
high_compressibility,3,static_min,none,6,13,0.4778325123152709,1.0,3.3448275862068964,8,8.0,1.0,115.0,0,0
high_compressibility,3,static_min,none,6,14,0.4778325123152709,1.0,3.3448275862068964,8,8.0,1.0,115.0,0,0
high_compressibility,3,static_min,none,6,15,0.4778325123152709,1.0,3.3448275862068964,8,8.0,1.0,115.0,0,0
high_compressibility,3,static_min,none,7,0,0.4778325123152709,1.0,3.3448275862068964,8,8.0,1.0,115.0,0,0
high_compressibility,3,static_min,none,7,1,0.4778325123152709,1.0,3.3448275862068964,8,8.0,1.0,115.0,0,0
high_compressibility,3,static_min,none,7,2,0.4778325123152709,1.0,3.3448275862068964,8,8.0,1.0,115.0,0,0
high_compressibility,3,static_min,none,7,3,0.4778325123152709,1.0,3.3448275862068964,8,8.0,1.0,115.0,0,0
high_compressibility,3,static_min,none,7,4,0.4778325123152709,1.0,3.3448275862068964,8,8.0,1.0,115.0,0,0
high_compressibility,3,static_min,none,7,5,0.4778325123152709,1.0,3.3448275862068964,8,8.0,1.0,115.0,0,0
high_compressibility,3,static_min,none,7,6,0.4778325123152709,1.0,3.3448275862068964,8,8.0,1.0,115.0,0,0
high_compressibility,3,static_min,none,7,7,0.4778325123152709,1.0,3.3448275862068964,8,8.0,1.0,115.0,0,0
high_compressibility,3,static_min,none,7,8,0.4778325123152709,1.0,3.3448275862068964,8,8.0,1.0,115.0,0,0
high_compressibility,3,static_min,none,7,9,0.4778325123152709,1.0,3.3448275862068964,8,8.0,1.0,115.0,0,0
high_compressibility,3,static_min,none,7,10,0.4778325123152709,1.0,3.3448275862068964,8,8.0,1.0,115.0,0,0
high_compressibility,3,static_min,none,7,11,0.4778325123152709,1.0,3.3448275862068964,8,8.0,1.0,115.0,0,0
high_compressibility,3,static_min,none,7,12,0.4778325123152709,1.0,3.3448275862068964,8,8.0,1.0,115.0,0,0
high_compressibility,3,static_min,none,7,13,0.4778325123152709,1.0,3.3448275862068964,8,8.0,1.0,115.0,0,0
high_compressibility,3,static_min,none,7,14,0.4778325123152709,1.0,3.3448275862068964,8,8.0,1.0,115.0,0,0
high_compressibility,3,static_min,none,7,15,0.4778325123152709,1.0,3.3448275862068964,8,8.0,1.0,115.0,0,0
high_compressibility,5,capacity_aware_static,C,1,0,0.4827586206896552,1.0,3.3793103448275863,29,29.0,1.0,257.0,0,0
high_compressibility,5,capacity_aware_static,C,1,1,0.4827586206896552,1.0,3.3793103448275863,29,29.0,1.0,257.0,0,0
high_compressibility,5,capacity_aware_static,C,1,2,0.4827586206896552,1.0,3.3793103448275863,29,29.0,1.0,257.0,0,0
high_compressibility,5,capacity_aware_static,C,1,3,0.4827586206896552,1.0,3.3793103448275863,29,29.0,1.0,257.0,0,0
high_compressibility,5,capacity_aware_static,C,1,4,0.4827586206896552,1.0,3.3793103448275863,29,29.0,1.0,257.0,0,0
high_compressibility,5,capacity_aware_static,C,1,5,0.4827586206896552,1.0,3.3793103448275863,29,29.0,1.0,257.0,0,0
high_compressibility,5,capacity_aware_static,C,1,6,0.4827586206896552,1.0,3.3793103448275863,29,29.0,1.0,257.0,0,0
high_compressibility,5,capacity_aware_static,C,1,7,0.4827586206896552,1.0,3.3793103448275863,29,29.0,1.0,257.0,0,0
high_compressibility,5,capacity_aware_static,C,1,8,0.4827586206896552,1.0,3.3793103448275863,29,29.0,1.0,257.0,0,0
high_compressibility,5,capacity_aware_static,C,1,9,0.4827586206896552,1.0,3.3793103448275863,29,29.0,1.0,257.0,0,0
high_compressibility,5,capacity_aware_static,C,1,10,0.4827586206896552,1.0,3.3793103448275863,29,29.0,1.0,257.0,0,0
high_compressibility,5,capacity_aware_static,C,1,11,0.4827586206896552,1.0,3.3793103448275863,29,29.0,1.0,257.0,0,0
high_compressibility,5,capacity_aware_static,C,1,12,0.4827586206896552,1.0,3.3793103448275863,29,29.0,1.0,257.0,0,0
high_compressibility,5,capacity_aware_static,C,1,13,0.4827586206896552,1.0,3.3793103448275863,29,29.0,1.0,257.0,0,0
high_compressibility,5,capacity_aware_static,C,1,14,0.4827586206896552,1.0,3.3793103448275863,29,29.0,1.0,257.0,0,0
high_compressibility,5,capacity_aware_static,C,1,15,0.4827586206896552,1.0,3.3793103448275863,29,29.0,1.0,257.0,0,0
high_compressibility,5,capacity_aware_static,C,2,0,0.4827586206896552,1.0,3.3793103448275863,15,15.0,1.0,161.0,0,0
high_compressibility,5,capacity_aware_static,C,2,1,0.4827586206896552,1.0,3.3793103448275863,15,15.0,1.0,161.0,0,0
high_compressibility,5,capacity_aware_static,C,2,2,0.4827586206896552,1.0,3.3793103448275863,15,15.0,1.0,161.0,0,0
high_compressibility,5,capacity_aware_static,C,2,3,0.4827586206896552,1.0,3.3793103448275863,15,15.0,1.0,161.0,0,0
high_compressibility,5,capacity_aware_static,C,2,4,0.4827586206896552,1.0,3.3793103448275863,15,15.0,1.0,161.0,0,0
high_compressibility,5,capacity_aware_static,C,2,5,0.4827586206896552,1.0,3.3793103448275863,15,15.0,1.0,161.0,0,0
high_compressibility,5,capacity_aware_static,C,2,6,0.4827586206896552,1.0,3.3793103448275863,15,15.0,1.0,161.0,0,0
high_compressibility,5,capacity_aware_static,C,2,7,0.4827586206896552,1.0,3.3793103448275863,15,15.0,1.0,161.0,0,0
high_compressibility,5,capacity_aware_static,C,2,8,0.4827586206896552,1.0,3.3793103448275863,15,15.0,1.0,161.0,0,0
high_compressibility,5,capacity_aware_static,C,2,9,0.4827586206896552,1.0,3.3793103448275863,15,15.0,1.0,161.0,0,0
high_compressibility,5,capacity_aware_static,C,2,10,0.4827586206896552,1.0,3.3793103448275863,15,15.0,1.0,161.0,0,0
high_compressibility,5,capacity_aware_static,C,2,11,0.4827586206896552,1.0,3.3793103448275863,15,15.0,1.0,161.0,0,0
high_compressibility,5,capacity_aware_static,C,2,12,0.4827586206896552,1.0,3.3793103448275863,15,15.0,1.0,161.0,0,0
high_compressibility,5,capacity_aware_static,C,2,13,0.4827586206896552,1.0,3.3793103448275863,15,15.0,1.0,161.0,0,0
high_compressibility,5,capacity_aware_static,C,2,14,0.4827586206896552,1.0,3.3793103448275863,15,15.0,1.0,161.0,0,0
high_compressibility,5,capacity_aware_static,C,2,15,0.4827586206896552,1.0,3.3793103448275863,15,15.0,1.0,161.0,0,0
high_compressibility,5,capacity_aware_static,C,3,0,0.4827586206896552,1.0,3.3793103448275863,10,10.0,1.0,129.0,0,0
high_compressibility,5,capacity_aware_static,C,3,1,0.4827586206896552,1.0,3.3793103448275863,10,10.0,1.0,129.0,0,0
high_compressibility,5,capacity_aware_static,C,3,2,0.4827586206896552,1.0,3.3793103448275863,10,10.0,1.0,129.0,0,0
high_compressibility,5,capacity_aware_static,C,3,3,0.4827586206896552,1.0,3.3793103448275863,10,10.0,1.0,129.0,0,0
high_compressibility,5,capacity_aware_static,C,3,4,0.4827586206896552,1.0,3.3793103448275863,10,10.0,1.0,129.0,0,0
high_compressibility,5,capacity_aware_static,C,3,5,0.4827586206896552,1.0,3.3793103448275863,10,10.0,1.0,129.0,0,0
high_compressibility,5,capacity_aware_static,C,3,6,0.4827586206896552,1.0,3.3793103448275863,10,10.0,1.0,129.0,0,0
high_compressibility,5,capacity_aware_static,C,3,7,0.4827586206896552,1.0,3.3793103448275863,10,10.0,1.0,129.0,0,0
high_compressibility,5,capacity_aware_static,C,3,8,0.4827586206896552,1.0,3.3793103448275863,10,10.0,1.0,129.0,0,0
high_compressibility,5,capacity_aware_static,C,3,9,0.4827586206896552,1.0,3.3793103448275863,10,10.0,1.0,129.0,0,0
high_compressibility,5,capacity_aware_static,C,3,10,0.4827586206896552,1.0,3.3793103448275863,10,10.0,1.0,129.0,0,0
high_compressibility,5,capacity_aware_static,C,3,11,0.4827586206896552,1.0,3.3793103448275863,10,10.0,1.0,129.0,0,0
high_compressibility,5,capacity_aware_static,C,3,12,0.4827586206896552,1.0,3.3793103448275863,10,10.0,1.0,129.0,0,0
high_compressibility,5,capacity_aware_static,C,3,13,0.4827586206896552,1.0,3.3793103448275863,10,10.0,1.0,129.0,0,0
high_compressibility,5,capacity_aware_static,C,3,14,0.4827586206896552,1.0,3.3793103448275863,10,10.0,1.0,129.0,0,0
high_compressibility,5,capacity_aware_static,C,3,15,0.4827586206896552,1.0,3.3793103448275863,10,10.0,1.0,129.0,0,0
high_compressibility,5,capacity_aware_static,C,4,0,0.4827586206896552,1.0,3.3793103448275863,9,9.0,1.0,117.0,0,0
high_compressibility,5,capacity_aware_static,C,4,1,0.4827586206896552,1.0,3.3793103448275863,9,9.0,1.0,117.0,0,0
high_compressibility,5,capacity_aware_static,C,4,2,0.4827586206896552,1.0,3.3793103448275863,9,9.0,1.0,117.0,0,0
high_compressibility,5,capacity_aware_static,C,4,3,0.4827586206896552,1.0,3.3793103448275863,9,9.0,1.0,117.0,0,0
high_compressibility,5,capacity_aware_static,C,4,4,0.4827586206896552,1.0,3.3793103448275863,9,9.0,1.0,117.0,0,0
high_compressibility,5,capacity_aware_static,C,4,5,0.4827586206896552,1.0,3.3793103448275863,9,9.0,1.0,117.0,0,0
high_compressibility,5,capacity_aware_static,C,4,6,0.4827586206896552,1.0,3.3793103448275863,9,9.0,1.0,117.0,0,0
high_compressibility,5,capacity_aware_static,C,4,7,0.4827586206896552,1.0,3.3793103448275863,9,9.0,1.0,117.0,0,0
high_compressibility,5,capacity_aware_static,C,4,8,0.4827586206896552,1.0,3.3793103448275863,9,9.0,1.0,117.0,0,0
high_compressibility,5,capacity_aware_static,C,4,9,0.4827586206896552,1.0,3.3793103448275863,9,9.0,1.0,117.0,0,0
high_compressibility,5,capacity_aware_static,C,4,10,0.4827586206896552,1.0,3.3793103448275863,9,9.0,1.0,117.0,0,0
high_compressibility,5,capacity_aware_static,C,4,11,0.4827586206896552,1.0,3.3793103448275863,9,9.0,1.0,117.0,0,0
high_compressibility,5,capacity_aware_static,C,4,12,0.4827586206896552,1.0,3.3793103448275863,9,9.0,1.0,117.0,0,0
high_compressibility,5,capacity_aware_static,C,4,13,0.4827586206896552,1.0,3.3793103448275863,9,9.0,1.0,117.0,0,0
high_compressibility,5,capacity_aware_static,C,4,14,0.4827586206896552,1.0,3.3793103448275863,9,9.0,1.0,117.0,0,0
high_compressibility,5,capacity_aware_static,C,4,15,0.4827586206896552,1.0,3.3793103448275863,9,9.0,1.0,117.0,0,0
high_compressibility,5,capacity_aware_static,C,5,0,0.4827586206896552,1.0,3.3793103448275863,8,8.0,1.0,111.0,0,0
high_compressibility,5,capacity_aware_static,C,5,1,0.4827586206896552,1.0,3.3793103448275863,8,8.0,1.0,111.0,0,0
high_compressibility,5,capacity_aware_static,C,5,2,0.4827586206896552,1.0,3.3793103448275863,8,8.0,1.0,111.0,0,0
high_compressibility,5,capacity_aware_static,C,5,3,0.4827586206896552,1.0,3.3793103448275863,8,8.0,1.0,111.0,0,0
high_compressibility,5,capacity_aware_static,C,5,4,0.4827586206896552,1.0,3.3793103448275863,8,8.0,1.0,111.0,0,0
high_compressibility,5,capacity_aware_static,C,5,5,0.4827586206896552,1.0,3.3793103448275863,8,8.0,1.0,111.0,0,0
high_compressibility,5,capacity_aware_static,C,5,6,0.4827586206896552,1.0,3.3793103448275863,8,8.0,1.0,111.0,0,0
high_compressibility,5,capacity_aware_static,C,5,7,0.4827586206896552,1.0,3.3793103448275863,8,8.0,1.0,111.0,0,0
high_compressibility,5,capacity_aware_static,C,5,8,0.4827586206896552,1.0,3.3793103448275863,8,8.0,1.0,111.0,0,0
high_compressibility,5,capacity_aware_static,C,5,9,0.4827586206896552,1.0,3.3793103448275863,8,8.0,1.0,111.0,0,0
high_compressibility,5,capacity_aware_static,C,5,10,0.4827586206896552,1.0,3.3793103448275863,8,8.0,1.0,111.0,0,0
high_compressibility,5,capacity_aware_static,C,5,11,0.4827586206896552,1.0,3.3793103448275863,8,8.0,1.0,111.0,0,0
high_compressibility,5,capacity_aware_static,C,5,12,0.4827586206896552,1.0,3.3793103448275863,8,8.0,1.0,111.0,0,0
high_compressibility,5,capacity_aware_static,C,5,13,0.4827586206896552,1.0,3.3793103448275863,8,8.0,1.0,111.0,0,0
high_compressibility,5,capacity_aware_static,C,5,14,0.4827586206896552,1.0,3.3793103448275863,8,8.0,1.0,111.0,0,0
high_compressibility,5,capacity_aware_static,C,5,15,0.4827586206896552,1.0,3.3793103448275863,8,8.0,1.0,111.0,0,0
high_compressibility,5,capacity_aware_static,C,6,0,0.4827586206896552,1.0,3.3793103448275863,8,8.0,1.0,111.0,0,0
high_compressibility,5,capacity_aware_static,C,6,1,0.4827586206896552,1.0,3.3793103448275863,8,8.0,1.0,111.0,0,0
high_compressibility,5,capacity_aware_static,C,6,2,0.4827586206896552,1.0,3.3793103448275863,8,8.0,1.0,111.0,0,0
high_compressibility,5,capacity_aware_static,C,6,3,0.4827586206896552,1.0,3.3793103448275863,8,8.0,1.0,111.0,0,0
high_compressibility,5,capacity_aware_static,C,6,4,0.4827586206896552,1.0,3.3793103448275863,8,8.0,1.0,111.0,0,0
high_compressibility,5,capacity_aware_static,C,6,5,0.4827586206896552,1.0,3.3793103448275863,8,8.0,1.0,111.0,0,0
high_compressibility,5,capacity_aware_static,C,6,6,0.4827586206896552,1.0,3.3793103448275863,8,8.0,1.0,111.0,0,0
high_compressibility,5,capacity_aware_static,C,6,7,0.4827586206896552,1.0,3.3793103448275863,8,8.0,1.0,111.0,0,0
high_compressibility,5,capacity_aware_static,C,6,8,0.4827586206896552,1.0,3.3793103448275863,8,8.0,1.0,111.0,0,0
high_compressibility,5,capacity_aware_static,C,6,9,0.4827586206896552,1.0,3.3793103448275863,8,8.0,1.0,111.0,0,0
high_compressibility,5,capacity_aware_static,C,6,10,0.4827586206896552,1.0,3.3793103448275863,8,8.0,1.0,111.0,0,0
high_compressibility,5,capacity_aware_static,C,6,11,0.4827586206896552,1.0,3.3793103448275863,8,8.0,1.0,111.0,0,0
high_compressibility,5,capacity_aware_static,C,6,12,0.4827586206896552,1.0,3.3793103448275863,8,8.0,1.0,111.0,0,0
high_compressibility,5,capacity_aware_static,C,6,13,0.4827586206896552,1.0,3.3793103448275863,8,8.0,1.0,111.0,0,0
high_compressibility,5,capacity_aware_static,C,6,14,0.4827586206896552,1.0,3.3793103448275863,8,8.0,1.0,111.0,0,0
high_compressibility,5,capacity_aware_static,C,6,15,0.4827586206896552,1.0,3.3793103448275863,8,8.0,1.0,111.0,0,0
high_compressibility,5,capacity_aware_static,C,7,0,0.4827586206896552,1.0,3.3793103448275863,8,8.0,1.0,114.0,0,0
high_compressibility,5,capacity_aware_static,C,7,1,0.4827586206896552,1.0,3.3793103448275863,8,8.0,1.0,114.0,0,0
high_compressibility,5,capacity_aware_static,C,7,2,0.4827586206896552,1.0,3.3793103448275863,8,8.0,1.0,114.0,0,0
high_compressibility,5,capacity_aware_static,C,7,3,0.4827586206896552,1.0,3.3793103448275863,8,8.0,1.0,114.0,0,0
high_compressibility,5,capacity_aware_static,C,7,4,0.4827586206896552,1.0,3.3793103448275863,8,8.0,1.0,114.0,0,0
high_compressibility,5,capacity_aware_static,C,7,5,0.4827586206896552,1.0,3.3793103448275863,8,8.0,1.0,114.0,0,0
high_compressibility,5,capacity_aware_static,C,7,6,0.4827586206896552,1.0,3.3793103448275863,8,8.0,1.0,114.0,0,0
high_compressibility,5,capacity_aware_static,C,7,7,0.4827586206896552,1.0,3.3793103448275863,8,8.0,1.0,114.0,0,0
high_compressibility,5,capacity_aware_static,C,7,8,0.4827586206896552,1.0,3.3793103448275863,8,8.0,1.0,114.0,0,0
high_compressibility,5,capacity_aware_static,C,7,9,0.4827586206896552,1.0,3.3793103448275863,8,8.0,1.0,114.0,0,0
high_compressibility,5,capacity_aware_static,C,7,10,0.4827586206896552,1.0,3.3793103448275863,8,8.0,1.0,114.0,0,0
high_compressibility,5,capacity_aware_static,C,7,11,0.4827586206896552,1.0,3.3793103448275863,8,8.0,1.0,114.0,0,0
high_compressibility,5,capacity_aware_static,C,7,12,0.4827586206896552,1.0,3.3793103448275863,8,8.0,1.0,114.0,0,0
high_compressibility,5,capacity_aware_static,C,7,13,0.4827586206896552,1.0,3.3793103448275863,8,8.0,1.0,114.0,0,0
high_compressibility,5,capacity_aware_static,C,7,14,0.4827586206896552,1.0,3.3793103448275863,8,8.0,1.0,114.0,0,0
high_compressibility,5,capacity_aware_static,C,7,15,0.4827586206896552,1.0,3.3793103448275863,8,8.0,1.0,114.0,0,0
high_compressibility,5,smoothed,none,1,2,0.4827586206896552,1.0,3.3793103448275863,10,29.0,2.9,459.0,19,19
high_compressibility,5,smoothed,none,1,3,0.4827586206896552,1.0,3.3793103448275863,10,29.0,2.9,459.0,19,19
high_compressibility,5,smoothed,none,1,4,0.4827586206896552,1.0,3.3793103448275863,10,29.0,2.9,459.0,19,19
high_compressibility,5,smoothed,none,1,5,0.4827586206896552,1.0,3.3793103448275863,10,29.0,2.9,459.0,19,19
high_compressibility,5,smoothed,none,1,6,0.4827586206896552,1.0,3.3793103448275863,10,29.0,2.9,459.0,19,19
high_compressibility,5,smoothed,none,1,7,0.4827586206896552,1.0,3.3793103448275863,10,29.0,2.9,459.0,19,19
high_compressibility,5,smoothed,none,1,8,0.4827586206896552,1.0,3.3793103448275863,10,29.0,2.9,459.0,19,19
high_compressibility,5,smoothed,none,1,9,0.4827586206896552,1.0,3.3793103448275863,10,29.0,2.9,459.0,19,19
high_compressibility,5,smoothed,none,1,10,0.4827586206896552,1.0,3.3793103448275863,10,29.0,2.9,459.0,19,19
high_compressibility,5,smoothed,none,1,11,0.4827586206896552,1.0,3.3793103448275863,10,29.0,2.9,459.0,19,19
high_compressibility,5,smoothed,none,1,12,0.4827586206896552,1.0,3.3793103448275863,10,29.0,2.9,459.0,19,19
high_compressibility,5,smoothed,none,1,13,0.4827586206896552,1.0,3.3793103448275863,10,29.0,2.9,459.0,19,19
high_compressibility,5,smoothed,none,1,14,0.4827586206896552,1.0,3.3793103448275863,10,29.0,2.9,459.0,19,19
high_compressibility,5,smoothed,none,1,15,0.4827586206896552,1.0,3.3793103448275863,10,29.0,2.9,459.0,19,19
high_compressibility,5,smoothed,none,2,1,0.4827586206896552,1.0,3.3793103448275863,10,19.0,1.9,305.0,9,9
high_compressibility,5,smoothed,none,2,2,0.4827586206896552,1.0,3.3793103448275863,10,15.0,1.5,230.0,9,9
high_compressibility,5,smoothed,none,2,3,0.4827586206896552,1.0,3.3793103448275863,10,15.0,1.5,230.0,9,9
high_compressibility,5,smoothed,none,2,4,0.4827586206896552,1.0,3.3793103448275863,10,15.0,1.5,230.0,9,9
high_compressibility,5,smoothed,none,2,5,0.4827586206896552,1.0,3.3793103448275863,10,15.0,1.5,230.0,9,9
high_compressibility,5,smoothed,none,2,6,0.4827586206896552,1.0,3.3793103448275863,10,15.0,1.5,230.0,9,9
high_compressibility,5,smoothed,none,2,7,0.4827586206896552,1.0,3.3793103448275863,10,15.0,1.5,230.0,9,9
high_compressibility,5,smoothed,none,2,8,0.4827586206896552,1.0,3.3793103448275863,10,15.0,1.5,230.0,9,9
high_compressibility,5,smoothed,none,2,9,0.4827586206896552,1.0,3.3793103448275863,10,15.0,1.5,230.0,9,9
high_compressibility,5,smoothed,none,2,10,0.4827586206896552,1.0,3.3793103448275863,10,15.0,1.5,230.0,9,9
high_compressibility,5,smoothed,none,2,11,0.4827586206896552,1.0,3.3793103448275863,10,15.0,1.5,230.0,9,9
high_compressibility,5,smoothed,none,2,12,0.4827586206896552,1.0,3.3793103448275863,10,15.0,1.5,230.0,9,9
high_compressibility,5,smoothed,none,2,13,0.4827586206896552,1.0,3.3793103448275863,10,15.0,1.5,230.0,9,9
high_compressibility,5,smoothed,none,2,14,0.4827586206896552,1.0,3.3793103448275863,10,15.0,1.5,230.0,9,9
high_compressibility,5,smoothed,none,2,15,0.4827586206896552,1.0,3.3793103448275863,10,15.0,1.5,230.0,9,9
high_compressibility,5,smoothed,none,3,0,0.4827586206896552,1.0,3.3793103448275863,10,10.0,1.0,154.0,0,0
high_compressibility,5,smoothed,none,3,1,0.4827586206896552,1.0,3.3793103448275863,10,10.0,1.0,154.0,0,0
high_compressibility,5,smoothed,none,3,2,0.4827586206896552,1.0,3.3793103448275863,10,10.0,1.0,154.0,0,0
high_compressibility,5,smoothed,none,3,3,0.4827586206896552,1.0,3.3793103448275863,10,10.0,1.0,154.0,0,0
high_compressibility,5,smoothed,none,3,4,0.4827586206896552,1.0,3.3793103448275863,10,10.0,1.0,154.0,0,0
high_compressibility,5,smoothed,none,3,5,0.4827586206896552,1.0,3.3793103448275863,10,10.0,1.0,154.0,0,0
high_compressibility,5,smoothed,none,3,6,0.4827586206896552,1.0,3.3793103448275863,10,10.0,1.0,154.0,0,0
high_compressibility,5,smoothed,none,3,7,0.4827586206896552,1.0,3.3793103448275863,10,10.0,1.0,154.0,0,0
high_compressibility,5,smoothed,none,3,8,0.4827586206896552,1.0,3.3793103448275863,10,10.0,1.0,154.0,0,0
high_compressibility,5,smoothed,none,3,9,0.4827586206896552,1.0,3.3793103448275863,10,10.0,1.0,154.0,0,0
high_compressibility,5,smoothed,none,3,10,0.4827586206896552,1.0,3.3793103448275863,10,10.0,1.0,154.0,0,0
high_compressibility,5,smoothed,none,3,11,0.4827586206896552,1.0,3.3793103448275863,10,10.0,1.0,154.0,0,0
high_compressibility,5,smoothed,none,3,12,0.4827586206896552,1.0,3.3793103448275863,10,10.0,1.0,154.0,0,0
high_compressibility,5,smoothed,none,3,13,0.4827586206896552,1.0,3.3793103448275863,10,10.0,1.0,154.0,0,0
high_compressibility,5,smoothed,none,3,14,0.4827586206896552,1.0,3.3793103448275863,10,10.0,1.0,154.0,0,0
high_compressibility,5,smoothed,none,3,15,0.4827586206896552,1.0,3.3793103448275863,10,10.0,1.0,154.0,0,0
high_compressibility,5,smoothed,none,4,0,0.4827586206896552,1.0,3.3793103448275863,10,10.0,1.0,154.0,0,0
high_compressibility,5,smoothed,none,4,1,0.4827586206896552,1.0,3.3793103448275863,10,10.0,1.0,154.0,0,0
high_compressibility,5,smoothed,none,4,2,0.4827586206896552,1.0,3.3793103448275863,10,10.0,1.0,154.0,0,0
high_compressibility,5,smoothed,none,4,3,0.4827586206896552,1.0,3.3793103448275863,10,10.0,1.0,154.0,0,0
high_compressibility,5,smoothed,none,4,4,0.4827586206896552,1.0,3.3793103448275863,10,10.0,1.0,154.0,0,0
high_compressibility,5,smoothed,none,4,5,0.4827586206896552,1.0,3.3793103448275863,10,10.0,1.0,154.0,0,0
high_compressibility,5,smoothed,none,4,6,0.4827586206896552,1.0,3.3793103448275863,10,10.0,1.0,154.0,0,0
high_compressibility,5,smoothed,none,4,7,0.4827586206896552,1.0,3.3793103448275863,10,10.0,1.0,154.0,0,0
high_compressibility,5,smoothed,none,4,8,0.4827586206896552,1.0,3.3793103448275863,10,10.0,1.0,154.0,0,0
high_compressibility,5,smoothed,none,4,9,0.4827586206896552,1.0,3.3793103448275863,10,10.0,1.0,154.0,0,0
high_compressibility,5,smoothed,none,4,10,0.4827586206896552,1.0,3.3793103448275863,10,10.0,1.0,154.0,0,0
high_compressibility,5,smoothed,none,4,11,0.4827586206896552,1.0,3.3793103448275863,10,10.0,1.0,154.0,0,0
high_compressibility,5,smoothed,none,4,12,0.4827586206896552,1.0,3.3793103448275863,10,10.0,1.0,154.0,0,0
high_compressibility,5,smoothed,none,4,13,0.4827586206896552,1.0,3.3793103448275863,10,10.0,1.0,154.0,0,0
high_compressibility,5,smoothed,none,4,14,0.4827586206896552,1.0,3.3793103448275863,10,10.0,1.0,154.0,0,0
high_compressibility,5,smoothed,none,4,15,0.4827586206896552,1.0,3.3793103448275863,10,10.0,1.0,154.0,0,0
high_compressibility,5,smoothed,none,5,0,0.4827586206896552,1.0,3.3793103448275863,10,10.0,1.0,154.0,0,0
high_compressibility,5,smoothed,none,5,1,0.4827586206896552,1.0,3.3793103448275863,10,10.0,1.0,154.0,0,0
high_compressibility,5,smoothed,none,5,2,0.4827586206896552,1.0,3.3793103448275863,10,10.0,1.0,154.0,0,0
high_compressibility,5,smoothed,none,5,3,0.4827586206896552,1.0,3.3793103448275863,10,10.0,1.0,154.0,0,0
high_compressibility,5,smoothed,none,5,4,0.4827586206896552,1.0,3.3793103448275863,10,10.0,1.0,154.0,0,0
high_compressibility,5,smoothed,none,5,5,0.4827586206896552,1.0,3.3793103448275863,10,10.0,1.0,154.0,0,0
high_compressibility,5,smoothed,none,5,6,0.4827586206896552,1.0,3.3793103448275863,10,10.0,1.0,154.0,0,0
high_compressibility,5,smoothed,none,5,7,0.4827586206896552,1.0,3.3793103448275863,10,10.0,1.0,154.0,0,0
high_compressibility,5,smoothed,none,5,8,0.4827586206896552,1.0,3.3793103448275863,10,10.0,1.0,154.0,0,0
high_compressibility,5,smoothed,none,5,9,0.4827586206896552,1.0,3.3793103448275863,10,10.0,1.0,154.0,0,0
high_compressibility,5,smoothed,none,5,10,0.4827586206896552,1.0,3.3793103448275863,10,10.0,1.0,154.0,0,0
high_compressibility,5,smoothed,none,5,11,0.4827586206896552,1.0,3.3793103448275863,10,10.0,1.0,154.0,0,0
high_compressibility,5,smoothed,none,5,12,0.4827586206896552,1.0,3.3793103448275863,10,10.0,1.0,154.0,0,0
high_compressibility,5,smoothed,none,5,13,0.4827586206896552,1.0,3.3793103448275863,10,10.0,1.0,154.0,0,0
high_compressibility,5,smoothed,none,5,14,0.4827586206896552,1.0,3.3793103448275863,10,10.0,1.0,154.0,0,0
high_compressibility,5,smoothed,none,5,15,0.4827586206896552,1.0,3.3793103448275863,10,10.0,1.0,154.0,0,0
high_compressibility,5,smoothed,none,6,0,0.4827586206896552,1.0,3.3793103448275863,10,10.0,1.0,154.0,0,0
high_compressibility,5,smoothed,none,6,1,0.4827586206896552,1.0,3.3793103448275863,10,10.0,1.0,154.0,0,0
high_compressibility,5,smoothed,none,6,2,0.4827586206896552,1.0,3.3793103448275863,10,10.0,1.0,154.0,0,0
high_compressibility,5,smoothed,none,6,3,0.4827586206896552,1.0,3.3793103448275863,10,10.0,1.0,154.0,0,0
high_compressibility,5,smoothed,none,6,4,0.4827586206896552,1.0,3.3793103448275863,10,10.0,1.0,154.0,0,0
high_compressibility,5,smoothed,none,6,5,0.4827586206896552,1.0,3.3793103448275863,10,10.0,1.0,154.0,0,0
high_compressibility,5,smoothed,none,6,6,0.4827586206896552,1.0,3.3793103448275863,10,10.0,1.0,154.0,0,0
high_compressibility,5,smoothed,none,6,7,0.4827586206896552,1.0,3.3793103448275863,10,10.0,1.0,154.0,0,0
high_compressibility,5,smoothed,none,6,8,0.4827586206896552,1.0,3.3793103448275863,10,10.0,1.0,154.0,0,0
high_compressibility,5,smoothed,none,6,9,0.4827586206896552,1.0,3.3793103448275863,10,10.0,1.0,154.0,0,0
high_compressibility,5,smoothed,none,6,10,0.4827586206896552,1.0,3.3793103448275863,10,10.0,1.0,154.0,0,0
high_compressibility,5,smoothed,none,6,11,0.4827586206896552,1.0,3.3793103448275863,10,10.0,1.0,154.0,0,0
high_compressibility,5,smoothed,none,6,12,0.4827586206896552,1.0,3.3793103448275863,10,10.0,1.0,154.0,0,0
high_compressibility,5,smoothed,none,6,13,0.4827586206896552,1.0,3.3793103448275863,10,10.0,1.0,154.0,0,0
high_compressibility,5,smoothed,none,6,14,0.4827586206896552,1.0,3.3793103448275863,10,10.0,1.0,154.0,0,0
high_compressibility,5,smoothed,none,6,15,0.4827586206896552,1.0,3.3793103448275863,10,10.0,1.0,154.0,0,0
high_compressibility,5,smoothed,none,7,0,0.4827586206896552,1.0,3.3793103448275863,10,10.0,1.0,154.0,0,0
high_compressibility,5,smoothed,none,7,1,0.4827586206896552,1.0,3.3793103448275863,10,10.0,1.0,154.0,0,0
high_compressibility,5,smoothed,none,7,2,0.4827586206896552,1.0,3.3793103448275863,10,10.0,1.0,154.0,0,0
high_compressibility,5,smoothed,none,7,3,0.4827586206896552,1.0,3.3793103448275863,10,10.0,1.0,154.0,0,0
high_compressibility,5,smoothed,none,7,4,0.4827586206896552,1.0,3.3793103448275863,10,10.0,1.0,154.0,0,0
high_compressibility,5,smoothed,none,7,5,0.4827586206896552,1.0,3.3793103448275863,10,10.0,1.0,154.0,0,0
high_compressibility,5,smoothed,none,7,6,0.4827586206896552,1.0,3.3793103448275863,10,10.0,1.0,154.0,0,0
high_compressibility,5,smoothed,none,7,7,0.4827586206896552,1.0,3.3793103448275863,10,10.0,1.0,154.0,0,0
high_compressibility,5,smoothed,none,7,8,0.4827586206896552,1.0,3.3793103448275863,10,10.0,1.0,154.0,0,0
high_compressibility,5,smoothed,none,7,9,0.4827586206896552,1.0,3.3793103448275863,10,10.0,1.0,154.0,0,0
high_compressibility,5,smoothed,none,7,10,0.4827586206896552,1.0,3.3793103448275863,10,10.0,1.0,154.0,0,0
high_compressibility,5,smoothed,none,7,11,0.4827586206896552,1.0,3.3793103448275863,10,10.0,1.0,154.0,0,0
high_compressibility,5,smoothed,none,7,12,0.4827586206896552,1.0,3.3793103448275863,10,10.0,1.0,154.0,0,0
high_compressibility,5,smoothed,none,7,13,0.4827586206896552,1.0,3.3793103448275863,10,10.0,1.0,154.0,0,0
high_compressibility,5,smoothed,none,7,14,0.4827586206896552,1.0,3.3793103448275863,10,10.0,1.0,154.0,0,0
high_compressibility,5,smoothed,none,7,15,0.4827586206896552,1.0,3.3793103448275863,10,10.0,1.0,154.0,0,0
high_compressibility,5,static_min,none,1,6,0.4827586206896552,1.0,3.3793103448275863,8,31.0,3.875,425.0,23,23
high_compressibility,5,static_min,none,1,7,0.4827586206896552,1.0,3.3793103448275863,8,31.0,3.875,425.0,23,23
high_compressibility,5,static_min,none,1,8,0.4827586206896552,1.0,3.3793103448275863,8,31.0,3.875,425.0,23,23
high_compressibility,5,static_min,none,1,9,0.4827586206896552,1.0,3.3793103448275863,8,31.0,3.875,425.0,23,23
high_compressibility,5,static_min,none,1,10,0.4827586206896552,1.0,3.3793103448275863,8,31.0,3.875,425.0,23,23
high_compressibility,5,static_min,none,1,11,0.4827586206896552,1.0,3.3793103448275863,8,31.0,3.875,425.0,23,23
high_compressibility,5,static_min,none,1,12,0.4827586206896552,1.0,3.3793103448275863,8,31.0,3.875,425.0,23,23
high_compressibility,5,static_min,none,1,13,0.4827586206896552,1.0,3.3793103448275863,8,31.0,3.875,425.0,23,23
high_compressibility,5,static_min,none,1,14,0.4827586206896552,1.0,3.3793103448275863,8,31.0,3.875,425.0,23,23
high_compressibility,5,static_min,none,1,15,0.4827586206896552,1.0,3.3793103448275863,8,31.0,3.875,425.0,23,23
high_compressibility,5,static_min,none,2,5,0.4827586206896552,1.0,3.3793103448275863,8,17.0,2.125,230.0,17,17
high_compressibility,5,static_min,none,2,6,0.4827586206896552,1.0,3.3793103448275863,8,17.0,2.125,231.0,17,17
high_compressibility,5,static_min,none,2,7,0.4827586206896552,1.0,3.3793103448275863,8,17.0,2.125,231.0,17,17
high_compressibility,5,static_min,none,2,8,0.4827586206896552,1.0,3.3793103448275863,8,17.0,2.125,231.0,17,17
high_compressibility,5,static_min,none,2,9,0.4827586206896552,1.0,3.3793103448275863,8,17.0,2.125,231.0,17,17
high_compressibility,5,static_min,none,2,10,0.4827586206896552,1.0,3.3793103448275863,8,17.0,2.125,231.0,17,17
high_compressibility,5,static_min,none,2,11,0.4827586206896552,1.0,3.3793103448275863,8,17.0,2.125,231.0,17,17
high_compressibility,5,static_min,none,2,12,0.4827586206896552,1.0,3.3793103448275863,8,17.0,2.125,231.0,17,17
high_compressibility,5,static_min,none,2,13,0.4827586206896552,1.0,3.3793103448275863,8,17.0,2.125,231.0,17,17
high_compressibility,5,static_min,none,2,14,0.4827586206896552,1.0,3.3793103448275863,8,17.0,2.125,231.0,17,17
high_compressibility,5,static_min,none,2,15,0.4827586206896552,1.0,3.3793103448275863,8,17.0,2.125,231.0,17,17
high_compressibility,5,static_min,none,3,4,0.4827586206896552,1.0,3.3793103448275863,8,13.0,1.625,176.0,11,11
high_compressibility,5,static_min,none,3,5,0.4827586206896552,1.0,3.3793103448275863,8,12.0,1.5,161.0,11,11
high_compressibility,5,static_min,none,3,6,0.4827586206896552,1.0,3.3793103448275863,8,12.0,1.5,160.0,11,11
high_compressibility,5,static_min,none,3,7,0.4827586206896552,1.0,3.3793103448275863,8,12.0,1.5,160.0,11,11
high_compressibility,5,static_min,none,3,8,0.4827586206896552,1.0,3.3793103448275863,8,12.0,1.5,160.0,11,11
high_compressibility,5,static_min,none,3,9,0.4827586206896552,1.0,3.3793103448275863,8,12.0,1.5,160.0,11,11
high_compressibility,5,static_min,none,3,10,0.4827586206896552,1.0,3.3793103448275863,8,12.0,1.5,160.0,11,11
high_compressibility,5,static_min,none,3,11,0.4827586206896552,1.0,3.3793103448275863,8,12.0,1.5,160.0,11,11
high_compressibility,5,static_min,none,3,12,0.4827586206896552,1.0,3.3793103448275863,8,12.0,1.5,160.0,11,11
high_compressibility,5,static_min,none,3,13,0.4827586206896552,1.0,3.3793103448275863,8,12.0,1.5,160.0,11,11
high_compressibility,5,static_min,none,3,14,0.4827586206896552,1.0,3.3793103448275863,8,12.0,1.5,160.0,11,11
high_compressibility,5,static_min,none,3,15,0.4827586206896552,1.0,3.3793103448275863,8,12.0,1.5,160.0,11,11
high_compressibility,5,static_min,none,4,3,0.4827586206896552,1.0,3.3793103448275863,8,10.0,1.25,136.0,5,6
high_compressibility,5,static_min,none,4,4,0.4827586206896552,1.0,3.3793103448275863,8,10.0,1.25,136.0,5,6
high_compressibility,5,static_min,none,4,5,0.4827586206896552,1.0,3.3793103448275863,8,10.0,1.25,136.0,5,6
high_compressibility,5,static_min,none,4,6,0.4827586206896552,1.0,3.3793103448275863,8,10.0,1.25,136.0,5,6
high_compressibility,5,static_min,none,4,7,0.4827586206896552,1.0,3.3793103448275863,8,10.0,1.25,136.0,5,6
high_compressibility,5,static_min,none,4,8,0.4827586206896552,1.0,3.3793103448275863,8,10.0,1.25,136.0,5,6
high_compressibility,5,static_min,none,4,9,0.4827586206896552,1.0,3.3793103448275863,8,10.0,1.25,136.0,5,6
high_compressibility,5,static_min,none,4,10,0.4827586206896552,1.0,3.3793103448275863,8,10.0,1.25,136.0,5,6
high_compressibility,5,static_min,none,4,11,0.4827586206896552,1.0,3.3793103448275863,8,10.0,1.25,136.0,5,6
high_compressibility,5,static_min,none,4,12,0.4827586206896552,1.0,3.3793103448275863,8,10.0,1.25,136.0,5,6
high_compressibility,5,static_min,none,4,13,0.4827586206896552,1.0,3.3793103448275863,8,10.0,1.25,136.0,5,6
high_compressibility,5,static_min,none,4,14,0.4827586206896552,1.0,3.3793103448275863,8,10.0,1.25,136.0,5,6
high_compressibility,5,static_min,none,4,15,0.4827586206896552,1.0,3.3793103448275863,8,10.0,1.25,136.0,5,6
high_compressibility,5,static_min,none,5,2,0.4827586206896552,1.0,3.3793103448275863,8,10.0,1.25,136.0,3,3
high_compressibility,5,static_min,none,5,3,0.4827586206896552,1.0,3.3793103448275863,8,9.0,1.125,122.0,3,3
high_compressibility,5,static_min,none,5,4,0.4827586206896552,1.0,3.3793103448275863,8,9.0,1.125,122.0,3,3
high_compressibility,5,static_min,none,5,5,0.4827586206896552,1.0,3.3793103448275863,8,9.0,1.125,122.0,3,3
high_compressibility,5,static_min,none,5,6,0.4827586206896552,1.0,3.3793103448275863,8,9.0,1.125,122.0,3,3
high_compressibility,5,static_min,none,5,7,0.4827586206896552,1.0,3.3793103448275863,8,9.0,1.125,122.0,3,3
high_compressibility,5,static_min,none,5,8,0.4827586206896552,1.0,3.3793103448275863,8,9.0,1.125,122.0,3,3
high_compressibility,5,static_min,none,5,9,0.4827586206896552,1.0,3.3793103448275863,8,9.0,1.125,122.0,3,3
high_compressibility,5,static_min,none,5,10,0.4827586206896552,1.0,3.3793103448275863,8,9.0,1.125,122.0,3,3
high_compressibility,5,static_min,none,5,11,0.4827586206896552,1.0,3.3793103448275863,8,9.0,1.125,122.0,3,3
high_compressibility,5,static_min,none,5,12,0.4827586206896552,1.0,3.3793103448275863,8,9.0,1.125,122.0,3,3
high_compressibility,5,static_min,none,5,13,0.4827586206896552,1.0,3.3793103448275863,8,9.0,1.125,122.0,3,3
high_compressibility,5,static_min,none,5,14,0.4827586206896552,1.0,3.3793103448275863,8,9.0,1.125,122.0,3,3
high_compressibility,5,static_min,none,5,15,0.4827586206896552,1.0,3.3793103448275863,8,9.0,1.125,122.0,3,3
high_compressibility,5,static_min,none,6,1,0.4827586206896552,1.0,3.3793103448275863,8,9.0,1.125,122.0,1,1
high_compressibility,5,static_min,none,6,2,0.4827586206896552,1.0,3.3793103448275863,8,9.0,1.125,122.0,1,1
high_compressibility,5,static_min,none,6,3,0.4827586206896552,1.0,3.3793103448275863,8,9.0,1.125,122.0,1,1
high_compressibility,5,static_min,none,6,4,0.4827586206896552,1.0,3.3793103448275863,8,9.0,1.125,122.0,1,1
high_compressibility,5,static_min,none,6,5,0.4827586206896552,1.0,3.3793103448275863,8,9.0,1.125,122.0,1,1
high_compressibility,5,static_min,none,6,6,0.4827586206896552,1.0,3.3793103448275863,8,9.0,1.125,122.0,1,1
high_compressibility,5,static_min,none,6,7,0.4827586206896552,1.0,3.3793103448275863,8,9.0,1.125,122.0,1,1
high_compressibility,5,static_min,none,6,8,0.4827586206896552,1.0,3.3793103448275863,8,9.0,1.125,122.0,1,1
high_compressibility,5,static_min,none,6,9,0.4827586206896552,1.0,3.3793103448275863,8,9.0,1.125,122.0,1,1
high_compressibility,5,static_min,none,6,10,0.4827586206896552,1.0,3.3793103448275863,8,9.0,1.125,122.0,1,1
high_compressibility,5,static_min,none,6,11,0.4827586206896552,1.0,3.3793103448275863,8,9.0,1.125,122.0,1,1
high_compressibility,5,static_min,none,6,12,0.4827586206896552,1.0,3.3793103448275863,8,9.0,1.125,122.0,1,1
high_compressibility,5,static_min,none,6,13,0.4827586206896552,1.0,3.3793103448275863,8,9.0,1.125,122.0,1,1
high_compressibility,5,static_min,none,6,14,0.4827586206896552,1.0,3.3793103448275863,8,9.0,1.125,122.0,1,1
high_compressibility,5,static_min,none,6,15,0.4827586206896552,1.0,3.3793103448275863,8,9.0,1.125,122.0,1,1
high_compressibility,5,static_min,none,7,0,0.4827586206896552,1.0,3.3793103448275863,8,8.0,1.0,114.0,0,0
high_compressibility,5,static_min,none,7,1,0.4827586206896552,1.0,3.3793103448275863,8,8.0,1.0,114.0,0,0
high_compressibility,5,static_min,none,7,2,0.4827586206896552,1.0,3.3793103448275863,8,8.0,1.0,114.0,0,0
high_compressibility,5,static_min,none,7,3,0.4827586206896552,1.0,3.3793103448275863,8,8.0,1.0,114.0,0,0
high_compressibility,5,static_min,none,7,4,0.4827586206896552,1.0,3.3793103448275863,8,8.0,1.0,114.0,0,0
high_compressibility,5,static_min,none,7,5,0.4827586206896552,1.0,3.3793103448275863,8,8.0,1.0,114.0,0,0
high_compressibility,5,static_min,none,7,6,0.4827586206896552,1.0,3.3793103448275863,8,8.0,1.0,114.0,0,0
high_compressibility,5,static_min,none,7,7,0.4827586206896552,1.0,3.3793103448275863,8,8.0,1.0,114.0,0,0
high_compressibility,5,static_min,none,7,8,0.4827586206896552,1.0,3.3793103448275863,8,8.0,1.0,114.0,0,0
high_compressibility,5,static_min,none,7,9,0.4827586206896552,1.0,3.3793103448275863,8,8.0,1.0,114.0,0,0
high_compressibility,5,static_min,none,7,10,0.4827586206896552,1.0,3.3793103448275863,8,8.0,1.0,114.0,0,0
high_compressibility,5,static_min,none,7,11,0.4827586206896552,1.0,3.3793103448275863,8,8.0,1.0,114.0,0,0
high_compressibility,5,static_min,none,7,12,0.4827586206896552,1.0,3.3793103448275863,8,8.0,1.0,114.0,0,0
high_compressibility,5,static_min,none,7,13,0.4827586206896552,1.0,3.3793103448275863,8,8.0,1.0,114.0,0,0
high_compressibility,5,static_min,none,7,14,0.4827586206896552,1.0,3.3793103448275863,8,8.0,1.0,114.0,0,0
high_compressibility,5,static_min,none,7,15,0.4827586206896552,1.0,3.3793103448275863,8,8.0,1.0,114.0,0,0
high_compressibility,7,capacity_aware_static,C,1,0,0.4778325123152709,1.0,3.3448275862068964,29,29.0,1.0,335.0,0,0
high_compressibility,7,capacity_aware_static,C,1,1,0.4778325123152709,1.0,3.3448275862068964,29,29.0,1.0,335.0,0,0
high_compressibility,7,capacity_aware_static,C,1,2,0.4778325123152709,1.0,3.3448275862068964,29,29.0,1.0,335.0,0,0
high_compressibility,7,capacity_aware_static,C,1,3,0.4778325123152709,1.0,3.3448275862068964,29,29.0,1.0,335.0,0,0
high_compressibility,7,capacity_aware_static,C,1,4,0.4778325123152709,1.0,3.3448275862068964,29,29.0,1.0,335.0,0,0
high_compressibility,7,capacity_aware_static,C,1,5,0.4778325123152709,1.0,3.3448275862068964,29,29.0,1.0,335.0,0,0
high_compressibility,7,capacity_aware_static,C,1,6,0.4778325123152709,1.0,3.3448275862068964,29,29.0,1.0,335.0,0,0
high_compressibility,7,capacity_aware_static,C,1,7,0.4778325123152709,1.0,3.3448275862068964,29,29.0,1.0,335.0,0,0
high_compressibility,7,capacity_aware_static,C,1,8,0.4778325123152709,1.0,3.3448275862068964,29,29.0,1.0,335.0,0,0
high_compressibility,7,capacity_aware_static,C,1,9,0.4778325123152709,1.0,3.3448275862068964,29,29.0,1.0,335.0,0,0
high_compressibility,7,capacity_aware_static,C,1,10,0.4778325123152709,1.0,3.3448275862068964,29,29.0,1.0,335.0,0,0
high_compressibility,7,capacity_aware_static,C,1,11,0.4778325123152709,1.0,3.3448275862068964,29,29.0,1.0,335.0,0,0
high_compressibility,7,capacity_aware_static,C,1,12,0.4778325123152709,1.0,3.3448275862068964,29,29.0,1.0,335.0,0,0
high_compressibility,7,capacity_aware_static,C,1,13,0.4778325123152709,1.0,3.3448275862068964,29,29.0,1.0,335.0,0,0
high_compressibility,7,capacity_aware_static,C,1,14,0.4778325123152709,1.0,3.3448275862068964,29,29.0,1.0,335.0,0,0
high_compressibility,7,capacity_aware_static,C,1,15,0.4778325123152709,1.0,3.3448275862068964,29,29.0,1.0,335.0,0,0
high_compressibility,7,capacity_aware_static,C,2,0,0.4778325123152709,1.0,3.3448275862068964,15,15.0,1.0,195.0,0,0
high_compressibility,7,capacity_aware_static,C,2,1,0.4778325123152709,1.0,3.3448275862068964,15,15.0,1.0,195.0,0,0
high_compressibility,7,capacity_aware_static,C,2,2,0.4778325123152709,1.0,3.3448275862068964,15,15.0,1.0,195.0,0,0
high_compressibility,7,capacity_aware_static,C,2,3,0.4778325123152709,1.0,3.3448275862068964,15,15.0,1.0,195.0,0,0
high_compressibility,7,capacity_aware_static,C,2,4,0.4778325123152709,1.0,3.3448275862068964,15,15.0,1.0,195.0,0,0
high_compressibility,7,capacity_aware_static,C,2,5,0.4778325123152709,1.0,3.3448275862068964,15,15.0,1.0,195.0,0,0
high_compressibility,7,capacity_aware_static,C,2,6,0.4778325123152709,1.0,3.3448275862068964,15,15.0,1.0,195.0,0,0
high_compressibility,7,capacity_aware_static,C,2,7,0.4778325123152709,1.0,3.3448275862068964,15,15.0,1.0,195.0,0,0
high_compressibility,7,capacity_aware_static,C,2,8,0.4778325123152709,1.0,3.3448275862068964,15,15.0,1.0,195.0,0,0
high_compressibility,7,capacity_aware_static,C,2,9,0.4778325123152709,1.0,3.3448275862068964,15,15.0,1.0,195.0,0,0
high_compressibility,7,capacity_aware_static,C,2,10,0.4778325123152709,1.0,3.3448275862068964,15,15.0,1.0,195.0,0,0
high_compressibility,7,capacity_aware_static,C,2,11,0.4778325123152709,1.0,3.3448275862068964,15,15.0,1.0,195.0,0,0
high_compressibility,7,capacity_aware_static,C,2,12,0.4778325123152709,1.0,3.3448275862068964,15,15.0,1.0,195.0,0,0
high_compressibility,7,capacity_aware_static,C,2,13,0.4778325123152709,1.0,3.3448275862068964,15,15.0,1.0,195.0,0,0
high_compressibility,7,capacity_aware_static,C,2,14,0.4778325123152709,1.0,3.3448275862068964,15,15.0,1.0,195.0,0,0
high_compressibility,7,capacity_aware_static,C,2,15,0.4778325123152709,1.0,3.3448275862068964,15,15.0,1.0,195.0,0,0
high_compressibility,7,capacity_aware_static,C,3,0,0.4778325123152709,1.0,3.3448275862068964,11,11.0,1.0,148.0,0,0
high_compressibility,7,capacity_aware_static,C,3,1,0.4778325123152709,1.0,3.3448275862068964,11,11.0,1.0,148.0,0,0
high_compressibility,7,capacity_aware_static,C,3,2,0.4778325123152709,1.0,3.3448275862068964,11,11.0,1.0,148.0,0,0
high_compressibility,7,capacity_aware_static,C,3,3,0.4778325123152709,1.0,3.3448275862068964,11,11.0,1.0,148.0,0,0
high_compressibility,7,capacity_aware_static,C,3,4,0.4778325123152709,1.0,3.3448275862068964,11,11.0,1.0,148.0,0,0
high_compressibility,7,capacity_aware_static,C,3,5,0.4778325123152709,1.0,3.3448275862068964,11,11.0,1.0,148.0,0,0
high_compressibility,7,capacity_aware_static,C,3,6,0.4778325123152709,1.0,3.3448275862068964,11,11.0,1.0,148.0,0,0
high_compressibility,7,capacity_aware_static,C,3,7,0.4778325123152709,1.0,3.3448275862068964,11,11.0,1.0,148.0,0,0
high_compressibility,7,capacity_aware_static,C,3,8,0.4778325123152709,1.0,3.3448275862068964,11,11.0,1.0,148.0,0,0
high_compressibility,7,capacity_aware_static,C,3,9,0.4778325123152709,1.0,3.3448275862068964,11,11.0,1.0,148.0,0,0
high_compressibility,7,capacity_aware_static,C,3,10,0.4778325123152709,1.0,3.3448275862068964,11,11.0,1.0,148.0,0,0
high_compressibility,7,capacity_aware_static,C,3,11,0.4778325123152709,1.0,3.3448275862068964,11,11.0,1.0,148.0,0,0
high_compressibility,7,capacity_aware_static,C,3,12,0.4778325123152709,1.0,3.3448275862068964,11,11.0,1.0,148.0,0,0
high_compressibility,7,capacity_aware_static,C,3,13,0.4778325123152709,1.0,3.3448275862068964,11,11.0,1.0,148.0,0,0
high_compressibility,7,capacity_aware_static,C,3,14,0.4778325123152709,1.0,3.3448275862068964,11,11.0,1.0,148.0,0,0
high_compressibility,7,capacity_aware_static,C,3,15,0.4778325123152709,1.0,3.3448275862068964,11,11.0,1.0,148.0,0,0
high_compressibility,7,capacity_aware_static,C,4,0,0.4778325123152709,1.0,3.3448275862068964,9,9.0,1.0,127.0,0,0
high_compressibility,7,capacity_aware_static,C,4,1,0.4778325123152709,1.0,3.3448275862068964,9,9.0,1.0,127.0,0,0
high_compressibility,7,capacity_aware_static,C,4,2,0.4778325123152709,1.0,3.3448275862068964,9,9.0,1.0,127.0,0,0
high_compressibility,7,capacity_aware_static,C,4,3,0.4778325123152709,1.0,3.3448275862068964,9,9.0,1.0,127.0,0,0
high_compressibility,7,capacity_aware_static,C,4,4,0.4778325123152709,1.0,3.3448275862068964,9,9.0,1.0,127.0,0,0
high_compressibility,7,capacity_aware_static,C,4,5,0.4778325123152709,1.0,3.3448275862068964,9,9.0,1.0,127.0,0,0
high_compressibility,7,capacity_aware_static,C,4,6,0.4778325123152709,1.0,3.3448275862068964,9,9.0,1.0,127.0,0,0
high_compressibility,7,capacity_aware_static,C,4,7,0.4778325123152709,1.0,3.3448275862068964,9,9.0,1.0,127.0,0,0
high_compressibility,7,capacity_aware_static,C,4,8,0.4778325123152709,1.0,3.3448275862068964,9,9.0,1.0,127.0,0,0
high_compressibility,7,capacity_aware_static,C,4,9,0.4778325123152709,1.0,3.3448275862068964,9,9.0,1.0,127.0,0,0
high_compressibility,7,capacity_aware_static,C,4,10,0.4778325123152709,1.0,3.3448275862068964,9,9.0,1.0,127.0,0,0
high_compressibility,7,capacity_aware_static,C,4,11,0.4778325123152709,1.0,3.3448275862068964,9,9.0,1.0,127.0,0,0
high_compressibility,7,capacity_aware_static,C,4,12,0.4778325123152709,1.0,3.3448275862068964,9,9.0,1.0,127.0,0,0
high_compressibility,7,capacity_aware_static,C,4,13,0.4778325123152709,1.0,3.3448275862068964,9,9.0,1.0,127.0,0,0
high_compressibility,7,capacity_aware_static,C,4,14,0.4778325123152709,1.0,3.3448275862068964,9,9.0,1.0,127.0,0,0
high_compressibility,7,capacity_aware_static,C,4,15,0.4778325123152709,1.0,3.3448275862068964,9,9.0,1.0,127.0,0,0
high_compressibility,7,capacity_aware_static,C,5,0,0.4778325123152709,1.0,3.3448275862068964,8,8.0,1.0,116.0,0,0
high_compressibility,7,capacity_aware_static,C,5,1,0.4778325123152709,1.0,3.3448275862068964,8,8.0,1.0,116.0,0,0
high_compressibility,7,capacity_aware_static,C,5,2,0.4778325123152709,1.0,3.3448275862068964,8,8.0,1.0,116.0,0,0
high_compressibility,7,capacity_aware_static,C,5,3,0.4778325123152709,1.0,3.3448275862068964,8,8.0,1.0,116.0,0,0
high_compressibility,7,capacity_aware_static,C,5,4,0.4778325123152709,1.0,3.3448275862068964,8,8.0,1.0,116.0,0,0
high_compressibility,7,capacity_aware_static,C,5,5,0.4778325123152709,1.0,3.3448275862068964,8,8.0,1.0,116.0,0,0
high_compressibility,7,capacity_aware_static,C,5,6,0.4778325123152709,1.0,3.3448275862068964,8,8.0,1.0,116.0,0,0
high_compressibility,7,capacity_aware_static,C,5,7,0.4778325123152709,1.0,3.3448275862068964,8,8.0,1.0,116.0,0,0
high_compressibility,7,capacity_aware_static,C,5,8,0.4778325123152709,1.0,3.3448275862068964,8,8.0,1.0,116.0,0,0
high_compressibility,7,capacity_aware_static,C,5,9,0.4778325123152709,1.0,3.3448275862068964,8,8.0,1.0,116.0,0,0
high_compressibility,7,capacity_aware_static,C,5,10,0.4778325123152709,1.0,3.3448275862068964,8,8.0,1.0,116.0,0,0
high_compressibility,7,capacity_aware_static,C,5,11,0.4778325123152709,1.0,3.3448275862068964,8,8.0,1.0,116.0,0,0
high_compressibility,7,capacity_aware_static,C,5,12,0.4778325123152709,1.0,3.3448275862068964,8,8.0,1.0,116.0,0,0
high_compressibility,7,capacity_aware_static,C,5,13,0.4778325123152709,1.0,3.3448275862068964,8,8.0,1.0,116.0,0,0
high_compressibility,7,capacity_aware_static,C,5,14,0.4778325123152709,1.0,3.3448275862068964,8,8.0,1.0,116.0,0,0
high_compressibility,7,capacity_aware_static,C,5,15,0.4778325123152709,1.0,3.3448275862068964,8,8.0,1.0,116.0,0,0
high_compressibility,7,capacity_aware_static,C,6,0,0.4778325123152709,1.0,3.3448275862068964,8,8.0,1.0,117.0,0,0
high_compressibility,7,capacity_aware_static,C,6,1,0.4778325123152709,1.0,3.3448275862068964,8,8.0,1.0,117.0,0,0
high_compressibility,7,capacity_aware_static,C,6,2,0.4778325123152709,1.0,3.3448275862068964,8,8.0,1.0,117.0,0,0
high_compressibility,7,capacity_aware_static,C,6,3,0.4778325123152709,1.0,3.3448275862068964,8,8.0,1.0,117.0,0,0
high_compressibility,7,capacity_aware_static,C,6,4,0.4778325123152709,1.0,3.3448275862068964,8,8.0,1.0,117.0,0,0
high_compressibility,7,capacity_aware_static,C,6,5,0.4778325123152709,1.0,3.3448275862068964,8,8.0,1.0,117.0,0,0
high_compressibility,7,capacity_aware_static,C,6,6,0.4778325123152709,1.0,3.3448275862068964,8,8.0,1.0,117.0,0,0
high_compressibility,7,capacity_aware_static,C,6,7,0.4778325123152709,1.0,3.3448275862068964,8,8.0,1.0,117.0,0,0
high_compressibility,7,capacity_aware_static,C,6,8,0.4778325123152709,1.0,3.3448275862068964,8,8.0,1.0,117.0,0,0
high_compressibility,7,capacity_aware_static,C,6,9,0.4778325123152709,1.0,3.3448275862068964,8,8.0,1.0,117.0,0,0
high_compressibility,7,capacity_aware_static,C,6,10,0.4778325123152709,1.0,3.3448275862068964,8,8.0,1.0,117.0,0,0
high_compressibility,7,capacity_aware_static,C,6,11,0.4778325123152709,1.0,3.3448275862068964,8,8.0,1.0,117.0,0,0
high_compressibility,7,capacity_aware_static,C,6,12,0.4778325123152709,1.0,3.3448275862068964,8,8.0,1.0,117.0,0,0
high_compressibility,7,capacity_aware_static,C,6,13,0.4778325123152709,1.0,3.3448275862068964,8,8.0,1.0,117.0,0,0
high_compressibility,7,capacity_aware_static,C,6,14,0.4778325123152709,1.0,3.3448275862068964,8,8.0,1.0,117.0,0,0
high_compressibility,7,capacity_aware_static,C,6,15,0.4778325123152709,1.0,3.3448275862068964,8,8.0,1.0,117.0,0,0
high_compressibility,7,capacity_aware_static,C,7,0,0.4778325123152709,1.0,3.3448275862068964,8,8.0,1.0,117.0,0,0
high_compressibility,7,capacity_aware_static,C,7,1,0.4778325123152709,1.0,3.3448275862068964,8,8.0,1.0,117.0,0,0
high_compressibility,7,capacity_aware_static,C,7,2,0.4778325123152709,1.0,3.3448275862068964,8,8.0,1.0,117.0,0,0
high_compressibility,7,capacity_aware_static,C,7,3,0.4778325123152709,1.0,3.3448275862068964,8,8.0,1.0,117.0,0,0
high_compressibility,7,capacity_aware_static,C,7,4,0.4778325123152709,1.0,3.3448275862068964,8,8.0,1.0,117.0,0,0
high_compressibility,7,capacity_aware_static,C,7,5,0.4778325123152709,1.0,3.3448275862068964,8,8.0,1.0,117.0,0,0
high_compressibility,7,capacity_aware_static,C,7,6,0.4778325123152709,1.0,3.3448275862068964,8,8.0,1.0,117.0,0,0
high_compressibility,7,capacity_aware_static,C,7,7,0.4778325123152709,1.0,3.3448275862068964,8,8.0,1.0,117.0,0,0
high_compressibility,7,capacity_aware_static,C,7,8,0.4778325123152709,1.0,3.3448275862068964,8,8.0,1.0,117.0,0,0
high_compressibility,7,capacity_aware_static,C,7,9,0.4778325123152709,1.0,3.3448275862068964,8,8.0,1.0,117.0,0,0
high_compressibility,7,capacity_aware_static,C,7,10,0.4778325123152709,1.0,3.3448275862068964,8,8.0,1.0,117.0,0,0
high_compressibility,7,capacity_aware_static,C,7,11,0.4778325123152709,1.0,3.3448275862068964,8,8.0,1.0,117.0,0,0
high_compressibility,7,capacity_aware_static,C,7,12,0.4778325123152709,1.0,3.3448275862068964,8,8.0,1.0,117.0,0,0
high_compressibility,7,capacity_aware_static,C,7,13,0.4778325123152709,1.0,3.3448275862068964,8,8.0,1.0,117.0,0,0
high_compressibility,7,capacity_aware_static,C,7,14,0.4778325123152709,1.0,3.3448275862068964,8,8.0,1.0,117.0,0,0
high_compressibility,7,capacity_aware_static,C,7,15,0.4778325123152709,1.0,3.3448275862068964,8,8.0,1.0,117.0,0,0
high_compressibility,7,smoothed,none,1,2,0.4778325123152709,1.0,3.3448275862068964,10,29.0,2.9,476.0,19,19
high_compressibility,7,smoothed,none,1,3,0.4778325123152709,1.0,3.3448275862068964,10,29.0,2.9,476.0,19,19
high_compressibility,7,smoothed,none,1,4,0.4778325123152709,1.0,3.3448275862068964,10,29.0,2.9,476.0,19,19
high_compressibility,7,smoothed,none,1,5,0.4778325123152709,1.0,3.3448275862068964,10,29.0,2.9,476.0,19,19
high_compressibility,7,smoothed,none,1,6,0.4778325123152709,1.0,3.3448275862068964,10,29.0,2.9,476.0,19,19
high_compressibility,7,smoothed,none,1,7,0.4778325123152709,1.0,3.3448275862068964,10,29.0,2.9,476.0,19,19
high_compressibility,7,smoothed,none,1,8,0.4778325123152709,1.0,3.3448275862068964,10,29.0,2.9,476.0,19,19
high_compressibility,7,smoothed,none,1,9,0.4778325123152709,1.0,3.3448275862068964,10,29.0,2.9,476.0,19,19
high_compressibility,7,smoothed,none,1,10,0.4778325123152709,1.0,3.3448275862068964,10,29.0,2.9,476.0,19,19
high_compressibility,7,smoothed,none,1,11,0.4778325123152709,1.0,3.3448275862068964,10,29.0,2.9,476.0,19,19
high_compressibility,7,smoothed,none,1,12,0.4778325123152709,1.0,3.3448275862068964,10,29.0,2.9,476.0,19,19
high_compressibility,7,smoothed,none,1,13,0.4778325123152709,1.0,3.3448275862068964,10,29.0,2.9,476.0,19,19
high_compressibility,7,smoothed,none,1,14,0.4778325123152709,1.0,3.3448275862068964,10,29.0,2.9,476.0,19,19
high_compressibility,7,smoothed,none,1,15,0.4778325123152709,1.0,3.3448275862068964,10,29.0,2.9,476.0,19,19
high_compressibility,7,smoothed,none,2,1,0.4778325123152709,1.0,3.3448275862068964,10,19.0,1.9,316.0,9,9
high_compressibility,7,smoothed,none,2,2,0.4778325123152709,1.0,3.3448275862068964,10,15.0,1.5,239.0,9,9
high_compressibility,7,smoothed,none,2,3,0.4778325123152709,1.0,3.3448275862068964,10,15.0,1.5,239.0,9,9
high_compressibility,7,smoothed,none,2,4,0.4778325123152709,1.0,3.3448275862068964,10,15.0,1.5,239.0,9,9
high_compressibility,7,smoothed,none,2,5,0.4778325123152709,1.0,3.3448275862068964,10,15.0,1.5,239.0,9,9
high_compressibility,7,smoothed,none,2,6,0.4778325123152709,1.0,3.3448275862068964,10,15.0,1.5,239.0,9,9
high_compressibility,7,smoothed,none,2,7,0.4778325123152709,1.0,3.3448275862068964,10,15.0,1.5,239.0,9,9
high_compressibility,7,smoothed,none,2,8,0.4778325123152709,1.0,3.3448275862068964,10,15.0,1.5,239.0,9,9
high_compressibility,7,smoothed,none,2,9,0.4778325123152709,1.0,3.3448275862068964,10,15.0,1.5,239.0,9,9
high_compressibility,7,smoothed,none,2,10,0.4778325123152709,1.0,3.3448275862068964,10,15.0,1.5,239.0,9,9
high_compressibility,7,smoothed,none,2,11,0.4778325123152709,1.0,3.3448275862068964,10,15.0,1.5,239.0,9,9
high_compressibility,7,smoothed,none,2,12,0.4778325123152709,1.0,3.3448275862068964,10,15.0,1.5,239.0,9,9
high_compressibility,7,smoothed,none,2,13,0.4778325123152709,1.0,3.3448275862068964,10,15.0,1.5,239.0,9,9
high_compressibility,7,smoothed,none,2,14,0.4778325123152709,1.0,3.3448275862068964,10,15.0,1.5,239.0,9,9
high_compressibility,7,smoothed,none,2,15,0.4778325123152709,1.0,3.3448275862068964,10,15.0,1.5,239.0,9,9
high_compressibility,7,smoothed,none,3,0,0.4778325123152709,1.0,3.3448275862068964,10,10.0,1.0,160.0,0,0
high_compressibility,7,smoothed,none,3,1,0.4778325123152709,1.0,3.3448275862068964,10,10.0,1.0,160.0,0,0
high_compressibility,7,smoothed,none,3,2,0.4778325123152709,1.0,3.3448275862068964,10,10.0,1.0,160.0,0,0
high_compressibility,7,smoothed,none,3,3,0.4778325123152709,1.0,3.3448275862068964,10,10.0,1.0,160.0,0,0
high_compressibility,7,smoothed,none,3,4,0.4778325123152709,1.0,3.3448275862068964,10,10.0,1.0,160.0,0,0
high_compressibility,7,smoothed,none,3,5,0.4778325123152709,1.0,3.3448275862068964,10,10.0,1.0,160.0,0,0
high_compressibility,7,smoothed,none,3,6,0.4778325123152709,1.0,3.3448275862068964,10,10.0,1.0,160.0,0,0
high_compressibility,7,smoothed,none,3,7,0.4778325123152709,1.0,3.3448275862068964,10,10.0,1.0,160.0,0,0
high_compressibility,7,smoothed,none,3,8,0.4778325123152709,1.0,3.3448275862068964,10,10.0,1.0,160.0,0,0
high_compressibility,7,smoothed,none,3,9,0.4778325123152709,1.0,3.3448275862068964,10,10.0,1.0,160.0,0,0
high_compressibility,7,smoothed,none,3,10,0.4778325123152709,1.0,3.3448275862068964,10,10.0,1.0,160.0,0,0
high_compressibility,7,smoothed,none,3,11,0.4778325123152709,1.0,3.3448275862068964,10,10.0,1.0,160.0,0,0
high_compressibility,7,smoothed,none,3,12,0.4778325123152709,1.0,3.3448275862068964,10,10.0,1.0,160.0,0,0
high_compressibility,7,smoothed,none,3,13,0.4778325123152709,1.0,3.3448275862068964,10,10.0,1.0,160.0,0,0
high_compressibility,7,smoothed,none,3,14,0.4778325123152709,1.0,3.3448275862068964,10,10.0,1.0,160.0,0,0
high_compressibility,7,smoothed,none,3,15,0.4778325123152709,1.0,3.3448275862068964,10,10.0,1.0,160.0,0,0
high_compressibility,7,smoothed,none,4,0,0.4778325123152709,1.0,3.3448275862068964,10,10.0,1.0,160.0,0,0
high_compressibility,7,smoothed,none,4,1,0.4778325123152709,1.0,3.3448275862068964,10,10.0,1.0,160.0,0,0
high_compressibility,7,smoothed,none,4,2,0.4778325123152709,1.0,3.3448275862068964,10,10.0,1.0,160.0,0,0
high_compressibility,7,smoothed,none,4,3,0.4778325123152709,1.0,3.3448275862068964,10,10.0,1.0,160.0,0,0
high_compressibility,7,smoothed,none,4,4,0.4778325123152709,1.0,3.3448275862068964,10,10.0,1.0,160.0,0,0
high_compressibility,7,smoothed,none,4,5,0.4778325123152709,1.0,3.3448275862068964,10,10.0,1.0,160.0,0,0
high_compressibility,7,smoothed,none,4,6,0.4778325123152709,1.0,3.3448275862068964,10,10.0,1.0,160.0,0,0
high_compressibility,7,smoothed,none,4,7,0.4778325123152709,1.0,3.3448275862068964,10,10.0,1.0,160.0,0,0
high_compressibility,7,smoothed,none,4,8,0.4778325123152709,1.0,3.3448275862068964,10,10.0,1.0,160.0,0,0
high_compressibility,7,smoothed,none,4,9,0.4778325123152709,1.0,3.3448275862068964,10,10.0,1.0,160.0,0,0
high_compressibility,7,smoothed,none,4,10,0.4778325123152709,1.0,3.3448275862068964,10,10.0,1.0,160.0,0,0
high_compressibility,7,smoothed,none,4,11,0.4778325123152709,1.0,3.3448275862068964,10,10.0,1.0,160.0,0,0
high_compressibility,7,smoothed,none,4,12,0.4778325123152709,1.0,3.3448275862068964,10,10.0,1.0,160.0,0,0
high_compressibility,7,smoothed,none,4,13,0.4778325123152709,1.0,3.3448275862068964,10,10.0,1.0,160.0,0,0
high_compressibility,7,smoothed,none,4,14,0.4778325123152709,1.0,3.3448275862068964,10,10.0,1.0,160.0,0,0
high_compressibility,7,smoothed,none,4,15,0.4778325123152709,1.0,3.3448275862068964,10,10.0,1.0,160.0,0,0
high_compressibility,7,smoothed,none,5,0,0.4778325123152709,1.0,3.3448275862068964,10,10.0,1.0,160.0,0,0
high_compressibility,7,smoothed,none,5,1,0.4778325123152709,1.0,3.3448275862068964,10,10.0,1.0,160.0,0,0
high_compressibility,7,smoothed,none,5,2,0.4778325123152709,1.0,3.3448275862068964,10,10.0,1.0,160.0,0,0
high_compressibility,7,smoothed,none,5,3,0.4778325123152709,1.0,3.3448275862068964,10,10.0,1.0,160.0,0,0
high_compressibility,7,smoothed,none,5,4,0.4778325123152709,1.0,3.3448275862068964,10,10.0,1.0,160.0,0,0
high_compressibility,7,smoothed,none,5,5,0.4778325123152709,1.0,3.3448275862068964,10,10.0,1.0,160.0,0,0
high_compressibility,7,smoothed,none,5,6,0.4778325123152709,1.0,3.3448275862068964,10,10.0,1.0,160.0,0,0
high_compressibility,7,smoothed,none,5,7,0.4778325123152709,1.0,3.3448275862068964,10,10.0,1.0,160.0,0,0
high_compressibility,7,smoothed,none,5,8,0.4778325123152709,1.0,3.3448275862068964,10,10.0,1.0,160.0,0,0
high_compressibility,7,smoothed,none,5,9,0.4778325123152709,1.0,3.3448275862068964,10,10.0,1.0,160.0,0,0
high_compressibility,7,smoothed,none,5,10,0.4778325123152709,1.0,3.3448275862068964,10,10.0,1.0,160.0,0,0
high_compressibility,7,smoothed,none,5,11,0.4778325123152709,1.0,3.3448275862068964,10,10.0,1.0,160.0,0,0
high_compressibility,7,smoothed,none,5,12,0.4778325123152709,1.0,3.3448275862068964,10,10.0,1.0,160.0,0,0
high_compressibility,7,smoothed,none,5,13,0.4778325123152709,1.0,3.3448275862068964,10,10.0,1.0,160.0,0,0
high_compressibility,7,smoothed,none,5,14,0.4778325123152709,1.0,3.3448275862068964,10,10.0,1.0,160.0,0,0
high_compressibility,7,smoothed,none,5,15,0.4778325123152709,1.0,3.3448275862068964,10,10.0,1.0,160.0,0,0
high_compressibility,7,smoothed,none,6,0,0.4778325123152709,1.0,3.3448275862068964,10,10.0,1.0,160.0,0,0
high_compressibility,7,smoothed,none,6,1,0.4778325123152709,1.0,3.3448275862068964,10,10.0,1.0,160.0,0,0
high_compressibility,7,smoothed,none,6,2,0.4778325123152709,1.0,3.3448275862068964,10,10.0,1.0,160.0,0,0
high_compressibility,7,smoothed,none,6,3,0.4778325123152709,1.0,3.3448275862068964,10,10.0,1.0,160.0,0,0
high_compressibility,7,smoothed,none,6,4,0.4778325123152709,1.0,3.3448275862068964,10,10.0,1.0,160.0,0,0
high_compressibility,7,smoothed,none,6,5,0.4778325123152709,1.0,3.3448275862068964,10,10.0,1.0,160.0,0,0
high_compressibility,7,smoothed,none,6,6,0.4778325123152709,1.0,3.3448275862068964,10,10.0,1.0,160.0,0,0
high_compressibility,7,smoothed,none,6,7,0.4778325123152709,1.0,3.3448275862068964,10,10.0,1.0,160.0,0,0
high_compressibility,7,smoothed,none,6,8,0.4778325123152709,1.0,3.3448275862068964,10,10.0,1.0,160.0,0,0
high_compressibility,7,smoothed,none,6,9,0.4778325123152709,1.0,3.3448275862068964,10,10.0,1.0,160.0,0,0
high_compressibility,7,smoothed,none,6,10,0.4778325123152709,1.0,3.3448275862068964,10,10.0,1.0,160.0,0,0
high_compressibility,7,smoothed,none,6,11,0.4778325123152709,1.0,3.3448275862068964,10,10.0,1.0,160.0,0,0
high_compressibility,7,smoothed,none,6,12,0.4778325123152709,1.0,3.3448275862068964,10,10.0,1.0,160.0,0,0
high_compressibility,7,smoothed,none,6,13,0.4778325123152709,1.0,3.3448275862068964,10,10.0,1.0,160.0,0,0
high_compressibility,7,smoothed,none,6,14,0.4778325123152709,1.0,3.3448275862068964,10,10.0,1.0,160.0,0,0
high_compressibility,7,smoothed,none,6,15,0.4778325123152709,1.0,3.3448275862068964,10,10.0,1.0,160.0,0,0
high_compressibility,7,smoothed,none,7,0,0.4778325123152709,1.0,3.3448275862068964,10,10.0,1.0,160.0,0,0
high_compressibility,7,smoothed,none,7,1,0.4778325123152709,1.0,3.3448275862068964,10,10.0,1.0,160.0,0,0
high_compressibility,7,smoothed,none,7,2,0.4778325123152709,1.0,3.3448275862068964,10,10.0,1.0,160.0,0,0
high_compressibility,7,smoothed,none,7,3,0.4778325123152709,1.0,3.3448275862068964,10,10.0,1.0,160.0,0,0
high_compressibility,7,smoothed,none,7,4,0.4778325123152709,1.0,3.3448275862068964,10,10.0,1.0,160.0,0,0
high_compressibility,7,smoothed,none,7,5,0.4778325123152709,1.0,3.3448275862068964,10,10.0,1.0,160.0,0,0
high_compressibility,7,smoothed,none,7,6,0.4778325123152709,1.0,3.3448275862068964,10,10.0,1.0,160.0,0,0
high_compressibility,7,smoothed,none,7,7,0.4778325123152709,1.0,3.3448275862068964,10,10.0,1.0,160.0,0,0
high_compressibility,7,smoothed,none,7,8,0.4778325123152709,1.0,3.3448275862068964,10,10.0,1.0,160.0,0,0
high_compressibility,7,smoothed,none,7,9,0.4778325123152709,1.0,3.3448275862068964,10,10.0,1.0,160.0,0,0
high_compressibility,7,smoothed,none,7,10,0.4778325123152709,1.0,3.3448275862068964,10,10.0,1.0,160.0,0,0
high_compressibility,7,smoothed,none,7,11,0.4778325123152709,1.0,3.3448275862068964,10,10.0,1.0,160.0,0,0
high_compressibility,7,smoothed,none,7,12,0.4778325123152709,1.0,3.3448275862068964,10,10.0,1.0,160.0,0,0
high_compressibility,7,smoothed,none,7,13,0.4778325123152709,1.0,3.3448275862068964,10,10.0,1.0,160.0,0,0
high_compressibility,7,smoothed,none,7,14,0.4778325123152709,1.0,3.3448275862068964,10,10.0,1.0,160.0,0,0
high_compressibility,7,smoothed,none,7,15,0.4778325123152709,1.0,3.3448275862068964,10,10.0,1.0,160.0,0,0
high_compressibility,7,static_min,none,1,5,0.4778325123152709,1.0,3.3448275862068964,8,31.0,3.875,428.0,23,23
high_compressibility,7,static_min,none,1,6,0.4778325123152709,1.0,3.3448275862068964,8,31.0,3.875,428.0,23,23
high_compressibility,7,static_min,none,1,7,0.4778325123152709,1.0,3.3448275862068964,8,31.0,3.875,428.0,23,23
high_compressibility,7,static_min,none,1,8,0.4778325123152709,1.0,3.3448275862068964,8,31.0,3.875,428.0,23,23
high_compressibility,7,static_min,none,1,9,0.4778325123152709,1.0,3.3448275862068964,8,31.0,3.875,428.0,23,23
high_compressibility,7,static_min,none,1,10,0.4778325123152709,1.0,3.3448275862068964,8,31.0,3.875,428.0,23,23
high_compressibility,7,static_min,none,1,11,0.4778325123152709,1.0,3.3448275862068964,8,31.0,3.875,428.0,23,23
high_compressibility,7,static_min,none,1,12,0.4778325123152709,1.0,3.3448275862068964,8,31.0,3.875,428.0,23,23
high_compressibility,7,static_min,none,1,13,0.4778325123152709,1.0,3.3448275862068964,8,31.0,3.875,428.0,23,23
high_compressibility,7,static_min,none,1,14,0.4778325123152709,1.0,3.3448275862068964,8,31.0,3.875,428.0,23,23
high_compressibility,7,static_min,none,1,15,0.4778325123152709,1.0,3.3448275862068964,8,31.0,3.875,428.0,23,23
high_compressibility,7,static_min,none,2,4,0.4778325123152709,1.0,3.3448275862068964,8,17.0,2.125,238.0,17,17
high_compressibility,7,static_min,none,2,5,0.4778325123152709,1.0,3.3448275862068964,8,17.0,2.125,238.0,17,17
high_compressibility,7,static_min,none,2,6,0.4778325123152709,1.0,3.3448275862068964,8,17.0,2.125,238.0,17,17
high_compressibility,7,static_min,none,2,7,0.4778325123152709,1.0,3.3448275862068964,8,17.0,2.125,238.0,17,17
high_compressibility,7,static_min,none,2,8,0.4778325123152709,1.0,3.3448275862068964,8,17.0,2.125,238.0,17,17
high_compressibility,7,static_min,none,2,9,0.4778325123152709,1.0,3.3448275862068964,8,17.0,2.125,238.0,17,17
high_compressibility,7,static_min,none,2,10,0.4778325123152709,1.0,3.3448275862068964,8,17.0,2.125,238.0,17,17
high_compressibility,7,static_min,none,2,11,0.4778325123152709,1.0,3.3448275862068964,8,17.0,2.125,238.0,17,17
high_compressibility,7,static_min,none,2,12,0.4778325123152709,1.0,3.3448275862068964,8,17.0,2.125,238.0,17,17
high_compressibility,7,static_min,none,2,13,0.4778325123152709,1.0,3.3448275862068964,8,17.0,2.125,238.0,17,17
high_compressibility,7,static_min,none,2,14,0.4778325123152709,1.0,3.3448275862068964,8,17.0,2.125,238.0,17,17
high_compressibility,7,static_min,none,2,15,0.4778325123152709,1.0,3.3448275862068964,8,17.0,2.125,238.0,17,17
high_compressibility,7,static_min,none,3,3,0.4778325123152709,1.0,3.3448275862068964,8,12.0,1.5,169.0,11,11
high_compressibility,7,static_min,none,3,4,0.4778325123152709,1.0,3.3448275862068964,8,12.0,1.5,169.0,11,11
high_compressibility,7,static_min,none,3,5,0.4778325123152709,1.0,3.3448275862068964,8,12.0,1.5,169.0,11,11
high_compressibility,7,static_min,none,3,6,0.4778325123152709,1.0,3.3448275862068964,8,12.0,1.5,169.0,11,11
high_compressibility,7,static_min,none,3,7,0.4778325123152709,1.0,3.3448275862068964,8,12.0,1.5,169.0,11,11
high_compressibility,7,static_min,none,3,8,0.4778325123152709,1.0,3.3448275862068964,8,12.0,1.5,169.0,11,11
high_compressibility,7,static_min,none,3,9,0.4778325123152709,1.0,3.3448275862068964,8,12.0,1.5,169.0,11,11
high_compressibility,7,static_min,none,3,10,0.4778325123152709,1.0,3.3448275862068964,8,12.0,1.5,169.0,11,11
high_compressibility,7,static_min,none,3,11,0.4778325123152709,1.0,3.3448275862068964,8,12.0,1.5,169.0,11,11
high_compressibility,7,static_min,none,3,12,0.4778325123152709,1.0,3.3448275862068964,8,12.0,1.5,169.0,11,11
high_compressibility,7,static_min,none,3,13,0.4778325123152709,1.0,3.3448275862068964,8,12.0,1.5,169.0,11,11
high_compressibility,7,static_min,none,3,14,0.4778325123152709,1.0,3.3448275862068964,8,12.0,1.5,169.0,11,11
high_compressibility,7,static_min,none,3,15,0.4778325123152709,1.0,3.3448275862068964,8,12.0,1.5,169.0,11,11
high_compressibility,7,static_min,none,4,2,0.4778325123152709,1.0,3.3448275862068964,8,11.0,1.375,154.0,6,6
high_compressibility,7,static_min,none,4,3,0.4778325123152709,1.0,3.3448275862068964,8,11.0,1.375,154.0,6,6
high_compressibility,7,static_min,none,4,4,0.4778325123152709,1.0,3.3448275862068964,8,10.0,1.25,140.0,6,6
high_compressibility,7,static_min,none,4,5,0.4778325123152709,1.0,3.3448275862068964,8,10.0,1.25,140.0,6,6
high_compressibility,7,static_min,none,4,6,0.4778325123152709,1.0,3.3448275862068964,8,10.0,1.25,140.0,6,6
high_compressibility,7,static_min,none,4,7,0.4778325123152709,1.0,3.3448275862068964,8,10.0,1.25,140.0,6,6
high_compressibility,7,static_min,none,4,8,0.4778325123152709,1.0,3.3448275862068964,8,10.0,1.25,140.0,6,6
high_compressibility,7,static_min,none,4,9,0.4778325123152709,1.0,3.3448275862068964,8,10.0,1.25,140.0,6,6
high_compressibility,7,static_min,none,4,10,0.4778325123152709,1.0,3.3448275862068964,8,10.0,1.25,140.0,6,6
high_compressibility,7,static_min,none,4,11,0.4778325123152709,1.0,3.3448275862068964,8,10.0,1.25,140.0,6,6
high_compressibility,7,static_min,none,4,12,0.4778325123152709,1.0,3.3448275862068964,8,10.0,1.25,140.0,6,6
high_compressibility,7,static_min,none,4,13,0.4778325123152709,1.0,3.3448275862068964,8,10.0,1.25,140.0,6,6
high_compressibility,7,static_min,none,4,14,0.4778325123152709,1.0,3.3448275862068964,8,10.0,1.25,140.0,6,6
high_compressibility,7,static_min,none,4,15,0.4778325123152709,1.0,3.3448275862068964,8,10.0,1.25,140.0,6,6
high_compressibility,7,static_min,none,5,1,0.4778325123152709,1.0,3.3448275862068964,8,11.0,1.375,154.0,3,3
high_compressibility,7,static_min,none,5,2,0.4778325123152709,1.0,3.3448275862068964,8,10.0,1.25,140.0,3,3
high_compressibility,7,static_min,none,5,3,0.4778325123152709,1.0,3.3448275862068964,8,9.0,1.125,125.0,3,3
high_compressibility,7,static_min,none,5,4,0.4778325123152709,1.0,3.3448275862068964,8,9.0,1.125,125.0,3,3
high_compressibility,7,static_min,none,5,5,0.4778325123152709,1.0,3.3448275862068964,8,9.0,1.125,125.0,3,3
high_compressibility,7,static_min,none,5,6,0.4778325123152709,1.0,3.3448275862068964,8,9.0,1.125,125.0,3,3
high_compressibility,7,static_min,none,5,7,0.4778325123152709,1.0,3.3448275862068964,8,9.0,1.125,125.0,3,3
high_compressibility,7,static_min,none,5,8,0.4778325123152709,1.0,3.3448275862068964,8,9.0,1.125,125.0,3,3
high_compressibility,7,static_min,none,5,9,0.4778325123152709,1.0,3.3448275862068964,8,9.0,1.125,125.0,3,3
high_compressibility,7,static_min,none,5,10,0.4778325123152709,1.0,3.3448275862068964,8,9.0,1.125,125.0,3,3
high_compressibility,7,static_min,none,5,11,0.4778325123152709,1.0,3.3448275862068964,8,9.0,1.125,125.0,3,3
high_compressibility,7,static_min,none,5,12,0.4778325123152709,1.0,3.3448275862068964,8,9.0,1.125,125.0,3,3
high_compressibility,7,static_min,none,5,13,0.4778325123152709,1.0,3.3448275862068964,8,9.0,1.125,125.0,3,3
high_compressibility,7,static_min,none,5,14,0.4778325123152709,1.0,3.3448275862068964,8,9.0,1.125,125.0,3,3
high_compressibility,7,static_min,none,5,15,0.4778325123152709,1.0,3.3448275862068964,8,9.0,1.125,125.0,3,3
high_compressibility,7,static_min,none,6,0,0.4778325123152709,1.0,3.3448275862068964,8,8.0,1.0,117.0,0,0
high_compressibility,7,static_min,none,6,1,0.4778325123152709,1.0,3.3448275862068964,8,8.0,1.0,117.0,0,0
high_compressibility,7,static_min,none,6,2,0.4778325123152709,1.0,3.3448275862068964,8,8.0,1.0,117.0,0,0
high_compressibility,7,static_min,none,6,3,0.4778325123152709,1.0,3.3448275862068964,8,8.0,1.0,117.0,0,0
high_compressibility,7,static_min,none,6,4,0.4778325123152709,1.0,3.3448275862068964,8,8.0,1.0,117.0,0,0
high_compressibility,7,static_min,none,6,5,0.4778325123152709,1.0,3.3448275862068964,8,8.0,1.0,117.0,0,0
high_compressibility,7,static_min,none,6,6,0.4778325123152709,1.0,3.3448275862068964,8,8.0,1.0,117.0,0,0
high_compressibility,7,static_min,none,6,7,0.4778325123152709,1.0,3.3448275862068964,8,8.0,1.0,117.0,0,0
high_compressibility,7,static_min,none,6,8,0.4778325123152709,1.0,3.3448275862068964,8,8.0,1.0,117.0,0,0
high_compressibility,7,static_min,none,6,9,0.4778325123152709,1.0,3.3448275862068964,8,8.0,1.0,117.0,0,0
high_compressibility,7,static_min,none,6,10,0.4778325123152709,1.0,3.3448275862068964,8,8.0,1.0,117.0,0,0
high_compressibility,7,static_min,none,6,11,0.4778325123152709,1.0,3.3448275862068964,8,8.0,1.0,117.0,0,0
high_compressibility,7,static_min,none,6,12,0.4778325123152709,1.0,3.3448275862068964,8,8.0,1.0,117.0,0,0
high_compressibility,7,static_min,none,6,13,0.4778325123152709,1.0,3.3448275862068964,8,8.0,1.0,117.0,0,0
high_compressibility,7,static_min,none,6,14,0.4778325123152709,1.0,3.3448275862068964,8,8.0,1.0,117.0,0,0
high_compressibility,7,static_min,none,6,15,0.4778325123152709,1.0,3.3448275862068964,8,8.0,1.0,117.0,0,0
high_compressibility,7,static_min,none,7,0,0.4778325123152709,1.0,3.3448275862068964,8,8.0,1.0,117.0,0,0
high_compressibility,7,static_min,none,7,1,0.4778325123152709,1.0,3.3448275862068964,8,8.0,1.0,117.0,0,0
high_compressibility,7,static_min,none,7,2,0.4778325123152709,1.0,3.3448275862068964,8,8.0,1.0,117.0,0,0
high_compressibility,7,static_min,none,7,3,0.4778325123152709,1.0,3.3448275862068964,8,8.0,1.0,117.0,0,0
high_compressibility,7,static_min,none,7,4,0.4778325123152709,1.0,3.3448275862068964,8,8.0,1.0,117.0,0,0
high_compressibility,7,static_min,none,7,5,0.4778325123152709,1.0,3.3448275862068964,8,8.0,1.0,117.0,0,0
high_compressibility,7,static_min,none,7,6,0.4778325123152709,1.0,3.3448275862068964,8,8.0,1.0,117.0,0,0
high_compressibility,7,static_min,none,7,7,0.4778325123152709,1.0,3.3448275862068964,8,8.0,1.0,117.0,0,0
high_compressibility,7,static_min,none,7,8,0.4778325123152709,1.0,3.3448275862068964,8,8.0,1.0,117.0,0,0
high_compressibility,7,static_min,none,7,9,0.4778325123152709,1.0,3.3448275862068964,8,8.0,1.0,117.0,0,0
high_compressibility,7,static_min,none,7,10,0.4778325123152709,1.0,3.3448275862068964,8,8.0,1.0,117.0,0,0
high_compressibility,7,static_min,none,7,11,0.4778325123152709,1.0,3.3448275862068964,8,8.0,1.0,117.0,0,0
high_compressibility,7,static_min,none,7,12,0.4778325123152709,1.0,3.3448275862068964,8,8.0,1.0,117.0,0,0
high_compressibility,7,static_min,none,7,13,0.4778325123152709,1.0,3.3448275862068964,8,8.0,1.0,117.0,0,0
high_compressibility,7,static_min,none,7,14,0.4778325123152709,1.0,3.3448275862068964,8,8.0,1.0,117.0,0,0
high_compressibility,7,static_min,none,7,15,0.4778325123152709,1.0,3.3448275862068964,8,8.0,1.0,117.0,0,0
high_compressibility,9,capacity_aware_static,C,1,0,0.36453201970443355,1.0,2.5517241379310347,29,29.0,1.0,346.0,0,0
high_compressibility,9,capacity_aware_static,C,1,1,0.36453201970443355,1.0,2.5517241379310347,29,29.0,1.0,346.0,0,0
high_compressibility,9,capacity_aware_static,C,1,2,0.36453201970443355,1.0,2.5517241379310347,29,29.0,1.0,346.0,0,0
high_compressibility,9,capacity_aware_static,C,1,3,0.36453201970443355,1.0,2.5517241379310347,29,29.0,1.0,346.0,0,0
high_compressibility,9,capacity_aware_static,C,1,4,0.36453201970443355,1.0,2.5517241379310347,29,29.0,1.0,346.0,0,0
high_compressibility,9,capacity_aware_static,C,1,5,0.36453201970443355,1.0,2.5517241379310347,29,29.0,1.0,346.0,0,0
high_compressibility,9,capacity_aware_static,C,1,6,0.36453201970443355,1.0,2.5517241379310347,29,29.0,1.0,346.0,0,0
high_compressibility,9,capacity_aware_static,C,1,7,0.36453201970443355,1.0,2.5517241379310347,29,29.0,1.0,346.0,0,0
high_compressibility,9,capacity_aware_static,C,1,8,0.36453201970443355,1.0,2.5517241379310347,29,29.0,1.0,346.0,0,0
high_compressibility,9,capacity_aware_static,C,1,9,0.36453201970443355,1.0,2.5517241379310347,29,29.0,1.0,346.0,0,0
high_compressibility,9,capacity_aware_static,C,1,10,0.36453201970443355,1.0,2.5517241379310347,29,29.0,1.0,346.0,0,0
high_compressibility,9,capacity_aware_static,C,1,11,0.36453201970443355,1.0,2.5517241379310347,29,29.0,1.0,346.0,0,0
high_compressibility,9,capacity_aware_static,C,1,12,0.36453201970443355,1.0,2.5517241379310347,29,29.0,1.0,346.0,0,0
high_compressibility,9,capacity_aware_static,C,1,13,0.36453201970443355,1.0,2.5517241379310347,29,29.0,1.0,346.0,0,0
high_compressibility,9,capacity_aware_static,C,1,14,0.36453201970443355,1.0,2.5517241379310347,29,29.0,1.0,346.0,0,0
high_compressibility,9,capacity_aware_static,C,1,15,0.36453201970443355,1.0,2.5517241379310347,29,29.0,1.0,346.0,0,0
high_compressibility,9,capacity_aware_static,C,2,0,0.36453201970443355,1.0,2.5517241379310347,16,16.0,1.0,205.0,0,0
high_compressibility,9,capacity_aware_static,C,2,1,0.36453201970443355,1.0,2.5517241379310347,16,16.0,1.0,205.0,0,0
high_compressibility,9,capacity_aware_static,C,2,2,0.36453201970443355,1.0,2.5517241379310347,16,16.0,1.0,205.0,0,0
high_compressibility,9,capacity_aware_static,C,2,3,0.36453201970443355,1.0,2.5517241379310347,16,16.0,1.0,205.0,0,0
high_compressibility,9,capacity_aware_static,C,2,4,0.36453201970443355,1.0,2.5517241379310347,16,16.0,1.0,205.0,0,0
high_compressibility,9,capacity_aware_static,C,2,5,0.36453201970443355,1.0,2.5517241379310347,16,16.0,1.0,205.0,0,0
high_compressibility,9,capacity_aware_static,C,2,6,0.36453201970443355,1.0,2.5517241379310347,16,16.0,1.0,205.0,0,0
high_compressibility,9,capacity_aware_static,C,2,7,0.36453201970443355,1.0,2.5517241379310347,16,16.0,1.0,205.0,0,0
high_compressibility,9,capacity_aware_static,C,2,8,0.36453201970443355,1.0,2.5517241379310347,16,16.0,1.0,205.0,0,0
high_compressibility,9,capacity_aware_static,C,2,9,0.36453201970443355,1.0,2.5517241379310347,16,16.0,1.0,205.0,0,0
high_compressibility,9,capacity_aware_static,C,2,10,0.36453201970443355,1.0,2.5517241379310347,16,16.0,1.0,205.0,0,0
high_compressibility,9,capacity_aware_static,C,2,11,0.36453201970443355,1.0,2.5517241379310347,16,16.0,1.0,205.0,0,0
high_compressibility,9,capacity_aware_static,C,2,12,0.36453201970443355,1.0,2.5517241379310347,16,16.0,1.0,205.0,0,0
high_compressibility,9,capacity_aware_static,C,2,13,0.36453201970443355,1.0,2.5517241379310347,16,16.0,1.0,205.0,0,0
high_compressibility,9,capacity_aware_static,C,2,14,0.36453201970443355,1.0,2.5517241379310347,16,16.0,1.0,205.0,0,0
high_compressibility,9,capacity_aware_static,C,2,15,0.36453201970443355,1.0,2.5517241379310347,16,16.0,1.0,205.0,0,0
high_compressibility,9,capacity_aware_static,C,3,0,0.36453201970443355,1.0,2.5517241379310347,11,11.0,1.0,155.0,0,0
high_compressibility,9,capacity_aware_static,C,3,1,0.36453201970443355,1.0,2.5517241379310347,11,11.0,1.0,155.0,0,0
high_compressibility,9,capacity_aware_static,C,3,2,0.36453201970443355,1.0,2.5517241379310347,11,11.0,1.0,155.0,0,0
high_compressibility,9,capacity_aware_static,C,3,3,0.36453201970443355,1.0,2.5517241379310347,11,11.0,1.0,155.0,0,0
high_compressibility,9,capacity_aware_static,C,3,4,0.36453201970443355,1.0,2.5517241379310347,11,11.0,1.0,155.0,0,0
high_compressibility,9,capacity_aware_static,C,3,5,0.36453201970443355,1.0,2.5517241379310347,11,11.0,1.0,155.0,0,0
high_compressibility,9,capacity_aware_static,C,3,6,0.36453201970443355,1.0,2.5517241379310347,11,11.0,1.0,155.0,0,0
high_compressibility,9,capacity_aware_static,C,3,7,0.36453201970443355,1.0,2.5517241379310347,11,11.0,1.0,155.0,0,0
high_compressibility,9,capacity_aware_static,C,3,8,0.36453201970443355,1.0,2.5517241379310347,11,11.0,1.0,155.0,0,0
high_compressibility,9,capacity_aware_static,C,3,9,0.36453201970443355,1.0,2.5517241379310347,11,11.0,1.0,155.0,0,0
high_compressibility,9,capacity_aware_static,C,3,10,0.36453201970443355,1.0,2.5517241379310347,11,11.0,1.0,155.0,0,0
high_compressibility,9,capacity_aware_static,C,3,11,0.36453201970443355,1.0,2.5517241379310347,11,11.0,1.0,155.0,0,0
high_compressibility,9,capacity_aware_static,C,3,12,0.36453201970443355,1.0,2.5517241379310347,11,11.0,1.0,155.0,0,0
high_compressibility,9,capacity_aware_static,C,3,13,0.36453201970443355,1.0,2.5517241379310347,11,11.0,1.0,155.0,0,0
high_compressibility,9,capacity_aware_static,C,3,14,0.36453201970443355,1.0,2.5517241379310347,11,11.0,1.0,155.0,0,0
high_compressibility,9,capacity_aware_static,C,3,15,0.36453201970443355,1.0,2.5517241379310347,11,11.0,1.0,155.0,0,0
high_compressibility,9,capacity_aware_static,C,4,0,0.36453201970443355,1.0,2.5517241379310347,9,9.0,1.0,132.0,0,0
high_compressibility,9,capacity_aware_static,C,4,1,0.36453201970443355,1.0,2.5517241379310347,9,9.0,1.0,132.0,0,0
high_compressibility,9,capacity_aware_static,C,4,2,0.36453201970443355,1.0,2.5517241379310347,9,9.0,1.0,132.0,0,0
high_compressibility,9,capacity_aware_static,C,4,3,0.36453201970443355,1.0,2.5517241379310347,9,9.0,1.0,132.0,0,0
high_compressibility,9,capacity_aware_static,C,4,4,0.36453201970443355,1.0,2.5517241379310347,9,9.0,1.0,132.0,0,0
high_compressibility,9,capacity_aware_static,C,4,5,0.36453201970443355,1.0,2.5517241379310347,9,9.0,1.0,132.0,0,0
high_compressibility,9,capacity_aware_static,C,4,6,0.36453201970443355,1.0,2.5517241379310347,9,9.0,1.0,132.0,0,0
high_compressibility,9,capacity_aware_static,C,4,7,0.36453201970443355,1.0,2.5517241379310347,9,9.0,1.0,132.0,0,0
high_compressibility,9,capacity_aware_static,C,4,8,0.36453201970443355,1.0,2.5517241379310347,9,9.0,1.0,132.0,0,0
high_compressibility,9,capacity_aware_static,C,4,9,0.36453201970443355,1.0,2.5517241379310347,9,9.0,1.0,132.0,0,0
high_compressibility,9,capacity_aware_static,C,4,10,0.36453201970443355,1.0,2.5517241379310347,9,9.0,1.0,132.0,0,0
high_compressibility,9,capacity_aware_static,C,4,11,0.36453201970443355,1.0,2.5517241379310347,9,9.0,1.0,132.0,0,0
high_compressibility,9,capacity_aware_static,C,4,12,0.36453201970443355,1.0,2.5517241379310347,9,9.0,1.0,132.0,0,0
high_compressibility,9,capacity_aware_static,C,4,13,0.36453201970443355,1.0,2.5517241379310347,9,9.0,1.0,132.0,0,0
high_compressibility,9,capacity_aware_static,C,4,14,0.36453201970443355,1.0,2.5517241379310347,9,9.0,1.0,132.0,0,0
high_compressibility,9,capacity_aware_static,C,4,15,0.36453201970443355,1.0,2.5517241379310347,9,9.0,1.0,132.0,0,0
high_compressibility,9,capacity_aware_static,C,5,0,0.36453201970443355,1.0,2.5517241379310347,8,8.0,1.0,121.0,0,0
high_compressibility,9,capacity_aware_static,C,5,1,0.36453201970443355,1.0,2.5517241379310347,8,8.0,1.0,121.0,0,0
high_compressibility,9,capacity_aware_static,C,5,2,0.36453201970443355,1.0,2.5517241379310347,8,8.0,1.0,121.0,0,0
high_compressibility,9,capacity_aware_static,C,5,3,0.36453201970443355,1.0,2.5517241379310347,8,8.0,1.0,121.0,0,0
high_compressibility,9,capacity_aware_static,C,5,4,0.36453201970443355,1.0,2.5517241379310347,8,8.0,1.0,121.0,0,0
high_compressibility,9,capacity_aware_static,C,5,5,0.36453201970443355,1.0,2.5517241379310347,8,8.0,1.0,121.0,0,0
high_compressibility,9,capacity_aware_static,C,5,6,0.36453201970443355,1.0,2.5517241379310347,8,8.0,1.0,121.0,0,0
high_compressibility,9,capacity_aware_static,C,5,7,0.36453201970443355,1.0,2.5517241379310347,8,8.0,1.0,121.0,0,0
high_compressibility,9,capacity_aware_static,C,5,8,0.36453201970443355,1.0,2.5517241379310347,8,8.0,1.0,121.0,0,0
high_compressibility,9,capacity_aware_static,C,5,9,0.36453201970443355,1.0,2.5517241379310347,8,8.0,1.0,121.0,0,0
high_compressibility,9,capacity_aware_static,C,5,10,0.36453201970443355,1.0,2.5517241379310347,8,8.0,1.0,121.0,0,0
high_compressibility,9,capacity_aware_static,C,5,11,0.36453201970443355,1.0,2.5517241379310347,8,8.0,1.0,121.0,0,0
high_compressibility,9,capacity_aware_static,C,5,12,0.36453201970443355,1.0,2.5517241379310347,8,8.0,1.0,121.0,0,0
high_compressibility,9,capacity_aware_static,C,5,13,0.36453201970443355,1.0,2.5517241379310347,8,8.0,1.0,121.0,0,0
high_compressibility,9,capacity_aware_static,C,5,14,0.36453201970443355,1.0,2.5517241379310347,8,8.0,1.0,121.0,0,0
high_compressibility,9,capacity_aware_static,C,5,15,0.36453201970443355,1.0,2.5517241379310347,8,8.0,1.0,121.0,0,0
high_compressibility,9,capacity_aware_static,C,6,0,0.36453201970443355,1.0,2.5517241379310347,8,8.0,1.0,119.0,0,0
high_compressibility,9,capacity_aware_static,C,6,1,0.36453201970443355,1.0,2.5517241379310347,8,8.0,1.0,119.0,0,0
high_compressibility,9,capacity_aware_static,C,6,2,0.36453201970443355,1.0,2.5517241379310347,8,8.0,1.0,119.0,0,0
high_compressibility,9,capacity_aware_static,C,6,3,0.36453201970443355,1.0,2.5517241379310347,8,8.0,1.0,119.0,0,0
high_compressibility,9,capacity_aware_static,C,6,4,0.36453201970443355,1.0,2.5517241379310347,8,8.0,1.0,119.0,0,0
high_compressibility,9,capacity_aware_static,C,6,5,0.36453201970443355,1.0,2.5517241379310347,8,8.0,1.0,119.0,0,0
high_compressibility,9,capacity_aware_static,C,6,6,0.36453201970443355,1.0,2.5517241379310347,8,8.0,1.0,119.0,0,0
high_compressibility,9,capacity_aware_static,C,6,7,0.36453201970443355,1.0,2.5517241379310347,8,8.0,1.0,119.0,0,0
high_compressibility,9,capacity_aware_static,C,6,8,0.36453201970443355,1.0,2.5517241379310347,8,8.0,1.0,119.0,0,0
high_compressibility,9,capacity_aware_static,C,6,9,0.36453201970443355,1.0,2.5517241379310347,8,8.0,1.0,119.0,0,0
high_compressibility,9,capacity_aware_static,C,6,10,0.36453201970443355,1.0,2.5517241379310347,8,8.0,1.0,119.0,0,0
high_compressibility,9,capacity_aware_static,C,6,11,0.36453201970443355,1.0,2.5517241379310347,8,8.0,1.0,119.0,0,0
high_compressibility,9,capacity_aware_static,C,6,12,0.36453201970443355,1.0,2.5517241379310347,8,8.0,1.0,119.0,0,0
high_compressibility,9,capacity_aware_static,C,6,13,0.36453201970443355,1.0,2.5517241379310347,8,8.0,1.0,119.0,0,0
high_compressibility,9,capacity_aware_static,C,6,14,0.36453201970443355,1.0,2.5517241379310347,8,8.0,1.0,119.0,0,0
high_compressibility,9,capacity_aware_static,C,6,15,0.36453201970443355,1.0,2.5517241379310347,8,8.0,1.0,119.0,0,0
high_compressibility,9,capacity_aware_static,C,7,0,0.36453201970443355,1.0,2.5517241379310347,8,8.0,1.0,119.0,0,0
high_compressibility,9,capacity_aware_static,C,7,1,0.36453201970443355,1.0,2.5517241379310347,8,8.0,1.0,119.0,0,0
high_compressibility,9,capacity_aware_static,C,7,2,0.36453201970443355,1.0,2.5517241379310347,8,8.0,1.0,119.0,0,0
high_compressibility,9,capacity_aware_static,C,7,3,0.36453201970443355,1.0,2.5517241379310347,8,8.0,1.0,119.0,0,0
high_compressibility,9,capacity_aware_static,C,7,4,0.36453201970443355,1.0,2.5517241379310347,8,8.0,1.0,119.0,0,0
high_compressibility,9,capacity_aware_static,C,7,5,0.36453201970443355,1.0,2.5517241379310347,8,8.0,1.0,119.0,0,0
high_compressibility,9,capacity_aware_static,C,7,6,0.36453201970443355,1.0,2.5517241379310347,8,8.0,1.0,119.0,0,0
high_compressibility,9,capacity_aware_static,C,7,7,0.36453201970443355,1.0,2.5517241379310347,8,8.0,1.0,119.0,0,0
high_compressibility,9,capacity_aware_static,C,7,8,0.36453201970443355,1.0,2.5517241379310347,8,8.0,1.0,119.0,0,0
high_compressibility,9,capacity_aware_static,C,7,9,0.36453201970443355,1.0,2.5517241379310347,8,8.0,1.0,119.0,0,0
high_compressibility,9,capacity_aware_static,C,7,10,0.36453201970443355,1.0,2.5517241379310347,8,8.0,1.0,119.0,0,0
high_compressibility,9,capacity_aware_static,C,7,11,0.36453201970443355,1.0,2.5517241379310347,8,8.0,1.0,119.0,0,0
high_compressibility,9,capacity_aware_static,C,7,12,0.36453201970443355,1.0,2.5517241379310347,8,8.0,1.0,119.0,0,0
high_compressibility,9,capacity_aware_static,C,7,13,0.36453201970443355,1.0,2.5517241379310347,8,8.0,1.0,119.0,0,0
high_compressibility,9,capacity_aware_static,C,7,14,0.36453201970443355,1.0,2.5517241379310347,8,8.0,1.0,119.0,0,0
high_compressibility,9,capacity_aware_static,C,7,15,0.36453201970443355,1.0,2.5517241379310347,8,8.0,1.0,119.0,0,0
high_compressibility,9,smoothed,none,1,3,0.36453201970443355,1.0,2.5517241379310347,9,29.0,3.2222222222222223,497.0,20,20
high_compressibility,9,smoothed,none,1,4,0.36453201970443355,1.0,2.5517241379310347,9,29.0,3.2222222222222223,497.0,20,20
high_compressibility,9,smoothed,none,1,5,0.36453201970443355,1.0,2.5517241379310347,9,29.0,3.2222222222222223,497.0,20,20
high_compressibility,9,smoothed,none,1,6,0.36453201970443355,1.0,2.5517241379310347,9,29.0,3.2222222222222223,497.0,20,20
high_compressibility,9,smoothed,none,1,7,0.36453201970443355,1.0,2.5517241379310347,9,29.0,3.2222222222222223,497.0,20,20
high_compressibility,9,smoothed,none,1,8,0.36453201970443355,1.0,2.5517241379310347,9,29.0,3.2222222222222223,497.0,20,20
high_compressibility,9,smoothed,none,1,9,0.36453201970443355,1.0,2.5517241379310347,9,29.0,3.2222222222222223,497.0,20,20
high_compressibility,9,smoothed,none,1,10,0.36453201970443355,1.0,2.5517241379310347,9,29.0,3.2222222222222223,497.0,20,20
high_compressibility,9,smoothed,none,1,11,0.36453201970443355,1.0,2.5517241379310347,9,29.0,3.2222222222222223,497.0,20,20
high_compressibility,9,smoothed,none,1,12,0.36453201970443355,1.0,2.5517241379310347,9,29.0,3.2222222222222223,497.0,20,20
high_compressibility,9,smoothed,none,1,13,0.36453201970443355,1.0,2.5517241379310347,9,29.0,3.2222222222222223,497.0,20,20
high_compressibility,9,smoothed,none,1,14,0.36453201970443355,1.0,2.5517241379310347,9,29.0,3.2222222222222223,497.0,20,20
high_compressibility,9,smoothed,none,1,15,0.36453201970443355,1.0,2.5517241379310347,9,29.0,3.2222222222222223,497.0,20,20
high_compressibility,9,smoothed,none,2,2,0.36453201970443355,1.0,2.5517241379310347,9,16.0,1.7777777777777777,272.0,11,11
high_compressibility,9,smoothed,none,2,3,0.36453201970443355,1.0,2.5517241379310347,9,15.0,1.6666666666666667,245.0,11,11
high_compressibility,9,smoothed,none,2,4,0.36453201970443355,1.0,2.5517241379310347,9,15.0,1.6666666666666667,245.0,11,11
high_compressibility,9,smoothed,none,2,5,0.36453201970443355,1.0,2.5517241379310347,9,15.0,1.6666666666666667,245.0,11,11
high_compressibility,9,smoothed,none,2,6,0.36453201970443355,1.0,2.5517241379310347,9,15.0,1.6666666666666667,245.0,11,11
high_compressibility,9,smoothed,none,2,7,0.36453201970443355,1.0,2.5517241379310347,9,15.0,1.6666666666666667,245.0,11,11
high_compressibility,9,smoothed,none,2,8,0.36453201970443355,1.0,2.5517241379310347,9,15.0,1.6666666666666667,245.0,11,11
high_compressibility,9,smoothed,none,2,9,0.36453201970443355,1.0,2.5517241379310347,9,15.0,1.6666666666666667,245.0,11,11
high_compressibility,9,smoothed,none,2,10,0.36453201970443355,1.0,2.5517241379310347,9,15.0,1.6666666666666667,245.0,11,11
high_compressibility,9,smoothed,none,2,11,0.36453201970443355,1.0,2.5517241379310347,9,15.0,1.6666666666666667,245.0,11,11
high_compressibility,9,smoothed,none,2,12,0.36453201970443355,1.0,2.5517241379310347,9,15.0,1.6666666666666667,245.0,11,11
high_compressibility,9,smoothed,none,2,13,0.36453201970443355,1.0,2.5517241379310347,9,15.0,1.6666666666666667,245.0,11,11
high_compressibility,9,smoothed,none,2,14,0.36453201970443355,1.0,2.5517241379310347,9,15.0,1.6666666666666667,245.0,11,11
high_compressibility,9,smoothed,none,2,15,0.36453201970443355,1.0,2.5517241379310347,9,15.0,1.6666666666666667,245.0,11,11
high_compressibility,9,smoothed,none,3,1,0.36453201970443355,1.0,2.5517241379310347,9,11.0,1.2222222222222223,201.0,2,2
high_compressibility,9,smoothed,none,3,2,0.36453201970443355,1.0,2.5517241379310347,9,10.0,1.1111111111111112,174.0,2,2
high_compressibility,9,smoothed,none,3,3,0.36453201970443355,1.0,2.5517241379310347,9,10.0,1.1111111111111112,174.0,2,2
high_compressibility,9,smoothed,none,3,4,0.36453201970443355,1.0,2.5517241379310347,9,10.0,1.1111111111111112,174.0,2,2
high_compressibility,9,smoothed,none,3,5,0.36453201970443355,1.0,2.5517241379310347,9,10.0,1.1111111111111112,174.0,2,2
high_compressibility,9,smoothed,none,3,6,0.36453201970443355,1.0,2.5517241379310347,9,10.0,1.1111111111111112,174.0,2,2
high_compressibility,9,smoothed,none,3,7,0.36453201970443355,1.0,2.5517241379310347,9,10.0,1.1111111111111112,174.0,2,2
high_compressibility,9,smoothed,none,3,8,0.36453201970443355,1.0,2.5517241379310347,9,10.0,1.1111111111111112,174.0,2,2
high_compressibility,9,smoothed,none,3,9,0.36453201970443355,1.0,2.5517241379310347,9,10.0,1.1111111111111112,174.0,2,2
high_compressibility,9,smoothed,none,3,10,0.36453201970443355,1.0,2.5517241379310347,9,10.0,1.1111111111111112,174.0,2,2
high_compressibility,9,smoothed,none,3,11,0.36453201970443355,1.0,2.5517241379310347,9,10.0,1.1111111111111112,174.0,2,2
high_compressibility,9,smoothed,none,3,12,0.36453201970443355,1.0,2.5517241379310347,9,10.0,1.1111111111111112,174.0,2,2
high_compressibility,9,smoothed,none,3,13,0.36453201970443355,1.0,2.5517241379310347,9,10.0,1.1111111111111112,174.0,2,2
high_compressibility,9,smoothed,none,3,14,0.36453201970443355,1.0,2.5517241379310347,9,10.0,1.1111111111111112,174.0,2,2
high_compressibility,9,smoothed,none,3,15,0.36453201970443355,1.0,2.5517241379310347,9,10.0,1.1111111111111112,174.0,2,2
high_compressibility,9,smoothed,none,4,0,0.36453201970443355,1.0,2.5517241379310347,9,9.0,1.0,148.0,0,0
high_compressibility,9,smoothed,none,4,1,0.36453201970443355,1.0,2.5517241379310347,9,9.0,1.0,148.0,0,0
high_compressibility,9,smoothed,none,4,2,0.36453201970443355,1.0,2.5517241379310347,9,9.0,1.0,148.0,0,0
high_compressibility,9,smoothed,none,4,3,0.36453201970443355,1.0,2.5517241379310347,9,9.0,1.0,148.0,0,0
high_compressibility,9,smoothed,none,4,4,0.36453201970443355,1.0,2.5517241379310347,9,9.0,1.0,148.0,0,0
high_compressibility,9,smoothed,none,4,5,0.36453201970443355,1.0,2.5517241379310347,9,9.0,1.0,148.0,0,0
high_compressibility,9,smoothed,none,4,6,0.36453201970443355,1.0,2.5517241379310347,9,9.0,1.0,148.0,0,0
high_compressibility,9,smoothed,none,4,7,0.36453201970443355,1.0,2.5517241379310347,9,9.0,1.0,148.0,0,0
high_compressibility,9,smoothed,none,4,8,0.36453201970443355,1.0,2.5517241379310347,9,9.0,1.0,148.0,0,0
high_compressibility,9,smoothed,none,4,9,0.36453201970443355,1.0,2.5517241379310347,9,9.0,1.0,148.0,0,0
high_compressibility,9,smoothed,none,4,10,0.36453201970443355,1.0,2.5517241379310347,9,9.0,1.0,148.0,0,0
high_compressibility,9,smoothed,none,4,11,0.36453201970443355,1.0,2.5517241379310347,9,9.0,1.0,148.0,0,0
high_compressibility,9,smoothed,none,4,12,0.36453201970443355,1.0,2.5517241379310347,9,9.0,1.0,148.0,0,0
high_compressibility,9,smoothed,none,4,13,0.36453201970443355,1.0,2.5517241379310347,9,9.0,1.0,148.0,0,0
high_compressibility,9,smoothed,none,4,14,0.36453201970443355,1.0,2.5517241379310347,9,9.0,1.0,148.0,0,0
high_compressibility,9,smoothed,none,4,15,0.36453201970443355,1.0,2.5517241379310347,9,9.0,1.0,148.0,0,0
high_compressibility,9,smoothed,none,5,0,0.36453201970443355,1.0,2.5517241379310347,9,9.0,1.0,148.0,0,0
high_compressibility,9,smoothed,none,5,1,0.36453201970443355,1.0,2.5517241379310347,9,9.0,1.0,148.0,0,0
high_compressibility,9,smoothed,none,5,2,0.36453201970443355,1.0,2.5517241379310347,9,9.0,1.0,148.0,0,0
high_compressibility,9,smoothed,none,5,3,0.36453201970443355,1.0,2.5517241379310347,9,9.0,1.0,148.0,0,0
high_compressibility,9,smoothed,none,5,4,0.36453201970443355,1.0,2.5517241379310347,9,9.0,1.0,148.0,0,0
high_compressibility,9,smoothed,none,5,5,0.36453201970443355,1.0,2.5517241379310347,9,9.0,1.0,148.0,0,0
high_compressibility,9,smoothed,none,5,6,0.36453201970443355,1.0,2.5517241379310347,9,9.0,1.0,148.0,0,0
high_compressibility,9,smoothed,none,5,7,0.36453201970443355,1.0,2.5517241379310347,9,9.0,1.0,148.0,0,0
high_compressibility,9,smoothed,none,5,8,0.36453201970443355,1.0,2.5517241379310347,9,9.0,1.0,148.0,0,0
high_compressibility,9,smoothed,none,5,9,0.36453201970443355,1.0,2.5517241379310347,9,9.0,1.0,148.0,0,0
high_compressibility,9,smoothed,none,5,10,0.36453201970443355,1.0,2.5517241379310347,9,9.0,1.0,148.0,0,0
high_compressibility,9,smoothed,none,5,11,0.36453201970443355,1.0,2.5517241379310347,9,9.0,1.0,148.0,0,0
high_compressibility,9,smoothed,none,5,12,0.36453201970443355,1.0,2.5517241379310347,9,9.0,1.0,148.0,0,0
high_compressibility,9,smoothed,none,5,13,0.36453201970443355,1.0,2.5517241379310347,9,9.0,1.0,148.0,0,0
high_compressibility,9,smoothed,none,5,14,0.36453201970443355,1.0,2.5517241379310347,9,9.0,1.0,148.0,0,0
high_compressibility,9,smoothed,none,5,15,0.36453201970443355,1.0,2.5517241379310347,9,9.0,1.0,148.0,0,0
high_compressibility,9,smoothed,none,6,0,0.36453201970443355,1.0,2.5517241379310347,9,9.0,1.0,148.0,0,0
high_compressibility,9,smoothed,none,6,1,0.36453201970443355,1.0,2.5517241379310347,9,9.0,1.0,148.0,0,0
high_compressibility,9,smoothed,none,6,2,0.36453201970443355,1.0,2.5517241379310347,9,9.0,1.0,148.0,0,0
high_compressibility,9,smoothed,none,6,3,0.36453201970443355,1.0,2.5517241379310347,9,9.0,1.0,148.0,0,0
high_compressibility,9,smoothed,none,6,4,0.36453201970443355,1.0,2.5517241379310347,9,9.0,1.0,148.0,0,0
high_compressibility,9,smoothed,none,6,5,0.36453201970443355,1.0,2.5517241379310347,9,9.0,1.0,148.0,0,0
high_compressibility,9,smoothed,none,6,6,0.36453201970443355,1.0,2.5517241379310347,9,9.0,1.0,148.0,0,0
high_compressibility,9,smoothed,none,6,7,0.36453201970443355,1.0,2.5517241379310347,9,9.0,1.0,148.0,0,0
high_compressibility,9,smoothed,none,6,8,0.36453201970443355,1.0,2.5517241379310347,9,9.0,1.0,148.0,0,0
high_compressibility,9,smoothed,none,6,9,0.36453201970443355,1.0,2.5517241379310347,9,9.0,1.0,148.0,0,0
high_compressibility,9,smoothed,none,6,10,0.36453201970443355,1.0,2.5517241379310347,9,9.0,1.0,148.0,0,0
high_compressibility,9,smoothed,none,6,11,0.36453201970443355,1.0,2.5517241379310347,9,9.0,1.0,148.0,0,0
high_compressibility,9,smoothed,none,6,12,0.36453201970443355,1.0,2.5517241379310347,9,9.0,1.0,148.0,0,0
high_compressibility,9,smoothed,none,6,13,0.36453201970443355,1.0,2.5517241379310347,9,9.0,1.0,148.0,0,0
high_compressibility,9,smoothed,none,6,14,0.36453201970443355,1.0,2.5517241379310347,9,9.0,1.0,148.0,0,0
high_compressibility,9,smoothed,none,6,15,0.36453201970443355,1.0,2.5517241379310347,9,9.0,1.0,148.0,0,0
high_compressibility,9,smoothed,none,7,0,0.36453201970443355,1.0,2.5517241379310347,9,9.0,1.0,148.0,0,0
high_compressibility,9,smoothed,none,7,1,0.36453201970443355,1.0,2.5517241379310347,9,9.0,1.0,148.0,0,0
high_compressibility,9,smoothed,none,7,2,0.36453201970443355,1.0,2.5517241379310347,9,9.0,1.0,148.0,0,0
high_compressibility,9,smoothed,none,7,3,0.36453201970443355,1.0,2.5517241379310347,9,9.0,1.0,148.0,0,0
high_compressibility,9,smoothed,none,7,4,0.36453201970443355,1.0,2.5517241379310347,9,9.0,1.0,148.0,0,0
high_compressibility,9,smoothed,none,7,5,0.36453201970443355,1.0,2.5517241379310347,9,9.0,1.0,148.0,0,0
high_compressibility,9,smoothed,none,7,6,0.36453201970443355,1.0,2.5517241379310347,9,9.0,1.0,148.0,0,0
high_compressibility,9,smoothed,none,7,7,0.36453201970443355,1.0,2.5517241379310347,9,9.0,1.0,148.0,0,0
high_compressibility,9,smoothed,none,7,8,0.36453201970443355,1.0,2.5517241379310347,9,9.0,1.0,148.0,0,0
high_compressibility,9,smoothed,none,7,9,0.36453201970443355,1.0,2.5517241379310347,9,9.0,1.0,148.0,0,0
high_compressibility,9,smoothed,none,7,10,0.36453201970443355,1.0,2.5517241379310347,9,9.0,1.0,148.0,0,0
high_compressibility,9,smoothed,none,7,11,0.36453201970443355,1.0,2.5517241379310347,9,9.0,1.0,148.0,0,0
high_compressibility,9,smoothed,none,7,12,0.36453201970443355,1.0,2.5517241379310347,9,9.0,1.0,148.0,0,0
high_compressibility,9,smoothed,none,7,13,0.36453201970443355,1.0,2.5517241379310347,9,9.0,1.0,148.0,0,0
high_compressibility,9,smoothed,none,7,14,0.36453201970443355,1.0,2.5517241379310347,9,9.0,1.0,148.0,0,0
high_compressibility,9,smoothed,none,7,15,0.36453201970443355,1.0,2.5517241379310347,9,9.0,1.0,148.0,0,0
high_compressibility,9,static_min,none,1,5,0.36453201970443355,1.0,2.5517241379310347,8,31.0,3.875,440.0,23,23
high_compressibility,9,static_min,none,1,6,0.36453201970443355,1.0,2.5517241379310347,8,31.0,3.875,440.0,23,23
high_compressibility,9,static_min,none,1,7,0.36453201970443355,1.0,2.5517241379310347,8,31.0,3.875,440.0,23,23
high_compressibility,9,static_min,none,1,8,0.36453201970443355,1.0,2.5517241379310347,8,31.0,3.875,440.0,23,23
high_compressibility,9,static_min,none,1,9,0.36453201970443355,1.0,2.5517241379310347,8,31.0,3.875,440.0,23,23
high_compressibility,9,static_min,none,1,10,0.36453201970443355,1.0,2.5517241379310347,8,31.0,3.875,440.0,23,23
high_compressibility,9,static_min,none,1,11,0.36453201970443355,1.0,2.5517241379310347,8,31.0,3.875,440.0,23,23
high_compressibility,9,static_min,none,1,12,0.36453201970443355,1.0,2.5517241379310347,8,31.0,3.875,440.0,23,23
high_compressibility,9,static_min,none,1,13,0.36453201970443355,1.0,2.5517241379310347,8,31.0,3.875,440.0,23,23
high_compressibility,9,static_min,none,1,14,0.36453201970443355,1.0,2.5517241379310347,8,31.0,3.875,440.0,23,23
high_compressibility,9,static_min,none,1,15,0.36453201970443355,1.0,2.5517241379310347,8,31.0,3.875,440.0,23,23
high_compressibility,9,static_min,none,2,4,0.36453201970443355,1.0,2.5517241379310347,8,17.0,2.125,242.0,17,17
high_compressibility,9,static_min,none,2,5,0.36453201970443355,1.0,2.5517241379310347,8,17.0,2.125,242.0,17,17
high_compressibility,9,static_min,none,2,6,0.36453201970443355,1.0,2.5517241379310347,8,17.0,2.125,242.0,17,17
high_compressibility,9,static_min,none,2,7,0.36453201970443355,1.0,2.5517241379310347,8,17.0,2.125,242.0,17,17
high_compressibility,9,static_min,none,2,8,0.36453201970443355,1.0,2.5517241379310347,8,17.0,2.125,242.0,17,17
high_compressibility,9,static_min,none,2,9,0.36453201970443355,1.0,2.5517241379310347,8,17.0,2.125,242.0,17,17
high_compressibility,9,static_min,none,2,10,0.36453201970443355,1.0,2.5517241379310347,8,17.0,2.125,242.0,17,17
high_compressibility,9,static_min,none,2,11,0.36453201970443355,1.0,2.5517241379310347,8,17.0,2.125,242.0,17,17
high_compressibility,9,static_min,none,2,12,0.36453201970443355,1.0,2.5517241379310347,8,17.0,2.125,242.0,17,17
high_compressibility,9,static_min,none,2,13,0.36453201970443355,1.0,2.5517241379310347,8,17.0,2.125,242.0,17,17
high_compressibility,9,static_min,none,2,14,0.36453201970443355,1.0,2.5517241379310347,8,17.0,2.125,242.0,17,17
high_compressibility,9,static_min,none,2,15,0.36453201970443355,1.0,2.5517241379310347,8,17.0,2.125,242.0,17,17
high_compressibility,9,static_min,none,3,3,0.36453201970443355,1.0,2.5517241379310347,8,12.0,1.5,172.0,12,12
high_compressibility,9,static_min,none,3,4,0.36453201970443355,1.0,2.5517241379310347,8,12.0,1.5,172.0,12,12
high_compressibility,9,static_min,none,3,5,0.36453201970443355,1.0,2.5517241379310347,8,12.0,1.5,172.0,12,12
high_compressibility,9,static_min,none,3,6,0.36453201970443355,1.0,2.5517241379310347,8,12.0,1.5,172.0,12,12
high_compressibility,9,static_min,none,3,7,0.36453201970443355,1.0,2.5517241379310347,8,12.0,1.5,172.0,12,12
high_compressibility,9,static_min,none,3,8,0.36453201970443355,1.0,2.5517241379310347,8,12.0,1.5,172.0,12,12
high_compressibility,9,static_min,none,3,9,0.36453201970443355,1.0,2.5517241379310347,8,12.0,1.5,172.0,12,12
high_compressibility,9,static_min,none,3,10,0.36453201970443355,1.0,2.5517241379310347,8,12.0,1.5,172.0,12,12
high_compressibility,9,static_min,none,3,11,0.36453201970443355,1.0,2.5517241379310347,8,12.0,1.5,172.0,12,12
high_compressibility,9,static_min,none,3,12,0.36453201970443355,1.0,2.5517241379310347,8,12.0,1.5,172.0,12,12
high_compressibility,9,static_min,none,3,13,0.36453201970443355,1.0,2.5517241379310347,8,12.0,1.5,172.0,12,12
high_compressibility,9,static_min,none,3,14,0.36453201970443355,1.0,2.5517241379310347,8,12.0,1.5,172.0,12,12
high_compressibility,9,static_min,none,3,15,0.36453201970443355,1.0,2.5517241379310347,8,12.0,1.5,172.0,12,12
high_compressibility,9,static_min,none,4,2,0.36453201970443355,1.0,2.5517241379310347,8,12.0,1.5,172.0,7,7
high_compressibility,9,static_min,none,4,3,0.36453201970443355,1.0,2.5517241379310347,8,11.0,1.375,158.0,7,7
high_compressibility,9,static_min,none,4,4,0.36453201970443355,1.0,2.5517241379310347,8,10.0,1.25,143.0,7,7
high_compressibility,9,static_min,none,4,5,0.36453201970443355,1.0,2.5517241379310347,8,10.0,1.25,143.0,7,7
high_compressibility,9,static_min,none,4,6,0.36453201970443355,1.0,2.5517241379310347,8,10.0,1.25,143.0,7,7
high_compressibility,9,static_min,none,4,7,0.36453201970443355,1.0,2.5517241379310347,8,10.0,1.25,143.0,7,7
high_compressibility,9,static_min,none,4,8,0.36453201970443355,1.0,2.5517241379310347,8,10.0,1.25,143.0,7,7
high_compressibility,9,static_min,none,4,9,0.36453201970443355,1.0,2.5517241379310347,8,10.0,1.25,143.0,7,7
high_compressibility,9,static_min,none,4,10,0.36453201970443355,1.0,2.5517241379310347,8,10.0,1.25,143.0,7,7
high_compressibility,9,static_min,none,4,11,0.36453201970443355,1.0,2.5517241379310347,8,10.0,1.25,143.0,7,7
high_compressibility,9,static_min,none,4,12,0.36453201970443355,1.0,2.5517241379310347,8,10.0,1.25,143.0,7,7
high_compressibility,9,static_min,none,4,13,0.36453201970443355,1.0,2.5517241379310347,8,10.0,1.25,143.0,7,7
high_compressibility,9,static_min,none,4,14,0.36453201970443355,1.0,2.5517241379310347,8,10.0,1.25,143.0,7,7
high_compressibility,9,static_min,none,4,15,0.36453201970443355,1.0,2.5517241379310347,8,10.0,1.25,143.0,7,7
high_compressibility,9,static_min,none,5,1,0.36453201970443355,1.0,2.5517241379310347,8,11.0,1.375,158.0,3,3
high_compressibility,9,static_min,none,5,2,0.36453201970443355,1.0,2.5517241379310347,8,10.0,1.25,143.0,3,3
high_compressibility,9,static_min,none,5,3,0.36453201970443355,1.0,2.5517241379310347,8,9.0,1.125,127.0,3,3
high_compressibility,9,static_min,none,5,4,0.36453201970443355,1.0,2.5517241379310347,8,9.0,1.125,127.0,3,3
high_compressibility,9,static_min,none,5,5,0.36453201970443355,1.0,2.5517241379310347,8,9.0,1.125,127.0,3,3
high_compressibility,9,static_min,none,5,6,0.36453201970443355,1.0,2.5517241379310347,8,9.0,1.125,127.0,3,3
high_compressibility,9,static_min,none,5,7,0.36453201970443355,1.0,2.5517241379310347,8,9.0,1.125,127.0,3,3
high_compressibility,9,static_min,none,5,8,0.36453201970443355,1.0,2.5517241379310347,8,9.0,1.125,127.0,3,3
high_compressibility,9,static_min,none,5,9,0.36453201970443355,1.0,2.5517241379310347,8,9.0,1.125,127.0,3,3
high_compressibility,9,static_min,none,5,10,0.36453201970443355,1.0,2.5517241379310347,8,9.0,1.125,127.0,3,3
high_compressibility,9,static_min,none,5,11,0.36453201970443355,1.0,2.5517241379310347,8,9.0,1.125,127.0,3,3
high_compressibility,9,static_min,none,5,12,0.36453201970443355,1.0,2.5517241379310347,8,9.0,1.125,127.0,3,3
high_compressibility,9,static_min,none,5,13,0.36453201970443355,1.0,2.5517241379310347,8,9.0,1.125,127.0,3,3
high_compressibility,9,static_min,none,5,14,0.36453201970443355,1.0,2.5517241379310347,8,9.0,1.125,127.0,3,3
high_compressibility,9,static_min,none,5,15,0.36453201970443355,1.0,2.5517241379310347,8,9.0,1.125,127.0,3,3
high_compressibility,9,static_min,none,6,0,0.36453201970443355,1.0,2.5517241379310347,8,8.0,1.0,119.0,0,0
high_compressibility,9,static_min,none,6,1,0.36453201970443355,1.0,2.5517241379310347,8,8.0,1.0,119.0,0,0
high_compressibility,9,static_min,none,6,2,0.36453201970443355,1.0,2.5517241379310347,8,8.0,1.0,119.0,0,0
high_compressibility,9,static_min,none,6,3,0.36453201970443355,1.0,2.5517241379310347,8,8.0,1.0,119.0,0,0
high_compressibility,9,static_min,none,6,4,0.36453201970443355,1.0,2.5517241379310347,8,8.0,1.0,119.0,0,0
high_compressibility,9,static_min,none,6,5,0.36453201970443355,1.0,2.5517241379310347,8,8.0,1.0,119.0,0,0
high_compressibility,9,static_min,none,6,6,0.36453201970443355,1.0,2.5517241379310347,8,8.0,1.0,119.0,0,0
high_compressibility,9,static_min,none,6,7,0.36453201970443355,1.0,2.5517241379310347,8,8.0,1.0,119.0,0,0
high_compressibility,9,static_min,none,6,8,0.36453201970443355,1.0,2.5517241379310347,8,8.0,1.0,119.0,0,0
high_compressibility,9,static_min,none,6,9,0.36453201970443355,1.0,2.5517241379310347,8,8.0,1.0,119.0,0,0
high_compressibility,9,static_min,none,6,10,0.36453201970443355,1.0,2.5517241379310347,8,8.0,1.0,119.0,0,0
high_compressibility,9,static_min,none,6,11,0.36453201970443355,1.0,2.5517241379310347,8,8.0,1.0,119.0,0,0
high_compressibility,9,static_min,none,6,12,0.36453201970443355,1.0,2.5517241379310347,8,8.0,1.0,119.0,0,0
high_compressibility,9,static_min,none,6,13,0.36453201970443355,1.0,2.5517241379310347,8,8.0,1.0,119.0,0,0
high_compressibility,9,static_min,none,6,14,0.36453201970443355,1.0,2.5517241379310347,8,8.0,1.0,119.0,0,0
high_compressibility,9,static_min,none,6,15,0.36453201970443355,1.0,2.5517241379310347,8,8.0,1.0,119.0,0,0
high_compressibility,9,static_min,none,7,0,0.36453201970443355,1.0,2.5517241379310347,8,8.0,1.0,119.0,0,0
high_compressibility,9,static_min,none,7,1,0.36453201970443355,1.0,2.5517241379310347,8,8.0,1.0,119.0,0,0
high_compressibility,9,static_min,none,7,2,0.36453201970443355,1.0,2.5517241379310347,8,8.0,1.0,119.0,0,0
high_compressibility,9,static_min,none,7,3,0.36453201970443355,1.0,2.5517241379310347,8,8.0,1.0,119.0,0,0
high_compressibility,9,static_min,none,7,4,0.36453201970443355,1.0,2.5517241379310347,8,8.0,1.0,119.0,0,0
high_compressibility,9,static_min,none,7,5,0.36453201970443355,1.0,2.5517241379310347,8,8.0,1.0,119.0,0,0
high_compressibility,9,static_min,none,7,6,0.36453201970443355,1.0,2.5517241379310347,8,8.0,1.0,119.0,0,0
high_compressibility,9,static_min,none,7,7,0.36453201970443355,1.0,2.5517241379310347,8,8.0,1.0,119.0,0,0
high_compressibility,9,static_min,none,7,8,0.36453201970443355,1.0,2.5517241379310347,8,8.0,1.0,119.0,0,0
high_compressibility,9,static_min,none,7,9,0.36453201970443355,1.0,2.5517241379310347,8,8.0,1.0,119.0,0,0
high_compressibility,9,static_min,none,7,10,0.36453201970443355,1.0,2.5517241379310347,8,8.0,1.0,119.0,0,0
high_compressibility,9,static_min,none,7,11,0.36453201970443355,1.0,2.5517241379310347,8,8.0,1.0,119.0,0,0
high_compressibility,9,static_min,none,7,12,0.36453201970443355,1.0,2.5517241379310347,8,8.0,1.0,119.0,0,0
high_compressibility,9,static_min,none,7,13,0.36453201970443355,1.0,2.5517241379310347,8,8.0,1.0,119.0,0,0
high_compressibility,9,static_min,none,7,14,0.36453201970443355,1.0,2.5517241379310347,8,8.0,1.0,119.0,0,0
high_compressibility,9,static_min,none,7,15,0.36453201970443355,1.0,2.5517241379310347,8,8.0,1.0,119.0,0,0
low_compressibility,1,capacity_aware_static,C,1,0,0.0,0.0,0.0,42,42.0,1.0,263.0,0,0
low_compressibility,1,capacity_aware_static,C,1,1,0.0,0.0,0.0,42,42.0,1.0,263.0,0,0
low_compressibility,1,capacity_aware_static,C,1,2,0.0,0.0,0.0,42,42.0,1.0,263.0,0,0
low_compressibility,1,capacity_aware_static,C,1,3,0.0,0.0,0.0,42,42.0,1.0,263.0,0,0
low_compressibility,1,capacity_aware_static,C,1,4,0.0,0.0,0.0,42,42.0,1.0,263.0,0,0
low_compressibility,1,capacity_aware_static,C,1,5,0.0,0.0,0.0,42,42.0,1.0,263.0,0,0
low_compressibility,1,capacity_aware_static,C,1,6,0.0,0.0,0.0,42,42.0,1.0,263.0,0,0
low_compressibility,1,capacity_aware_static,C,1,7,0.0,0.0,0.0,42,42.0,1.0,263.0,0,0
low_compressibility,1,capacity_aware_static,C,1,8,0.0,0.0,0.0,42,42.0,1.0,263.0,0,0
low_compressibility,1,capacity_aware_static,C,1,9,0.0,0.0,0.0,42,42.0,1.0,263.0,0,0
low_compressibility,1,capacity_aware_static,C,1,10,0.0,0.0,0.0,42,42.0,1.0,263.0,0,0
low_compressibility,1,capacity_aware_static,C,1,11,0.0,0.0,0.0,42,42.0,1.0,263.0,0,0
low_compressibility,1,capacity_aware_static,C,1,12,0.0,0.0,0.0,42,42.0,1.0,263.0,0,0
low_compressibility,1,capacity_aware_static,C,1,13,0.0,0.0,0.0,42,42.0,1.0,263.0,0,0
low_compressibility,1,capacity_aware_static,C,1,14,0.0,0.0,0.0,42,42.0,1.0,263.0,0,0
low_compressibility,1,capacity_aware_static,C,1,15,0.0,0.0,0.0,42,42.0,1.0,263.0,0,0
low_compressibility,1,capacity_aware_static,C,2,0,0.0,0.0,0.0,42,42.0,1.0,263.0,0,0
low_compressibility,1,capacity_aware_static,C,2,1,0.0,0.0,0.0,42,42.0,1.0,263.0,0,0
low_compressibility,1,capacity_aware_static,C,2,2,0.0,0.0,0.0,42,42.0,1.0,263.0,0,0
low_compressibility,1,capacity_aware_static,C,2,3,0.0,0.0,0.0,42,42.0,1.0,263.0,0,0
low_compressibility,1,capacity_aware_static,C,2,4,0.0,0.0,0.0,42,42.0,1.0,263.0,0,0
low_compressibility,1,capacity_aware_static,C,2,5,0.0,0.0,0.0,42,42.0,1.0,263.0,0,0
low_compressibility,1,capacity_aware_static,C,2,6,0.0,0.0,0.0,42,42.0,1.0,263.0,0,0
low_compressibility,1,capacity_aware_static,C,2,7,0.0,0.0,0.0,42,42.0,1.0,263.0,0,0
low_compressibility,1,capacity_aware_static,C,2,8,0.0,0.0,0.0,42,42.0,1.0,263.0,0,0
low_compressibility,1,capacity_aware_static,C,2,9,0.0,0.0,0.0,42,42.0,1.0,263.0,0,0
low_compressibility,1,capacity_aware_static,C,2,10,0.0,0.0,0.0,42,42.0,1.0,263.0,0,0
low_compressibility,1,capacity_aware_static,C,2,11,0.0,0.0,0.0,42,42.0,1.0,263.0,0,0
low_compressibility,1,capacity_aware_static,C,2,12,0.0,0.0,0.0,42,42.0,1.0,263.0,0,0
low_compressibility,1,capacity_aware_static,C,2,13,0.0,0.0,0.0,42,42.0,1.0,263.0,0,0
low_compressibility,1,capacity_aware_static,C,2,14,0.0,0.0,0.0,42,42.0,1.0,263.0,0,0
low_compressibility,1,capacity_aware_static,C,2,15,0.0,0.0,0.0,42,42.0,1.0,263.0,0,0
low_compressibility,1,capacity_aware_static,C,3,0,0.0,0.0,0.0,42,42.0,1.0,263.0,0,0
low_compressibility,1,capacity_aware_static,C,3,1,0.0,0.0,0.0,42,42.0,1.0,263.0,0,0
low_compressibility,1,capacity_aware_static,C,3,2,0.0,0.0,0.0,42,42.0,1.0,263.0,0,0
low_compressibility,1,capacity_aware_static,C,3,3,0.0,0.0,0.0,42,42.0,1.0,263.0,0,0
low_compressibility,1,capacity_aware_static,C,3,4,0.0,0.0,0.0,42,42.0,1.0,263.0,0,0
low_compressibility,1,capacity_aware_static,C,3,5,0.0,0.0,0.0,42,42.0,1.0,263.0,0,0
low_compressibility,1,capacity_aware_static,C,3,6,0.0,0.0,0.0,42,42.0,1.0,263.0,0,0
low_compressibility,1,capacity_aware_static,C,3,7,0.0,0.0,0.0,42,42.0,1.0,263.0,0,0
low_compressibility,1,capacity_aware_static,C,3,8,0.0,0.0,0.0,42,42.0,1.0,263.0,0,0
low_compressibility,1,capacity_aware_static,C,3,9,0.0,0.0,0.0,42,42.0,1.0,263.0,0,0
low_compressibility,1,capacity_aware_static,C,3,10,0.0,0.0,0.0,42,42.0,1.0,263.0,0,0
low_compressibility,1,capacity_aware_static,C,3,11,0.0,0.0,0.0,42,42.0,1.0,263.0,0,0
low_compressibility,1,capacity_aware_static,C,3,12,0.0,0.0,0.0,42,42.0,1.0,263.0,0,0
low_compressibility,1,capacity_aware_static,C,3,13,0.0,0.0,0.0,42,42.0,1.0,263.0,0,0
low_compressibility,1,capacity_aware_static,C,3,14,0.0,0.0,0.0,42,42.0,1.0,263.0,0,0
low_compressibility,1,capacity_aware_static,C,3,15,0.0,0.0,0.0,42,42.0,1.0,263.0,0,0
low_compressibility,1,capacity_aware_static,C,4,0,0.0,0.0,0.0,42,42.0,1.0,263.0,0,0
low_compressibility,1,capacity_aware_static,C,4,1,0.0,0.0,0.0,42,42.0,1.0,263.0,0,0
low_compressibility,1,capacity_aware_static,C,4,2,0.0,0.0,0.0,42,42.0,1.0,263.0,0,0
low_compressibility,1,capacity_aware_static,C,4,3,0.0,0.0,0.0,42,42.0,1.0,263.0,0,0
low_compressibility,1,capacity_aware_static,C,4,4,0.0,0.0,0.0,42,42.0,1.0,263.0,0,0
low_compressibility,1,capacity_aware_static,C,4,5,0.0,0.0,0.0,42,42.0,1.0,263.0,0,0
low_compressibility,1,capacity_aware_static,C,4,6,0.0,0.0,0.0,42,42.0,1.0,263.0,0,0
low_compressibility,1,capacity_aware_static,C,4,7,0.0,0.0,0.0,42,42.0,1.0,263.0,0,0
low_compressibility,1,capacity_aware_static,C,4,8,0.0,0.0,0.0,42,42.0,1.0,263.0,0,0
low_compressibility,1,capacity_aware_static,C,4,9,0.0,0.0,0.0,42,42.0,1.0,263.0,0,0
low_compressibility,1,capacity_aware_static,C,4,10,0.0,0.0,0.0,42,42.0,1.0,263.0,0,0
low_compressibility,1,capacity_aware_static,C,4,11,0.0,0.0,0.0,42,42.0,1.0,263.0,0,0
low_compressibility,1,capacity_aware_static,C,4,12,0.0,0.0,0.0,42,42.0,1.0,263.0,0,0
low_compressibility,1,capacity_aware_static,C,4,13,0.0,0.0,0.0,42,42.0,1.0,263.0,0,0
low_compressibility,1,capacity_aware_static,C,4,14,0.0,0.0,0.0,42,42.0,1.0,263.0,0,0
low_compressibility,1,capacity_aware_static,C,4,15,0.0,0.0,0.0,42,42.0,1.0,263.0,0,0
low_compressibility,1,capacity_aware_static,C,5,0,0.0,0.0,0.0,42,42.0,1.0,263.0,0,0
low_compressibility,1,capacity_aware_static,C,5,1,0.0,0.0,0.0,42,42.0,1.0,263.0,0,0
low_compressibility,1,capacity_aware_static,C,5,2,0.0,0.0,0.0,42,42.0,1.0,263.0,0,0
low_compressibility,1,capacity_aware_static,C,5,3,0.0,0.0,0.0,42,42.0,1.0,263.0,0,0
low_compressibility,1,capacity_aware_static,C,5,4,0.0,0.0,0.0,42,42.0,1.0,263.0,0,0
low_compressibility,1,capacity_aware_static,C,5,5,0.0,0.0,0.0,42,42.0,1.0,263.0,0,0
low_compressibility,1,capacity_aware_static,C,5,6,0.0,0.0,0.0,42,42.0,1.0,263.0,0,0
low_compressibility,1,capacity_aware_static,C,5,7,0.0,0.0,0.0,42,42.0,1.0,263.0,0,0
low_compressibility,1,capacity_aware_static,C,5,8,0.0,0.0,0.0,42,42.0,1.0,263.0,0,0
low_compressibility,1,capacity_aware_static,C,5,9,0.0,0.0,0.0,42,42.0,1.0,263.0,0,0
low_compressibility,1,capacity_aware_static,C,5,10,0.0,0.0,0.0,42,42.0,1.0,263.0,0,0
low_compressibility,1,capacity_aware_static,C,5,11,0.0,0.0,0.0,42,42.0,1.0,263.0,0,0
low_compressibility,1,capacity_aware_static,C,5,12,0.0,0.0,0.0,42,42.0,1.0,263.0,0,0
low_compressibility,1,capacity_aware_static,C,5,13,0.0,0.0,0.0,42,42.0,1.0,263.0,0,0
low_compressibility,1,capacity_aware_static,C,5,14,0.0,0.0,0.0,42,42.0,1.0,263.0,0,0
low_compressibility,1,capacity_aware_static,C,5,15,0.0,0.0,0.0,42,42.0,1.0,263.0,0,0
low_compressibility,1,capacity_aware_static,C,6,0,0.0,0.0,0.0,42,42.0,1.0,263.0,0,0
low_compressibility,1,capacity_aware_static,C,6,1,0.0,0.0,0.0,42,42.0,1.0,263.0,0,0
low_compressibility,1,capacity_aware_static,C,6,2,0.0,0.0,0.0,42,42.0,1.0,263.0,0,0
low_compressibility,1,capacity_aware_static,C,6,3,0.0,0.0,0.0,42,42.0,1.0,263.0,0,0
low_compressibility,1,capacity_aware_static,C,6,4,0.0,0.0,0.0,42,42.0,1.0,263.0,0,0
low_compressibility,1,capacity_aware_static,C,6,5,0.0,0.0,0.0,42,42.0,1.0,263.0,0,0
low_compressibility,1,capacity_aware_static,C,6,6,0.0,0.0,0.0,42,42.0,1.0,263.0,0,0
low_compressibility,1,capacity_aware_static,C,6,7,0.0,0.0,0.0,42,42.0,1.0,263.0,0,0
low_compressibility,1,capacity_aware_static,C,6,8,0.0,0.0,0.0,42,42.0,1.0,263.0,0,0
low_compressibility,1,capacity_aware_static,C,6,9,0.0,0.0,0.0,42,42.0,1.0,263.0,0,0
low_compressibility,1,capacity_aware_static,C,6,10,0.0,0.0,0.0,42,42.0,1.0,263.0,0,0
low_compressibility,1,capacity_aware_static,C,6,11,0.0,0.0,0.0,42,42.0,1.0,263.0,0,0
low_compressibility,1,capacity_aware_static,C,6,12,0.0,0.0,0.0,42,42.0,1.0,263.0,0,0
low_compressibility,1,capacity_aware_static,C,6,13,0.0,0.0,0.0,42,42.0,1.0,263.0,0,0
low_compressibility,1,capacity_aware_static,C,6,14,0.0,0.0,0.0,42,42.0,1.0,263.0,0,0
low_compressibility,1,capacity_aware_static,C,6,15,0.0,0.0,0.0,42,42.0,1.0,263.0,0,0
low_compressibility,1,capacity_aware_static,C,7,0,0.0,0.0,0.0,42,42.0,1.0,263.0,0,0
low_compressibility,1,capacity_aware_static,C,7,1,0.0,0.0,0.0,42,42.0,1.0,263.0,0,0
low_compressibility,1,capacity_aware_static,C,7,2,0.0,0.0,0.0,42,42.0,1.0,263.0,0,0
low_compressibility,1,capacity_aware_static,C,7,3,0.0,0.0,0.0,42,42.0,1.0,263.0,0,0
low_compressibility,1,capacity_aware_static,C,7,4,0.0,0.0,0.0,42,42.0,1.0,263.0,0,0
low_compressibility,1,capacity_aware_static,C,7,5,0.0,0.0,0.0,42,42.0,1.0,263.0,0,0
low_compressibility,1,capacity_aware_static,C,7,6,0.0,0.0,0.0,42,42.0,1.0,263.0,0,0
low_compressibility,1,capacity_aware_static,C,7,7,0.0,0.0,0.0,42,42.0,1.0,263.0,0,0
low_compressibility,1,capacity_aware_static,C,7,8,0.0,0.0,0.0,42,42.0,1.0,263.0,0,0
low_compressibility,1,capacity_aware_static,C,7,9,0.0,0.0,0.0,42,42.0,1.0,263.0,0,0
low_compressibility,1,capacity_aware_static,C,7,10,0.0,0.0,0.0,42,42.0,1.0,263.0,0,0
low_compressibility,1,capacity_aware_static,C,7,11,0.0,0.0,0.0,42,42.0,1.0,263.0,0,0
low_compressibility,1,capacity_aware_static,C,7,12,0.0,0.0,0.0,42,42.0,1.0,263.0,0,0
low_compressibility,1,capacity_aware_static,C,7,13,0.0,0.0,0.0,42,42.0,1.0,263.0,0,0
low_compressibility,1,capacity_aware_static,C,7,14,0.0,0.0,0.0,42,42.0,1.0,263.0,0,0
low_compressibility,1,capacity_aware_static,C,7,15,0.0,0.0,0.0,42,42.0,1.0,263.0,0,0
low_compressibility,1,smoothed,none,1,0,0.0,0.0,0.0,42,42.0,1.0,263.0,0,0
low_compressibility,1,smoothed,none,1,1,0.0,0.0,0.0,42,42.0,1.0,263.0,0,0
low_compressibility,1,smoothed,none,1,2,0.0,0.0,0.0,42,42.0,1.0,263.0,0,0
low_compressibility,1,smoothed,none,1,3,0.0,0.0,0.0,42,42.0,1.0,263.0,0,0
low_compressibility,1,smoothed,none,1,4,0.0,0.0,0.0,42,42.0,1.0,263.0,0,0
low_compressibility,1,smoothed,none,1,5,0.0,0.0,0.0,42,42.0,1.0,263.0,0,0
low_compressibility,1,smoothed,none,1,6,0.0,0.0,0.0,42,42.0,1.0,263.0,0,0
low_compressibility,1,smoothed,none,1,7,0.0,0.0,0.0,42,42.0,1.0,263.0,0,0
low_compressibility,1,smoothed,none,1,8,0.0,0.0,0.0,42,42.0,1.0,263.0,0,0
low_compressibility,1,smoothed,none,1,9,0.0,0.0,0.0,42,42.0,1.0,263.0,0,0
low_compressibility,1,smoothed,none,1,10,0.0,0.0,0.0,42,42.0,1.0,263.0,0,0
low_compressibility,1,smoothed,none,1,11,0.0,0.0,0.0,42,42.0,1.0,263.0,0,0
low_compressibility,1,smoothed,none,1,12,0.0,0.0,0.0,42,42.0,1.0,263.0,0,0
low_compressibility,1,smoothed,none,1,13,0.0,0.0,0.0,42,42.0,1.0,263.0,0,0
low_compressibility,1,smoothed,none,1,14,0.0,0.0,0.0,42,42.0,1.0,263.0,0,0
low_compressibility,1,smoothed,none,1,15,0.0,0.0,0.0,42,42.0,1.0,263.0,0,0
low_compressibility,1,smoothed,none,2,0,0.0,0.0,0.0,42,42.0,1.0,263.0,0,0
low_compressibility,1,smoothed,none,2,1,0.0,0.0,0.0,42,42.0,1.0,263.0,0,0
low_compressibility,1,smoothed,none,2,2,0.0,0.0,0.0,42,42.0,1.0,263.0,0,0
low_compressibility,1,smoothed,none,2,3,0.0,0.0,0.0,42,42.0,1.0,263.0,0,0
low_compressibility,1,smoothed,none,2,4,0.0,0.0,0.0,42,42.0,1.0,263.0,0,0
low_compressibility,1,smoothed,none,2,5,0.0,0.0,0.0,42,42.0,1.0,263.0,0,0
low_compressibility,1,smoothed,none,2,6,0.0,0.0,0.0,42,42.0,1.0,263.0,0,0
low_compressibility,1,smoothed,none,2,7,0.0,0.0,0.0,42,42.0,1.0,263.0,0,0
low_compressibility,1,smoothed,none,2,8,0.0,0.0,0.0,42,42.0,1.0,263.0,0,0
low_compressibility,1,smoothed,none,2,9,0.0,0.0,0.0,42,42.0,1.0,263.0,0,0
low_compressibility,1,smoothed,none,2,10,0.0,0.0,0.0,42,42.0,1.0,263.0,0,0
low_compressibility,1,smoothed,none,2,11,0.0,0.0,0.0,42,42.0,1.0,263.0,0,0
low_compressibility,1,smoothed,none,2,12,0.0,0.0,0.0,42,42.0,1.0,263.0,0,0
low_compressibility,1,smoothed,none,2,13,0.0,0.0,0.0,42,42.0,1.0,263.0,0,0
low_compressibility,1,smoothed,none,2,14,0.0,0.0,0.0,42,42.0,1.0,263.0,0,0
low_compressibility,1,smoothed,none,2,15,0.0,0.0,0.0,42,42.0,1.0,263.0,0,0
low_compressibility,1,smoothed,none,3,0,0.0,0.0,0.0,42,42.0,1.0,263.0,0,0
low_compressibility,1,smoothed,none,3,1,0.0,0.0,0.0,42,42.0,1.0,263.0,0,0
low_compressibility,1,smoothed,none,3,2,0.0,0.0,0.0,42,42.0,1.0,263.0,0,0
low_compressibility,1,smoothed,none,3,3,0.0,0.0,0.0,42,42.0,1.0,263.0,0,0
low_compressibility,1,smoothed,none,3,4,0.0,0.0,0.0,42,42.0,1.0,263.0,0,0
low_compressibility,1,smoothed,none,3,5,0.0,0.0,0.0,42,42.0,1.0,263.0,0,0
low_compressibility,1,smoothed,none,3,6,0.0,0.0,0.0,42,42.0,1.0,263.0,0,0
low_compressibility,1,smoothed,none,3,7,0.0,0.0,0.0,42,42.0,1.0,263.0,0,0
low_compressibility,1,smoothed,none,3,8,0.0,0.0,0.0,42,42.0,1.0,263.0,0,0
low_compressibility,1,smoothed,none,3,9,0.0,0.0,0.0,42,42.0,1.0,263.0,0,0
low_compressibility,1,smoothed,none,3,10,0.0,0.0,0.0,42,42.0,1.0,263.0,0,0
low_compressibility,1,smoothed,none,3,11,0.0,0.0,0.0,42,42.0,1.0,263.0,0,0
low_compressibility,1,smoothed,none,3,12,0.0,0.0,0.0,42,42.0,1.0,263.0,0,0
low_compressibility,1,smoothed,none,3,13,0.0,0.0,0.0,42,42.0,1.0,263.0,0,0
low_compressibility,1,smoothed,none,3,14,0.0,0.0,0.0,42,42.0,1.0,263.0,0,0
low_compressibility,1,smoothed,none,3,15,0.0,0.0,0.0,42,42.0,1.0,263.0,0,0
low_compressibility,1,smoothed,none,4,0,0.0,0.0,0.0,42,42.0,1.0,263.0,0,0
low_compressibility,1,smoothed,none,4,1,0.0,0.0,0.0,42,42.0,1.0,263.0,0,0
low_compressibility,1,smoothed,none,4,2,0.0,0.0,0.0,42,42.0,1.0,263.0,0,0
low_compressibility,1,smoothed,none,4,3,0.0,0.0,0.0,42,42.0,1.0,263.0,0,0
low_compressibility,1,smoothed,none,4,4,0.0,0.0,0.0,42,42.0,1.0,263.0,0,0
low_compressibility,1,smoothed,none,4,5,0.0,0.0,0.0,42,42.0,1.0,263.0,0,0
low_compressibility,1,smoothed,none,4,6,0.0,0.0,0.0,42,42.0,1.0,263.0,0,0
low_compressibility,1,smoothed,none,4,7,0.0,0.0,0.0,42,42.0,1.0,263.0,0,0
low_compressibility,1,smoothed,none,4,8,0.0,0.0,0.0,42,42.0,1.0,263.0,0,0
low_compressibility,1,smoothed,none,4,9,0.0,0.0,0.0,42,42.0,1.0,263.0,0,0
low_compressibility,1,smoothed,none,4,10,0.0,0.0,0.0,42,42.0,1.0,263.0,0,0
low_compressibility,1,smoothed,none,4,11,0.0,0.0,0.0,42,42.0,1.0,263.0,0,0
low_compressibility,1,smoothed,none,4,12,0.0,0.0,0.0,42,42.0,1.0,263.0,0,0
low_compressibility,1,smoothed,none,4,13,0.0,0.0,0.0,42,42.0,1.0,263.0,0,0
low_compressibility,1,smoothed,none,4,14,0.0,0.0,0.0,42,42.0,1.0,263.0,0,0
low_compressibility,1,smoothed,none,4,15,0.0,0.0,0.0,42,42.0,1.0,263.0,0,0
low_compressibility,1,smoothed,none,5,0,0.0,0.0,0.0,42,42.0,1.0,263.0,0,0
low_compressibility,1,smoothed,none,5,1,0.0,0.0,0.0,42,42.0,1.0,263.0,0,0
low_compressibility,1,smoothed,none,5,2,0.0,0.0,0.0,42,42.0,1.0,263.0,0,0
low_compressibility,1,smoothed,none,5,3,0.0,0.0,0.0,42,42.0,1.0,263.0,0,0
low_compressibility,1,smoothed,none,5,4,0.0,0.0,0.0,42,42.0,1.0,263.0,0,0
low_compressibility,1,smoothed,none,5,5,0.0,0.0,0.0,42,42.0,1.0,263.0,0,0
low_compressibility,1,smoothed,none,5,6,0.0,0.0,0.0,42,42.0,1.0,263.0,0,0
low_compressibility,1,smoothed,none,5,7,0.0,0.0,0.0,42,42.0,1.0,263.0,0,0
low_compressibility,1,smoothed,none,5,8,0.0,0.0,0.0,42,42.0,1.0,263.0,0,0
low_compressibility,1,smoothed,none,5,9,0.0,0.0,0.0,42,42.0,1.0,263.0,0,0
low_compressibility,1,smoothed,none,5,10,0.0,0.0,0.0,42,42.0,1.0,263.0,0,0
low_compressibility,1,smoothed,none,5,11,0.0,0.0,0.0,42,42.0,1.0,263.0,0,0
low_compressibility,1,smoothed,none,5,12,0.0,0.0,0.0,42,42.0,1.0,263.0,0,0
low_compressibility,1,smoothed,none,5,13,0.0,0.0,0.0,42,42.0,1.0,263.0,0,0
low_compressibility,1,smoothed,none,5,14,0.0,0.0,0.0,42,42.0,1.0,263.0,0,0
low_compressibility,1,smoothed,none,5,15,0.0,0.0,0.0,42,42.0,1.0,263.0,0,0
low_compressibility,1,smoothed,none,6,0,0.0,0.0,0.0,42,42.0,1.0,263.0,0,0
low_compressibility,1,smoothed,none,6,1,0.0,0.0,0.0,42,42.0,1.0,263.0,0,0
low_compressibility,1,smoothed,none,6,2,0.0,0.0,0.0,42,42.0,1.0,263.0,0,0
low_compressibility,1,smoothed,none,6,3,0.0,0.0,0.0,42,42.0,1.0,263.0,0,0
low_compressibility,1,smoothed,none,6,4,0.0,0.0,0.0,42,42.0,1.0,263.0,0,0
low_compressibility,1,smoothed,none,6,5,0.0,0.0,0.0,42,42.0,1.0,263.0,0,0
low_compressibility,1,smoothed,none,6,6,0.0,0.0,0.0,42,42.0,1.0,263.0,0,0
low_compressibility,1,smoothed,none,6,7,0.0,0.0,0.0,42,42.0,1.0,263.0,0,0
low_compressibility,1,smoothed,none,6,8,0.0,0.0,0.0,42,42.0,1.0,263.0,0,0
low_compressibility,1,smoothed,none,6,9,0.0,0.0,0.0,42,42.0,1.0,263.0,0,0
low_compressibility,1,smoothed,none,6,10,0.0,0.0,0.0,42,42.0,1.0,263.0,0,0
low_compressibility,1,smoothed,none,6,11,0.0,0.0,0.0,42,42.0,1.0,263.0,0,0
low_compressibility,1,smoothed,none,6,12,0.0,0.0,0.0,42,42.0,1.0,263.0,0,0
low_compressibility,1,smoothed,none,6,13,0.0,0.0,0.0,42,42.0,1.0,263.0,0,0
low_compressibility,1,smoothed,none,6,14,0.0,0.0,0.0,42,42.0,1.0,263.0,0,0
low_compressibility,1,smoothed,none,6,15,0.0,0.0,0.0,42,42.0,1.0,263.0,0,0
low_compressibility,1,smoothed,none,7,0,0.0,0.0,0.0,42,42.0,1.0,263.0,0,0
low_compressibility,1,smoothed,none,7,1,0.0,0.0,0.0,42,42.0,1.0,263.0,0,0
low_compressibility,1,smoothed,none,7,2,0.0,0.0,0.0,42,42.0,1.0,263.0,0,0
low_compressibility,1,smoothed,none,7,3,0.0,0.0,0.0,42,42.0,1.0,263.0,0,0
low_compressibility,1,smoothed,none,7,4,0.0,0.0,0.0,42,42.0,1.0,263.0,0,0
low_compressibility,1,smoothed,none,7,5,0.0,0.0,0.0,42,42.0,1.0,263.0,0,0
low_compressibility,1,smoothed,none,7,6,0.0,0.0,0.0,42,42.0,1.0,263.0,0,0
low_compressibility,1,smoothed,none,7,7,0.0,0.0,0.0,42,42.0,1.0,263.0,0,0
low_compressibility,1,smoothed,none,7,8,0.0,0.0,0.0,42,42.0,1.0,263.0,0,0
low_compressibility,1,smoothed,none,7,9,0.0,0.0,0.0,42,42.0,1.0,263.0,0,0
low_compressibility,1,smoothed,none,7,10,0.0,0.0,0.0,42,42.0,1.0,263.0,0,0
low_compressibility,1,smoothed,none,7,11,0.0,0.0,0.0,42,42.0,1.0,263.0,0,0
low_compressibility,1,smoothed,none,7,12,0.0,0.0,0.0,42,42.0,1.0,263.0,0,0
low_compressibility,1,smoothed,none,7,13,0.0,0.0,0.0,42,42.0,1.0,263.0,0,0
low_compressibility,1,smoothed,none,7,14,0.0,0.0,0.0,42,42.0,1.0,263.0,0,0
low_compressibility,1,smoothed,none,7,15,0.0,0.0,0.0,42,42.0,1.0,263.0,0,0
low_compressibility,1,static_min,none,1,0,0.0,0.0,0.0,42,42.0,1.0,263.0,0,0
low_compressibility,1,static_min,none,1,1,0.0,0.0,0.0,42,42.0,1.0,263.0,0,0
low_compressibility,1,static_min,none,1,2,0.0,0.0,0.0,42,42.0,1.0,263.0,0,0
low_compressibility,1,static_min,none,1,3,0.0,0.0,0.0,42,42.0,1.0,263.0,0,0
low_compressibility,1,static_min,none,1,4,0.0,0.0,0.0,42,42.0,1.0,263.0,0,0
low_compressibility,1,static_min,none,1,5,0.0,0.0,0.0,42,42.0,1.0,263.0,0,0
low_compressibility,1,static_min,none,1,6,0.0,0.0,0.0,42,42.0,1.0,263.0,0,0
low_compressibility,1,static_min,none,1,7,0.0,0.0,0.0,42,42.0,1.0,263.0,0,0
low_compressibility,1,static_min,none,1,8,0.0,0.0,0.0,42,42.0,1.0,263.0,0,0
low_compressibility,1,static_min,none,1,9,0.0,0.0,0.0,42,42.0,1.0,263.0,0,0
low_compressibility,1,static_min,none,1,10,0.0,0.0,0.0,42,42.0,1.0,263.0,0,0
low_compressibility,1,static_min,none,1,11,0.0,0.0,0.0,42,42.0,1.0,263.0,0,0
low_compressibility,1,static_min,none,1,12,0.0,0.0,0.0,42,42.0,1.0,263.0,0,0
low_compressibility,1,static_min,none,1,13,0.0,0.0,0.0,42,42.0,1.0,263.0,0,0
low_compressibility,1,static_min,none,1,14,0.0,0.0,0.0,42,42.0,1.0,263.0,0,0
low_compressibility,1,static_min,none,1,15,0.0,0.0,0.0,42,42.0,1.0,263.0,0,0
low_compressibility,1,static_min,none,2,0,0.0,0.0,0.0,42,42.0,1.0,263.0,0,0
low_compressibility,1,static_min,none,2,1,0.0,0.0,0.0,42,42.0,1.0,263.0,0,0
low_compressibility,1,static_min,none,2,2,0.0,0.0,0.0,42,42.0,1.0,263.0,0,0
low_compressibility,1,static_min,none,2,3,0.0,0.0,0.0,42,42.0,1.0,263.0,0,0
low_compressibility,1,static_min,none,2,4,0.0,0.0,0.0,42,42.0,1.0,263.0,0,0
low_compressibility,1,static_min,none,2,5,0.0,0.0,0.0,42,42.0,1.0,263.0,0,0
low_compressibility,1,static_min,none,2,6,0.0,0.0,0.0,42,42.0,1.0,263.0,0,0
low_compressibility,1,static_min,none,2,7,0.0,0.0,0.0,42,42.0,1.0,263.0,0,0
low_compressibility,1,static_min,none,2,8,0.0,0.0,0.0,42,42.0,1.0,263.0,0,0
low_compressibility,1,static_min,none,2,9,0.0,0.0,0.0,42,42.0,1.0,263.0,0,0
low_compressibility,1,static_min,none,2,10,0.0,0.0,0.0,42,42.0,1.0,263.0,0,0
low_compressibility,1,static_min,none,2,11,0.0,0.0,0.0,42,42.0,1.0,263.0,0,0
low_compressibility,1,static_min,none,2,12,0.0,0.0,0.0,42,42.0,1.0,263.0,0,0
low_compressibility,1,static_min,none,2,13,0.0,0.0,0.0,42,42.0,1.0,263.0,0,0
low_compressibility,1,static_min,none,2,14,0.0,0.0,0.0,42,42.0,1.0,263.0,0,0
low_compressibility,1,static_min,none,2,15,0.0,0.0,0.0,42,42.0,1.0,263.0,0,0
low_compressibility,1,static_min,none,3,0,0.0,0.0,0.0,42,42.0,1.0,263.0,0,0
low_compressibility,1,static_min,none,3,1,0.0,0.0,0.0,42,42.0,1.0,263.0,0,0
low_compressibility,1,static_min,none,3,2,0.0,0.0,0.0,42,42.0,1.0,263.0,0,0
low_compressibility,1,static_min,none,3,3,0.0,0.0,0.0,42,42.0,1.0,263.0,0,0
low_compressibility,1,static_min,none,3,4,0.0,0.0,0.0,42,42.0,1.0,263.0,0,0
low_compressibility,1,static_min,none,3,5,0.0,0.0,0.0,42,42.0,1.0,263.0,0,0
low_compressibility,1,static_min,none,3,6,0.0,0.0,0.0,42,42.0,1.0,263.0,0,0
low_compressibility,1,static_min,none,3,7,0.0,0.0,0.0,42,42.0,1.0,263.0,0,0
low_compressibility,1,static_min,none,3,8,0.0,0.0,0.0,42,42.0,1.0,263.0,0,0
low_compressibility,1,static_min,none,3,9,0.0,0.0,0.0,42,42.0,1.0,263.0,0,0
low_compressibility,1,static_min,none,3,10,0.0,0.0,0.0,42,42.0,1.0,263.0,0,0
low_compressibility,1,static_min,none,3,11,0.0,0.0,0.0,42,42.0,1.0,263.0,0,0
low_compressibility,1,static_min,none,3,12,0.0,0.0,0.0,42,42.0,1.0,263.0,0,0
low_compressibility,1,static_min,none,3,13,0.0,0.0,0.0,42,42.0,1.0,263.0,0,0
low_compressibility,1,static_min,none,3,14,0.0,0.0,0.0,42,42.0,1.0,263.0,0,0
low_compressibility,1,static_min,none,3,15,0.0,0.0,0.0,42,42.0,1.0,263.0,0,0
low_compressibility,1,static_min,none,4,0,0.0,0.0,0.0,42,42.0,1.0,263.0,0,0
low_compressibility,1,static_min,none,4,1,0.0,0.0,0.0,42,42.0,1.0,263.0,0,0
low_compressibility,1,static_min,none,4,2,0.0,0.0,0.0,42,42.0,1.0,263.0,0,0
low_compressibility,1,static_min,none,4,3,0.0,0.0,0.0,42,42.0,1.0,263.0,0,0
low_compressibility,1,static_min,none,4,4,0.0,0.0,0.0,42,42.0,1.0,263.0,0,0
low_compressibility,1,static_min,none,4,5,0.0,0.0,0.0,42,42.0,1.0,263.0,0,0
low_compressibility,1,static_min,none,4,6,0.0,0.0,0.0,42,42.0,1.0,263.0,0,0
low_compressibility,1,static_min,none,4,7,0.0,0.0,0.0,42,42.0,1.0,263.0,0,0
low_compressibility,1,static_min,none,4,8,0.0,0.0,0.0,42,42.0,1.0,263.0,0,0
low_compressibility,1,static_min,none,4,9,0.0,0.0,0.0,42,42.0,1.0,263.0,0,0
low_compressibility,1,static_min,none,4,10,0.0,0.0,0.0,42,42.0,1.0,263.0,0,0
low_compressibility,1,static_min,none,4,11,0.0,0.0,0.0,42,42.0,1.0,263.0,0,0
low_compressibility,1,static_min,none,4,12,0.0,0.0,0.0,42,42.0,1.0,263.0,0,0
low_compressibility,1,static_min,none,4,13,0.0,0.0,0.0,42,42.0,1.0,263.0,0,0
low_compressibility,1,static_min,none,4,14,0.0,0.0,0.0,42,42.0,1.0,263.0,0,0
low_compressibility,1,static_min,none,4,15,0.0,0.0,0.0,42,42.0,1.0,263.0,0,0
low_compressibility,1,static_min,none,5,0,0.0,0.0,0.0,42,42.0,1.0,263.0,0,0
low_compressibility,1,static_min,none,5,1,0.0,0.0,0.0,42,42.0,1.0,263.0,0,0
low_compressibility,1,static_min,none,5,2,0.0,0.0,0.0,42,42.0,1.0,263.0,0,0
low_compressibility,1,static_min,none,5,3,0.0,0.0,0.0,42,42.0,1.0,263.0,0,0
low_compressibility,1,static_min,none,5,4,0.0,0.0,0.0,42,42.0,1.0,263.0,0,0
low_compressibility,1,static_min,none,5,5,0.0,0.0,0.0,42,42.0,1.0,263.0,0,0
low_compressibility,1,static_min,none,5,6,0.0,0.0,0.0,42,42.0,1.0,263.0,0,0
low_compressibility,1,static_min,none,5,7,0.0,0.0,0.0,42,42.0,1.0,263.0,0,0
low_compressibility,1,static_min,none,5,8,0.0,0.0,0.0,42,42.0,1.0,263.0,0,0
low_compressibility,1,static_min,none,5,9,0.0,0.0,0.0,42,42.0,1.0,263.0,0,0
low_compressibility,1,static_min,none,5,10,0.0,0.0,0.0,42,42.0,1.0,263.0,0,0
low_compressibility,1,static_min,none,5,11,0.0,0.0,0.0,42,42.0,1.0,263.0,0,0
low_compressibility,1,static_min,none,5,12,0.0,0.0,0.0,42,42.0,1.0,263.0,0,0
low_compressibility,1,static_min,none,5,13,0.0,0.0,0.0,42,42.0,1.0,263.0,0,0
low_compressibility,1,static_min,none,5,14,0.0,0.0,0.0,42,42.0,1.0,263.0,0,0
low_compressibility,1,static_min,none,5,15,0.0,0.0,0.0,42,42.0,1.0,263.0,0,0
low_compressibility,1,static_min,none,6,0,0.0,0.0,0.0,42,42.0,1.0,263.0,0,0
low_compressibility,1,static_min,none,6,1,0.0,0.0,0.0,42,42.0,1.0,263.0,0,0
low_compressibility,1,static_min,none,6,2,0.0,0.0,0.0,42,42.0,1.0,263.0,0,0
low_compressibility,1,static_min,none,6,3,0.0,0.0,0.0,42,42.0,1.0,263.0,0,0
low_compressibility,1,static_min,none,6,4,0.0,0.0,0.0,42,42.0,1.0,263.0,0,0
low_compressibility,1,static_min,none,6,5,0.0,0.0,0.0,42,42.0,1.0,263.0,0,0
low_compressibility,1,static_min,none,6,6,0.0,0.0,0.0,42,42.0,1.0,263.0,0,0
low_compressibility,1,static_min,none,6,7,0.0,0.0,0.0,42,42.0,1.0,263.0,0,0
low_compressibility,1,static_min,none,6,8,0.0,0.0,0.0,42,42.0,1.0,263.0,0,0
low_compressibility,1,static_min,none,6,9,0.0,0.0,0.0,42,42.0,1.0,263.0,0,0
low_compressibility,1,static_min,none,6,10,0.0,0.0,0.0,42,42.0,1.0,263.0,0,0
low_compressibility,1,static_min,none,6,11,0.0,0.0,0.0,42,42.0,1.0,263.0,0,0
low_compressibility,1,static_min,none,6,12,0.0,0.0,0.0,42,42.0,1.0,263.0,0,0
low_compressibility,1,static_min,none,6,13,0.0,0.0,0.0,42,42.0,1.0,263.0,0,0
low_compressibility,1,static_min,none,6,14,0.0,0.0,0.0,42,42.0,1.0,263.0,0,0
low_compressibility,1,static_min,none,6,15,0.0,0.0,0.0,42,42.0,1.0,263.0,0,0
low_compressibility,1,static_min,none,7,0,0.0,0.0,0.0,42,42.0,1.0,263.0,0,0
low_compressibility,1,static_min,none,7,1,0.0,0.0,0.0,42,42.0,1.0,263.0,0,0
low_compressibility,1,static_min,none,7,2,0.0,0.0,0.0,42,42.0,1.0,263.0,0,0
low_compressibility,1,static_min,none,7,3,0.0,0.0,0.0,42,42.0,1.0,263.0,0,0
low_compressibility,1,static_min,none,7,4,0.0,0.0,0.0,42,42.0,1.0,263.0,0,0
low_compressibility,1,static_min,none,7,5,0.0,0.0,0.0,42,42.0,1.0,263.0,0,0
low_compressibility,1,static_min,none,7,6,0.0,0.0,0.0,42,42.0,1.0,263.0,0,0
low_compressibility,1,static_min,none,7,7,0.0,0.0,0.0,42,42.0,1.0,263.0,0,0
low_compressibility,1,static_min,none,7,8,0.0,0.0,0.0,42,42.0,1.0,263.0,0,0
low_compressibility,1,static_min,none,7,9,0.0,0.0,0.0,42,42.0,1.0,263.0,0,0
low_compressibility,1,static_min,none,7,10,0.0,0.0,0.0,42,42.0,1.0,263.0,0,0
low_compressibility,1,static_min,none,7,11,0.0,0.0,0.0,42,42.0,1.0,263.0,0,0
low_compressibility,1,static_min,none,7,12,0.0,0.0,0.0,42,42.0,1.0,263.0,0,0
low_compressibility,1,static_min,none,7,13,0.0,0.0,0.0,42,42.0,1.0,263.0,0,0
low_compressibility,1,static_min,none,7,14,0.0,0.0,0.0,42,42.0,1.0,263.0,0,0
low_compressibility,1,static_min,none,7,15,0.0,0.0,0.0,42,42.0,1.0,263.0,0,0
low_compressibility,3,capacity_aware_static,C,1,0,0.0,0.0,0.0,42,42.0,1.0,263.0,0,0
low_compressibility,3,capacity_aware_static,C,1,1,0.0,0.0,0.0,42,42.0,1.0,263.0,0,0
low_compressibility,3,capacity_aware_static,C,1,2,0.0,0.0,0.0,42,42.0,1.0,263.0,0,0
low_compressibility,3,capacity_aware_static,C,1,3,0.0,0.0,0.0,42,42.0,1.0,263.0,0,0
low_compressibility,3,capacity_aware_static,C,1,4,0.0,0.0,0.0,42,42.0,1.0,263.0,0,0
low_compressibility,3,capacity_aware_static,C,1,5,0.0,0.0,0.0,42,42.0,1.0,263.0,0,0
low_compressibility,3,capacity_aware_static,C,1,6,0.0,0.0,0.0,42,42.0,1.0,263.0,0,0
low_compressibility,3,capacity_aware_static,C,1,7,0.0,0.0,0.0,42,42.0,1.0,263.0,0,0
low_compressibility,3,capacity_aware_static,C,1,8,0.0,0.0,0.0,42,42.0,1.0,263.0,0,0
low_compressibility,3,capacity_aware_static,C,1,9,0.0,0.0,0.0,42,42.0,1.0,263.0,0,0
low_compressibility,3,capacity_aware_static,C,1,10,0.0,0.0,0.0,42,42.0,1.0,263.0,0,0
low_compressibility,3,capacity_aware_static,C,1,11,0.0,0.0,0.0,42,42.0,1.0,263.0,0,0
low_compressibility,3,capacity_aware_static,C,1,12,0.0,0.0,0.0,42,42.0,1.0,263.0,0,0
low_compressibility,3,capacity_aware_static,C,1,13,0.0,0.0,0.0,42,42.0,1.0,263.0,0,0
low_compressibility,3,capacity_aware_static,C,1,14,0.0,0.0,0.0,42,42.0,1.0,263.0,0,0
low_compressibility,3,capacity_aware_static,C,1,15,0.0,0.0,0.0,42,42.0,1.0,263.0,0,0
low_compressibility,3,capacity_aware_static,C,2,0,0.0,0.0,0.0,42,42.0,1.0,263.0,0,0
low_compressibility,3,capacity_aware_static,C,2,1,0.0,0.0,0.0,42,42.0,1.0,263.0,0,0
low_compressibility,3,capacity_aware_static,C,2,2,0.0,0.0,0.0,42,42.0,1.0,263.0,0,0
low_compressibility,3,capacity_aware_static,C,2,3,0.0,0.0,0.0,42,42.0,1.0,263.0,0,0
low_compressibility,3,capacity_aware_static,C,2,4,0.0,0.0,0.0,42,42.0,1.0,263.0,0,0
low_compressibility,3,capacity_aware_static,C,2,5,0.0,0.0,0.0,42,42.0,1.0,263.0,0,0
low_compressibility,3,capacity_aware_static,C,2,6,0.0,0.0,0.0,42,42.0,1.0,263.0,0,0
low_compressibility,3,capacity_aware_static,C,2,7,0.0,0.0,0.0,42,42.0,1.0,263.0,0,0
low_compressibility,3,capacity_aware_static,C,2,8,0.0,0.0,0.0,42,42.0,1.0,263.0,0,0
low_compressibility,3,capacity_aware_static,C,2,9,0.0,0.0,0.0,42,42.0,1.0,263.0,0,0
low_compressibility,3,capacity_aware_static,C,2,10,0.0,0.0,0.0,42,42.0,1.0,263.0,0,0
low_compressibility,3,capacity_aware_static,C,2,11,0.0,0.0,0.0,42,42.0,1.0,263.0,0,0
low_compressibility,3,capacity_aware_static,C,2,12,0.0,0.0,0.0,42,42.0,1.0,263.0,0,0
low_compressibility,3,capacity_aware_static,C,2,13,0.0,0.0,0.0,42,42.0,1.0,263.0,0,0
low_compressibility,3,capacity_aware_static,C,2,14,0.0,0.0,0.0,42,42.0,1.0,263.0,0,0
low_compressibility,3,capacity_aware_static,C,2,15,0.0,0.0,0.0,42,42.0,1.0,263.0,0,0
low_compressibility,3,capacity_aware_static,C,3,0,0.0,0.0,0.0,42,42.0,1.0,263.0,0,0
low_compressibility,3,capacity_aware_static,C,3,1,0.0,0.0,0.0,42,42.0,1.0,263.0,0,0
low_compressibility,3,capacity_aware_static,C,3,2,0.0,0.0,0.0,42,42.0,1.0,263.0,0,0
low_compressibility,3,capacity_aware_static,C,3,3,0.0,0.0,0.0,42,42.0,1.0,263.0,0,0
low_compressibility,3,capacity_aware_static,C,3,4,0.0,0.0,0.0,42,42.0,1.0,263.0,0,0
low_compressibility,3,capacity_aware_static,C,3,5,0.0,0.0,0.0,42,42.0,1.0,263.0,0,0
low_compressibility,3,capacity_aware_static,C,3,6,0.0,0.0,0.0,42,42.0,1.0,263.0,0,0
low_compressibility,3,capacity_aware_static,C,3,7,0.0,0.0,0.0,42,42.0,1.0,263.0,0,0
low_compressibility,3,capacity_aware_static,C,3,8,0.0,0.0,0.0,42,42.0,1.0,263.0,0,0
low_compressibility,3,capacity_aware_static,C,3,9,0.0,0.0,0.0,42,42.0,1.0,263.0,0,0
low_compressibility,3,capacity_aware_static,C,3,10,0.0,0.0,0.0,42,42.0,1.0,263.0,0,0
low_compressibility,3,capacity_aware_static,C,3,11,0.0,0.0,0.0,42,42.0,1.0,263.0,0,0
low_compressibility,3,capacity_aware_static,C,3,12,0.0,0.0,0.0,42,42.0,1.0,263.0,0,0
low_compressibility,3,capacity_aware_static,C,3,13,0.0,0.0,0.0,42,42.0,1.0,263.0,0,0
low_compressibility,3,capacity_aware_static,C,3,14,0.0,0.0,0.0,42,42.0,1.0,263.0,0,0
low_compressibility,3,capacity_aware_static,C,3,15,0.0,0.0,0.0,42,42.0,1.0,263.0,0,0
low_compressibility,3,capacity_aware_static,C,4,0,0.0,0.0,0.0,42,42.0,1.0,263.0,0,0
low_compressibility,3,capacity_aware_static,C,4,1,0.0,0.0,0.0,42,42.0,1.0,263.0,0,0
low_compressibility,3,capacity_aware_static,C,4,2,0.0,0.0,0.0,42,42.0,1.0,263.0,0,0
low_compressibility,3,capacity_aware_static,C,4,3,0.0,0.0,0.0,42,42.0,1.0,263.0,0,0
low_compressibility,3,capacity_aware_static,C,4,4,0.0,0.0,0.0,42,42.0,1.0,263.0,0,0
low_compressibility,3,capacity_aware_static,C,4,5,0.0,0.0,0.0,42,42.0,1.0,263.0,0,0
low_compressibility,3,capacity_aware_static,C,4,6,0.0,0.0,0.0,42,42.0,1.0,263.0,0,0
low_compressibility,3,capacity_aware_static,C,4,7,0.0,0.0,0.0,42,42.0,1.0,263.0,0,0
low_compressibility,3,capacity_aware_static,C,4,8,0.0,0.0,0.0,42,42.0,1.0,263.0,0,0
low_compressibility,3,capacity_aware_static,C,4,9,0.0,0.0,0.0,42,42.0,1.0,263.0,0,0
low_compressibility,3,capacity_aware_static,C,4,10,0.0,0.0,0.0,42,42.0,1.0,263.0,0,0
low_compressibility,3,capacity_aware_static,C,4,11,0.0,0.0,0.0,42,42.0,1.0,263.0,0,0
low_compressibility,3,capacity_aware_static,C,4,12,0.0,0.0,0.0,42,42.0,1.0,263.0,0,0
low_compressibility,3,capacity_aware_static,C,4,13,0.0,0.0,0.0,42,42.0,1.0,263.0,0,0
low_compressibility,3,capacity_aware_static,C,4,14,0.0,0.0,0.0,42,42.0,1.0,263.0,0,0
low_compressibility,3,capacity_aware_static,C,4,15,0.0,0.0,0.0,42,42.0,1.0,263.0,0,0
low_compressibility,3,capacity_aware_static,C,5,0,0.0,0.0,0.0,42,42.0,1.0,263.0,0,0
low_compressibility,3,capacity_aware_static,C,5,1,0.0,0.0,0.0,42,42.0,1.0,263.0,0,0
low_compressibility,3,capacity_aware_static,C,5,2,0.0,0.0,0.0,42,42.0,1.0,263.0,0,0
low_compressibility,3,capacity_aware_static,C,5,3,0.0,0.0,0.0,42,42.0,1.0,263.0,0,0
low_compressibility,3,capacity_aware_static,C,5,4,0.0,0.0,0.0,42,42.0,1.0,263.0,0,0
low_compressibility,3,capacity_aware_static,C,5,5,0.0,0.0,0.0,42,42.0,1.0,263.0,0,0
low_compressibility,3,capacity_aware_static,C,5,6,0.0,0.0,0.0,42,42.0,1.0,263.0,0,0
low_compressibility,3,capacity_aware_static,C,5,7,0.0,0.0,0.0,42,42.0,1.0,263.0,0,0
low_compressibility,3,capacity_aware_static,C,5,8,0.0,0.0,0.0,42,42.0,1.0,263.0,0,0
low_compressibility,3,capacity_aware_static,C,5,9,0.0,0.0,0.0,42,42.0,1.0,263.0,0,0
low_compressibility,3,capacity_aware_static,C,5,10,0.0,0.0,0.0,42,42.0,1.0,263.0,0,0
low_compressibility,3,capacity_aware_static,C,5,11,0.0,0.0,0.0,42,42.0,1.0,263.0,0,0
low_compressibility,3,capacity_aware_static,C,5,12,0.0,0.0,0.0,42,42.0,1.0,263.0,0,0
low_compressibility,3,capacity_aware_static,C,5,13,0.0,0.0,0.0,42,42.0,1.0,263.0,0,0
low_compressibility,3,capacity_aware_static,C,5,14,0.0,0.0,0.0,42,42.0,1.0,263.0,0,0
low_compressibility,3,capacity_aware_static,C,5,15,0.0,0.0,0.0,42,42.0,1.0,263.0,0,0
low_compressibility,3,capacity_aware_static,C,6,0,0.0,0.0,0.0,42,42.0,1.0,263.0,0,0
low_compressibility,3,capacity_aware_static,C,6,1,0.0,0.0,0.0,42,42.0,1.0,263.0,0,0
low_compressibility,3,capacity_aware_static,C,6,2,0.0,0.0,0.0,42,42.0,1.0,263.0,0,0
low_compressibility,3,capacity_aware_static,C,6,3,0.0,0.0,0.0,42,42.0,1.0,263.0,0,0
low_compressibility,3,capacity_aware_static,C,6,4,0.0,0.0,0.0,42,42.0,1.0,263.0,0,0
low_compressibility,3,capacity_aware_static,C,6,5,0.0,0.0,0.0,42,42.0,1.0,263.0,0,0
low_compressibility,3,capacity_aware_static,C,6,6,0.0,0.0,0.0,42,42.0,1.0,263.0,0,0
low_compressibility,3,capacity_aware_static,C,6,7,0.0,0.0,0.0,42,42.0,1.0,263.0,0,0
low_compressibility,3,capacity_aware_static,C,6,8,0.0,0.0,0.0,42,42.0,1.0,263.0,0,0
low_compressibility,3,capacity_aware_static,C,6,9,0.0,0.0,0.0,42,42.0,1.0,263.0,0,0
low_compressibility,3,capacity_aware_static,C,6,10,0.0,0.0,0.0,42,42.0,1.0,263.0,0,0
low_compressibility,3,capacity_aware_static,C,6,11,0.0,0.0,0.0,42,42.0,1.0,263.0,0,0
low_compressibility,3,capacity_aware_static,C,6,12,0.0,0.0,0.0,42,42.0,1.0,263.0,0,0
low_compressibility,3,capacity_aware_static,C,6,13,0.0,0.0,0.0,42,42.0,1.0,263.0,0,0
low_compressibility,3,capacity_aware_static,C,6,14,0.0,0.0,0.0,42,42.0,1.0,263.0,0,0
low_compressibility,3,capacity_aware_static,C,6,15,0.0,0.0,0.0,42,42.0,1.0,263.0,0,0
low_compressibility,3,capacity_aware_static,C,7,0,0.0,0.0,0.0,42,42.0,1.0,263.0,0,0
low_compressibility,3,capacity_aware_static,C,7,1,0.0,0.0,0.0,42,42.0,1.0,263.0,0,0
low_compressibility,3,capacity_aware_static,C,7,2,0.0,0.0,0.0,42,42.0,1.0,263.0,0,0
low_compressibility,3,capacity_aware_static,C,7,3,0.0,0.0,0.0,42,42.0,1.0,263.0,0,0
low_compressibility,3,capacity_aware_static,C,7,4,0.0,0.0,0.0,42,42.0,1.0,263.0,0,0
low_compressibility,3,capacity_aware_static,C,7,5,0.0,0.0,0.0,42,42.0,1.0,263.0,0,0
low_compressibility,3,capacity_aware_static,C,7,6,0.0,0.0,0.0,42,42.0,1.0,263.0,0,0
low_compressibility,3,capacity_aware_static,C,7,7,0.0,0.0,0.0,42,42.0,1.0,263.0,0,0
low_compressibility,3,capacity_aware_static,C,7,8,0.0,0.0,0.0,42,42.0,1.0,263.0,0,0
low_compressibility,3,capacity_aware_static,C,7,9,0.0,0.0,0.0,42,42.0,1.0,263.0,0,0
low_compressibility,3,capacity_aware_static,C,7,10,0.0,0.0,0.0,42,42.0,1.0,263.0,0,0
low_compressibility,3,capacity_aware_static,C,7,11,0.0,0.0,0.0,42,42.0,1.0,263.0,0,0
low_compressibility,3,capacity_aware_static,C,7,12,0.0,0.0,0.0,42,42.0,1.0,263.0,0,0
low_compressibility,3,capacity_aware_static,C,7,13,0.0,0.0,0.0,42,42.0,1.0,263.0,0,0
low_compressibility,3,capacity_aware_static,C,7,14,0.0,0.0,0.0,42,42.0,1.0,263.0,0,0
low_compressibility,3,capacity_aware_static,C,7,15,0.0,0.0,0.0,42,42.0,1.0,263.0,0,0
low_compressibility,3,smoothed,none,1,0,0.0,0.0,0.0,42,42.0,1.0,263.0,0,0
low_compressibility,3,smoothed,none,1,1,0.0,0.0,0.0,42,42.0,1.0,263.0,0,0
low_compressibility,3,smoothed,none,1,2,0.0,0.0,0.0,42,42.0,1.0,263.0,0,0
low_compressibility,3,smoothed,none,1,3,0.0,0.0,0.0,42,42.0,1.0,263.0,0,0
low_compressibility,3,smoothed,none,1,4,0.0,0.0,0.0,42,42.0,1.0,263.0,0,0
low_compressibility,3,smoothed,none,1,5,0.0,0.0,0.0,42,42.0,1.0,263.0,0,0
low_compressibility,3,smoothed,none,1,6,0.0,0.0,0.0,42,42.0,1.0,263.0,0,0
low_compressibility,3,smoothed,none,1,7,0.0,0.0,0.0,42,42.0,1.0,263.0,0,0
low_compressibility,3,smoothed,none,1,8,0.0,0.0,0.0,42,42.0,1.0,263.0,0,0
low_compressibility,3,smoothed,none,1,9,0.0,0.0,0.0,42,42.0,1.0,263.0,0,0
low_compressibility,3,smoothed,none,1,10,0.0,0.0,0.0,42,42.0,1.0,263.0,0,0
low_compressibility,3,smoothed,none,1,11,0.0,0.0,0.0,42,42.0,1.0,263.0,0,0
low_compressibility,3,smoothed,none,1,12,0.0,0.0,0.0,42,42.0,1.0,263.0,0,0
low_compressibility,3,smoothed,none,1,13,0.0,0.0,0.0,42,42.0,1.0,263.0,0,0
low_compressibility,3,smoothed,none,1,14,0.0,0.0,0.0,42,42.0,1.0,263.0,0,0
low_compressibility,3,smoothed,none,1,15,0.0,0.0,0.0,42,42.0,1.0,263.0,0,0
low_compressibility,3,smoothed,none,2,0,0.0,0.0,0.0,42,42.0,1.0,263.0,0,0
low_compressibility,3,smoothed,none,2,1,0.0,0.0,0.0,42,42.0,1.0,263.0,0,0
low_compressibility,3,smoothed,none,2,2,0.0,0.0,0.0,42,42.0,1.0,263.0,0,0
low_compressibility,3,smoothed,none,2,3,0.0,0.0,0.0,42,42.0,1.0,263.0,0,0
low_compressibility,3,smoothed,none,2,4,0.0,0.0,0.0,42,42.0,1.0,263.0,0,0
low_compressibility,3,smoothed,none,2,5,0.0,0.0,0.0,42,42.0,1.0,263.0,0,0
low_compressibility,3,smoothed,none,2,6,0.0,0.0,0.0,42,42.0,1.0,263.0,0,0
low_compressibility,3,smoothed,none,2,7,0.0,0.0,0.0,42,42.0,1.0,263.0,0,0
low_compressibility,3,smoothed,none,2,8,0.0,0.0,0.0,42,42.0,1.0,263.0,0,0
low_compressibility,3,smoothed,none,2,9,0.0,0.0,0.0,42,42.0,1.0,263.0,0,0
low_compressibility,3,smoothed,none,2,10,0.0,0.0,0.0,42,42.0,1.0,263.0,0,0
low_compressibility,3,smoothed,none,2,11,0.0,0.0,0.0,42,42.0,1.0,263.0,0,0
low_compressibility,3,smoothed,none,2,12,0.0,0.0,0.0,42,42.0,1.0,263.0,0,0
low_compressibility,3,smoothed,none,2,13,0.0,0.0,0.0,42,42.0,1.0,263.0,0,0
low_compressibility,3,smoothed,none,2,14,0.0,0.0,0.0,42,42.0,1.0,263.0,0,0
low_compressibility,3,smoothed,none,2,15,0.0,0.0,0.0,42,42.0,1.0,263.0,0,0
low_compressibility,3,smoothed,none,3,0,0.0,0.0,0.0,42,42.0,1.0,263.0,0,0
low_compressibility,3,smoothed,none,3,1,0.0,0.0,0.0,42,42.0,1.0,263.0,0,0
low_compressibility,3,smoothed,none,3,2,0.0,0.0,0.0,42,42.0,1.0,263.0,0,0
low_compressibility,3,smoothed,none,3,3,0.0,0.0,0.0,42,42.0,1.0,263.0,0,0
low_compressibility,3,smoothed,none,3,4,0.0,0.0,0.0,42,42.0,1.0,263.0,0,0
low_compressibility,3,smoothed,none,3,5,0.0,0.0,0.0,42,42.0,1.0,263.0,0,0
low_compressibility,3,smoothed,none,3,6,0.0,0.0,0.0,42,42.0,1.0,263.0,0,0
low_compressibility,3,smoothed,none,3,7,0.0,0.0,0.0,42,42.0,1.0,263.0,0,0
low_compressibility,3,smoothed,none,3,8,0.0,0.0,0.0,42,42.0,1.0,263.0,0,0
low_compressibility,3,smoothed,none,3,9,0.0,0.0,0.0,42,42.0,1.0,263.0,0,0
low_compressibility,3,smoothed,none,3,10,0.0,0.0,0.0,42,42.0,1.0,263.0,0,0
low_compressibility,3,smoothed,none,3,11,0.0,0.0,0.0,42,42.0,1.0,263.0,0,0
low_compressibility,3,smoothed,none,3,12,0.0,0.0,0.0,42,42.0,1.0,263.0,0,0
low_compressibility,3,smoothed,none,3,13,0.0,0.0,0.0,42,42.0,1.0,263.0,0,0
low_compressibility,3,smoothed,none,3,14,0.0,0.0,0.0,42,42.0,1.0,263.0,0,0
low_compressibility,3,smoothed,none,3,15,0.0,0.0,0.0,42,42.0,1.0,263.0,0,0
low_compressibility,3,smoothed,none,4,0,0.0,0.0,0.0,42,42.0,1.0,263.0,0,0
low_compressibility,3,smoothed,none,4,1,0.0,0.0,0.0,42,42.0,1.0,263.0,0,0
low_compressibility,3,smoothed,none,4,2,0.0,0.0,0.0,42,42.0,1.0,263.0,0,0
low_compressibility,3,smoothed,none,4,3,0.0,0.0,0.0,42,42.0,1.0,263.0,0,0
low_compressibility,3,smoothed,none,4,4,0.0,0.0,0.0,42,42.0,1.0,263.0,0,0
low_compressibility,3,smoothed,none,4,5,0.0,0.0,0.0,42,42.0,1.0,263.0,0,0
low_compressibility,3,smoothed,none,4,6,0.0,0.0,0.0,42,42.0,1.0,263.0,0,0
low_compressibility,3,smoothed,none,4,7,0.0,0.0,0.0,42,42.0,1.0,263.0,0,0
low_compressibility,3,smoothed,none,4,8,0.0,0.0,0.0,42,42.0,1.0,263.0,0,0
low_compressibility,3,smoothed,none,4,9,0.0,0.0,0.0,42,42.0,1.0,263.0,0,0
low_compressibility,3,smoothed,none,4,10,0.0,0.0,0.0,42,42.0,1.0,263.0,0,0
low_compressibility,3,smoothed,none,4,11,0.0,0.0,0.0,42,42.0,1.0,263.0,0,0
low_compressibility,3,smoothed,none,4,12,0.0,0.0,0.0,42,42.0,1.0,263.0,0,0
low_compressibility,3,smoothed,none,4,13,0.0,0.0,0.0,42,42.0,1.0,263.0,0,0
low_compressibility,3,smoothed,none,4,14,0.0,0.0,0.0,42,42.0,1.0,263.0,0,0
low_compressibility,3,smoothed,none,4,15,0.0,0.0,0.0,42,42.0,1.0,263.0,0,0
low_compressibility,3,smoothed,none,5,0,0.0,0.0,0.0,42,42.0,1.0,263.0,0,0
low_compressibility,3,smoothed,none,5,1,0.0,0.0,0.0,42,42.0,1.0,263.0,0,0
low_compressibility,3,smoothed,none,5,2,0.0,0.0,0.0,42,42.0,1.0,263.0,0,0
low_compressibility,3,smoothed,none,5,3,0.0,0.0,0.0,42,42.0,1.0,263.0,0,0
low_compressibility,3,smoothed,none,5,4,0.0,0.0,0.0,42,42.0,1.0,263.0,0,0
low_compressibility,3,smoothed,none,5,5,0.0,0.0,0.0,42,42.0,1.0,263.0,0,0
low_compressibility,3,smoothed,none,5,6,0.0,0.0,0.0,42,42.0,1.0,263.0,0,0
low_compressibility,3,smoothed,none,5,7,0.0,0.0,0.0,42,42.0,1.0,263.0,0,0
low_compressibility,3,smoothed,none,5,8,0.0,0.0,0.0,42,42.0,1.0,263.0,0,0
low_compressibility,3,smoothed,none,5,9,0.0,0.0,0.0,42,42.0,1.0,263.0,0,0
low_compressibility,3,smoothed,none,5,10,0.0,0.0,0.0,42,42.0,1.0,263.0,0,0
low_compressibility,3,smoothed,none,5,11,0.0,0.0,0.0,42,42.0,1.0,263.0,0,0
low_compressibility,3,smoothed,none,5,12,0.0,0.0,0.0,42,42.0,1.0,263.0,0,0
low_compressibility,3,smoothed,none,5,13,0.0,0.0,0.0,42,42.0,1.0,263.0,0,0
low_compressibility,3,smoothed,none,5,14,0.0,0.0,0.0,42,42.0,1.0,263.0,0,0
low_compressibility,3,smoothed,none,5,15,0.0,0.0,0.0,42,42.0,1.0,263.0,0,0
low_compressibility,3,smoothed,none,6,0,0.0,0.0,0.0,42,42.0,1.0,263.0,0,0
low_compressibility,3,smoothed,none,6,1,0.0,0.0,0.0,42,42.0,1.0,263.0,0,0
low_compressibility,3,smoothed,none,6,2,0.0,0.0,0.0,42,42.0,1.0,263.0,0,0
low_compressibility,3,smoothed,none,6,3,0.0,0.0,0.0,42,42.0,1.0,263.0,0,0
low_compressibility,3,smoothed,none,6,4,0.0,0.0,0.0,42,42.0,1.0,263.0,0,0
low_compressibility,3,smoothed,none,6,5,0.0,0.0,0.0,42,42.0,1.0,263.0,0,0
low_compressibility,3,smoothed,none,6,6,0.0,0.0,0.0,42,42.0,1.0,263.0,0,0
low_compressibility,3,smoothed,none,6,7,0.0,0.0,0.0,42,42.0,1.0,263.0,0,0
low_compressibility,3,smoothed,none,6,8,0.0,0.0,0.0,42,42.0,1.0,263.0,0,0
low_compressibility,3,smoothed,none,6,9,0.0,0.0,0.0,42,42.0,1.0,263.0,0,0
low_compressibility,3,smoothed,none,6,10,0.0,0.0,0.0,42,42.0,1.0,263.0,0,0
low_compressibility,3,smoothed,none,6,11,0.0,0.0,0.0,42,42.0,1.0,263.0,0,0
low_compressibility,3,smoothed,none,6,12,0.0,0.0,0.0,42,42.0,1.0,263.0,0,0
low_compressibility,3,smoothed,none,6,13,0.0,0.0,0.0,42,42.0,1.0,263.0,0,0
low_compressibility,3,smoothed,none,6,14,0.0,0.0,0.0,42,42.0,1.0,263.0,0,0
low_compressibility,3,smoothed,none,6,15,0.0,0.0,0.0,42,42.0,1.0,263.0,0,0
low_compressibility,3,smoothed,none,7,0,0.0,0.0,0.0,42,42.0,1.0,263.0,0,0
low_compressibility,3,smoothed,none,7,1,0.0,0.0,0.0,42,42.0,1.0,263.0,0,0
low_compressibility,3,smoothed,none,7,2,0.0,0.0,0.0,42,42.0,1.0,263.0,0,0
low_compressibility,3,smoothed,none,7,3,0.0,0.0,0.0,42,42.0,1.0,263.0,0,0
low_compressibility,3,smoothed,none,7,4,0.0,0.0,0.0,42,42.0,1.0,263.0,0,0
low_compressibility,3,smoothed,none,7,5,0.0,0.0,0.0,42,42.0,1.0,263.0,0,0
low_compressibility,3,smoothed,none,7,6,0.0,0.0,0.0,42,42.0,1.0,263.0,0,0
low_compressibility,3,smoothed,none,7,7,0.0,0.0,0.0,42,42.0,1.0,263.0,0,0
low_compressibility,3,smoothed,none,7,8,0.0,0.0,0.0,42,42.0,1.0,263.0,0,0
low_compressibility,3,smoothed,none,7,9,0.0,0.0,0.0,42,42.0,1.0,263.0,0,0
low_compressibility,3,smoothed,none,7,10,0.0,0.0,0.0,42,42.0,1.0,263.0,0,0
low_compressibility,3,smoothed,none,7,11,0.0,0.0,0.0,42,42.0,1.0,263.0,0,0
low_compressibility,3,smoothed,none,7,12,0.0,0.0,0.0,42,42.0,1.0,263.0,0,0
low_compressibility,3,smoothed,none,7,13,0.0,0.0,0.0,42,42.0,1.0,263.0,0,0
low_compressibility,3,smoothed,none,7,14,0.0,0.0,0.0,42,42.0,1.0,263.0,0,0
low_compressibility,3,smoothed,none,7,15,0.0,0.0,0.0,42,42.0,1.0,263.0,0,0
low_compressibility,3,static_min,none,1,0,0.0,0.0,0.0,42,42.0,1.0,263.0,0,0
low_compressibility,3,static_min,none,1,1,0.0,0.0,0.0,42,42.0,1.0,263.0,0,0
low_compressibility,3,static_min,none,1,2,0.0,0.0,0.0,42,42.0,1.0,263.0,0,0
low_compressibility,3,static_min,none,1,3,0.0,0.0,0.0,42,42.0,1.0,263.0,0,0
low_compressibility,3,static_min,none,1,4,0.0,0.0,0.0,42,42.0,1.0,263.0,0,0
low_compressibility,3,static_min,none,1,5,0.0,0.0,0.0,42,42.0,1.0,263.0,0,0
low_compressibility,3,static_min,none,1,6,0.0,0.0,0.0,42,42.0,1.0,263.0,0,0
low_compressibility,3,static_min,none,1,7,0.0,0.0,0.0,42,42.0,1.0,263.0,0,0
low_compressibility,3,static_min,none,1,8,0.0,0.0,0.0,42,42.0,1.0,263.0,0,0
low_compressibility,3,static_min,none,1,9,0.0,0.0,0.0,42,42.0,1.0,263.0,0,0
low_compressibility,3,static_min,none,1,10,0.0,0.0,0.0,42,42.0,1.0,263.0,0,0
low_compressibility,3,static_min,none,1,11,0.0,0.0,0.0,42,42.0,1.0,263.0,0,0
low_compressibility,3,static_min,none,1,12,0.0,0.0,0.0,42,42.0,1.0,263.0,0,0
low_compressibility,3,static_min,none,1,13,0.0,0.0,0.0,42,42.0,1.0,263.0,0,0
low_compressibility,3,static_min,none,1,14,0.0,0.0,0.0,42,42.0,1.0,263.0,0,0
low_compressibility,3,static_min,none,1,15,0.0,0.0,0.0,42,42.0,1.0,263.0,0,0
low_compressibility,3,static_min,none,2,0,0.0,0.0,0.0,42,42.0,1.0,263.0,0,0
low_compressibility,3,static_min,none,2,1,0.0,0.0,0.0,42,42.0,1.0,263.0,0,0
low_compressibility,3,static_min,none,2,2,0.0,0.0,0.0,42,42.0,1.0,263.0,0,0
low_compressibility,3,static_min,none,2,3,0.0,0.0,0.0,42,42.0,1.0,263.0,0,0
low_compressibility,3,static_min,none,2,4,0.0,0.0,0.0,42,42.0,1.0,263.0,0,0
low_compressibility,3,static_min,none,2,5,0.0,0.0,0.0,42,42.0,1.0,263.0,0,0
low_compressibility,3,static_min,none,2,6,0.0,0.0,0.0,42,42.0,1.0,263.0,0,0
low_compressibility,3,static_min,none,2,7,0.0,0.0,0.0,42,42.0,1.0,263.0,0,0
low_compressibility,3,static_min,none,2,8,0.0,0.0,0.0,42,42.0,1.0,263.0,0,0
low_compressibility,3,static_min,none,2,9,0.0,0.0,0.0,42,42.0,1.0,263.0,0,0
low_compressibility,3,static_min,none,2,10,0.0,0.0,0.0,42,42.0,1.0,263.0,0,0
low_compressibility,3,static_min,none,2,11,0.0,0.0,0.0,42,42.0,1.0,263.0,0,0
low_compressibility,3,static_min,none,2,12,0.0,0.0,0.0,42,42.0,1.0,263.0,0,0
low_compressibility,3,static_min,none,2,13,0.0,0.0,0.0,42,42.0,1.0,263.0,0,0
low_compressibility,3,static_min,none,2,14,0.0,0.0,0.0,42,42.0,1.0,263.0,0,0
low_compressibility,3,static_min,none,2,15,0.0,0.0,0.0,42,42.0,1.0,263.0,0,0
low_compressibility,3,static_min,none,3,0,0.0,0.0,0.0,42,42.0,1.0,263.0,0,0
low_compressibility,3,static_min,none,3,1,0.0,0.0,0.0,42,42.0,1.0,263.0,0,0
low_compressibility,3,static_min,none,3,2,0.0,0.0,0.0,42,42.0,1.0,263.0,0,0
low_compressibility,3,static_min,none,3,3,0.0,0.0,0.0,42,42.0,1.0,263.0,0,0
low_compressibility,3,static_min,none,3,4,0.0,0.0,0.0,42,42.0,1.0,263.0,0,0
low_compressibility,3,static_min,none,3,5,0.0,0.0,0.0,42,42.0,1.0,263.0,0,0
low_compressibility,3,static_min,none,3,6,0.0,0.0,0.0,42,42.0,1.0,263.0,0,0
low_compressibility,3,static_min,none,3,7,0.0,0.0,0.0,42,42.0,1.0,263.0,0,0
low_compressibility,3,static_min,none,3,8,0.0,0.0,0.0,42,42.0,1.0,263.0,0,0
low_compressibility,3,static_min,none,3,9,0.0,0.0,0.0,42,42.0,1.0,263.0,0,0
low_compressibility,3,static_min,none,3,10,0.0,0.0,0.0,42,42.0,1.0,263.0,0,0
low_compressibility,3,static_min,none,3,11,0.0,0.0,0.0,42,42.0,1.0,263.0,0,0
low_compressibility,3,static_min,none,3,12,0.0,0.0,0.0,42,42.0,1.0,263.0,0,0
low_compressibility,3,static_min,none,3,13,0.0,0.0,0.0,42,42.0,1.0,263.0,0,0
low_compressibility,3,static_min,none,3,14,0.0,0.0,0.0,42,42.0,1.0,263.0,0,0
low_compressibility,3,static_min,none,3,15,0.0,0.0,0.0,42,42.0,1.0,263.0,0,0
low_compressibility,3,static_min,none,4,0,0.0,0.0,0.0,42,42.0,1.0,263.0,0,0
low_compressibility,3,static_min,none,4,1,0.0,0.0,0.0,42,42.0,1.0,263.0,0,0
low_compressibility,3,static_min,none,4,2,0.0,0.0,0.0,42,42.0,1.0,263.0,0,0
low_compressibility,3,static_min,none,4,3,0.0,0.0,0.0,42,42.0,1.0,263.0,0,0
low_compressibility,3,static_min,none,4,4,0.0,0.0,0.0,42,42.0,1.0,263.0,0,0
low_compressibility,3,static_min,none,4,5,0.0,0.0,0.0,42,42.0,1.0,263.0,0,0
low_compressibility,3,static_min,none,4,6,0.0,0.0,0.0,42,42.0,1.0,263.0,0,0
low_compressibility,3,static_min,none,4,7,0.0,0.0,0.0,42,42.0,1.0,263.0,0,0
low_compressibility,3,static_min,none,4,8,0.0,0.0,0.0,42,42.0,1.0,263.0,0,0
low_compressibility,3,static_min,none,4,9,0.0,0.0,0.0,42,42.0,1.0,263.0,0,0
low_compressibility,3,static_min,none,4,10,0.0,0.0,0.0,42,42.0,1.0,263.0,0,0
low_compressibility,3,static_min,none,4,11,0.0,0.0,0.0,42,42.0,1.0,263.0,0,0
low_compressibility,3,static_min,none,4,12,0.0,0.0,0.0,42,42.0,1.0,263.0,0,0
low_compressibility,3,static_min,none,4,13,0.0,0.0,0.0,42,42.0,1.0,263.0,0,0
low_compressibility,3,static_min,none,4,14,0.0,0.0,0.0,42,42.0,1.0,263.0,0,0
low_compressibility,3,static_min,none,4,15,0.0,0.0,0.0,42,42.0,1.0,263.0,0,0
low_compressibility,3,static_min,none,5,0,0.0,0.0,0.0,42,42.0,1.0,263.0,0,0
low_compressibility,3,static_min,none,5,1,0.0,0.0,0.0,42,42.0,1.0,263.0,0,0
low_compressibility,3,static_min,none,5,2,0.0,0.0,0.0,42,42.0,1.0,263.0,0,0
low_compressibility,3,static_min,none,5,3,0.0,0.0,0.0,42,42.0,1.0,263.0,0,0
low_compressibility,3,static_min,none,5,4,0.0,0.0,0.0,42,42.0,1.0,263.0,0,0
low_compressibility,3,static_min,none,5,5,0.0,0.0,0.0,42,42.0,1.0,263.0,0,0
low_compressibility,3,static_min,none,5,6,0.0,0.0,0.0,42,42.0,1.0,263.0,0,0
low_compressibility,3,static_min,none,5,7,0.0,0.0,0.0,42,42.0,1.0,263.0,0,0
low_compressibility,3,static_min,none,5,8,0.0,0.0,0.0,42,42.0,1.0,263.0,0,0
low_compressibility,3,static_min,none,5,9,0.0,0.0,0.0,42,42.0,1.0,263.0,0,0
low_compressibility,3,static_min,none,5,10,0.0,0.0,0.0,42,42.0,1.0,263.0,0,0
low_compressibility,3,static_min,none,5,11,0.0,0.0,0.0,42,42.0,1.0,263.0,0,0
low_compressibility,3,static_min,none,5,12,0.0,0.0,0.0,42,42.0,1.0,263.0,0,0
low_compressibility,3,static_min,none,5,13,0.0,0.0,0.0,42,42.0,1.0,263.0,0,0
low_compressibility,3,static_min,none,5,14,0.0,0.0,0.0,42,42.0,1.0,263.0,0,0
low_compressibility,3,static_min,none,5,15,0.0,0.0,0.0,42,42.0,1.0,263.0,0,0
low_compressibility,3,static_min,none,6,0,0.0,0.0,0.0,42,42.0,1.0,263.0,0,0
low_compressibility,3,static_min,none,6,1,0.0,0.0,0.0,42,42.0,1.0,263.0,0,0
low_compressibility,3,static_min,none,6,2,0.0,0.0,0.0,42,42.0,1.0,263.0,0,0
low_compressibility,3,static_min,none,6,3,0.0,0.0,0.0,42,42.0,1.0,263.0,0,0
low_compressibility,3,static_min,none,6,4,0.0,0.0,0.0,42,42.0,1.0,263.0,0,0
low_compressibility,3,static_min,none,6,5,0.0,0.0,0.0,42,42.0,1.0,263.0,0,0
low_compressibility,3,static_min,none,6,6,0.0,0.0,0.0,42,42.0,1.0,263.0,0,0
low_compressibility,3,static_min,none,6,7,0.0,0.0,0.0,42,42.0,1.0,263.0,0,0
low_compressibility,3,static_min,none,6,8,0.0,0.0,0.0,42,42.0,1.0,263.0,0,0
low_compressibility,3,static_min,none,6,9,0.0,0.0,0.0,42,42.0,1.0,263.0,0,0
low_compressibility,3,static_min,none,6,10,0.0,0.0,0.0,42,42.0,1.0,263.0,0,0
low_compressibility,3,static_min,none,6,11,0.0,0.0,0.0,42,42.0,1.0,263.0,0,0
low_compressibility,3,static_min,none,6,12,0.0,0.0,0.0,42,42.0,1.0,263.0,0,0
low_compressibility,3,static_min,none,6,13,0.0,0.0,0.0,42,42.0,1.0,263.0,0,0
low_compressibility,3,static_min,none,6,14,0.0,0.0,0.0,42,42.0,1.0,263.0,0,0
low_compressibility,3,static_min,none,6,15,0.0,0.0,0.0,42,42.0,1.0,263.0,0,0
low_compressibility,3,static_min,none,7,0,0.0,0.0,0.0,42,42.0,1.0,263.0,0,0
low_compressibility,3,static_min,none,7,1,0.0,0.0,0.0,42,42.0,1.0,263.0,0,0
low_compressibility,3,static_min,none,7,2,0.0,0.0,0.0,42,42.0,1.0,263.0,0,0
low_compressibility,3,static_min,none,7,3,0.0,0.0,0.0,42,42.0,1.0,263.0,0,0
low_compressibility,3,static_min,none,7,4,0.0,0.0,0.0,42,42.0,1.0,263.0,0,0
low_compressibility,3,static_min,none,7,5,0.0,0.0,0.0,42,42.0,1.0,263.0,0,0
low_compressibility,3,static_min,none,7,6,0.0,0.0,0.0,42,42.0,1.0,263.0,0,0
low_compressibility,3,static_min,none,7,7,0.0,0.0,0.0,42,42.0,1.0,263.0,0,0
low_compressibility,3,static_min,none,7,8,0.0,0.0,0.0,42,42.0,1.0,263.0,0,0
low_compressibility,3,static_min,none,7,9,0.0,0.0,0.0,42,42.0,1.0,263.0,0,0
low_compressibility,3,static_min,none,7,10,0.0,0.0,0.0,42,42.0,1.0,263.0,0,0
low_compressibility,3,static_min,none,7,11,0.0,0.0,0.0,42,42.0,1.0,263.0,0,0
low_compressibility,3,static_min,none,7,12,0.0,0.0,0.0,42,42.0,1.0,263.0,0,0
low_compressibility,3,static_min,none,7,13,0.0,0.0,0.0,42,42.0,1.0,263.0,0,0
low_compressibility,3,static_min,none,7,14,0.0,0.0,0.0,42,42.0,1.0,263.0,0,0
low_compressibility,3,static_min,none,7,15,0.0,0.0,0.0,42,42.0,1.0,263.0,0,0
low_compressibility,5,capacity_aware_static,C,1,0,0.0,0.0,0.0,42,42.0,1.0,263.0,0,0
low_compressibility,5,capacity_aware_static,C,1,1,0.0,0.0,0.0,42,42.0,1.0,263.0,0,0
low_compressibility,5,capacity_aware_static,C,1,2,0.0,0.0,0.0,42,42.0,1.0,263.0,0,0
low_compressibility,5,capacity_aware_static,C,1,3,0.0,0.0,0.0,42,42.0,1.0,263.0,0,0
low_compressibility,5,capacity_aware_static,C,1,4,0.0,0.0,0.0,42,42.0,1.0,263.0,0,0
low_compressibility,5,capacity_aware_static,C,1,5,0.0,0.0,0.0,42,42.0,1.0,263.0,0,0
low_compressibility,5,capacity_aware_static,C,1,6,0.0,0.0,0.0,42,42.0,1.0,263.0,0,0
low_compressibility,5,capacity_aware_static,C,1,7,0.0,0.0,0.0,42,42.0,1.0,263.0,0,0
low_compressibility,5,capacity_aware_static,C,1,8,0.0,0.0,0.0,42,42.0,1.0,263.0,0,0
low_compressibility,5,capacity_aware_static,C,1,9,0.0,0.0,0.0,42,42.0,1.0,263.0,0,0
low_compressibility,5,capacity_aware_static,C,1,10,0.0,0.0,0.0,42,42.0,1.0,263.0,0,0
low_compressibility,5,capacity_aware_static,C,1,11,0.0,0.0,0.0,42,42.0,1.0,263.0,0,0
low_compressibility,5,capacity_aware_static,C,1,12,0.0,0.0,0.0,42,42.0,1.0,263.0,0,0
low_compressibility,5,capacity_aware_static,C,1,13,0.0,0.0,0.0,42,42.0,1.0,263.0,0,0
low_compressibility,5,capacity_aware_static,C,1,14,0.0,0.0,0.0,42,42.0,1.0,263.0,0,0
low_compressibility,5,capacity_aware_static,C,1,15,0.0,0.0,0.0,42,42.0,1.0,263.0,0,0
low_compressibility,5,capacity_aware_static,C,2,0,0.0,0.0,0.0,42,42.0,1.0,263.0,0,0
low_compressibility,5,capacity_aware_static,C,2,1,0.0,0.0,0.0,42,42.0,1.0,263.0,0,0
low_compressibility,5,capacity_aware_static,C,2,2,0.0,0.0,0.0,42,42.0,1.0,263.0,0,0
low_compressibility,5,capacity_aware_static,C,2,3,0.0,0.0,0.0,42,42.0,1.0,263.0,0,0
low_compressibility,5,capacity_aware_static,C,2,4,0.0,0.0,0.0,42,42.0,1.0,263.0,0,0
low_compressibility,5,capacity_aware_static,C,2,5,0.0,0.0,0.0,42,42.0,1.0,263.0,0,0
low_compressibility,5,capacity_aware_static,C,2,6,0.0,0.0,0.0,42,42.0,1.0,263.0,0,0
low_compressibility,5,capacity_aware_static,C,2,7,0.0,0.0,0.0,42,42.0,1.0,263.0,0,0
low_compressibility,5,capacity_aware_static,C,2,8,0.0,0.0,0.0,42,42.0,1.0,263.0,0,0
low_compressibility,5,capacity_aware_static,C,2,9,0.0,0.0,0.0,42,42.0,1.0,263.0,0,0
low_compressibility,5,capacity_aware_static,C,2,10,0.0,0.0,0.0,42,42.0,1.0,263.0,0,0
low_compressibility,5,capacity_aware_static,C,2,11,0.0,0.0,0.0,42,42.0,1.0,263.0,0,0
low_compressibility,5,capacity_aware_static,C,2,12,0.0,0.0,0.0,42,42.0,1.0,263.0,0,0
low_compressibility,5,capacity_aware_static,C,2,13,0.0,0.0,0.0,42,42.0,1.0,263.0,0,0
low_compressibility,5,capacity_aware_static,C,2,14,0.0,0.0,0.0,42,42.0,1.0,263.0,0,0
low_compressibility,5,capacity_aware_static,C,2,15,0.0,0.0,0.0,42,42.0,1.0,263.0,0,0
low_compressibility,5,capacity_aware_static,C,3,0,0.0,0.0,0.0,42,42.0,1.0,263.0,0,0
low_compressibility,5,capacity_aware_static,C,3,1,0.0,0.0,0.0,42,42.0,1.0,263.0,0,0
low_compressibility,5,capacity_aware_static,C,3,2,0.0,0.0,0.0,42,42.0,1.0,263.0,0,0
low_compressibility,5,capacity_aware_static,C,3,3,0.0,0.0,0.0,42,42.0,1.0,263.0,0,0
low_compressibility,5,capacity_aware_static,C,3,4,0.0,0.0,0.0,42,42.0,1.0,263.0,0,0
low_compressibility,5,capacity_aware_static,C,3,5,0.0,0.0,0.0,42,42.0,1.0,263.0,0,0
low_compressibility,5,capacity_aware_static,C,3,6,0.0,0.0,0.0,42,42.0,1.0,263.0,0,0
low_compressibility,5,capacity_aware_static,C,3,7,0.0,0.0,0.0,42,42.0,1.0,263.0,0,0
low_compressibility,5,capacity_aware_static,C,3,8,0.0,0.0,0.0,42,42.0,1.0,263.0,0,0
low_compressibility,5,capacity_aware_static,C,3,9,0.0,0.0,0.0,42,42.0,1.0,263.0,0,0
low_compressibility,5,capacity_aware_static,C,3,10,0.0,0.0,0.0,42,42.0,1.0,263.0,0,0
low_compressibility,5,capacity_aware_static,C,3,11,0.0,0.0,0.0,42,42.0,1.0,263.0,0,0
low_compressibility,5,capacity_aware_static,C,3,12,0.0,0.0,0.0,42,42.0,1.0,263.0,0,0
low_compressibility,5,capacity_aware_static,C,3,13,0.0,0.0,0.0,42,42.0,1.0,263.0,0,0
low_compressibility,5,capacity_aware_static,C,3,14,0.0,0.0,0.0,42,42.0,1.0,263.0,0,0
low_compressibility,5,capacity_aware_static,C,3,15,0.0,0.0,0.0,42,42.0,1.0,263.0,0,0
low_compressibility,5,capacity_aware_static,C,4,0,0.0,0.0,0.0,42,42.0,1.0,263.0,0,0
low_compressibility,5,capacity_aware_static,C,4,1,0.0,0.0,0.0,42,42.0,1.0,263.0,0,0
low_compressibility,5,capacity_aware_static,C,4,2,0.0,0.0,0.0,42,42.0,1.0,263.0,0,0
low_compressibility,5,capacity_aware_static,C,4,3,0.0,0.0,0.0,42,42.0,1.0,263.0,0,0
low_compressibility,5,capacity_aware_static,C,4,4,0.0,0.0,0.0,42,42.0,1.0,263.0,0,0
low_compressibility,5,capacity_aware_static,C,4,5,0.0,0.0,0.0,42,42.0,1.0,263.0,0,0
low_compressibility,5,capacity_aware_static,C,4,6,0.0,0.0,0.0,42,42.0,1.0,263.0,0,0
low_compressibility,5,capacity_aware_static,C,4,7,0.0,0.0,0.0,42,42.0,1.0,263.0,0,0
low_compressibility,5,capacity_aware_static,C,4,8,0.0,0.0,0.0,42,42.0,1.0,263.0,0,0
low_compressibility,5,capacity_aware_static,C,4,9,0.0,0.0,0.0,42,42.0,1.0,263.0,0,0
low_compressibility,5,capacity_aware_static,C,4,10,0.0,0.0,0.0,42,42.0,1.0,263.0,0,0
low_compressibility,5,capacity_aware_static,C,4,11,0.0,0.0,0.0,42,42.0,1.0,263.0,0,0
low_compressibility,5,capacity_aware_static,C,4,12,0.0,0.0,0.0,42,42.0,1.0,263.0,0,0
low_compressibility,5,capacity_aware_static,C,4,13,0.0,0.0,0.0,42,42.0,1.0,263.0,0,0
low_compressibility,5,capacity_aware_static,C,4,14,0.0,0.0,0.0,42,42.0,1.0,263.0,0,0
low_compressibility,5,capacity_aware_static,C,4,15,0.0,0.0,0.0,42,42.0,1.0,263.0,0,0
low_compressibility,5,capacity_aware_static,C,5,0,0.0,0.0,0.0,42,42.0,1.0,263.0,0,0
low_compressibility,5,capacity_aware_static,C,5,1,0.0,0.0,0.0,42,42.0,1.0,263.0,0,0
low_compressibility,5,capacity_aware_static,C,5,2,0.0,0.0,0.0,42,42.0,1.0,263.0,0,0
low_compressibility,5,capacity_aware_static,C,5,3,0.0,0.0,0.0,42,42.0,1.0,263.0,0,0
low_compressibility,5,capacity_aware_static,C,5,4,0.0,0.0,0.0,42,42.0,1.0,263.0,0,0
low_compressibility,5,capacity_aware_static,C,5,5,0.0,0.0,0.0,42,42.0,1.0,263.0,0,0
low_compressibility,5,capacity_aware_static,C,5,6,0.0,0.0,0.0,42,42.0,1.0,263.0,0,0
low_compressibility,5,capacity_aware_static,C,5,7,0.0,0.0,0.0,42,42.0,1.0,263.0,0,0
low_compressibility,5,capacity_aware_static,C,5,8,0.0,0.0,0.0,42,42.0,1.0,263.0,0,0
low_compressibility,5,capacity_aware_static,C,5,9,0.0,0.0,0.0,42,42.0,1.0,263.0,0,0
low_compressibility,5,capacity_aware_static,C,5,10,0.0,0.0,0.0,42,42.0,1.0,263.0,0,0
low_compressibility,5,capacity_aware_static,C,5,11,0.0,0.0,0.0,42,42.0,1.0,263.0,0,0
low_compressibility,5,capacity_aware_static,C,5,12,0.0,0.0,0.0,42,42.0,1.0,263.0,0,0
low_compressibility,5,capacity_aware_static,C,5,13,0.0,0.0,0.0,42,42.0,1.0,263.0,0,0
low_compressibility,5,capacity_aware_static,C,5,14,0.0,0.0,0.0,42,42.0,1.0,263.0,0,0
low_compressibility,5,capacity_aware_static,C,5,15,0.0,0.0,0.0,42,42.0,1.0,263.0,0,0
low_compressibility,5,capacity_aware_static,C,6,0,0.0,0.0,0.0,42,42.0,1.0,263.0,0,0
low_compressibility,5,capacity_aware_static,C,6,1,0.0,0.0,0.0,42,42.0,1.0,263.0,0,0
low_compressibility,5,capacity_aware_static,C,6,2,0.0,0.0,0.0,42,42.0,1.0,263.0,0,0
low_compressibility,5,capacity_aware_static,C,6,3,0.0,0.0,0.0,42,42.0,1.0,263.0,0,0
low_compressibility,5,capacity_aware_static,C,6,4,0.0,0.0,0.0,42,42.0,1.0,263.0,0,0
low_compressibility,5,capacity_aware_static,C,6,5,0.0,0.0,0.0,42,42.0,1.0,263.0,0,0
low_compressibility,5,capacity_aware_static,C,6,6,0.0,0.0,0.0,42,42.0,1.0,263.0,0,0
low_compressibility,5,capacity_aware_static,C,6,7,0.0,0.0,0.0,42,42.0,1.0,263.0,0,0
low_compressibility,5,capacity_aware_static,C,6,8,0.0,0.0,0.0,42,42.0,1.0,263.0,0,0
low_compressibility,5,capacity_aware_static,C,6,9,0.0,0.0,0.0,42,42.0,1.0,263.0,0,0
low_compressibility,5,capacity_aware_static,C,6,10,0.0,0.0,0.0,42,42.0,1.0,263.0,0,0
low_compressibility,5,capacity_aware_static,C,6,11,0.0,0.0,0.0,42,42.0,1.0,263.0,0,0
low_compressibility,5,capacity_aware_static,C,6,12,0.0,0.0,0.0,42,42.0,1.0,263.0,0,0
low_compressibility,5,capacity_aware_static,C,6,13,0.0,0.0,0.0,42,42.0,1.0,263.0,0,0
low_compressibility,5,capacity_aware_static,C,6,14,0.0,0.0,0.0,42,42.0,1.0,263.0,0,0
low_compressibility,5,capacity_aware_static,C,6,15,0.0,0.0,0.0,42,42.0,1.0,263.0,0,0
low_compressibility,5,capacity_aware_static,C,7,0,0.0,0.0,0.0,42,42.0,1.0,263.0,0,0
low_compressibility,5,capacity_aware_static,C,7,1,0.0,0.0,0.0,42,42.0,1.0,263.0,0,0
low_compressibility,5,capacity_aware_static,C,7,2,0.0,0.0,0.0,42,42.0,1.0,263.0,0,0
low_compressibility,5,capacity_aware_static,C,7,3,0.0,0.0,0.0,42,42.0,1.0,263.0,0,0
low_compressibility,5,capacity_aware_static,C,7,4,0.0,0.0,0.0,42,42.0,1.0,263.0,0,0
low_compressibility,5,capacity_aware_static,C,7,5,0.0,0.0,0.0,42,42.0,1.0,263.0,0,0
low_compressibility,5,capacity_aware_static,C,7,6,0.0,0.0,0.0,42,42.0,1.0,263.0,0,0
low_compressibility,5,capacity_aware_static,C,7,7,0.0,0.0,0.0,42,42.0,1.0,263.0,0,0
low_compressibility,5,capacity_aware_static,C,7,8,0.0,0.0,0.0,42,42.0,1.0,263.0,0,0
low_compressibility,5,capacity_aware_static,C,7,9,0.0,0.0,0.0,42,42.0,1.0,263.0,0,0
low_compressibility,5,capacity_aware_static,C,7,10,0.0,0.0,0.0,42,42.0,1.0,263.0,0,0
low_compressibility,5,capacity_aware_static,C,7,11,0.0,0.0,0.0,42,42.0,1.0,263.0,0,0
low_compressibility,5,capacity_aware_static,C,7,12,0.0,0.0,0.0,42,42.0,1.0,263.0,0,0
low_compressibility,5,capacity_aware_static,C,7,13,0.0,0.0,0.0,42,42.0,1.0,263.0,0,0
low_compressibility,5,capacity_aware_static,C,7,14,0.0,0.0,0.0,42,42.0,1.0,263.0,0,0
low_compressibility,5,capacity_aware_static,C,7,15,0.0,0.0,0.0,42,42.0,1.0,263.0,0,0
low_compressibility,5,smoothed,none,1,0,0.0,0.0,0.0,42,42.0,1.0,263.0,0,0
low_compressibility,5,smoothed,none,1,1,0.0,0.0,0.0,42,42.0,1.0,263.0,0,0
low_compressibility,5,smoothed,none,1,2,0.0,0.0,0.0,42,42.0,1.0,263.0,0,0
low_compressibility,5,smoothed,none,1,3,0.0,0.0,0.0,42,42.0,1.0,263.0,0,0
low_compressibility,5,smoothed,none,1,4,0.0,0.0,0.0,42,42.0,1.0,263.0,0,0
low_compressibility,5,smoothed,none,1,5,0.0,0.0,0.0,42,42.0,1.0,263.0,0,0
low_compressibility,5,smoothed,none,1,6,0.0,0.0,0.0,42,42.0,1.0,263.0,0,0
low_compressibility,5,smoothed,none,1,7,0.0,0.0,0.0,42,42.0,1.0,263.0,0,0
low_compressibility,5,smoothed,none,1,8,0.0,0.0,0.0,42,42.0,1.0,263.0,0,0
low_compressibility,5,smoothed,none,1,9,0.0,0.0,0.0,42,42.0,1.0,263.0,0,0
low_compressibility,5,smoothed,none,1,10,0.0,0.0,0.0,42,42.0,1.0,263.0,0,0
low_compressibility,5,smoothed,none,1,11,0.0,0.0,0.0,42,42.0,1.0,263.0,0,0
low_compressibility,5,smoothed,none,1,12,0.0,0.0,0.0,42,42.0,1.0,263.0,0,0
low_compressibility,5,smoothed,none,1,13,0.0,0.0,0.0,42,42.0,1.0,263.0,0,0
low_compressibility,5,smoothed,none,1,14,0.0,0.0,0.0,42,42.0,1.0,263.0,0,0
low_compressibility,5,smoothed,none,1,15,0.0,0.0,0.0,42,42.0,1.0,263.0,0,0
low_compressibility,5,smoothed,none,2,0,0.0,0.0,0.0,42,42.0,1.0,263.0,0,0
low_compressibility,5,smoothed,none,2,1,0.0,0.0,0.0,42,42.0,1.0,263.0,0,0
low_compressibility,5,smoothed,none,2,2,0.0,0.0,0.0,42,42.0,1.0,263.0,0,0
low_compressibility,5,smoothed,none,2,3,0.0,0.0,0.0,42,42.0,1.0,263.0,0,0
low_compressibility,5,smoothed,none,2,4,0.0,0.0,0.0,42,42.0,1.0,263.0,0,0
low_compressibility,5,smoothed,none,2,5,0.0,0.0,0.0,42,42.0,1.0,263.0,0,0
low_compressibility,5,smoothed,none,2,6,0.0,0.0,0.0,42,42.0,1.0,263.0,0,0
low_compressibility,5,smoothed,none,2,7,0.0,0.0,0.0,42,42.0,1.0,263.0,0,0
low_compressibility,5,smoothed,none,2,8,0.0,0.0,0.0,42,42.0,1.0,263.0,0,0
low_compressibility,5,smoothed,none,2,9,0.0,0.0,0.0,42,42.0,1.0,263.0,0,0
low_compressibility,5,smoothed,none,2,10,0.0,0.0,0.0,42,42.0,1.0,263.0,0,0
low_compressibility,5,smoothed,none,2,11,0.0,0.0,0.0,42,42.0,1.0,263.0,0,0
low_compressibility,5,smoothed,none,2,12,0.0,0.0,0.0,42,42.0,1.0,263.0,0,0
low_compressibility,5,smoothed,none,2,13,0.0,0.0,0.0,42,42.0,1.0,263.0,0,0
low_compressibility,5,smoothed,none,2,14,0.0,0.0,0.0,42,42.0,1.0,263.0,0,0
low_compressibility,5,smoothed,none,2,15,0.0,0.0,0.0,42,42.0,1.0,263.0,0,0
low_compressibility,5,smoothed,none,3,0,0.0,0.0,0.0,42,42.0,1.0,263.0,0,0
low_compressibility,5,smoothed,none,3,1,0.0,0.0,0.0,42,42.0,1.0,263.0,0,0
low_compressibility,5,smoothed,none,3,2,0.0,0.0,0.0,42,42.0,1.0,263.0,0,0
low_compressibility,5,smoothed,none,3,3,0.0,0.0,0.0,42,42.0,1.0,263.0,0,0
low_compressibility,5,smoothed,none,3,4,0.0,0.0,0.0,42,42.0,1.0,263.0,0,0
low_compressibility,5,smoothed,none,3,5,0.0,0.0,0.0,42,42.0,1.0,263.0,0,0
low_compressibility,5,smoothed,none,3,6,0.0,0.0,0.0,42,42.0,1.0,263.0,0,0
low_compressibility,5,smoothed,none,3,7,0.0,0.0,0.0,42,42.0,1.0,263.0,0,0
low_compressibility,5,smoothed,none,3,8,0.0,0.0,0.0,42,42.0,1.0,263.0,0,0
low_compressibility,5,smoothed,none,3,9,0.0,0.0,0.0,42,42.0,1.0,263.0,0,0
low_compressibility,5,smoothed,none,3,10,0.0,0.0,0.0,42,42.0,1.0,263.0,0,0
low_compressibility,5,smoothed,none,3,11,0.0,0.0,0.0,42,42.0,1.0,263.0,0,0
low_compressibility,5,smoothed,none,3,12,0.0,0.0,0.0,42,42.0,1.0,263.0,0,0
low_compressibility,5,smoothed,none,3,13,0.0,0.0,0.0,42,42.0,1.0,263.0,0,0
low_compressibility,5,smoothed,none,3,14,0.0,0.0,0.0,42,42.0,1.0,263.0,0,0
low_compressibility,5,smoothed,none,3,15,0.0,0.0,0.0,42,42.0,1.0,263.0,0,0
low_compressibility,5,smoothed,none,4,0,0.0,0.0,0.0,42,42.0,1.0,263.0,0,0
low_compressibility,5,smoothed,none,4,1,0.0,0.0,0.0,42,42.0,1.0,263.0,0,0
low_compressibility,5,smoothed,none,4,2,0.0,0.0,0.0,42,42.0,1.0,263.0,0,0
low_compressibility,5,smoothed,none,4,3,0.0,0.0,0.0,42,42.0,1.0,263.0,0,0
low_compressibility,5,smoothed,none,4,4,0.0,0.0,0.0,42,42.0,1.0,263.0,0,0
low_compressibility,5,smoothed,none,4,5,0.0,0.0,0.0,42,42.0,1.0,263.0,0,0
low_compressibility,5,smoothed,none,4,6,0.0,0.0,0.0,42,42.0,1.0,263.0,0,0
low_compressibility,5,smoothed,none,4,7,0.0,0.0,0.0,42,42.0,1.0,263.0,0,0
low_compressibility,5,smoothed,none,4,8,0.0,0.0,0.0,42,42.0,1.0,263.0,0,0
low_compressibility,5,smoothed,none,4,9,0.0,0.0,0.0,42,42.0,1.0,263.0,0,0
low_compressibility,5,smoothed,none,4,10,0.0,0.0,0.0,42,42.0,1.0,263.0,0,0
low_compressibility,5,smoothed,none,4,11,0.0,0.0,0.0,42,42.0,1.0,263.0,0,0
low_compressibility,5,smoothed,none,4,12,0.0,0.0,0.0,42,42.0,1.0,263.0,0,0
low_compressibility,5,smoothed,none,4,13,0.0,0.0,0.0,42,42.0,1.0,263.0,0,0
low_compressibility,5,smoothed,none,4,14,0.0,0.0,0.0,42,42.0,1.0,263.0,0,0
low_compressibility,5,smoothed,none,4,15,0.0,0.0,0.0,42,42.0,1.0,263.0,0,0
low_compressibility,5,smoothed,none,5,0,0.0,0.0,0.0,42,42.0,1.0,263.0,0,0
low_compressibility,5,smoothed,none,5,1,0.0,0.0,0.0,42,42.0,1.0,263.0,0,0
low_compressibility,5,smoothed,none,5,2,0.0,0.0,0.0,42,42.0,1.0,263.0,0,0
low_compressibility,5,smoothed,none,5,3,0.0,0.0,0.0,42,42.0,1.0,263.0,0,0
low_compressibility,5,smoothed,none,5,4,0.0,0.0,0.0,42,42.0,1.0,263.0,0,0
low_compressibility,5,smoothed,none,5,5,0.0,0.0,0.0,42,42.0,1.0,263.0,0,0
low_compressibility,5,smoothed,none,5,6,0.0,0.0,0.0,42,42.0,1.0,263.0,0,0
low_compressibility,5,smoothed,none,5,7,0.0,0.0,0.0,42,42.0,1.0,263.0,0,0
low_compressibility,5,smoothed,none,5,8,0.0,0.0,0.0,42,42.0,1.0,263.0,0,0
low_compressibility,5,smoothed,none,5,9,0.0,0.0,0.0,42,42.0,1.0,263.0,0,0
low_compressibility,5,smoothed,none,5,10,0.0,0.0,0.0,42,42.0,1.0,263.0,0,0
low_compressibility,5,smoothed,none,5,11,0.0,0.0,0.0,42,42.0,1.0,263.0,0,0
low_compressibility,5,smoothed,none,5,12,0.0,0.0,0.0,42,42.0,1.0,263.0,0,0
low_compressibility,5,smoothed,none,5,13,0.0,0.0,0.0,42,42.0,1.0,263.0,0,0
low_compressibility,5,smoothed,none,5,14,0.0,0.0,0.0,42,42.0,1.0,263.0,0,0
low_compressibility,5,smoothed,none,5,15,0.0,0.0,0.0,42,42.0,1.0,263.0,0,0
low_compressibility,5,smoothed,none,6,0,0.0,0.0,0.0,42,42.0,1.0,263.0,0,0
low_compressibility,5,smoothed,none,6,1,0.0,0.0,0.0,42,42.0,1.0,263.0,0,0
low_compressibility,5,smoothed,none,6,2,0.0,0.0,0.0,42,42.0,1.0,263.0,0,0
low_compressibility,5,smoothed,none,6,3,0.0,0.0,0.0,42,42.0,1.0,263.0,0,0
low_compressibility,5,smoothed,none,6,4,0.0,0.0,0.0,42,42.0,1.0,263.0,0,0
low_compressibility,5,smoothed,none,6,5,0.0,0.0,0.0,42,42.0,1.0,263.0,0,0
low_compressibility,5,smoothed,none,6,6,0.0,0.0,0.0,42,42.0,1.0,263.0,0,0
low_compressibility,5,smoothed,none,6,7,0.0,0.0,0.0,42,42.0,1.0,263.0,0,0
low_compressibility,5,smoothed,none,6,8,0.0,0.0,0.0,42,42.0,1.0,263.0,0,0
low_compressibility,5,smoothed,none,6,9,0.0,0.0,0.0,42,42.0,1.0,263.0,0,0
low_compressibility,5,smoothed,none,6,10,0.0,0.0,0.0,42,42.0,1.0,263.0,0,0
low_compressibility,5,smoothed,none,6,11,0.0,0.0,0.0,42,42.0,1.0,263.0,0,0
low_compressibility,5,smoothed,none,6,12,0.0,0.0,0.0,42,42.0,1.0,263.0,0,0
low_compressibility,5,smoothed,none,6,13,0.0,0.0,0.0,42,42.0,1.0,263.0,0,0
low_compressibility,5,smoothed,none,6,14,0.0,0.0,0.0,42,42.0,1.0,263.0,0,0
low_compressibility,5,smoothed,none,6,15,0.0,0.0,0.0,42,42.0,1.0,263.0,0,0
low_compressibility,5,smoothed,none,7,0,0.0,0.0,0.0,42,42.0,1.0,263.0,0,0
low_compressibility,5,smoothed,none,7,1,0.0,0.0,0.0,42,42.0,1.0,263.0,0,0
low_compressibility,5,smoothed,none,7,2,0.0,0.0,0.0,42,42.0,1.0,263.0,0,0
low_compressibility,5,smoothed,none,7,3,0.0,0.0,0.0,42,42.0,1.0,263.0,0,0
low_compressibility,5,smoothed,none,7,4,0.0,0.0,0.0,42,42.0,1.0,263.0,0,0
low_compressibility,5,smoothed,none,7,5,0.0,0.0,0.0,42,42.0,1.0,263.0,0,0
low_compressibility,5,smoothed,none,7,6,0.0,0.0,0.0,42,42.0,1.0,263.0,0,0
low_compressibility,5,smoothed,none,7,7,0.0,0.0,0.0,42,42.0,1.0,263.0,0,0
low_compressibility,5,smoothed,none,7,8,0.0,0.0,0.0,42,42.0,1.0,263.0,0,0
low_compressibility,5,smoothed,none,7,9,0.0,0.0,0.0,42,42.0,1.0,263.0,0,0
low_compressibility,5,smoothed,none,7,10,0.0,0.0,0.0,42,42.0,1.0,263.0,0,0
low_compressibility,5,smoothed,none,7,11,0.0,0.0,0.0,42,42.0,1.0,263.0,0,0
low_compressibility,5,smoothed,none,7,12,0.0,0.0,0.0,42,42.0,1.0,263.0,0,0
low_compressibility,5,smoothed,none,7,13,0.0,0.0,0.0,42,42.0,1.0,263.0,0,0
low_compressibility,5,smoothed,none,7,14,0.0,0.0,0.0,42,42.0,1.0,263.0,0,0
low_compressibility,5,smoothed,none,7,15,0.0,0.0,0.0,42,42.0,1.0,263.0,0,0
low_compressibility,5,static_min,none,1,0,0.0,0.0,0.0,42,42.0,1.0,263.0,0,0
low_compressibility,5,static_min,none,1,1,0.0,0.0,0.0,42,42.0,1.0,263.0,0,0
low_compressibility,5,static_min,none,1,2,0.0,0.0,0.0,42,42.0,1.0,263.0,0,0
low_compressibility,5,static_min,none,1,3,0.0,0.0,0.0,42,42.0,1.0,263.0,0,0
low_compressibility,5,static_min,none,1,4,0.0,0.0,0.0,42,42.0,1.0,263.0,0,0
low_compressibility,5,static_min,none,1,5,0.0,0.0,0.0,42,42.0,1.0,263.0,0,0
low_compressibility,5,static_min,none,1,6,0.0,0.0,0.0,42,42.0,1.0,263.0,0,0
low_compressibility,5,static_min,none,1,7,0.0,0.0,0.0,42,42.0,1.0,263.0,0,0
low_compressibility,5,static_min,none,1,8,0.0,0.0,0.0,42,42.0,1.0,263.0,0,0
low_compressibility,5,static_min,none,1,9,0.0,0.0,0.0,42,42.0,1.0,263.0,0,0
low_compressibility,5,static_min,none,1,10,0.0,0.0,0.0,42,42.0,1.0,263.0,0,0
low_compressibility,5,static_min,none,1,11,0.0,0.0,0.0,42,42.0,1.0,263.0,0,0
low_compressibility,5,static_min,none,1,12,0.0,0.0,0.0,42,42.0,1.0,263.0,0,0
low_compressibility,5,static_min,none,1,13,0.0,0.0,0.0,42,42.0,1.0,263.0,0,0
low_compressibility,5,static_min,none,1,14,0.0,0.0,0.0,42,42.0,1.0,263.0,0,0
low_compressibility,5,static_min,none,1,15,0.0,0.0,0.0,42,42.0,1.0,263.0,0,0
low_compressibility,5,static_min,none,2,0,0.0,0.0,0.0,42,42.0,1.0,263.0,0,0
low_compressibility,5,static_min,none,2,1,0.0,0.0,0.0,42,42.0,1.0,263.0,0,0
low_compressibility,5,static_min,none,2,2,0.0,0.0,0.0,42,42.0,1.0,263.0,0,0
low_compressibility,5,static_min,none,2,3,0.0,0.0,0.0,42,42.0,1.0,263.0,0,0
low_compressibility,5,static_min,none,2,4,0.0,0.0,0.0,42,42.0,1.0,263.0,0,0
low_compressibility,5,static_min,none,2,5,0.0,0.0,0.0,42,42.0,1.0,263.0,0,0
low_compressibility,5,static_min,none,2,6,0.0,0.0,0.0,42,42.0,1.0,263.0,0,0
low_compressibility,5,static_min,none,2,7,0.0,0.0,0.0,42,42.0,1.0,263.0,0,0
low_compressibility,5,static_min,none,2,8,0.0,0.0,0.0,42,42.0,1.0,263.0,0,0
low_compressibility,5,static_min,none,2,9,0.0,0.0,0.0,42,42.0,1.0,263.0,0,0
low_compressibility,5,static_min,none,2,10,0.0,0.0,0.0,42,42.0,1.0,263.0,0,0
low_compressibility,5,static_min,none,2,11,0.0,0.0,0.0,42,42.0,1.0,263.0,0,0
low_compressibility,5,static_min,none,2,12,0.0,0.0,0.0,42,42.0,1.0,263.0,0,0
low_compressibility,5,static_min,none,2,13,0.0,0.0,0.0,42,42.0,1.0,263.0,0,0
low_compressibility,5,static_min,none,2,14,0.0,0.0,0.0,42,42.0,1.0,263.0,0,0
low_compressibility,5,static_min,none,2,15,0.0,0.0,0.0,42,42.0,1.0,263.0,0,0
low_compressibility,5,static_min,none,3,0,0.0,0.0,0.0,42,42.0,1.0,263.0,0,0
low_compressibility,5,static_min,none,3,1,0.0,0.0,0.0,42,42.0,1.0,263.0,0,0
low_compressibility,5,static_min,none,3,2,0.0,0.0,0.0,42,42.0,1.0,263.0,0,0
low_compressibility,5,static_min,none,3,3,0.0,0.0,0.0,42,42.0,1.0,263.0,0,0
low_compressibility,5,static_min,none,3,4,0.0,0.0,0.0,42,42.0,1.0,263.0,0,0
low_compressibility,5,static_min,none,3,5,0.0,0.0,0.0,42,42.0,1.0,263.0,0,0
low_compressibility,5,static_min,none,3,6,0.0,0.0,0.0,42,42.0,1.0,263.0,0,0
low_compressibility,5,static_min,none,3,7,0.0,0.0,0.0,42,42.0,1.0,263.0,0,0
low_compressibility,5,static_min,none,3,8,0.0,0.0,0.0,42,42.0,1.0,263.0,0,0
low_compressibility,5,static_min,none,3,9,0.0,0.0,0.0,42,42.0,1.0,263.0,0,0
low_compressibility,5,static_min,none,3,10,0.0,0.0,0.0,42,42.0,1.0,263.0,0,0
low_compressibility,5,static_min,none,3,11,0.0,0.0,0.0,42,42.0,1.0,263.0,0,0
low_compressibility,5,static_min,none,3,12,0.0,0.0,0.0,42,42.0,1.0,263.0,0,0
low_compressibility,5,static_min,none,3,13,0.0,0.0,0.0,42,42.0,1.0,263.0,0,0
low_compressibility,5,static_min,none,3,14,0.0,0.0,0.0,42,42.0,1.0,263.0,0,0
low_compressibility,5,static_min,none,3,15,0.0,0.0,0.0,42,42.0,1.0,263.0,0,0
low_compressibility,5,static_min,none,4,0,0.0,0.0,0.0,42,42.0,1.0,263.0,0,0
low_compressibility,5,static_min,none,4,1,0.0,0.0,0.0,42,42.0,1.0,263.0,0,0
low_compressibility,5,static_min,none,4,2,0.0,0.0,0.0,42,42.0,1.0,263.0,0,0
low_compressibility,5,static_min,none,4,3,0.0,0.0,0.0,42,42.0,1.0,263.0,0,0
low_compressibility,5,static_min,none,4,4,0.0,0.0,0.0,42,42.0,1.0,263.0,0,0
low_compressibility,5,static_min,none,4,5,0.0,0.0,0.0,42,42.0,1.0,263.0,0,0
low_compressibility,5,static_min,none,4,6,0.0,0.0,0.0,42,42.0,1.0,263.0,0,0
low_compressibility,5,static_min,none,4,7,0.0,0.0,0.0,42,42.0,1.0,263.0,0,0
low_compressibility,5,static_min,none,4,8,0.0,0.0,0.0,42,42.0,1.0,263.0,0,0
low_compressibility,5,static_min,none,4,9,0.0,0.0,0.0,42,42.0,1.0,263.0,0,0
low_compressibility,5,static_min,none,4,10,0.0,0.0,0.0,42,42.0,1.0,263.0,0,0
low_compressibility,5,static_min,none,4,11,0.0,0.0,0.0,42,42.0,1.0,263.0,0,0
low_compressibility,5,static_min,none,4,12,0.0,0.0,0.0,42,42.0,1.0,263.0,0,0
low_compressibility,5,static_min,none,4,13,0.0,0.0,0.0,42,42.0,1.0,263.0,0,0
low_compressibility,5,static_min,none,4,14,0.0,0.0,0.0,42,42.0,1.0,263.0,0,0
low_compressibility,5,static_min,none,4,15,0.0,0.0,0.0,42,42.0,1.0,263.0,0,0
low_compressibility,5,static_min,none,5,0,0.0,0.0,0.0,42,42.0,1.0,263.0,0,0
low_compressibility,5,static_min,none,5,1,0.0,0.0,0.0,42,42.0,1.0,263.0,0,0
low_compressibility,5,static_min,none,5,2,0.0,0.0,0.0,42,42.0,1.0,263.0,0,0
low_compressibility,5,static_min,none,5,3,0.0,0.0,0.0,42,42.0,1.0,263.0,0,0
low_compressibility,5,static_min,none,5,4,0.0,0.0,0.0,42,42.0,1.0,263.0,0,0
low_compressibility,5,static_min,none,5,5,0.0,0.0,0.0,42,42.0,1.0,263.0,0,0
low_compressibility,5,static_min,none,5,6,0.0,0.0,0.0,42,42.0,1.0,263.0,0,0
low_compressibility,5,static_min,none,5,7,0.0,0.0,0.0,42,42.0,1.0,263.0,0,0
low_compressibility,5,static_min,none,5,8,0.0,0.0,0.0,42,42.0,1.0,263.0,0,0
low_compressibility,5,static_min,none,5,9,0.0,0.0,0.0,42,42.0,1.0,263.0,0,0
low_compressibility,5,static_min,none,5,10,0.0,0.0,0.0,42,42.0,1.0,263.0,0,0
low_compressibility,5,static_min,none,5,11,0.0,0.0,0.0,42,42.0,1.0,263.0,0,0
low_compressibility,5,static_min,none,5,12,0.0,0.0,0.0,42,42.0,1.0,263.0,0,0
low_compressibility,5,static_min,none,5,13,0.0,0.0,0.0,42,42.0,1.0,263.0,0,0
low_compressibility,5,static_min,none,5,14,0.0,0.0,0.0,42,42.0,1.0,263.0,0,0
low_compressibility,5,static_min,none,5,15,0.0,0.0,0.0,42,42.0,1.0,263.0,0,0
low_compressibility,5,static_min,none,6,0,0.0,0.0,0.0,42,42.0,1.0,263.0,0,0
low_compressibility,5,static_min,none,6,1,0.0,0.0,0.0,42,42.0,1.0,263.0,0,0
low_compressibility,5,static_min,none,6,2,0.0,0.0,0.0,42,42.0,1.0,263.0,0,0
low_compressibility,5,static_min,none,6,3,0.0,0.0,0.0,42,42.0,1.0,263.0,0,0
low_compressibility,5,static_min,none,6,4,0.0,0.0,0.0,42,42.0,1.0,263.0,0,0
low_compressibility,5,static_min,none,6,5,0.0,0.0,0.0,42,42.0,1.0,263.0,0,0
low_compressibility,5,static_min,none,6,6,0.0,0.0,0.0,42,42.0,1.0,263.0,0,0
low_compressibility,5,static_min,none,6,7,0.0,0.0,0.0,42,42.0,1.0,263.0,0,0
low_compressibility,5,static_min,none,6,8,0.0,0.0,0.0,42,42.0,1.0,263.0,0,0
low_compressibility,5,static_min,none,6,9,0.0,0.0,0.0,42,42.0,1.0,263.0,0,0
low_compressibility,5,static_min,none,6,10,0.0,0.0,0.0,42,42.0,1.0,263.0,0,0
low_compressibility,5,static_min,none,6,11,0.0,0.0,0.0,42,42.0,1.0,263.0,0,0
low_compressibility,5,static_min,none,6,12,0.0,0.0,0.0,42,42.0,1.0,263.0,0,0
low_compressibility,5,static_min,none,6,13,0.0,0.0,0.0,42,42.0,1.0,263.0,0,0
low_compressibility,5,static_min,none,6,14,0.0,0.0,0.0,42,42.0,1.0,263.0,0,0
low_compressibility,5,static_min,none,6,15,0.0,0.0,0.0,42,42.0,1.0,263.0,0,0
low_compressibility,5,static_min,none,7,0,0.0,0.0,0.0,42,42.0,1.0,263.0,0,0
low_compressibility,5,static_min,none,7,1,0.0,0.0,0.0,42,42.0,1.0,263.0,0,0
low_compressibility,5,static_min,none,7,2,0.0,0.0,0.0,42,42.0,1.0,263.0,0,0
low_compressibility,5,static_min,none,7,3,0.0,0.0,0.0,42,42.0,1.0,263.0,0,0
low_compressibility,5,static_min,none,7,4,0.0,0.0,0.0,42,42.0,1.0,263.0,0,0
low_compressibility,5,static_min,none,7,5,0.0,0.0,0.0,42,42.0,1.0,263.0,0,0
low_compressibility,5,static_min,none,7,6,0.0,0.0,0.0,42,42.0,1.0,263.0,0,0
low_compressibility,5,static_min,none,7,7,0.0,0.0,0.0,42,42.0,1.0,263.0,0,0
low_compressibility,5,static_min,none,7,8,0.0,0.0,0.0,42,42.0,1.0,263.0,0,0
low_compressibility,5,static_min,none,7,9,0.0,0.0,0.0,42,42.0,1.0,263.0,0,0
low_compressibility,5,static_min,none,7,10,0.0,0.0,0.0,42,42.0,1.0,263.0,0,0
low_compressibility,5,static_min,none,7,11,0.0,0.0,0.0,42,42.0,1.0,263.0,0,0
low_compressibility,5,static_min,none,7,12,0.0,0.0,0.0,42,42.0,1.0,263.0,0,0
low_compressibility,5,static_min,none,7,13,0.0,0.0,0.0,42,42.0,1.0,263.0,0,0
low_compressibility,5,static_min,none,7,14,0.0,0.0,0.0,42,42.0,1.0,263.0,0,0
low_compressibility,5,static_min,none,7,15,0.0,0.0,0.0,42,42.0,1.0,263.0,0,0
low_compressibility,7,capacity_aware_static,C,1,0,0.0,0.0,0.0,42,42.0,1.0,263.0,0,0
low_compressibility,7,capacity_aware_static,C,1,1,0.0,0.0,0.0,42,42.0,1.0,263.0,0,0
low_compressibility,7,capacity_aware_static,C,1,2,0.0,0.0,0.0,42,42.0,1.0,263.0,0,0
low_compressibility,7,capacity_aware_static,C,1,3,0.0,0.0,0.0,42,42.0,1.0,263.0,0,0
low_compressibility,7,capacity_aware_static,C,1,4,0.0,0.0,0.0,42,42.0,1.0,263.0,0,0
low_compressibility,7,capacity_aware_static,C,1,5,0.0,0.0,0.0,42,42.0,1.0,263.0,0,0
low_compressibility,7,capacity_aware_static,C,1,6,0.0,0.0,0.0,42,42.0,1.0,263.0,0,0
low_compressibility,7,capacity_aware_static,C,1,7,0.0,0.0,0.0,42,42.0,1.0,263.0,0,0
low_compressibility,7,capacity_aware_static,C,1,8,0.0,0.0,0.0,42,42.0,1.0,263.0,0,0
low_compressibility,7,capacity_aware_static,C,1,9,0.0,0.0,0.0,42,42.0,1.0,263.0,0,0
low_compressibility,7,capacity_aware_static,C,1,10,0.0,0.0,0.0,42,42.0,1.0,263.0,0,0
low_compressibility,7,capacity_aware_static,C,1,11,0.0,0.0,0.0,42,42.0,1.0,263.0,0,0
low_compressibility,7,capacity_aware_static,C,1,12,0.0,0.0,0.0,42,42.0,1.0,263.0,0,0
low_compressibility,7,capacity_aware_static,C,1,13,0.0,0.0,0.0,42,42.0,1.0,263.0,0,0
low_compressibility,7,capacity_aware_static,C,1,14,0.0,0.0,0.0,42,42.0,1.0,263.0,0,0
low_compressibility,7,capacity_aware_static,C,1,15,0.0,0.0,0.0,42,42.0,1.0,263.0,0,0
low_compressibility,7,capacity_aware_static,C,2,0,0.0,0.0,0.0,42,42.0,1.0,263.0,0,0
low_compressibility,7,capacity_aware_static,C,2,1,0.0,0.0,0.0,42,42.0,1.0,263.0,0,0
low_compressibility,7,capacity_aware_static,C,2,2,0.0,0.0,0.0,42,42.0,1.0,263.0,0,0
low_compressibility,7,capacity_aware_static,C,2,3,0.0,0.0,0.0,42,42.0,1.0,263.0,0,0
low_compressibility,7,capacity_aware_static,C,2,4,0.0,0.0,0.0,42,42.0,1.0,263.0,0,0
low_compressibility,7,capacity_aware_static,C,2,5,0.0,0.0,0.0,42,42.0,1.0,263.0,0,0
low_compressibility,7,capacity_aware_static,C,2,6,0.0,0.0,0.0,42,42.0,1.0,263.0,0,0
low_compressibility,7,capacity_aware_static,C,2,7,0.0,0.0,0.0,42,42.0,1.0,263.0,0,0
low_compressibility,7,capacity_aware_static,C,2,8,0.0,0.0,0.0,42,42.0,1.0,263.0,0,0
low_compressibility,7,capacity_aware_static,C,2,9,0.0,0.0,0.0,42,42.0,1.0,263.0,0,0
low_compressibility,7,capacity_aware_static,C,2,10,0.0,0.0,0.0,42,42.0,1.0,263.0,0,0
low_compressibility,7,capacity_aware_static,C,2,11,0.0,0.0,0.0,42,42.0,1.0,263.0,0,0
low_compressibility,7,capacity_aware_static,C,2,12,0.0,0.0,0.0,42,42.0,1.0,263.0,0,0
low_compressibility,7,capacity_aware_static,C,2,13,0.0,0.0,0.0,42,42.0,1.0,263.0,0,0
low_compressibility,7,capacity_aware_static,C,2,14,0.0,0.0,0.0,42,42.0,1.0,263.0,0,0
low_compressibility,7,capacity_aware_static,C,2,15,0.0,0.0,0.0,42,42.0,1.0,263.0,0,0
low_compressibility,7,capacity_aware_static,C,3,0,0.0,0.0,0.0,42,42.0,1.0,263.0,0,0
low_compressibility,7,capacity_aware_static,C,3,1,0.0,0.0,0.0,42,42.0,1.0,263.0,0,0
low_compressibility,7,capacity_aware_static,C,3,2,0.0,0.0,0.0,42,42.0,1.0,263.0,0,0
low_compressibility,7,capacity_aware_static,C,3,3,0.0,0.0,0.0,42,42.0,1.0,263.0,0,0
low_compressibility,7,capacity_aware_static,C,3,4,0.0,0.0,0.0,42,42.0,1.0,263.0,0,0
low_compressibility,7,capacity_aware_static,C,3,5,0.0,0.0,0.0,42,42.0,1.0,263.0,0,0
low_compressibility,7,capacity_aware_static,C,3,6,0.0,0.0,0.0,42,42.0,1.0,263.0,0,0
low_compressibility,7,capacity_aware_static,C,3,7,0.0,0.0,0.0,42,42.0,1.0,263.0,0,0
low_compressibility,7,capacity_aware_static,C,3,8,0.0,0.0,0.0,42,42.0,1.0,263.0,0,0
low_compressibility,7,capacity_aware_static,C,3,9,0.0,0.0,0.0,42,42.0,1.0,263.0,0,0
low_compressibility,7,capacity_aware_static,C,3,10,0.0,0.0,0.0,42,42.0,1.0,263.0,0,0
low_compressibility,7,capacity_aware_static,C,3,11,0.0,0.0,0.0,42,42.0,1.0,263.0,0,0
low_compressibility,7,capacity_aware_static,C,3,12,0.0,0.0,0.0,42,42.0,1.0,263.0,0,0
low_compressibility,7,capacity_aware_static,C,3,13,0.0,0.0,0.0,42,42.0,1.0,263.0,0,0
low_compressibility,7,capacity_aware_static,C,3,14,0.0,0.0,0.0,42,42.0,1.0,263.0,0,0
low_compressibility,7,capacity_aware_static,C,3,15,0.0,0.0,0.0,42,42.0,1.0,263.0,0,0
low_compressibility,7,capacity_aware_static,C,4,0,0.0,0.0,0.0,42,42.0,1.0,263.0,0,0
low_compressibility,7,capacity_aware_static,C,4,1,0.0,0.0,0.0,42,42.0,1.0,263.0,0,0
low_compressibility,7,capacity_aware_static,C,4,2,0.0,0.0,0.0,42,42.0,1.0,263.0,0,0
low_compressibility,7,capacity_aware_static,C,4,3,0.0,0.0,0.0,42,42.0,1.0,263.0,0,0
low_compressibility,7,capacity_aware_static,C,4,4,0.0,0.0,0.0,42,42.0,1.0,263.0,0,0
low_compressibility,7,capacity_aware_static,C,4,5,0.0,0.0,0.0,42,42.0,1.0,263.0,0,0
low_compressibility,7,capacity_aware_static,C,4,6,0.0,0.0,0.0,42,42.0,1.0,263.0,0,0
low_compressibility,7,capacity_aware_static,C,4,7,0.0,0.0,0.0,42,42.0,1.0,263.0,0,0
low_compressibility,7,capacity_aware_static,C,4,8,0.0,0.0,0.0,42,42.0,1.0,263.0,0,0
low_compressibility,7,capacity_aware_static,C,4,9,0.0,0.0,0.0,42,42.0,1.0,263.0,0,0
low_compressibility,7,capacity_aware_static,C,4,10,0.0,0.0,0.0,42,42.0,1.0,263.0,0,0
low_compressibility,7,capacity_aware_static,C,4,11,0.0,0.0,0.0,42,42.0,1.0,263.0,0,0
low_compressibility,7,capacity_aware_static,C,4,12,0.0,0.0,0.0,42,42.0,1.0,263.0,0,0
low_compressibility,7,capacity_aware_static,C,4,13,0.0,0.0,0.0,42,42.0,1.0,263.0,0,0
low_compressibility,7,capacity_aware_static,C,4,14,0.0,0.0,0.0,42,42.0,1.0,263.0,0,0
low_compressibility,7,capacity_aware_static,C,4,15,0.0,0.0,0.0,42,42.0,1.0,263.0,0,0
low_compressibility,7,capacity_aware_static,C,5,0,0.0,0.0,0.0,42,42.0,1.0,263.0,0,0
low_compressibility,7,capacity_aware_static,C,5,1,0.0,0.0,0.0,42,42.0,1.0,263.0,0,0
low_compressibility,7,capacity_aware_static,C,5,2,0.0,0.0,0.0,42,42.0,1.0,263.0,0,0
low_compressibility,7,capacity_aware_static,C,5,3,0.0,0.0,0.0,42,42.0,1.0,263.0,0,0
low_compressibility,7,capacity_aware_static,C,5,4,0.0,0.0,0.0,42,42.0,1.0,263.0,0,0
low_compressibility,7,capacity_aware_static,C,5,5,0.0,0.0,0.0,42,42.0,1.0,263.0,0,0
low_compressibility,7,capacity_aware_static,C,5,6,0.0,0.0,0.0,42,42.0,1.0,263.0,0,0
low_compressibility,7,capacity_aware_static,C,5,7,0.0,0.0,0.0,42,42.0,1.0,263.0,0,0
low_compressibility,7,capacity_aware_static,C,5,8,0.0,0.0,0.0,42,42.0,1.0,263.0,0,0
low_compressibility,7,capacity_aware_static,C,5,9,0.0,0.0,0.0,42,42.0,1.0,263.0,0,0
low_compressibility,7,capacity_aware_static,C,5,10,0.0,0.0,0.0,42,42.0,1.0,263.0,0,0
low_compressibility,7,capacity_aware_static,C,5,11,0.0,0.0,0.0,42,42.0,1.0,263.0,0,0
low_compressibility,7,capacity_aware_static,C,5,12,0.0,0.0,0.0,42,42.0,1.0,263.0,0,0
low_compressibility,7,capacity_aware_static,C,5,13,0.0,0.0,0.0,42,42.0,1.0,263.0,0,0
low_compressibility,7,capacity_aware_static,C,5,14,0.0,0.0,0.0,42,42.0,1.0,263.0,0,0
low_compressibility,7,capacity_aware_static,C,5,15,0.0,0.0,0.0,42,42.0,1.0,263.0,0,0
low_compressibility,7,capacity_aware_static,C,6,0,0.0,0.0,0.0,42,42.0,1.0,263.0,0,0
low_compressibility,7,capacity_aware_static,C,6,1,0.0,0.0,0.0,42,42.0,1.0,263.0,0,0
low_compressibility,7,capacity_aware_static,C,6,2,0.0,0.0,0.0,42,42.0,1.0,263.0,0,0
low_compressibility,7,capacity_aware_static,C,6,3,0.0,0.0,0.0,42,42.0,1.0,263.0,0,0
low_compressibility,7,capacity_aware_static,C,6,4,0.0,0.0,0.0,42,42.0,1.0,263.0,0,0
low_compressibility,7,capacity_aware_static,C,6,5,0.0,0.0,0.0,42,42.0,1.0,263.0,0,0
low_compressibility,7,capacity_aware_static,C,6,6,0.0,0.0,0.0,42,42.0,1.0,263.0,0,0
low_compressibility,7,capacity_aware_static,C,6,7,0.0,0.0,0.0,42,42.0,1.0,263.0,0,0
low_compressibility,7,capacity_aware_static,C,6,8,0.0,0.0,0.0,42,42.0,1.0,263.0,0,0
low_compressibility,7,capacity_aware_static,C,6,9,0.0,0.0,0.0,42,42.0,1.0,263.0,0,0
low_compressibility,7,capacity_aware_static,C,6,10,0.0,0.0,0.0,42,42.0,1.0,263.0,0,0
low_compressibility,7,capacity_aware_static,C,6,11,0.0,0.0,0.0,42,42.0,1.0,263.0,0,0
low_compressibility,7,capacity_aware_static,C,6,12,0.0,0.0,0.0,42,42.0,1.0,263.0,0,0
low_compressibility,7,capacity_aware_static,C,6,13,0.0,0.0,0.0,42,42.0,1.0,263.0,0,0
low_compressibility,7,capacity_aware_static,C,6,14,0.0,0.0,0.0,42,42.0,1.0,263.0,0,0
low_compressibility,7,capacity_aware_static,C,6,15,0.0,0.0,0.0,42,42.0,1.0,263.0,0,0
low_compressibility,7,capacity_aware_static,C,7,0,0.0,0.0,0.0,42,42.0,1.0,263.0,0,0
low_compressibility,7,capacity_aware_static,C,7,1,0.0,0.0,0.0,42,42.0,1.0,263.0,0,0
low_compressibility,7,capacity_aware_static,C,7,2,0.0,0.0,0.0,42,42.0,1.0,263.0,0,0
low_compressibility,7,capacity_aware_static,C,7,3,0.0,0.0,0.0,42,42.0,1.0,263.0,0,0
low_compressibility,7,capacity_aware_static,C,7,4,0.0,0.0,0.0,42,42.0,1.0,263.0,0,0
low_compressibility,7,capacity_aware_static,C,7,5,0.0,0.0,0.0,42,42.0,1.0,263.0,0,0
low_compressibility,7,capacity_aware_static,C,7,6,0.0,0.0,0.0,42,42.0,1.0,263.0,0,0
low_compressibility,7,capacity_aware_static,C,7,7,0.0,0.0,0.0,42,42.0,1.0,263.0,0,0
low_compressibility,7,capacity_aware_static,C,7,8,0.0,0.0,0.0,42,42.0,1.0,263.0,0,0
low_compressibility,7,capacity_aware_static,C,7,9,0.0,0.0,0.0,42,42.0,1.0,263.0,0,0
low_compressibility,7,capacity_aware_static,C,7,10,0.0,0.0,0.0,42,42.0,1.0,263.0,0,0
low_compressibility,7,capacity_aware_static,C,7,11,0.0,0.0,0.0,42,42.0,1.0,263.0,0,0
low_compressibility,7,capacity_aware_static,C,7,12,0.0,0.0,0.0,42,42.0,1.0,263.0,0,0
low_compressibility,7,capacity_aware_static,C,7,13,0.0,0.0,0.0,42,42.0,1.0,263.0,0,0
low_compressibility,7,capacity_aware_static,C,7,14,0.0,0.0,0.0,42,42.0,1.0,263.0,0,0
low_compressibility,7,capacity_aware_static,C,7,15,0.0,0.0,0.0,42,42.0,1.0,263.0,0,0
low_compressibility,7,smoothed,none,1,0,0.0,0.0,0.0,42,42.0,1.0,263.0,0,0
low_compressibility,7,smoothed,none,1,1,0.0,0.0,0.0,42,42.0,1.0,263.0,0,0
low_compressibility,7,smoothed,none,1,2,0.0,0.0,0.0,42,42.0,1.0,263.0,0,0
low_compressibility,7,smoothed,none,1,3,0.0,0.0,0.0,42,42.0,1.0,263.0,0,0
low_compressibility,7,smoothed,none,1,4,0.0,0.0,0.0,42,42.0,1.0,263.0,0,0
low_compressibility,7,smoothed,none,1,5,0.0,0.0,0.0,42,42.0,1.0,263.0,0,0
low_compressibility,7,smoothed,none,1,6,0.0,0.0,0.0,42,42.0,1.0,263.0,0,0
low_compressibility,7,smoothed,none,1,7,0.0,0.0,0.0,42,42.0,1.0,263.0,0,0
low_compressibility,7,smoothed,none,1,8,0.0,0.0,0.0,42,42.0,1.0,263.0,0,0
low_compressibility,7,smoothed,none,1,9,0.0,0.0,0.0,42,42.0,1.0,263.0,0,0
low_compressibility,7,smoothed,none,1,10,0.0,0.0,0.0,42,42.0,1.0,263.0,0,0
low_compressibility,7,smoothed,none,1,11,0.0,0.0,0.0,42,42.0,1.0,263.0,0,0
low_compressibility,7,smoothed,none,1,12,0.0,0.0,0.0,42,42.0,1.0,263.0,0,0
low_compressibility,7,smoothed,none,1,13,0.0,0.0,0.0,42,42.0,1.0,263.0,0,0
low_compressibility,7,smoothed,none,1,14,0.0,0.0,0.0,42,42.0,1.0,263.0,0,0
low_compressibility,7,smoothed,none,1,15,0.0,0.0,0.0,42,42.0,1.0,263.0,0,0
low_compressibility,7,smoothed,none,2,0,0.0,0.0,0.0,42,42.0,1.0,263.0,0,0
low_compressibility,7,smoothed,none,2,1,0.0,0.0,0.0,42,42.0,1.0,263.0,0,0
low_compressibility,7,smoothed,none,2,2,0.0,0.0,0.0,42,42.0,1.0,263.0,0,0
low_compressibility,7,smoothed,none,2,3,0.0,0.0,0.0,42,42.0,1.0,263.0,0,0
low_compressibility,7,smoothed,none,2,4,0.0,0.0,0.0,42,42.0,1.0,263.0,0,0
low_compressibility,7,smoothed,none,2,5,0.0,0.0,0.0,42,42.0,1.0,263.0,0,0
low_compressibility,7,smoothed,none,2,6,0.0,0.0,0.0,42,42.0,1.0,263.0,0,0
low_compressibility,7,smoothed,none,2,7,0.0,0.0,0.0,42,42.0,1.0,263.0,0,0
low_compressibility,7,smoothed,none,2,8,0.0,0.0,0.0,42,42.0,1.0,263.0,0,0
low_compressibility,7,smoothed,none,2,9,0.0,0.0,0.0,42,42.0,1.0,263.0,0,0
low_compressibility,7,smoothed,none,2,10,0.0,0.0,0.0,42,42.0,1.0,263.0,0,0
low_compressibility,7,smoothed,none,2,11,0.0,0.0,0.0,42,42.0,1.0,263.0,0,0
low_compressibility,7,smoothed,none,2,12,0.0,0.0,0.0,42,42.0,1.0,263.0,0,0
low_compressibility,7,smoothed,none,2,13,0.0,0.0,0.0,42,42.0,1.0,263.0,0,0
low_compressibility,7,smoothed,none,2,14,0.0,0.0,0.0,42,42.0,1.0,263.0,0,0
low_compressibility,7,smoothed,none,2,15,0.0,0.0,0.0,42,42.0,1.0,263.0,0,0
low_compressibility,7,smoothed,none,3,0,0.0,0.0,0.0,42,42.0,1.0,263.0,0,0
low_compressibility,7,smoothed,none,3,1,0.0,0.0,0.0,42,42.0,1.0,263.0,0,0
low_compressibility,7,smoothed,none,3,2,0.0,0.0,0.0,42,42.0,1.0,263.0,0,0
low_compressibility,7,smoothed,none,3,3,0.0,0.0,0.0,42,42.0,1.0,263.0,0,0
low_compressibility,7,smoothed,none,3,4,0.0,0.0,0.0,42,42.0,1.0,263.0,0,0
low_compressibility,7,smoothed,none,3,5,0.0,0.0,0.0,42,42.0,1.0,263.0,0,0
low_compressibility,7,smoothed,none,3,6,0.0,0.0,0.0,42,42.0,1.0,263.0,0,0
low_compressibility,7,smoothed,none,3,7,0.0,0.0,0.0,42,42.0,1.0,263.0,0,0
low_compressibility,7,smoothed,none,3,8,0.0,0.0,0.0,42,42.0,1.0,263.0,0,0
low_compressibility,7,smoothed,none,3,9,0.0,0.0,0.0,42,42.0,1.0,263.0,0,0
low_compressibility,7,smoothed,none,3,10,0.0,0.0,0.0,42,42.0,1.0,263.0,0,0
low_compressibility,7,smoothed,none,3,11,0.0,0.0,0.0,42,42.0,1.0,263.0,0,0
low_compressibility,7,smoothed,none,3,12,0.0,0.0,0.0,42,42.0,1.0,263.0,0,0
low_compressibility,7,smoothed,none,3,13,0.0,0.0,0.0,42,42.0,1.0,263.0,0,0
low_compressibility,7,smoothed,none,3,14,0.0,0.0,0.0,42,42.0,1.0,263.0,0,0
low_compressibility,7,smoothed,none,3,15,0.0,0.0,0.0,42,42.0,1.0,263.0,0,0
low_compressibility,7,smoothed,none,4,0,0.0,0.0,0.0,42,42.0,1.0,263.0,0,0
low_compressibility,7,smoothed,none,4,1,0.0,0.0,0.0,42,42.0,1.0,263.0,0,0
low_compressibility,7,smoothed,none,4,2,0.0,0.0,0.0,42,42.0,1.0,263.0,0,0
low_compressibility,7,smoothed,none,4,3,0.0,0.0,0.0,42,42.0,1.0,263.0,0,0
low_compressibility,7,smoothed,none,4,4,0.0,0.0,0.0,42,42.0,1.0,263.0,0,0
low_compressibility,7,smoothed,none,4,5,0.0,0.0,0.0,42,42.0,1.0,263.0,0,0
low_compressibility,7,smoothed,none,4,6,0.0,0.0,0.0,42,42.0,1.0,263.0,0,0
low_compressibility,7,smoothed,none,4,7,0.0,0.0,0.0,42,42.0,1.0,263.0,0,0
low_compressibility,7,smoothed,none,4,8,0.0,0.0,0.0,42,42.0,1.0,263.0,0,0
low_compressibility,7,smoothed,none,4,9,0.0,0.0,0.0,42,42.0,1.0,263.0,0,0
low_compressibility,7,smoothed,none,4,10,0.0,0.0,0.0,42,42.0,1.0,263.0,0,0
low_compressibility,7,smoothed,none,4,11,0.0,0.0,0.0,42,42.0,1.0,263.0,0,0
low_compressibility,7,smoothed,none,4,12,0.0,0.0,0.0,42,42.0,1.0,263.0,0,0
low_compressibility,7,smoothed,none,4,13,0.0,0.0,0.0,42,42.0,1.0,263.0,0,0
low_compressibility,7,smoothed,none,4,14,0.0,0.0,0.0,42,42.0,1.0,263.0,0,0
low_compressibility,7,smoothed,none,4,15,0.0,0.0,0.0,42,42.0,1.0,263.0,0,0
low_compressibility,7,smoothed,none,5,0,0.0,0.0,0.0,42,42.0,1.0,263.0,0,0
low_compressibility,7,smoothed,none,5,1,0.0,0.0,0.0,42,42.0,1.0,263.0,0,0
low_compressibility,7,smoothed,none,5,2,0.0,0.0,0.0,42,42.0,1.0,263.0,0,0
low_compressibility,7,smoothed,none,5,3,0.0,0.0,0.0,42,42.0,1.0,263.0,0,0
low_compressibility,7,smoothed,none,5,4,0.0,0.0,0.0,42,42.0,1.0,263.0,0,0
low_compressibility,7,smoothed,none,5,5,0.0,0.0,0.0,42,42.0,1.0,263.0,0,0
low_compressibility,7,smoothed,none,5,6,0.0,0.0,0.0,42,42.0,1.0,263.0,0,0
low_compressibility,7,smoothed,none,5,7,0.0,0.0,0.0,42,42.0,1.0,263.0,0,0
low_compressibility,7,smoothed,none,5,8,0.0,0.0,0.0,42,42.0,1.0,263.0,0,0
low_compressibility,7,smoothed,none,5,9,0.0,0.0,0.0,42,42.0,1.0,263.0,0,0
low_compressibility,7,smoothed,none,5,10,0.0,0.0,0.0,42,42.0,1.0,263.0,0,0
low_compressibility,7,smoothed,none,5,11,0.0,0.0,0.0,42,42.0,1.0,263.0,0,0
low_compressibility,7,smoothed,none,5,12,0.0,0.0,0.0,42,42.0,1.0,263.0,0,0
low_compressibility,7,smoothed,none,5,13,0.0,0.0,0.0,42,42.0,1.0,263.0,0,0
low_compressibility,7,smoothed,none,5,14,0.0,0.0,0.0,42,42.0,1.0,263.0,0,0
low_compressibility,7,smoothed,none,5,15,0.0,0.0,0.0,42,42.0,1.0,263.0,0,0
low_compressibility,7,smoothed,none,6,0,0.0,0.0,0.0,42,42.0,1.0,263.0,0,0
low_compressibility,7,smoothed,none,6,1,0.0,0.0,0.0,42,42.0,1.0,263.0,0,0
low_compressibility,7,smoothed,none,6,2,0.0,0.0,0.0,42,42.0,1.0,263.0,0,0
low_compressibility,7,smoothed,none,6,3,0.0,0.0,0.0,42,42.0,1.0,263.0,0,0
low_compressibility,7,smoothed,none,6,4,0.0,0.0,0.0,42,42.0,1.0,263.0,0,0
low_compressibility,7,smoothed,none,6,5,0.0,0.0,0.0,42,42.0,1.0,263.0,0,0
low_compressibility,7,smoothed,none,6,6,0.0,0.0,0.0,42,42.0,1.0,263.0,0,0
low_compressibility,7,smoothed,none,6,7,0.0,0.0,0.0,42,42.0,1.0,263.0,0,0
low_compressibility,7,smoothed,none,6,8,0.0,0.0,0.0,42,42.0,1.0,263.0,0,0
low_compressibility,7,smoothed,none,6,9,0.0,0.0,0.0,42,42.0,1.0,263.0,0,0
low_compressibility,7,smoothed,none,6,10,0.0,0.0,0.0,42,42.0,1.0,263.0,0,0
low_compressibility,7,smoothed,none,6,11,0.0,0.0,0.0,42,42.0,1.0,263.0,0,0
low_compressibility,7,smoothed,none,6,12,0.0,0.0,0.0,42,42.0,1.0,263.0,0,0
low_compressibility,7,smoothed,none,6,13,0.0,0.0,0.0,42,42.0,1.0,263.0,0,0
low_compressibility,7,smoothed,none,6,14,0.0,0.0,0.0,42,42.0,1.0,263.0,0,0
low_compressibility,7,smoothed,none,6,15,0.0,0.0,0.0,42,42.0,1.0,263.0,0,0
low_compressibility,7,smoothed,none,7,0,0.0,0.0,0.0,42,42.0,1.0,263.0,0,0
low_compressibility,7,smoothed,none,7,1,0.0,0.0,0.0,42,42.0,1.0,263.0,0,0
low_compressibility,7,smoothed,none,7,2,0.0,0.0,0.0,42,42.0,1.0,263.0,0,0
low_compressibility,7,smoothed,none,7,3,0.0,0.0,0.0,42,42.0,1.0,263.0,0,0
low_compressibility,7,smoothed,none,7,4,0.0,0.0,0.0,42,42.0,1.0,263.0,0,0
low_compressibility,7,smoothed,none,7,5,0.0,0.0,0.0,42,42.0,1.0,263.0,0,0
low_compressibility,7,smoothed,none,7,6,0.0,0.0,0.0,42,42.0,1.0,263.0,0,0
low_compressibility,7,smoothed,none,7,7,0.0,0.0,0.0,42,42.0,1.0,263.0,0,0
low_compressibility,7,smoothed,none,7,8,0.0,0.0,0.0,42,42.0,1.0,263.0,0,0
low_compressibility,7,smoothed,none,7,9,0.0,0.0,0.0,42,42.0,1.0,263.0,0,0
low_compressibility,7,smoothed,none,7,10,0.0,0.0,0.0,42,42.0,1.0,263.0,0,0
low_compressibility,7,smoothed,none,7,11,0.0,0.0,0.0,42,42.0,1.0,263.0,0,0
low_compressibility,7,smoothed,none,7,12,0.0,0.0,0.0,42,42.0,1.0,263.0,0,0
low_compressibility,7,smoothed,none,7,13,0.0,0.0,0.0,42,42.0,1.0,263.0,0,0
low_compressibility,7,smoothed,none,7,14,0.0,0.0,0.0,42,42.0,1.0,263.0,0,0
low_compressibility,7,smoothed,none,7,15,0.0,0.0,0.0,42,42.0,1.0,263.0,0,0
low_compressibility,7,static_min,none,1,0,0.0,0.0,0.0,42,42.0,1.0,263.0,0,0
low_compressibility,7,static_min,none,1,1,0.0,0.0,0.0,42,42.0,1.0,263.0,0,0
low_compressibility,7,static_min,none,1,2,0.0,0.0,0.0,42,42.0,1.0,263.0,0,0
low_compressibility,7,static_min,none,1,3,0.0,0.0,0.0,42,42.0,1.0,263.0,0,0
low_compressibility,7,static_min,none,1,4,0.0,0.0,0.0,42,42.0,1.0,263.0,0,0
low_compressibility,7,static_min,none,1,5,0.0,0.0,0.0,42,42.0,1.0,263.0,0,0
low_compressibility,7,static_min,none,1,6,0.0,0.0,0.0,42,42.0,1.0,263.0,0,0
low_compressibility,7,static_min,none,1,7,0.0,0.0,0.0,42,42.0,1.0,263.0,0,0
low_compressibility,7,static_min,none,1,8,0.0,0.0,0.0,42,42.0,1.0,263.0,0,0
low_compressibility,7,static_min,none,1,9,0.0,0.0,0.0,42,42.0,1.0,263.0,0,0
low_compressibility,7,static_min,none,1,10,0.0,0.0,0.0,42,42.0,1.0,263.0,0,0
low_compressibility,7,static_min,none,1,11,0.0,0.0,0.0,42,42.0,1.0,263.0,0,0
low_compressibility,7,static_min,none,1,12,0.0,0.0,0.0,42,42.0,1.0,263.0,0,0
low_compressibility,7,static_min,none,1,13,0.0,0.0,0.0,42,42.0,1.0,263.0,0,0
low_compressibility,7,static_min,none,1,14,0.0,0.0,0.0,42,42.0,1.0,263.0,0,0
low_compressibility,7,static_min,none,1,15,0.0,0.0,0.0,42,42.0,1.0,263.0,0,0
low_compressibility,7,static_min,none,2,0,0.0,0.0,0.0,42,42.0,1.0,263.0,0,0
low_compressibility,7,static_min,none,2,1,0.0,0.0,0.0,42,42.0,1.0,263.0,0,0
low_compressibility,7,static_min,none,2,2,0.0,0.0,0.0,42,42.0,1.0,263.0,0,0
low_compressibility,7,static_min,none,2,3,0.0,0.0,0.0,42,42.0,1.0,263.0,0,0
low_compressibility,7,static_min,none,2,4,0.0,0.0,0.0,42,42.0,1.0,263.0,0,0
low_compressibility,7,static_min,none,2,5,0.0,0.0,0.0,42,42.0,1.0,263.0,0,0
low_compressibility,7,static_min,none,2,6,0.0,0.0,0.0,42,42.0,1.0,263.0,0,0
low_compressibility,7,static_min,none,2,7,0.0,0.0,0.0,42,42.0,1.0,263.0,0,0
low_compressibility,7,static_min,none,2,8,0.0,0.0,0.0,42,42.0,1.0,263.0,0,0
low_compressibility,7,static_min,none,2,9,0.0,0.0,0.0,42,42.0,1.0,263.0,0,0
low_compressibility,7,static_min,none,2,10,0.0,0.0,0.0,42,42.0,1.0,263.0,0,0
low_compressibility,7,static_min,none,2,11,0.0,0.0,0.0,42,42.0,1.0,263.0,0,0
low_compressibility,7,static_min,none,2,12,0.0,0.0,0.0,42,42.0,1.0,263.0,0,0
low_compressibility,7,static_min,none,2,13,0.0,0.0,0.0,42,42.0,1.0,263.0,0,0
low_compressibility,7,static_min,none,2,14,0.0,0.0,0.0,42,42.0,1.0,263.0,0,0
low_compressibility,7,static_min,none,2,15,0.0,0.0,0.0,42,42.0,1.0,263.0,0,0
low_compressibility,7,static_min,none,3,0,0.0,0.0,0.0,42,42.0,1.0,263.0,0,0
low_compressibility,7,static_min,none,3,1,0.0,0.0,0.0,42,42.0,1.0,263.0,0,0
low_compressibility,7,static_min,none,3,2,0.0,0.0,0.0,42,42.0,1.0,263.0,0,0
low_compressibility,7,static_min,none,3,3,0.0,0.0,0.0,42,42.0,1.0,263.0,0,0
low_compressibility,7,static_min,none,3,4,0.0,0.0,0.0,42,42.0,1.0,263.0,0,0
low_compressibility,7,static_min,none,3,5,0.0,0.0,0.0,42,42.0,1.0,263.0,0,0
low_compressibility,7,static_min,none,3,6,0.0,0.0,0.0,42,42.0,1.0,263.0,0,0
low_compressibility,7,static_min,none,3,7,0.0,0.0,0.0,42,42.0,1.0,263.0,0,0
low_compressibility,7,static_min,none,3,8,0.0,0.0,0.0,42,42.0,1.0,263.0,0,0
low_compressibility,7,static_min,none,3,9,0.0,0.0,0.0,42,42.0,1.0,263.0,0,0
low_compressibility,7,static_min,none,3,10,0.0,0.0,0.0,42,42.0,1.0,263.0,0,0
low_compressibility,7,static_min,none,3,11,0.0,0.0,0.0,42,42.0,1.0,263.0,0,0
low_compressibility,7,static_min,none,3,12,0.0,0.0,0.0,42,42.0,1.0,263.0,0,0
low_compressibility,7,static_min,none,3,13,0.0,0.0,0.0,42,42.0,1.0,263.0,0,0
low_compressibility,7,static_min,none,3,14,0.0,0.0,0.0,42,42.0,1.0,263.0,0,0
low_compressibility,7,static_min,none,3,15,0.0,0.0,0.0,42,42.0,1.0,263.0,0,0
low_compressibility,7,static_min,none,4,0,0.0,0.0,0.0,42,42.0,1.0,263.0,0,0
low_compressibility,7,static_min,none,4,1,0.0,0.0,0.0,42,42.0,1.0,263.0,0,0
low_compressibility,7,static_min,none,4,2,0.0,0.0,0.0,42,42.0,1.0,263.0,0,0
low_compressibility,7,static_min,none,4,3,0.0,0.0,0.0,42,42.0,1.0,263.0,0,0
low_compressibility,7,static_min,none,4,4,0.0,0.0,0.0,42,42.0,1.0,263.0,0,0
low_compressibility,7,static_min,none,4,5,0.0,0.0,0.0,42,42.0,1.0,263.0,0,0
low_compressibility,7,static_min,none,4,6,0.0,0.0,0.0,42,42.0,1.0,263.0,0,0
low_compressibility,7,static_min,none,4,7,0.0,0.0,0.0,42,42.0,1.0,263.0,0,0
low_compressibility,7,static_min,none,4,8,0.0,0.0,0.0,42,42.0,1.0,263.0,0,0
low_compressibility,7,static_min,none,4,9,0.0,0.0,0.0,42,42.0,1.0,263.0,0,0
low_compressibility,7,static_min,none,4,10,0.0,0.0,0.0,42,42.0,1.0,263.0,0,0
low_compressibility,7,static_min,none,4,11,0.0,0.0,0.0,42,42.0,1.0,263.0,0,0
low_compressibility,7,static_min,none,4,12,0.0,0.0,0.0,42,42.0,1.0,263.0,0,0
low_compressibility,7,static_min,none,4,13,0.0,0.0,0.0,42,42.0,1.0,263.0,0,0
low_compressibility,7,static_min,none,4,14,0.0,0.0,0.0,42,42.0,1.0,263.0,0,0
low_compressibility,7,static_min,none,4,15,0.0,0.0,0.0,42,42.0,1.0,263.0,0,0
low_compressibility,7,static_min,none,5,0,0.0,0.0,0.0,42,42.0,1.0,263.0,0,0
low_compressibility,7,static_min,none,5,1,0.0,0.0,0.0,42,42.0,1.0,263.0,0,0
low_compressibility,7,static_min,none,5,2,0.0,0.0,0.0,42,42.0,1.0,263.0,0,0
low_compressibility,7,static_min,none,5,3,0.0,0.0,0.0,42,42.0,1.0,263.0,0,0
low_compressibility,7,static_min,none,5,4,0.0,0.0,0.0,42,42.0,1.0,263.0,0,0
low_compressibility,7,static_min,none,5,5,0.0,0.0,0.0,42,42.0,1.0,263.0,0,0
low_compressibility,7,static_min,none,5,6,0.0,0.0,0.0,42,42.0,1.0,263.0,0,0
low_compressibility,7,static_min,none,5,7,0.0,0.0,0.0,42,42.0,1.0,263.0,0,0
low_compressibility,7,static_min,none,5,8,0.0,0.0,0.0,42,42.0,1.0,263.0,0,0
low_compressibility,7,static_min,none,5,9,0.0,0.0,0.0,42,42.0,1.0,263.0,0,0
low_compressibility,7,static_min,none,5,10,0.0,0.0,0.0,42,42.0,1.0,263.0,0,0
low_compressibility,7,static_min,none,5,11,0.0,0.0,0.0,42,42.0,1.0,263.0,0,0
low_compressibility,7,static_min,none,5,12,0.0,0.0,0.0,42,42.0,1.0,263.0,0,0
low_compressibility,7,static_min,none,5,13,0.0,0.0,0.0,42,42.0,1.0,263.0,0,0
low_compressibility,7,static_min,none,5,14,0.0,0.0,0.0,42,42.0,1.0,263.0,0,0
low_compressibility,7,static_min,none,5,15,0.0,0.0,0.0,42,42.0,1.0,263.0,0,0
low_compressibility,7,static_min,none,6,0,0.0,0.0,0.0,42,42.0,1.0,263.0,0,0
low_compressibility,7,static_min,none,6,1,0.0,0.0,0.0,42,42.0,1.0,263.0,0,0
low_compressibility,7,static_min,none,6,2,0.0,0.0,0.0,42,42.0,1.0,263.0,0,0
low_compressibility,7,static_min,none,6,3,0.0,0.0,0.0,42,42.0,1.0,263.0,0,0
low_compressibility,7,static_min,none,6,4,0.0,0.0,0.0,42,42.0,1.0,263.0,0,0
low_compressibility,7,static_min,none,6,5,0.0,0.0,0.0,42,42.0,1.0,263.0,0,0
low_compressibility,7,static_min,none,6,6,0.0,0.0,0.0,42,42.0,1.0,263.0,0,0
low_compressibility,7,static_min,none,6,7,0.0,0.0,0.0,42,42.0,1.0,263.0,0,0
low_compressibility,7,static_min,none,6,8,0.0,0.0,0.0,42,42.0,1.0,263.0,0,0
low_compressibility,7,static_min,none,6,9,0.0,0.0,0.0,42,42.0,1.0,263.0,0,0
low_compressibility,7,static_min,none,6,10,0.0,0.0,0.0,42,42.0,1.0,263.0,0,0
low_compressibility,7,static_min,none,6,11,0.0,0.0,0.0,42,42.0,1.0,263.0,0,0
low_compressibility,7,static_min,none,6,12,0.0,0.0,0.0,42,42.0,1.0,263.0,0,0
low_compressibility,7,static_min,none,6,13,0.0,0.0,0.0,42,42.0,1.0,263.0,0,0
low_compressibility,7,static_min,none,6,14,0.0,0.0,0.0,42,42.0,1.0,263.0,0,0
low_compressibility,7,static_min,none,6,15,0.0,0.0,0.0,42,42.0,1.0,263.0,0,0
low_compressibility,7,static_min,none,7,0,0.0,0.0,0.0,42,42.0,1.0,263.0,0,0
low_compressibility,7,static_min,none,7,1,0.0,0.0,0.0,42,42.0,1.0,263.0,0,0
low_compressibility,7,static_min,none,7,2,0.0,0.0,0.0,42,42.0,1.0,263.0,0,0
low_compressibility,7,static_min,none,7,3,0.0,0.0,0.0,42,42.0,1.0,263.0,0,0
low_compressibility,7,static_min,none,7,4,0.0,0.0,0.0,42,42.0,1.0,263.0,0,0
low_compressibility,7,static_min,none,7,5,0.0,0.0,0.0,42,42.0,1.0,263.0,0,0
low_compressibility,7,static_min,none,7,6,0.0,0.0,0.0,42,42.0,1.0,263.0,0,0
low_compressibility,7,static_min,none,7,7,0.0,0.0,0.0,42,42.0,1.0,263.0,0,0
low_compressibility,7,static_min,none,7,8,0.0,0.0,0.0,42,42.0,1.0,263.0,0,0
low_compressibility,7,static_min,none,7,9,0.0,0.0,0.0,42,42.0,1.0,263.0,0,0
low_compressibility,7,static_min,none,7,10,0.0,0.0,0.0,42,42.0,1.0,263.0,0,0
low_compressibility,7,static_min,none,7,11,0.0,0.0,0.0,42,42.0,1.0,263.0,0,0
low_compressibility,7,static_min,none,7,12,0.0,0.0,0.0,42,42.0,1.0,263.0,0,0
low_compressibility,7,static_min,none,7,13,0.0,0.0,0.0,42,42.0,1.0,263.0,0,0
low_compressibility,7,static_min,none,7,14,0.0,0.0,0.0,42,42.0,1.0,263.0,0,0
low_compressibility,7,static_min,none,7,15,0.0,0.0,0.0,42,42.0,1.0,263.0,0,0
low_compressibility,9,capacity_aware_static,C,1,0,0.0,0.0,0.0,42,42.0,1.0,263.0,0,0
low_compressibility,9,capacity_aware_static,C,1,1,0.0,0.0,0.0,42,42.0,1.0,263.0,0,0
low_compressibility,9,capacity_aware_static,C,1,2,0.0,0.0,0.0,42,42.0,1.0,263.0,0,0
low_compressibility,9,capacity_aware_static,C,1,3,0.0,0.0,0.0,42,42.0,1.0,263.0,0,0
low_compressibility,9,capacity_aware_static,C,1,4,0.0,0.0,0.0,42,42.0,1.0,263.0,0,0
low_compressibility,9,capacity_aware_static,C,1,5,0.0,0.0,0.0,42,42.0,1.0,263.0,0,0
low_compressibility,9,capacity_aware_static,C,1,6,0.0,0.0,0.0,42,42.0,1.0,263.0,0,0
low_compressibility,9,capacity_aware_static,C,1,7,0.0,0.0,0.0,42,42.0,1.0,263.0,0,0
low_compressibility,9,capacity_aware_static,C,1,8,0.0,0.0,0.0,42,42.0,1.0,263.0,0,0
low_compressibility,9,capacity_aware_static,C,1,9,0.0,0.0,0.0,42,42.0,1.0,263.0,0,0
low_compressibility,9,capacity_aware_static,C,1,10,0.0,0.0,0.0,42,42.0,1.0,263.0,0,0
low_compressibility,9,capacity_aware_static,C,1,11,0.0,0.0,0.0,42,42.0,1.0,263.0,0,0
low_compressibility,9,capacity_aware_static,C,1,12,0.0,0.0,0.0,42,42.0,1.0,263.0,0,0
low_compressibility,9,capacity_aware_static,C,1,13,0.0,0.0,0.0,42,42.0,1.0,263.0,0,0
low_compressibility,9,capacity_aware_static,C,1,14,0.0,0.0,0.0,42,42.0,1.0,263.0,0,0
low_compressibility,9,capacity_aware_static,C,1,15,0.0,0.0,0.0,42,42.0,1.0,263.0,0,0
low_compressibility,9,capacity_aware_static,C,2,0,0.0,0.0,0.0,42,42.0,1.0,263.0,0,0
low_compressibility,9,capacity_aware_static,C,2,1,0.0,0.0,0.0,42,42.0,1.0,263.0,0,0
low_compressibility,9,capacity_aware_static,C,2,2,0.0,0.0,0.0,42,42.0,1.0,263.0,0,0
low_compressibility,9,capacity_aware_static,C,2,3,0.0,0.0,0.0,42,42.0,1.0,263.0,0,0
low_compressibility,9,capacity_aware_static,C,2,4,0.0,0.0,0.0,42,42.0,1.0,263.0,0,0
low_compressibility,9,capacity_aware_static,C,2,5,0.0,0.0,0.0,42,42.0,1.0,263.0,0,0
low_compressibility,9,capacity_aware_static,C,2,6,0.0,0.0,0.0,42,42.0,1.0,263.0,0,0
low_compressibility,9,capacity_aware_static,C,2,7,0.0,0.0,0.0,42,42.0,1.0,263.0,0,0
low_compressibility,9,capacity_aware_static,C,2,8,0.0,0.0,0.0,42,42.0,1.0,263.0,0,0
low_compressibility,9,capacity_aware_static,C,2,9,0.0,0.0,0.0,42,42.0,1.0,263.0,0,0
low_compressibility,9,capacity_aware_static,C,2,10,0.0,0.0,0.0,42,42.0,1.0,263.0,0,0
low_compressibility,9,capacity_aware_static,C,2,11,0.0,0.0,0.0,42,42.0,1.0,263.0,0,0
low_compressibility,9,capacity_aware_static,C,2,12,0.0,0.0,0.0,42,42.0,1.0,263.0,0,0
low_compressibility,9,capacity_aware_static,C,2,13,0.0,0.0,0.0,42,42.0,1.0,263.0,0,0
low_compressibility,9,capacity_aware_static,C,2,14,0.0,0.0,0.0,42,42.0,1.0,263.0,0,0
low_compressibility,9,capacity_aware_static,C,2,15,0.0,0.0,0.0,42,42.0,1.0,263.0,0,0
low_compressibility,9,capacity_aware_static,C,3,0,0.0,0.0,0.0,42,42.0,1.0,263.0,0,0
low_compressibility,9,capacity_aware_static,C,3,1,0.0,0.0,0.0,42,42.0,1.0,263.0,0,0
low_compressibility,9,capacity_aware_static,C,3,2,0.0,0.0,0.0,42,42.0,1.0,263.0,0,0
low_compressibility,9,capacity_aware_static,C,3,3,0.0,0.0,0.0,42,42.0,1.0,263.0,0,0
low_compressibility,9,capacity_aware_static,C,3,4,0.0,0.0,0.0,42,42.0,1.0,263.0,0,0
low_compressibility,9,capacity_aware_static,C,3,5,0.0,0.0,0.0,42,42.0,1.0,263.0,0,0
low_compressibility,9,capacity_aware_static,C,3,6,0.0,0.0,0.0,42,42.0,1.0,263.0,0,0
low_compressibility,9,capacity_aware_static,C,3,7,0.0,0.0,0.0,42,42.0,1.0,263.0,0,0
low_compressibility,9,capacity_aware_static,C,3,8,0.0,0.0,0.0,42,42.0,1.0,263.0,0,0
low_compressibility,9,capacity_aware_static,C,3,9,0.0,0.0,0.0,42,42.0,1.0,263.0,0,0
low_compressibility,9,capacity_aware_static,C,3,10,0.0,0.0,0.0,42,42.0,1.0,263.0,0,0
low_compressibility,9,capacity_aware_static,C,3,11,0.0,0.0,0.0,42,42.0,1.0,263.0,0,0
low_compressibility,9,capacity_aware_static,C,3,12,0.0,0.0,0.0,42,42.0,1.0,263.0,0,0
low_compressibility,9,capacity_aware_static,C,3,13,0.0,0.0,0.0,42,42.0,1.0,263.0,0,0
low_compressibility,9,capacity_aware_static,C,3,14,0.0,0.0,0.0,42,42.0,1.0,263.0,0,0
low_compressibility,9,capacity_aware_static,C,3,15,0.0,0.0,0.0,42,42.0,1.0,263.0,0,0
low_compressibility,9,capacity_aware_static,C,4,0,0.0,0.0,0.0,42,42.0,1.0,263.0,0,0
low_compressibility,9,capacity_aware_static,C,4,1,0.0,0.0,0.0,42,42.0,1.0,263.0,0,0
low_compressibility,9,capacity_aware_static,C,4,2,0.0,0.0,0.0,42,42.0,1.0,263.0,0,0
low_compressibility,9,capacity_aware_static,C,4,3,0.0,0.0,0.0,42,42.0,1.0,263.0,0,0
low_compressibility,9,capacity_aware_static,C,4,4,0.0,0.0,0.0,42,42.0,1.0,263.0,0,0
low_compressibility,9,capacity_aware_static,C,4,5,0.0,0.0,0.0,42,42.0,1.0,263.0,0,0
low_compressibility,9,capacity_aware_static,C,4,6,0.0,0.0,0.0,42,42.0,1.0,263.0,0,0
low_compressibility,9,capacity_aware_static,C,4,7,0.0,0.0,0.0,42,42.0,1.0,263.0,0,0
low_compressibility,9,capacity_aware_static,C,4,8,0.0,0.0,0.0,42,42.0,1.0,263.0,0,0
low_compressibility,9,capacity_aware_static,C,4,9,0.0,0.0,0.0,42,42.0,1.0,263.0,0,0
low_compressibility,9,capacity_aware_static,C,4,10,0.0,0.0,0.0,42,42.0,1.0,263.0,0,0
low_compressibility,9,capacity_aware_static,C,4,11,0.0,0.0,0.0,42,42.0,1.0,263.0,0,0
low_compressibility,9,capacity_aware_static,C,4,12,0.0,0.0,0.0,42,42.0,1.0,263.0,0,0
low_compressibility,9,capacity_aware_static,C,4,13,0.0,0.0,0.0,42,42.0,1.0,263.0,0,0
low_compressibility,9,capacity_aware_static,C,4,14,0.0,0.0,0.0,42,42.0,1.0,263.0,0,0
low_compressibility,9,capacity_aware_static,C,4,15,0.0,0.0,0.0,42,42.0,1.0,263.0,0,0
low_compressibility,9,capacity_aware_static,C,5,0,0.0,0.0,0.0,42,42.0,1.0,263.0,0,0
low_compressibility,9,capacity_aware_static,C,5,1,0.0,0.0,0.0,42,42.0,1.0,263.0,0,0
low_compressibility,9,capacity_aware_static,C,5,2,0.0,0.0,0.0,42,42.0,1.0,263.0,0,0
low_compressibility,9,capacity_aware_static,C,5,3,0.0,0.0,0.0,42,42.0,1.0,263.0,0,0
low_compressibility,9,capacity_aware_static,C,5,4,0.0,0.0,0.0,42,42.0,1.0,263.0,0,0
low_compressibility,9,capacity_aware_static,C,5,5,0.0,0.0,0.0,42,42.0,1.0,263.0,0,0
low_compressibility,9,capacity_aware_static,C,5,6,0.0,0.0,0.0,42,42.0,1.0,263.0,0,0
low_compressibility,9,capacity_aware_static,C,5,7,0.0,0.0,0.0,42,42.0,1.0,263.0,0,0
low_compressibility,9,capacity_aware_static,C,5,8,0.0,0.0,0.0,42,42.0,1.0,263.0,0,0
low_compressibility,9,capacity_aware_static,C,5,9,0.0,0.0,0.0,42,42.0,1.0,263.0,0,0
low_compressibility,9,capacity_aware_static,C,5,10,0.0,0.0,0.0,42,42.0,1.0,263.0,0,0
low_compressibility,9,capacity_aware_static,C,5,11,0.0,0.0,0.0,42,42.0,1.0,263.0,0,0
low_compressibility,9,capacity_aware_static,C,5,12,0.0,0.0,0.0,42,42.0,1.0,263.0,0,0
low_compressibility,9,capacity_aware_static,C,5,13,0.0,0.0,0.0,42,42.0,1.0,263.0,0,0
low_compressibility,9,capacity_aware_static,C,5,14,0.0,0.0,0.0,42,42.0,1.0,263.0,0,0
low_compressibility,9,capacity_aware_static,C,5,15,0.0,0.0,0.0,42,42.0,1.0,263.0,0,0
low_compressibility,9,capacity_aware_static,C,6,0,0.0,0.0,0.0,42,42.0,1.0,263.0,0,0
low_compressibility,9,capacity_aware_static,C,6,1,0.0,0.0,0.0,42,42.0,1.0,263.0,0,0
low_compressibility,9,capacity_aware_static,C,6,2,0.0,0.0,0.0,42,42.0,1.0,263.0,0,0
low_compressibility,9,capacity_aware_static,C,6,3,0.0,0.0,0.0,42,42.0,1.0,263.0,0,0
low_compressibility,9,capacity_aware_static,C,6,4,0.0,0.0,0.0,42,42.0,1.0,263.0,0,0
low_compressibility,9,capacity_aware_static,C,6,5,0.0,0.0,0.0,42,42.0,1.0,263.0,0,0
low_compressibility,9,capacity_aware_static,C,6,6,0.0,0.0,0.0,42,42.0,1.0,263.0,0,0
low_compressibility,9,capacity_aware_static,C,6,7,0.0,0.0,0.0,42,42.0,1.0,263.0,0,0
low_compressibility,9,capacity_aware_static,C,6,8,0.0,0.0,0.0,42,42.0,1.0,263.0,0,0
low_compressibility,9,capacity_aware_static,C,6,9,0.0,0.0,0.0,42,42.0,1.0,263.0,0,0
low_compressibility,9,capacity_aware_static,C,6,10,0.0,0.0,0.0,42,42.0,1.0,263.0,0,0
low_compressibility,9,capacity_aware_static,C,6,11,0.0,0.0,0.0,42,42.0,1.0,263.0,0,0
low_compressibility,9,capacity_aware_static,C,6,12,0.0,0.0,0.0,42,42.0,1.0,263.0,0,0
low_compressibility,9,capacity_aware_static,C,6,13,0.0,0.0,0.0,42,42.0,1.0,263.0,0,0
low_compressibility,9,capacity_aware_static,C,6,14,0.0,0.0,0.0,42,42.0,1.0,263.0,0,0
low_compressibility,9,capacity_aware_static,C,6,15,0.0,0.0,0.0,42,42.0,1.0,263.0,0,0
low_compressibility,9,capacity_aware_static,C,7,0,0.0,0.0,0.0,42,42.0,1.0,263.0,0,0
low_compressibility,9,capacity_aware_static,C,7,1,0.0,0.0,0.0,42,42.0,1.0,263.0,0,0
low_compressibility,9,capacity_aware_static,C,7,2,0.0,0.0,0.0,42,42.0,1.0,263.0,0,0
low_compressibility,9,capacity_aware_static,C,7,3,0.0,0.0,0.0,42,42.0,1.0,263.0,0,0
low_compressibility,9,capacity_aware_static,C,7,4,0.0,0.0,0.0,42,42.0,1.0,263.0,0,0
low_compressibility,9,capacity_aware_static,C,7,5,0.0,0.0,0.0,42,42.0,1.0,263.0,0,0
low_compressibility,9,capacity_aware_static,C,7,6,0.0,0.0,0.0,42,42.0,1.0,263.0,0,0
low_compressibility,9,capacity_aware_static,C,7,7,0.0,0.0,0.0,42,42.0,1.0,263.0,0,0
low_compressibility,9,capacity_aware_static,C,7,8,0.0,0.0,0.0,42,42.0,1.0,263.0,0,0
low_compressibility,9,capacity_aware_static,C,7,9,0.0,0.0,0.0,42,42.0,1.0,263.0,0,0
low_compressibility,9,capacity_aware_static,C,7,10,0.0,0.0,0.0,42,42.0,1.0,263.0,0,0
low_compressibility,9,capacity_aware_static,C,7,11,0.0,0.0,0.0,42,42.0,1.0,263.0,0,0
low_compressibility,9,capacity_aware_static,C,7,12,0.0,0.0,0.0,42,42.0,1.0,263.0,0,0
low_compressibility,9,capacity_aware_static,C,7,13,0.0,0.0,0.0,42,42.0,1.0,263.0,0,0
low_compressibility,9,capacity_aware_static,C,7,14,0.0,0.0,0.0,42,42.0,1.0,263.0,0,0
low_compressibility,9,capacity_aware_static,C,7,15,0.0,0.0,0.0,42,42.0,1.0,263.0,0,0
low_compressibility,9,smoothed,none,1,0,0.0,0.0,0.0,42,42.0,1.0,263.0,0,0
low_compressibility,9,smoothed,none,1,1,0.0,0.0,0.0,42,42.0,1.0,263.0,0,0
low_compressibility,9,smoothed,none,1,2,0.0,0.0,0.0,42,42.0,1.0,263.0,0,0
low_compressibility,9,smoothed,none,1,3,0.0,0.0,0.0,42,42.0,1.0,263.0,0,0
low_compressibility,9,smoothed,none,1,4,0.0,0.0,0.0,42,42.0,1.0,263.0,0,0
low_compressibility,9,smoothed,none,1,5,0.0,0.0,0.0,42,42.0,1.0,263.0,0,0
low_compressibility,9,smoothed,none,1,6,0.0,0.0,0.0,42,42.0,1.0,263.0,0,0
low_compressibility,9,smoothed,none,1,7,0.0,0.0,0.0,42,42.0,1.0,263.0,0,0
low_compressibility,9,smoothed,none,1,8,0.0,0.0,0.0,42,42.0,1.0,263.0,0,0
low_compressibility,9,smoothed,none,1,9,0.0,0.0,0.0,42,42.0,1.0,263.0,0,0
low_compressibility,9,smoothed,none,1,10,0.0,0.0,0.0,42,42.0,1.0,263.0,0,0
low_compressibility,9,smoothed,none,1,11,0.0,0.0,0.0,42,42.0,1.0,263.0,0,0
low_compressibility,9,smoothed,none,1,12,0.0,0.0,0.0,42,42.0,1.0,263.0,0,0
low_compressibility,9,smoothed,none,1,13,0.0,0.0,0.0,42,42.0,1.0,263.0,0,0
low_compressibility,9,smoothed,none,1,14,0.0,0.0,0.0,42,42.0,1.0,263.0,0,0
low_compressibility,9,smoothed,none,1,15,0.0,0.0,0.0,42,42.0,1.0,263.0,0,0
low_compressibility,9,smoothed,none,2,0,0.0,0.0,0.0,42,42.0,1.0,263.0,0,0
low_compressibility,9,smoothed,none,2,1,0.0,0.0,0.0,42,42.0,1.0,263.0,0,0
low_compressibility,9,smoothed,none,2,2,0.0,0.0,0.0,42,42.0,1.0,263.0,0,0
low_compressibility,9,smoothed,none,2,3,0.0,0.0,0.0,42,42.0,1.0,263.0,0,0
low_compressibility,9,smoothed,none,2,4,0.0,0.0,0.0,42,42.0,1.0,263.0,0,0
low_compressibility,9,smoothed,none,2,5,0.0,0.0,0.0,42,42.0,1.0,263.0,0,0
low_compressibility,9,smoothed,none,2,6,0.0,0.0,0.0,42,42.0,1.0,263.0,0,0
low_compressibility,9,smoothed,none,2,7,0.0,0.0,0.0,42,42.0,1.0,263.0,0,0
low_compressibility,9,smoothed,none,2,8,0.0,0.0,0.0,42,42.0,1.0,263.0,0,0
low_compressibility,9,smoothed,none,2,9,0.0,0.0,0.0,42,42.0,1.0,263.0,0,0
low_compressibility,9,smoothed,none,2,10,0.0,0.0,0.0,42,42.0,1.0,263.0,0,0
low_compressibility,9,smoothed,none,2,11,0.0,0.0,0.0,42,42.0,1.0,263.0,0,0
low_compressibility,9,smoothed,none,2,12,0.0,0.0,0.0,42,42.0,1.0,263.0,0,0
low_compressibility,9,smoothed,none,2,13,0.0,0.0,0.0,42,42.0,1.0,263.0,0,0
low_compressibility,9,smoothed,none,2,14,0.0,0.0,0.0,42,42.0,1.0,263.0,0,0
low_compressibility,9,smoothed,none,2,15,0.0,0.0,0.0,42,42.0,1.0,263.0,0,0
low_compressibility,9,smoothed,none,3,0,0.0,0.0,0.0,42,42.0,1.0,263.0,0,0
low_compressibility,9,smoothed,none,3,1,0.0,0.0,0.0,42,42.0,1.0,263.0,0,0
low_compressibility,9,smoothed,none,3,2,0.0,0.0,0.0,42,42.0,1.0,263.0,0,0
low_compressibility,9,smoothed,none,3,3,0.0,0.0,0.0,42,42.0,1.0,263.0,0,0
low_compressibility,9,smoothed,none,3,4,0.0,0.0,0.0,42,42.0,1.0,263.0,0,0
low_compressibility,9,smoothed,none,3,5,0.0,0.0,0.0,42,42.0,1.0,263.0,0,0
low_compressibility,9,smoothed,none,3,6,0.0,0.0,0.0,42,42.0,1.0,263.0,0,0
low_compressibility,9,smoothed,none,3,7,0.0,0.0,0.0,42,42.0,1.0,263.0,0,0
low_compressibility,9,smoothed,none,3,8,0.0,0.0,0.0,42,42.0,1.0,263.0,0,0
low_compressibility,9,smoothed,none,3,9,0.0,0.0,0.0,42,42.0,1.0,263.0,0,0
low_compressibility,9,smoothed,none,3,10,0.0,0.0,0.0,42,42.0,1.0,263.0,0,0
low_compressibility,9,smoothed,none,3,11,0.0,0.0,0.0,42,42.0,1.0,263.0,0,0
low_compressibility,9,smoothed,none,3,12,0.0,0.0,0.0,42,42.0,1.0,263.0,0,0
low_compressibility,9,smoothed,none,3,13,0.0,0.0,0.0,42,42.0,1.0,263.0,0,0
low_compressibility,9,smoothed,none,3,14,0.0,0.0,0.0,42,42.0,1.0,263.0,0,0
low_compressibility,9,smoothed,none,3,15,0.0,0.0,0.0,42,42.0,1.0,263.0,0,0
low_compressibility,9,smoothed,none,4,0,0.0,0.0,0.0,42,42.0,1.0,263.0,0,0
low_compressibility,9,smoothed,none,4,1,0.0,0.0,0.0,42,42.0,1.0,263.0,0,0
low_compressibility,9,smoothed,none,4,2,0.0,0.0,0.0,42,42.0,1.0,263.0,0,0
low_compressibility,9,smoothed,none,4,3,0.0,0.0,0.0,42,42.0,1.0,263.0,0,0
low_compressibility,9,smoothed,none,4,4,0.0,0.0,0.0,42,42.0,1.0,263.0,0,0
low_compressibility,9,smoothed,none,4,5,0.0,0.0,0.0,42,42.0,1.0,263.0,0,0
low_compressibility,9,smoothed,none,4,6,0.0,0.0,0.0,42,42.0,1.0,263.0,0,0
low_compressibility,9,smoothed,none,4,7,0.0,0.0,0.0,42,42.0,1.0,263.0,0,0
low_compressibility,9,smoothed,none,4,8,0.0,0.0,0.0,42,42.0,1.0,263.0,0,0
low_compressibility,9,smoothed,none,4,9,0.0,0.0,0.0,42,42.0,1.0,263.0,0,0
low_compressibility,9,smoothed,none,4,10,0.0,0.0,0.0,42,42.0,1.0,263.0,0,0
low_compressibility,9,smoothed,none,4,11,0.0,0.0,0.0,42,42.0,1.0,263.0,0,0
low_compressibility,9,smoothed,none,4,12,0.0,0.0,0.0,42,42.0,1.0,263.0,0,0
low_compressibility,9,smoothed,none,4,13,0.0,0.0,0.0,42,42.0,1.0,263.0,0,0
low_compressibility,9,smoothed,none,4,14,0.0,0.0,0.0,42,42.0,1.0,263.0,0,0
low_compressibility,9,smoothed,none,4,15,0.0,0.0,0.0,42,42.0,1.0,263.0,0,0
low_compressibility,9,smoothed,none,5,0,0.0,0.0,0.0,42,42.0,1.0,263.0,0,0
low_compressibility,9,smoothed,none,5,1,0.0,0.0,0.0,42,42.0,1.0,263.0,0,0
low_compressibility,9,smoothed,none,5,2,0.0,0.0,0.0,42,42.0,1.0,263.0,0,0
low_compressibility,9,smoothed,none,5,3,0.0,0.0,0.0,42,42.0,1.0,263.0,0,0
low_compressibility,9,smoothed,none,5,4,0.0,0.0,0.0,42,42.0,1.0,263.0,0,0
low_compressibility,9,smoothed,none,5,5,0.0,0.0,0.0,42,42.0,1.0,263.0,0,0
low_compressibility,9,smoothed,none,5,6,0.0,0.0,0.0,42,42.0,1.0,263.0,0,0
low_compressibility,9,smoothed,none,5,7,0.0,0.0,0.0,42,42.0,1.0,263.0,0,0
low_compressibility,9,smoothed,none,5,8,0.0,0.0,0.0,42,42.0,1.0,263.0,0,0
low_compressibility,9,smoothed,none,5,9,0.0,0.0,0.0,42,42.0,1.0,263.0,0,0
low_compressibility,9,smoothed,none,5,10,0.0,0.0,0.0,42,42.0,1.0,263.0,0,0
low_compressibility,9,smoothed,none,5,11,0.0,0.0,0.0,42,42.0,1.0,263.0,0,0
low_compressibility,9,smoothed,none,5,12,0.0,0.0,0.0,42,42.0,1.0,263.0,0,0
low_compressibility,9,smoothed,none,5,13,0.0,0.0,0.0,42,42.0,1.0,263.0,0,0
low_compressibility,9,smoothed,none,5,14,0.0,0.0,0.0,42,42.0,1.0,263.0,0,0
low_compressibility,9,smoothed,none,5,15,0.0,0.0,0.0,42,42.0,1.0,263.0,0,0
low_compressibility,9,smoothed,none,6,0,0.0,0.0,0.0,42,42.0,1.0,263.0,0,0
low_compressibility,9,smoothed,none,6,1,0.0,0.0,0.0,42,42.0,1.0,263.0,0,0
low_compressibility,9,smoothed,none,6,2,0.0,0.0,0.0,42,42.0,1.0,263.0,0,0
low_compressibility,9,smoothed,none,6,3,0.0,0.0,0.0,42,42.0,1.0,263.0,0,0
low_compressibility,9,smoothed,none,6,4,0.0,0.0,0.0,42,42.0,1.0,263.0,0,0
low_compressibility,9,smoothed,none,6,5,0.0,0.0,0.0,42,42.0,1.0,263.0,0,0
low_compressibility,9,smoothed,none,6,6,0.0,0.0,0.0,42,42.0,1.0,263.0,0,0
low_compressibility,9,smoothed,none,6,7,0.0,0.0,0.0,42,42.0,1.0,263.0,0,0
low_compressibility,9,smoothed,none,6,8,0.0,0.0,0.0,42,42.0,1.0,263.0,0,0
low_compressibility,9,smoothed,none,6,9,0.0,0.0,0.0,42,42.0,1.0,263.0,0,0
low_compressibility,9,smoothed,none,6,10,0.0,0.0,0.0,42,42.0,1.0,263.0,0,0
low_compressibility,9,smoothed,none,6,11,0.0,0.0,0.0,42,42.0,1.0,263.0,0,0
low_compressibility,9,smoothed,none,6,12,0.0,0.0,0.0,42,42.0,1.0,263.0,0,0
low_compressibility,9,smoothed,none,6,13,0.0,0.0,0.0,42,42.0,1.0,263.0,0,0
low_compressibility,9,smoothed,none,6,14,0.0,0.0,0.0,42,42.0,1.0,263.0,0,0
low_compressibility,9,smoothed,none,6,15,0.0,0.0,0.0,42,42.0,1.0,263.0,0,0
low_compressibility,9,smoothed,none,7,0,0.0,0.0,0.0,42,42.0,1.0,263.0,0,0
low_compressibility,9,smoothed,none,7,1,0.0,0.0,0.0,42,42.0,1.0,263.0,0,0
low_compressibility,9,smoothed,none,7,2,0.0,0.0,0.0,42,42.0,1.0,263.0,0,0
low_compressibility,9,smoothed,none,7,3,0.0,0.0,0.0,42,42.0,1.0,263.0,0,0
low_compressibility,9,smoothed,none,7,4,0.0,0.0,0.0,42,42.0,1.0,263.0,0,0
low_compressibility,9,smoothed,none,7,5,0.0,0.0,0.0,42,42.0,1.0,263.0,0,0
low_compressibility,9,smoothed,none,7,6,0.0,0.0,0.0,42,42.0,1.0,263.0,0,0
low_compressibility,9,smoothed,none,7,7,0.0,0.0,0.0,42,42.0,1.0,263.0,0,0
low_compressibility,9,smoothed,none,7,8,0.0,0.0,0.0,42,42.0,1.0,263.0,0,0
low_compressibility,9,smoothed,none,7,9,0.0,0.0,0.0,42,42.0,1.0,263.0,0,0
low_compressibility,9,smoothed,none,7,10,0.0,0.0,0.0,42,42.0,1.0,263.0,0,0
low_compressibility,9,smoothed,none,7,11,0.0,0.0,0.0,42,42.0,1.0,263.0,0,0
low_compressibility,9,smoothed,none,7,12,0.0,0.0,0.0,42,42.0,1.0,263.0,0,0
low_compressibility,9,smoothed,none,7,13,0.0,0.0,0.0,42,42.0,1.0,263.0,0,0
low_compressibility,9,smoothed,none,7,14,0.0,0.0,0.0,42,42.0,1.0,263.0,0,0
low_compressibility,9,smoothed,none,7,15,0.0,0.0,0.0,42,42.0,1.0,263.0,0,0
low_compressibility,9,static_min,none,1,0,0.0,0.0,0.0,42,42.0,1.0,263.0,0,0
low_compressibility,9,static_min,none,1,1,0.0,0.0,0.0,42,42.0,1.0,263.0,0,0
low_compressibility,9,static_min,none,1,2,0.0,0.0,0.0,42,42.0,1.0,263.0,0,0
low_compressibility,9,static_min,none,1,3,0.0,0.0,0.0,42,42.0,1.0,263.0,0,0
low_compressibility,9,static_min,none,1,4,0.0,0.0,0.0,42,42.0,1.0,263.0,0,0
low_compressibility,9,static_min,none,1,5,0.0,0.0,0.0,42,42.0,1.0,263.0,0,0
low_compressibility,9,static_min,none,1,6,0.0,0.0,0.0,42,42.0,1.0,263.0,0,0
low_compressibility,9,static_min,none,1,7,0.0,0.0,0.0,42,42.0,1.0,263.0,0,0
low_compressibility,9,static_min,none,1,8,0.0,0.0,0.0,42,42.0,1.0,263.0,0,0
low_compressibility,9,static_min,none,1,9,0.0,0.0,0.0,42,42.0,1.0,263.0,0,0
low_compressibility,9,static_min,none,1,10,0.0,0.0,0.0,42,42.0,1.0,263.0,0,0
low_compressibility,9,static_min,none,1,11,0.0,0.0,0.0,42,42.0,1.0,263.0,0,0
low_compressibility,9,static_min,none,1,12,0.0,0.0,0.0,42,42.0,1.0,263.0,0,0
low_compressibility,9,static_min,none,1,13,0.0,0.0,0.0,42,42.0,1.0,263.0,0,0
low_compressibility,9,static_min,none,1,14,0.0,0.0,0.0,42,42.0,1.0,263.0,0,0
low_compressibility,9,static_min,none,1,15,0.0,0.0,0.0,42,42.0,1.0,263.0,0,0
low_compressibility,9,static_min,none,2,0,0.0,0.0,0.0,42,42.0,1.0,263.0,0,0
low_compressibility,9,static_min,none,2,1,0.0,0.0,0.0,42,42.0,1.0,263.0,0,0
low_compressibility,9,static_min,none,2,2,0.0,0.0,0.0,42,42.0,1.0,263.0,0,0
low_compressibility,9,static_min,none,2,3,0.0,0.0,0.0,42,42.0,1.0,263.0,0,0
low_compressibility,9,static_min,none,2,4,0.0,0.0,0.0,42,42.0,1.0,263.0,0,0
low_compressibility,9,static_min,none,2,5,0.0,0.0,0.0,42,42.0,1.0,263.0,0,0
low_compressibility,9,static_min,none,2,6,0.0,0.0,0.0,42,42.0,1.0,263.0,0,0
low_compressibility,9,static_min,none,2,7,0.0,0.0,0.0,42,42.0,1.0,263.0,0,0
low_compressibility,9,static_min,none,2,8,0.0,0.0,0.0,42,42.0,1.0,263.0,0,0
low_compressibility,9,static_min,none,2,9,0.0,0.0,0.0,42,42.0,1.0,263.0,0,0
low_compressibility,9,static_min,none,2,10,0.0,0.0,0.0,42,42.0,1.0,263.0,0,0
low_compressibility,9,static_min,none,2,11,0.0,0.0,0.0,42,42.0,1.0,263.0,0,0
low_compressibility,9,static_min,none,2,12,0.0,0.0,0.0,42,42.0,1.0,263.0,0,0
low_compressibility,9,static_min,none,2,13,0.0,0.0,0.0,42,42.0,1.0,263.0,0,0
low_compressibility,9,static_min,none,2,14,0.0,0.0,0.0,42,42.0,1.0,263.0,0,0
low_compressibility,9,static_min,none,2,15,0.0,0.0,0.0,42,42.0,1.0,263.0,0,0
low_compressibility,9,static_min,none,3,0,0.0,0.0,0.0,42,42.0,1.0,263.0,0,0
low_compressibility,9,static_min,none,3,1,0.0,0.0,0.0,42,42.0,1.0,263.0,0,0
low_compressibility,9,static_min,none,3,2,0.0,0.0,0.0,42,42.0,1.0,263.0,0,0
low_compressibility,9,static_min,none,3,3,0.0,0.0,0.0,42,42.0,1.0,263.0,0,0
low_compressibility,9,static_min,none,3,4,0.0,0.0,0.0,42,42.0,1.0,263.0,0,0
low_compressibility,9,static_min,none,3,5,0.0,0.0,0.0,42,42.0,1.0,263.0,0,0
low_compressibility,9,static_min,none,3,6,0.0,0.0,0.0,42,42.0,1.0,263.0,0,0
low_compressibility,9,static_min,none,3,7,0.0,0.0,0.0,42,42.0,1.0,263.0,0,0
low_compressibility,9,static_min,none,3,8,0.0,0.0,0.0,42,42.0,1.0,263.0,0,0
low_compressibility,9,static_min,none,3,9,0.0,0.0,0.0,42,42.0,1.0,263.0,0,0
low_compressibility,9,static_min,none,3,10,0.0,0.0,0.0,42,42.0,1.0,263.0,0,0
low_compressibility,9,static_min,none,3,11,0.0,0.0,0.0,42,42.0,1.0,263.0,0,0
low_compressibility,9,static_min,none,3,12,0.0,0.0,0.0,42,42.0,1.0,263.0,0,0
low_compressibility,9,static_min,none,3,13,0.0,0.0,0.0,42,42.0,1.0,263.0,0,0
low_compressibility,9,static_min,none,3,14,0.0,0.0,0.0,42,42.0,1.0,263.0,0,0
low_compressibility,9,static_min,none,3,15,0.0,0.0,0.0,42,42.0,1.0,263.0,0,0
low_compressibility,9,static_min,none,4,0,0.0,0.0,0.0,42,42.0,1.0,263.0,0,0
low_compressibility,9,static_min,none,4,1,0.0,0.0,0.0,42,42.0,1.0,263.0,0,0
low_compressibility,9,static_min,none,4,2,0.0,0.0,0.0,42,42.0,1.0,263.0,0,0
low_compressibility,9,static_min,none,4,3,0.0,0.0,0.0,42,42.0,1.0,263.0,0,0
low_compressibility,9,static_min,none,4,4,0.0,0.0,0.0,42,42.0,1.0,263.0,0,0
low_compressibility,9,static_min,none,4,5,0.0,0.0,0.0,42,42.0,1.0,263.0,0,0
low_compressibility,9,static_min,none,4,6,0.0,0.0,0.0,42,42.0,1.0,263.0,0,0
low_compressibility,9,static_min,none,4,7,0.0,0.0,0.0,42,42.0,1.0,263.0,0,0
low_compressibility,9,static_min,none,4,8,0.0,0.0,0.0,42,42.0,1.0,263.0,0,0
low_compressibility,9,static_min,none,4,9,0.0,0.0,0.0,42,42.0,1.0,263.0,0,0
low_compressibility,9,static_min,none,4,10,0.0,0.0,0.0,42,42.0,1.0,263.0,0,0
low_compressibility,9,static_min,none,4,11,0.0,0.0,0.0,42,42.0,1.0,263.0,0,0
low_compressibility,9,static_min,none,4,12,0.0,0.0,0.0,42,42.0,1.0,263.0,0,0
low_compressibility,9,static_min,none,4,13,0.0,0.0,0.0,42,42.0,1.0,263.0,0,0
low_compressibility,9,static_min,none,4,14,0.0,0.0,0.0,42,42.0,1.0,263.0,0,0
low_compressibility,9,static_min,none,4,15,0.0,0.0,0.0,42,42.0,1.0,263.0,0,0
low_compressibility,9,static_min,none,5,0,0.0,0.0,0.0,42,42.0,1.0,263.0,0,0
low_compressibility,9,static_min,none,5,1,0.0,0.0,0.0,42,42.0,1.0,263.0,0,0
low_compressibility,9,static_min,none,5,2,0.0,0.0,0.0,42,42.0,1.0,263.0,0,0
low_compressibility,9,static_min,none,5,3,0.0,0.0,0.0,42,42.0,1.0,263.0,0,0
low_compressibility,9,static_min,none,5,4,0.0,0.0,0.0,42,42.0,1.0,263.0,0,0
low_compressibility,9,static_min,none,5,5,0.0,0.0,0.0,42,42.0,1.0,263.0,0,0
low_compressibility,9,static_min,none,5,6,0.0,0.0,0.0,42,42.0,1.0,263.0,0,0
low_compressibility,9,static_min,none,5,7,0.0,0.0,0.0,42,42.0,1.0,263.0,0,0
low_compressibility,9,static_min,none,5,8,0.0,0.0,0.0,42,42.0,1.0,263.0,0,0
low_compressibility,9,static_min,none,5,9,0.0,0.0,0.0,42,42.0,1.0,263.0,0,0
low_compressibility,9,static_min,none,5,10,0.0,0.0,0.0,42,42.0,1.0,263.0,0,0
low_compressibility,9,static_min,none,5,11,0.0,0.0,0.0,42,42.0,1.0,263.0,0,0
low_compressibility,9,static_min,none,5,12,0.0,0.0,0.0,42,42.0,1.0,263.0,0,0
low_compressibility,9,static_min,none,5,13,0.0,0.0,0.0,42,42.0,1.0,263.0,0,0
low_compressibility,9,static_min,none,5,14,0.0,0.0,0.0,42,42.0,1.0,263.0,0,0
low_compressibility,9,static_min,none,5,15,0.0,0.0,0.0,42,42.0,1.0,263.0,0,0
low_compressibility,9,static_min,none,6,0,0.0,0.0,0.0,42,42.0,1.0,263.0,0,0
low_compressibility,9,static_min,none,6,1,0.0,0.0,0.0,42,42.0,1.0,263.0,0,0
low_compressibility,9,static_min,none,6,2,0.0,0.0,0.0,42,42.0,1.0,263.0,0,0
low_compressibility,9,static_min,none,6,3,0.0,0.0,0.0,42,42.0,1.0,263.0,0,0
low_compressibility,9,static_min,none,6,4,0.0,0.0,0.0,42,42.0,1.0,263.0,0,0
low_compressibility,9,static_min,none,6,5,0.0,0.0,0.0,42,42.0,1.0,263.0,0,0
low_compressibility,9,static_min,none,6,6,0.0,0.0,0.0,42,42.0,1.0,263.0,0,0
low_compressibility,9,static_min,none,6,7,0.0,0.0,0.0,42,42.0,1.0,263.0,0,0
low_compressibility,9,static_min,none,6,8,0.0,0.0,0.0,42,42.0,1.0,263.0,0,0
low_compressibility,9,static_min,none,6,9,0.0,0.0,0.0,42,42.0,1.0,263.0,0,0
low_compressibility,9,static_min,none,6,10,0.0,0.0,0.0,42,42.0,1.0,263.0,0,0
low_compressibility,9,static_min,none,6,11,0.0,0.0,0.0,42,42.0,1.0,263.0,0,0
low_compressibility,9,static_min,none,6,12,0.0,0.0,0.0,42,42.0,1.0,263.0,0,0
low_compressibility,9,static_min,none,6,13,0.0,0.0,0.0,42,42.0,1.0,263.0,0,0
low_compressibility,9,static_min,none,6,14,0.0,0.0,0.0,42,42.0,1.0,263.0,0,0
low_compressibility,9,static_min,none,6,15,0.0,0.0,0.0,42,42.0,1.0,263.0,0,0
low_compressibility,9,static_min,none,7,0,0.0,0.0,0.0,42,42.0,1.0,263.0,0,0
low_compressibility,9,static_min,none,7,1,0.0,0.0,0.0,42,42.0,1.0,263.0,0,0
low_compressibility,9,static_min,none,7,2,0.0,0.0,0.0,42,42.0,1.0,263.0,0,0
low_compressibility,9,static_min,none,7,3,0.0,0.0,0.0,42,42.0,1.0,263.0,0,0
low_compressibility,9,static_min,none,7,4,0.0,0.0,0.0,42,42.0,1.0,263.0,0,0
low_compressibility,9,static_min,none,7,5,0.0,0.0,0.0,42,42.0,1.0,263.0,0,0
low_compressibility,9,static_min,none,7,6,0.0,0.0,0.0,42,42.0,1.0,263.0,0,0
low_compressibility,9,static_min,none,7,7,0.0,0.0,0.0,42,42.0,1.0,263.0,0,0
low_compressibility,9,static_min,none,7,8,0.0,0.0,0.0,42,42.0,1.0,263.0,0,0
low_compressibility,9,static_min,none,7,9,0.0,0.0,0.0,42,42.0,1.0,263.0,0,0
low_compressibility,9,static_min,none,7,10,0.0,0.0,0.0,42,42.0,1.0,263.0,0,0
low_compressibility,9,static_min,none,7,11,0.0,0.0,0.0,42,42.0,1.0,263.0,0,0
low_compressibility,9,static_min,none,7,12,0.0,0.0,0.0,42,42.0,1.0,263.0,0,0
low_compressibility,9,static_min,none,7,13,0.0,0.0,0.0,42,42.0,1.0,263.0,0,0
low_compressibility,9,static_min,none,7,14,0.0,0.0,0.0,42,42.0,1.0,263.0,0,0
low_compressibility,9,static_min,none,7,15,0.0,0.0,0.0,42,42.0,1.0,263.0,0,0
medium_compressibility,1,capacity_aware_static,C,1,0,0.2125,0.68,3.4,25,25.0,1.0,235.0,0,0
medium_compressibility,1,capacity_aware_static,C,1,1,0.2125,0.68,3.4,25,25.0,1.0,235.0,0,0
medium_compressibility,1,capacity_aware_static,C,1,2,0.2125,0.68,3.4,25,25.0,1.0,235.0,0,0
medium_compressibility,1,capacity_aware_static,C,1,3,0.2125,0.68,3.4,25,25.0,1.0,235.0,0,0
medium_compressibility,1,capacity_aware_static,C,1,4,0.2125,0.68,3.4,25,25.0,1.0,235.0,0,0
medium_compressibility,1,capacity_aware_static,C,1,5,0.2125,0.68,3.4,25,25.0,1.0,235.0,0,0
medium_compressibility,1,capacity_aware_static,C,1,6,0.2125,0.68,3.4,25,25.0,1.0,235.0,0,0
medium_compressibility,1,capacity_aware_static,C,1,7,0.2125,0.68,3.4,25,25.0,1.0,235.0,0,0
medium_compressibility,1,capacity_aware_static,C,1,8,0.2125,0.68,3.4,25,25.0,1.0,235.0,0,0
medium_compressibility,1,capacity_aware_static,C,1,9,0.2125,0.68,3.4,25,25.0,1.0,235.0,0,0
medium_compressibility,1,capacity_aware_static,C,1,10,0.2125,0.68,3.4,25,25.0,1.0,235.0,0,0
medium_compressibility,1,capacity_aware_static,C,1,11,0.2125,0.68,3.4,25,25.0,1.0,235.0,0,0
medium_compressibility,1,capacity_aware_static,C,1,12,0.2125,0.68,3.4,25,25.0,1.0,235.0,0,0
medium_compressibility,1,capacity_aware_static,C,1,13,0.2125,0.68,3.4,25,25.0,1.0,235.0,0,0
medium_compressibility,1,capacity_aware_static,C,1,14,0.2125,0.68,3.4,25,25.0,1.0,235.0,0,0
medium_compressibility,1,capacity_aware_static,C,1,15,0.2125,0.68,3.4,25,25.0,1.0,235.0,0,0
medium_compressibility,1,capacity_aware_static,C,2,0,0.2125,0.68,3.4,17,17.0,1.0,171.0,0,0
medium_compressibility,1,capacity_aware_static,C,2,1,0.2125,0.68,3.4,17,17.0,1.0,171.0,0,0
medium_compressibility,1,capacity_aware_static,C,2,2,0.2125,0.68,3.4,17,17.0,1.0,171.0,0,0
medium_compressibility,1,capacity_aware_static,C,2,3,0.2125,0.68,3.4,17,17.0,1.0,171.0,0,0
medium_compressibility,1,capacity_aware_static,C,2,4,0.2125,0.68,3.4,17,17.0,1.0,171.0,0,0
medium_compressibility,1,capacity_aware_static,C,2,5,0.2125,0.68,3.4,17,17.0,1.0,171.0,0,0
medium_compressibility,1,capacity_aware_static,C,2,6,0.2125,0.68,3.4,17,17.0,1.0,171.0,0,0
medium_compressibility,1,capacity_aware_static,C,2,7,0.2125,0.68,3.4,17,17.0,1.0,171.0,0,0
medium_compressibility,1,capacity_aware_static,C,2,8,0.2125,0.68,3.4,17,17.0,1.0,171.0,0,0
medium_compressibility,1,capacity_aware_static,C,2,9,0.2125,0.68,3.4,17,17.0,1.0,171.0,0,0
medium_compressibility,1,capacity_aware_static,C,2,10,0.2125,0.68,3.4,17,17.0,1.0,171.0,0,0
medium_compressibility,1,capacity_aware_static,C,2,11,0.2125,0.68,3.4,17,17.0,1.0,171.0,0,0
medium_compressibility,1,capacity_aware_static,C,2,12,0.2125,0.68,3.4,17,17.0,1.0,171.0,0,0
medium_compressibility,1,capacity_aware_static,C,2,13,0.2125,0.68,3.4,17,17.0,1.0,171.0,0,0
medium_compressibility,1,capacity_aware_static,C,2,14,0.2125,0.68,3.4,17,17.0,1.0,171.0,0,0
medium_compressibility,1,capacity_aware_static,C,2,15,0.2125,0.68,3.4,17,17.0,1.0,171.0,0,0
medium_compressibility,1,capacity_aware_static,C,3,0,0.2125,0.68,3.4,17,17.0,1.0,171.0,0,0
medium_compressibility,1,capacity_aware_static,C,3,1,0.2125,0.68,3.4,17,17.0,1.0,171.0,0,0
medium_compressibility,1,capacity_aware_static,C,3,2,0.2125,0.68,3.4,17,17.0,1.0,171.0,0,0
medium_compressibility,1,capacity_aware_static,C,3,3,0.2125,0.68,3.4,17,17.0,1.0,171.0,0,0
medium_compressibility,1,capacity_aware_static,C,3,4,0.2125,0.68,3.4,17,17.0,1.0,171.0,0,0
medium_compressibility,1,capacity_aware_static,C,3,5,0.2125,0.68,3.4,17,17.0,1.0,171.0,0,0
medium_compressibility,1,capacity_aware_static,C,3,6,0.2125,0.68,3.4,17,17.0,1.0,171.0,0,0
medium_compressibility,1,capacity_aware_static,C,3,7,0.2125,0.68,3.4,17,17.0,1.0,171.0,0,0
medium_compressibility,1,capacity_aware_static,C,3,8,0.2125,0.68,3.4,17,17.0,1.0,171.0,0,0
medium_compressibility,1,capacity_aware_static,C,3,9,0.2125,0.68,3.4,17,17.0,1.0,171.0,0,0
medium_compressibility,1,capacity_aware_static,C,3,10,0.2125,0.68,3.4,17,17.0,1.0,171.0,0,0
medium_compressibility,1,capacity_aware_static,C,3,11,0.2125,0.68,3.4,17,17.0,1.0,171.0,0,0
medium_compressibility,1,capacity_aware_static,C,3,12,0.2125,0.68,3.4,17,17.0,1.0,171.0,0,0
medium_compressibility,1,capacity_aware_static,C,3,13,0.2125,0.68,3.4,17,17.0,1.0,171.0,0,0
medium_compressibility,1,capacity_aware_static,C,3,14,0.2125,0.68,3.4,17,17.0,1.0,171.0,0,0
medium_compressibility,1,capacity_aware_static,C,3,15,0.2125,0.68,3.4,17,17.0,1.0,171.0,0,0
medium_compressibility,1,capacity_aware_static,C,4,0,0.2125,0.68,3.4,17,17.0,1.0,171.0,0,0
medium_compressibility,1,capacity_aware_static,C,4,1,0.2125,0.68,3.4,17,17.0,1.0,171.0,0,0
medium_compressibility,1,capacity_aware_static,C,4,2,0.2125,0.68,3.4,17,17.0,1.0,171.0,0,0
medium_compressibility,1,capacity_aware_static,C,4,3,0.2125,0.68,3.4,17,17.0,1.0,171.0,0,0
medium_compressibility,1,capacity_aware_static,C,4,4,0.2125,0.68,3.4,17,17.0,1.0,171.0,0,0
medium_compressibility,1,capacity_aware_static,C,4,5,0.2125,0.68,3.4,17,17.0,1.0,171.0,0,0
medium_compressibility,1,capacity_aware_static,C,4,6,0.2125,0.68,3.4,17,17.0,1.0,171.0,0,0
medium_compressibility,1,capacity_aware_static,C,4,7,0.2125,0.68,3.4,17,17.0,1.0,171.0,0,0
medium_compressibility,1,capacity_aware_static,C,4,8,0.2125,0.68,3.4,17,17.0,1.0,171.0,0,0
medium_compressibility,1,capacity_aware_static,C,4,9,0.2125,0.68,3.4,17,17.0,1.0,171.0,0,0
medium_compressibility,1,capacity_aware_static,C,4,10,0.2125,0.68,3.4,17,17.0,1.0,171.0,0,0
medium_compressibility,1,capacity_aware_static,C,4,11,0.2125,0.68,3.4,17,17.0,1.0,171.0,0,0
medium_compressibility,1,capacity_aware_static,C,4,12,0.2125,0.68,3.4,17,17.0,1.0,171.0,0,0
medium_compressibility,1,capacity_aware_static,C,4,13,0.2125,0.68,3.4,17,17.0,1.0,171.0,0,0
medium_compressibility,1,capacity_aware_static,C,4,14,0.2125,0.68,3.4,17,17.0,1.0,171.0,0,0
medium_compressibility,1,capacity_aware_static,C,4,15,0.2125,0.68,3.4,17,17.0,1.0,171.0,0,0
medium_compressibility,1,capacity_aware_static,C,5,0,0.2125,0.68,3.4,17,17.0,1.0,171.0,0,0
medium_compressibility,1,capacity_aware_static,C,5,1,0.2125,0.68,3.4,17,17.0,1.0,171.0,0,0
medium_compressibility,1,capacity_aware_static,C,5,2,0.2125,0.68,3.4,17,17.0,1.0,171.0,0,0
medium_compressibility,1,capacity_aware_static,C,5,3,0.2125,0.68,3.4,17,17.0,1.0,171.0,0,0
medium_compressibility,1,capacity_aware_static,C,5,4,0.2125,0.68,3.4,17,17.0,1.0,171.0,0,0
medium_compressibility,1,capacity_aware_static,C,5,5,0.2125,0.68,3.4,17,17.0,1.0,171.0,0,0
medium_compressibility,1,capacity_aware_static,C,5,6,0.2125,0.68,3.4,17,17.0,1.0,171.0,0,0
medium_compressibility,1,capacity_aware_static,C,5,7,0.2125,0.68,3.4,17,17.0,1.0,171.0,0,0
medium_compressibility,1,capacity_aware_static,C,5,8,0.2125,0.68,3.4,17,17.0,1.0,171.0,0,0
medium_compressibility,1,capacity_aware_static,C,5,9,0.2125,0.68,3.4,17,17.0,1.0,171.0,0,0
medium_compressibility,1,capacity_aware_static,C,5,10,0.2125,0.68,3.4,17,17.0,1.0,171.0,0,0
medium_compressibility,1,capacity_aware_static,C,5,11,0.2125,0.68,3.4,17,17.0,1.0,171.0,0,0
medium_compressibility,1,capacity_aware_static,C,5,12,0.2125,0.68,3.4,17,17.0,1.0,171.0,0,0
medium_compressibility,1,capacity_aware_static,C,5,13,0.2125,0.68,3.4,17,17.0,1.0,171.0,0,0
medium_compressibility,1,capacity_aware_static,C,5,14,0.2125,0.68,3.4,17,17.0,1.0,171.0,0,0
medium_compressibility,1,capacity_aware_static,C,5,15,0.2125,0.68,3.4,17,17.0,1.0,171.0,0,0
medium_compressibility,1,capacity_aware_static,C,6,0,0.2125,0.68,3.4,17,17.0,1.0,171.0,0,0
medium_compressibility,1,capacity_aware_static,C,6,1,0.2125,0.68,3.4,17,17.0,1.0,171.0,0,0
medium_compressibility,1,capacity_aware_static,C,6,2,0.2125,0.68,3.4,17,17.0,1.0,171.0,0,0
medium_compressibility,1,capacity_aware_static,C,6,3,0.2125,0.68,3.4,17,17.0,1.0,171.0,0,0
medium_compressibility,1,capacity_aware_static,C,6,4,0.2125,0.68,3.4,17,17.0,1.0,171.0,0,0
medium_compressibility,1,capacity_aware_static,C,6,5,0.2125,0.68,3.4,17,17.0,1.0,171.0,0,0
medium_compressibility,1,capacity_aware_static,C,6,6,0.2125,0.68,3.4,17,17.0,1.0,171.0,0,0
medium_compressibility,1,capacity_aware_static,C,6,7,0.2125,0.68,3.4,17,17.0,1.0,171.0,0,0
medium_compressibility,1,capacity_aware_static,C,6,8,0.2125,0.68,3.4,17,17.0,1.0,171.0,0,0
medium_compressibility,1,capacity_aware_static,C,6,9,0.2125,0.68,3.4,17,17.0,1.0,171.0,0,0
medium_compressibility,1,capacity_aware_static,C,6,10,0.2125,0.68,3.4,17,17.0,1.0,171.0,0,0
medium_compressibility,1,capacity_aware_static,C,6,11,0.2125,0.68,3.4,17,17.0,1.0,171.0,0,0
medium_compressibility,1,capacity_aware_static,C,6,12,0.2125,0.68,3.4,17,17.0,1.0,171.0,0,0
medium_compressibility,1,capacity_aware_static,C,6,13,0.2125,0.68,3.4,17,17.0,1.0,171.0,0,0
medium_compressibility,1,capacity_aware_static,C,6,14,0.2125,0.68,3.4,17,17.0,1.0,171.0,0,0
medium_compressibility,1,capacity_aware_static,C,6,15,0.2125,0.68,3.4,17,17.0,1.0,171.0,0,0
medium_compressibility,1,capacity_aware_static,C,7,0,0.2125,0.68,3.4,17,17.0,1.0,171.0,0,0
medium_compressibility,1,capacity_aware_static,C,7,1,0.2125,0.68,3.4,17,17.0,1.0,171.0,0,0
medium_compressibility,1,capacity_aware_static,C,7,2,0.2125,0.68,3.4,17,17.0,1.0,171.0,0,0
medium_compressibility,1,capacity_aware_static,C,7,3,0.2125,0.68,3.4,17,17.0,1.0,171.0,0,0
medium_compressibility,1,capacity_aware_static,C,7,4,0.2125,0.68,3.4,17,17.0,1.0,171.0,0,0
medium_compressibility,1,capacity_aware_static,C,7,5,0.2125,0.68,3.4,17,17.0,1.0,171.0,0,0
medium_compressibility,1,capacity_aware_static,C,7,6,0.2125,0.68,3.4,17,17.0,1.0,171.0,0,0
medium_compressibility,1,capacity_aware_static,C,7,7,0.2125,0.68,3.4,17,17.0,1.0,171.0,0,0
medium_compressibility,1,capacity_aware_static,C,7,8,0.2125,0.68,3.4,17,17.0,1.0,171.0,0,0
medium_compressibility,1,capacity_aware_static,C,7,9,0.2125,0.68,3.4,17,17.0,1.0,171.0,0,0
medium_compressibility,1,capacity_aware_static,C,7,10,0.2125,0.68,3.4,17,17.0,1.0,171.0,0,0
medium_compressibility,1,capacity_aware_static,C,7,11,0.2125,0.68,3.4,17,17.0,1.0,171.0,0,0
medium_compressibility,1,capacity_aware_static,C,7,12,0.2125,0.68,3.4,17,17.0,1.0,171.0,0,0
medium_compressibility,1,capacity_aware_static,C,7,13,0.2125,0.68,3.4,17,17.0,1.0,171.0,0,0
medium_compressibility,1,capacity_aware_static,C,7,14,0.2125,0.68,3.4,17,17.0,1.0,171.0,0,0
medium_compressibility,1,capacity_aware_static,C,7,15,0.2125,0.68,3.4,17,17.0,1.0,171.0,0,0
medium_compressibility,1,smoothed,none,1,1,0.2125,0.68,3.4,19,25.0,1.3157894736842106,278.0,6,6
medium_compressibility,1,smoothed,none,1,2,0.2125,0.68,3.4,19,25.0,1.3157894736842106,278.0,6,6
medium_compressibility,1,smoothed,none,1,3,0.2125,0.68,3.4,19,25.0,1.3157894736842106,278.0,6,6
medium_compressibility,1,smoothed,none,1,4,0.2125,0.68,3.4,19,25.0,1.3157894736842106,278.0,6,6
medium_compressibility,1,smoothed,none,1,5,0.2125,0.68,3.4,19,25.0,1.3157894736842106,278.0,6,6
medium_compressibility,1,smoothed,none,1,6,0.2125,0.68,3.4,19,25.0,1.3157894736842106,278.0,6,6
medium_compressibility,1,smoothed,none,1,7,0.2125,0.68,3.4,19,25.0,1.3157894736842106,278.0,6,6
medium_compressibility,1,smoothed,none,1,8,0.2125,0.68,3.4,19,25.0,1.3157894736842106,278.0,6,6
medium_compressibility,1,smoothed,none,1,9,0.2125,0.68,3.4,19,25.0,1.3157894736842106,278.0,6,6
medium_compressibility,1,smoothed,none,1,10,0.2125,0.68,3.4,19,25.0,1.3157894736842106,278.0,6,6
medium_compressibility,1,smoothed,none,1,11,0.2125,0.68,3.4,19,25.0,1.3157894736842106,278.0,6,6
medium_compressibility,1,smoothed,none,1,12,0.2125,0.68,3.4,19,25.0,1.3157894736842106,278.0,6,6
medium_compressibility,1,smoothed,none,1,13,0.2125,0.68,3.4,19,25.0,1.3157894736842106,278.0,6,6
medium_compressibility,1,smoothed,none,1,14,0.2125,0.68,3.4,19,25.0,1.3157894736842106,278.0,6,6
medium_compressibility,1,smoothed,none,1,15,0.2125,0.68,3.4,19,25.0,1.3157894736842106,278.0,6,6
medium_compressibility,1,smoothed,none,2,0,0.2125,0.68,3.4,19,19.0,1.0,204.0,0,0
medium_compressibility,1,smoothed,none,2,1,0.2125,0.68,3.4,19,19.0,1.0,204.0,0,0
medium_compressibility,1,smoothed,none,2,2,0.2125,0.68,3.4,19,19.0,1.0,204.0,0,0
medium_compressibility,1,smoothed,none,2,3,0.2125,0.68,3.4,19,19.0,1.0,204.0,0,0
medium_compressibility,1,smoothed,none,2,4,0.2125,0.68,3.4,19,19.0,1.0,204.0,0,0
medium_compressibility,1,smoothed,none,2,5,0.2125,0.68,3.4,19,19.0,1.0,204.0,0,0
medium_compressibility,1,smoothed,none,2,6,0.2125,0.68,3.4,19,19.0,1.0,204.0,0,0
medium_compressibility,1,smoothed,none,2,7,0.2125,0.68,3.4,19,19.0,1.0,204.0,0,0
medium_compressibility,1,smoothed,none,2,8,0.2125,0.68,3.4,19,19.0,1.0,204.0,0,0
medium_compressibility,1,smoothed,none,2,9,0.2125,0.68,3.4,19,19.0,1.0,204.0,0,0
medium_compressibility,1,smoothed,none,2,10,0.2125,0.68,3.4,19,19.0,1.0,204.0,0,0
medium_compressibility,1,smoothed,none,2,11,0.2125,0.68,3.4,19,19.0,1.0,204.0,0,0
medium_compressibility,1,smoothed,none,2,12,0.2125,0.68,3.4,19,19.0,1.0,204.0,0,0
medium_compressibility,1,smoothed,none,2,13,0.2125,0.68,3.4,19,19.0,1.0,204.0,0,0
medium_compressibility,1,smoothed,none,2,14,0.2125,0.68,3.4,19,19.0,1.0,204.0,0,0
medium_compressibility,1,smoothed,none,2,15,0.2125,0.68,3.4,19,19.0,1.0,204.0,0,0
medium_compressibility,1,smoothed,none,3,0,0.2125,0.68,3.4,19,19.0,1.0,204.0,0,0
medium_compressibility,1,smoothed,none,3,1,0.2125,0.68,3.4,19,19.0,1.0,204.0,0,0
medium_compressibility,1,smoothed,none,3,2,0.2125,0.68,3.4,19,19.0,1.0,204.0,0,0
medium_compressibility,1,smoothed,none,3,3,0.2125,0.68,3.4,19,19.0,1.0,204.0,0,0
medium_compressibility,1,smoothed,none,3,4,0.2125,0.68,3.4,19,19.0,1.0,204.0,0,0
medium_compressibility,1,smoothed,none,3,5,0.2125,0.68,3.4,19,19.0,1.0,204.0,0,0
medium_compressibility,1,smoothed,none,3,6,0.2125,0.68,3.4,19,19.0,1.0,204.0,0,0
medium_compressibility,1,smoothed,none,3,7,0.2125,0.68,3.4,19,19.0,1.0,204.0,0,0
medium_compressibility,1,smoothed,none,3,8,0.2125,0.68,3.4,19,19.0,1.0,204.0,0,0
medium_compressibility,1,smoothed,none,3,9,0.2125,0.68,3.4,19,19.0,1.0,204.0,0,0
medium_compressibility,1,smoothed,none,3,10,0.2125,0.68,3.4,19,19.0,1.0,204.0,0,0
medium_compressibility,1,smoothed,none,3,11,0.2125,0.68,3.4,19,19.0,1.0,204.0,0,0
medium_compressibility,1,smoothed,none,3,12,0.2125,0.68,3.4,19,19.0,1.0,204.0,0,0
medium_compressibility,1,smoothed,none,3,13,0.2125,0.68,3.4,19,19.0,1.0,204.0,0,0
medium_compressibility,1,smoothed,none,3,14,0.2125,0.68,3.4,19,19.0,1.0,204.0,0,0
medium_compressibility,1,smoothed,none,3,15,0.2125,0.68,3.4,19,19.0,1.0,204.0,0,0
medium_compressibility,1,smoothed,none,4,0,0.2125,0.68,3.4,19,19.0,1.0,204.0,0,0
medium_compressibility,1,smoothed,none,4,1,0.2125,0.68,3.4,19,19.0,1.0,204.0,0,0
medium_compressibility,1,smoothed,none,4,2,0.2125,0.68,3.4,19,19.0,1.0,204.0,0,0
medium_compressibility,1,smoothed,none,4,3,0.2125,0.68,3.4,19,19.0,1.0,204.0,0,0
medium_compressibility,1,smoothed,none,4,4,0.2125,0.68,3.4,19,19.0,1.0,204.0,0,0
medium_compressibility,1,smoothed,none,4,5,0.2125,0.68,3.4,19,19.0,1.0,204.0,0,0
medium_compressibility,1,smoothed,none,4,6,0.2125,0.68,3.4,19,19.0,1.0,204.0,0,0
medium_compressibility,1,smoothed,none,4,7,0.2125,0.68,3.4,19,19.0,1.0,204.0,0,0
medium_compressibility,1,smoothed,none,4,8,0.2125,0.68,3.4,19,19.0,1.0,204.0,0,0
medium_compressibility,1,smoothed,none,4,9,0.2125,0.68,3.4,19,19.0,1.0,204.0,0,0
medium_compressibility,1,smoothed,none,4,10,0.2125,0.68,3.4,19,19.0,1.0,204.0,0,0
medium_compressibility,1,smoothed,none,4,11,0.2125,0.68,3.4,19,19.0,1.0,204.0,0,0
medium_compressibility,1,smoothed,none,4,12,0.2125,0.68,3.4,19,19.0,1.0,204.0,0,0
medium_compressibility,1,smoothed,none,4,13,0.2125,0.68,3.4,19,19.0,1.0,204.0,0,0
medium_compressibility,1,smoothed,none,4,14,0.2125,0.68,3.4,19,19.0,1.0,204.0,0,0
medium_compressibility,1,smoothed,none,4,15,0.2125,0.68,3.4,19,19.0,1.0,204.0,0,0
medium_compressibility,1,smoothed,none,5,0,0.2125,0.68,3.4,19,19.0,1.0,204.0,0,0
medium_compressibility,1,smoothed,none,5,1,0.2125,0.68,3.4,19,19.0,1.0,204.0,0,0
medium_compressibility,1,smoothed,none,5,2,0.2125,0.68,3.4,19,19.0,1.0,204.0,0,0
medium_compressibility,1,smoothed,none,5,3,0.2125,0.68,3.4,19,19.0,1.0,204.0,0,0
medium_compressibility,1,smoothed,none,5,4,0.2125,0.68,3.4,19,19.0,1.0,204.0,0,0
medium_compressibility,1,smoothed,none,5,5,0.2125,0.68,3.4,19,19.0,1.0,204.0,0,0
medium_compressibility,1,smoothed,none,5,6,0.2125,0.68,3.4,19,19.0,1.0,204.0,0,0
medium_compressibility,1,smoothed,none,5,7,0.2125,0.68,3.4,19,19.0,1.0,204.0,0,0
medium_compressibility,1,smoothed,none,5,8,0.2125,0.68,3.4,19,19.0,1.0,204.0,0,0
medium_compressibility,1,smoothed,none,5,9,0.2125,0.68,3.4,19,19.0,1.0,204.0,0,0
medium_compressibility,1,smoothed,none,5,10,0.2125,0.68,3.4,19,19.0,1.0,204.0,0,0
medium_compressibility,1,smoothed,none,5,11,0.2125,0.68,3.4,19,19.0,1.0,204.0,0,0
medium_compressibility,1,smoothed,none,5,12,0.2125,0.68,3.4,19,19.0,1.0,204.0,0,0
medium_compressibility,1,smoothed,none,5,13,0.2125,0.68,3.4,19,19.0,1.0,204.0,0,0
medium_compressibility,1,smoothed,none,5,14,0.2125,0.68,3.4,19,19.0,1.0,204.0,0,0
medium_compressibility,1,smoothed,none,5,15,0.2125,0.68,3.4,19,19.0,1.0,204.0,0,0
medium_compressibility,1,smoothed,none,6,0,0.2125,0.68,3.4,19,19.0,1.0,204.0,0,0
medium_compressibility,1,smoothed,none,6,1,0.2125,0.68,3.4,19,19.0,1.0,204.0,0,0
medium_compressibility,1,smoothed,none,6,2,0.2125,0.68,3.4,19,19.0,1.0,204.0,0,0
medium_compressibility,1,smoothed,none,6,3,0.2125,0.68,3.4,19,19.0,1.0,204.0,0,0
medium_compressibility,1,smoothed,none,6,4,0.2125,0.68,3.4,19,19.0,1.0,204.0,0,0
medium_compressibility,1,smoothed,none,6,5,0.2125,0.68,3.4,19,19.0,1.0,204.0,0,0
medium_compressibility,1,smoothed,none,6,6,0.2125,0.68,3.4,19,19.0,1.0,204.0,0,0
medium_compressibility,1,smoothed,none,6,7,0.2125,0.68,3.4,19,19.0,1.0,204.0,0,0
medium_compressibility,1,smoothed,none,6,8,0.2125,0.68,3.4,19,19.0,1.0,204.0,0,0
medium_compressibility,1,smoothed,none,6,9,0.2125,0.68,3.4,19,19.0,1.0,204.0,0,0
medium_compressibility,1,smoothed,none,6,10,0.2125,0.68,3.4,19,19.0,1.0,204.0,0,0
medium_compressibility,1,smoothed,none,6,11,0.2125,0.68,3.4,19,19.0,1.0,204.0,0,0
medium_compressibility,1,smoothed,none,6,12,0.2125,0.68,3.4,19,19.0,1.0,204.0,0,0
medium_compressibility,1,smoothed,none,6,13,0.2125,0.68,3.4,19,19.0,1.0,204.0,0,0
medium_compressibility,1,smoothed,none,6,14,0.2125,0.68,3.4,19,19.0,1.0,204.0,0,0
medium_compressibility,1,smoothed,none,6,15,0.2125,0.68,3.4,19,19.0,1.0,204.0,0,0
medium_compressibility,1,smoothed,none,7,0,0.2125,0.68,3.4,19,19.0,1.0,204.0,0,0
medium_compressibility,1,smoothed,none,7,1,0.2125,0.68,3.4,19,19.0,1.0,204.0,0,0
medium_compressibility,1,smoothed,none,7,2,0.2125,0.68,3.4,19,19.0,1.0,204.0,0,0
medium_compressibility,1,smoothed,none,7,3,0.2125,0.68,3.4,19,19.0,1.0,204.0,0,0
medium_compressibility,1,smoothed,none,7,4,0.2125,0.68,3.4,19,19.0,1.0,204.0,0,0
medium_compressibility,1,smoothed,none,7,5,0.2125,0.68,3.4,19,19.0,1.0,204.0,0,0
medium_compressibility,1,smoothed,none,7,6,0.2125,0.68,3.4,19,19.0,1.0,204.0,0,0
medium_compressibility,1,smoothed,none,7,7,0.2125,0.68,3.4,19,19.0,1.0,204.0,0,0
medium_compressibility,1,smoothed,none,7,8,0.2125,0.68,3.4,19,19.0,1.0,204.0,0,0
medium_compressibility,1,smoothed,none,7,9,0.2125,0.68,3.4,19,19.0,1.0,204.0,0,0
medium_compressibility,1,smoothed,none,7,10,0.2125,0.68,3.4,19,19.0,1.0,204.0,0,0
medium_compressibility,1,smoothed,none,7,11,0.2125,0.68,3.4,19,19.0,1.0,204.0,0,0
medium_compressibility,1,smoothed,none,7,12,0.2125,0.68,3.4,19,19.0,1.0,204.0,0,0
medium_compressibility,1,smoothed,none,7,13,0.2125,0.68,3.4,19,19.0,1.0,204.0,0,0
medium_compressibility,1,smoothed,none,7,14,0.2125,0.68,3.4,19,19.0,1.0,204.0,0,0
medium_compressibility,1,smoothed,none,7,15,0.2125,0.68,3.4,19,19.0,1.0,204.0,0,0
medium_compressibility,1,static_min,none,1,2,0.2125,0.68,3.4,17,26.0,1.5294117647058822,272.0,9,10
medium_compressibility,1,static_min,none,1,3,0.2125,0.68,3.4,17,26.0,1.5294117647058822,272.0,9,10
medium_compressibility,1,static_min,none,1,4,0.2125,0.68,3.4,17,26.0,1.5294117647058822,272.0,9,10
medium_compressibility,1,static_min,none,1,5,0.2125,0.68,3.4,17,26.0,1.5294117647058822,272.0,9,10
medium_compressibility,1,static_min,none,1,6,0.2125,0.68,3.4,17,26.0,1.5294117647058822,272.0,9,10
medium_compressibility,1,static_min,none,1,7,0.2125,0.68,3.4,17,26.0,1.5294117647058822,272.0,9,10
medium_compressibility,1,static_min,none,1,8,0.2125,0.68,3.4,17,26.0,1.5294117647058822,272.0,9,10
medium_compressibility,1,static_min,none,1,9,0.2125,0.68,3.4,17,26.0,1.5294117647058822,272.0,9,10
medium_compressibility,1,static_min,none,1,10,0.2125,0.68,3.4,17,26.0,1.5294117647058822,272.0,9,10
medium_compressibility,1,static_min,none,1,11,0.2125,0.68,3.4,17,26.0,1.5294117647058822,272.0,9,10
medium_compressibility,1,static_min,none,1,12,0.2125,0.68,3.4,17,26.0,1.5294117647058822,272.0,9,10
medium_compressibility,1,static_min,none,1,13,0.2125,0.68,3.4,17,26.0,1.5294117647058822,272.0,9,10
medium_compressibility,1,static_min,none,1,14,0.2125,0.68,3.4,17,26.0,1.5294117647058822,272.0,9,10
medium_compressibility,1,static_min,none,1,15,0.2125,0.68,3.4,17,26.0,1.5294117647058822,272.0,9,10
medium_compressibility,1,static_min,none,2,1,0.2125,0.68,3.4,17,19.0,1.1176470588235294,195.0,2,3
medium_compressibility,1,static_min,none,2,2,0.2125,0.68,3.4,17,18.0,1.0588235294117647,183.0,2,3
medium_compressibility,1,static_min,none,2,3,0.2125,0.68,3.4,17,18.0,1.0588235294117647,183.0,2,3
medium_compressibility,1,static_min,none,2,4,0.2125,0.68,3.4,17,18.0,1.0588235294117647,183.0,2,3
medium_compressibility,1,static_min,none,2,5,0.2125,0.68,3.4,17,18.0,1.0588235294117647,183.0,2,3
medium_compressibility,1,static_min,none,2,6,0.2125,0.68,3.4,17,18.0,1.0588235294117647,183.0,2,3
medium_compressibility,1,static_min,none,2,7,0.2125,0.68,3.4,17,18.0,1.0588235294117647,183.0,2,3
medium_compressibility,1,static_min,none,2,8,0.2125,0.68,3.4,17,18.0,1.0588235294117647,183.0,2,3
medium_compressibility,1,static_min,none,2,9,0.2125,0.68,3.4,17,18.0,1.0588235294117647,183.0,2,3
medium_compressibility,1,static_min,none,2,10,0.2125,0.68,3.4,17,18.0,1.0588235294117647,183.0,2,3
medium_compressibility,1,static_min,none,2,11,0.2125,0.68,3.4,17,18.0,1.0588235294117647,183.0,2,3
medium_compressibility,1,static_min,none,2,12,0.2125,0.68,3.4,17,18.0,1.0588235294117647,183.0,2,3
medium_compressibility,1,static_min,none,2,13,0.2125,0.68,3.4,17,18.0,1.0588235294117647,183.0,2,3
medium_compressibility,1,static_min,none,2,14,0.2125,0.68,3.4,17,18.0,1.0588235294117647,183.0,2,3
medium_compressibility,1,static_min,none,2,15,0.2125,0.68,3.4,17,18.0,1.0588235294117647,183.0,2,3
medium_compressibility,1,static_min,none,3,0,0.2125,0.68,3.4,17,17.0,1.0,171.0,0,0
medium_compressibility,1,static_min,none,3,1,0.2125,0.68,3.4,17,17.0,1.0,171.0,0,0
medium_compressibility,1,static_min,none,3,2,0.2125,0.68,3.4,17,17.0,1.0,171.0,0,0
medium_compressibility,1,static_min,none,3,3,0.2125,0.68,3.4,17,17.0,1.0,171.0,0,0
medium_compressibility,1,static_min,none,3,4,0.2125,0.68,3.4,17,17.0,1.0,171.0,0,0
medium_compressibility,1,static_min,none,3,5,0.2125,0.68,3.4,17,17.0,1.0,171.0,0,0
medium_compressibility,1,static_min,none,3,6,0.2125,0.68,3.4,17,17.0,1.0,171.0,0,0
medium_compressibility,1,static_min,none,3,7,0.2125,0.68,3.4,17,17.0,1.0,171.0,0,0
medium_compressibility,1,static_min,none,3,8,0.2125,0.68,3.4,17,17.0,1.0,171.0,0,0
medium_compressibility,1,static_min,none,3,9,0.2125,0.68,3.4,17,17.0,1.0,171.0,0,0
medium_compressibility,1,static_min,none,3,10,0.2125,0.68,3.4,17,17.0,1.0,171.0,0,0
medium_compressibility,1,static_min,none,3,11,0.2125,0.68,3.4,17,17.0,1.0,171.0,0,0
medium_compressibility,1,static_min,none,3,12,0.2125,0.68,3.4,17,17.0,1.0,171.0,0,0
medium_compressibility,1,static_min,none,3,13,0.2125,0.68,3.4,17,17.0,1.0,171.0,0,0
medium_compressibility,1,static_min,none,3,14,0.2125,0.68,3.4,17,17.0,1.0,171.0,0,0
medium_compressibility,1,static_min,none,3,15,0.2125,0.68,3.4,17,17.0,1.0,171.0,0,0
medium_compressibility,1,static_min,none,4,0,0.2125,0.68,3.4,17,17.0,1.0,171.0,0,0
medium_compressibility,1,static_min,none,4,1,0.2125,0.68,3.4,17,17.0,1.0,171.0,0,0
medium_compressibility,1,static_min,none,4,2,0.2125,0.68,3.4,17,17.0,1.0,171.0,0,0
medium_compressibility,1,static_min,none,4,3,0.2125,0.68,3.4,17,17.0,1.0,171.0,0,0
medium_compressibility,1,static_min,none,4,4,0.2125,0.68,3.4,17,17.0,1.0,171.0,0,0
medium_compressibility,1,static_min,none,4,5,0.2125,0.68,3.4,17,17.0,1.0,171.0,0,0
medium_compressibility,1,static_min,none,4,6,0.2125,0.68,3.4,17,17.0,1.0,171.0,0,0
medium_compressibility,1,static_min,none,4,7,0.2125,0.68,3.4,17,17.0,1.0,171.0,0,0
medium_compressibility,1,static_min,none,4,8,0.2125,0.68,3.4,17,17.0,1.0,171.0,0,0
medium_compressibility,1,static_min,none,4,9,0.2125,0.68,3.4,17,17.0,1.0,171.0,0,0
medium_compressibility,1,static_min,none,4,10,0.2125,0.68,3.4,17,17.0,1.0,171.0,0,0
medium_compressibility,1,static_min,none,4,11,0.2125,0.68,3.4,17,17.0,1.0,171.0,0,0
medium_compressibility,1,static_min,none,4,12,0.2125,0.68,3.4,17,17.0,1.0,171.0,0,0
medium_compressibility,1,static_min,none,4,13,0.2125,0.68,3.4,17,17.0,1.0,171.0,0,0
medium_compressibility,1,static_min,none,4,14,0.2125,0.68,3.4,17,17.0,1.0,171.0,0,0
medium_compressibility,1,static_min,none,4,15,0.2125,0.68,3.4,17,17.0,1.0,171.0,0,0
medium_compressibility,1,static_min,none,5,0,0.2125,0.68,3.4,17,17.0,1.0,171.0,0,0
medium_compressibility,1,static_min,none,5,1,0.2125,0.68,3.4,17,17.0,1.0,171.0,0,0
medium_compressibility,1,static_min,none,5,2,0.2125,0.68,3.4,17,17.0,1.0,171.0,0,0
medium_compressibility,1,static_min,none,5,3,0.2125,0.68,3.4,17,17.0,1.0,171.0,0,0
medium_compressibility,1,static_min,none,5,4,0.2125,0.68,3.4,17,17.0,1.0,171.0,0,0
medium_compressibility,1,static_min,none,5,5,0.2125,0.68,3.4,17,17.0,1.0,171.0,0,0
medium_compressibility,1,static_min,none,5,6,0.2125,0.68,3.4,17,17.0,1.0,171.0,0,0
medium_compressibility,1,static_min,none,5,7,0.2125,0.68,3.4,17,17.0,1.0,171.0,0,0
medium_compressibility,1,static_min,none,5,8,0.2125,0.68,3.4,17,17.0,1.0,171.0,0,0
medium_compressibility,1,static_min,none,5,9,0.2125,0.68,3.4,17,17.0,1.0,171.0,0,0
medium_compressibility,1,static_min,none,5,10,0.2125,0.68,3.4,17,17.0,1.0,171.0,0,0
medium_compressibility,1,static_min,none,5,11,0.2125,0.68,3.4,17,17.0,1.0,171.0,0,0
medium_compressibility,1,static_min,none,5,12,0.2125,0.68,3.4,17,17.0,1.0,171.0,0,0
medium_compressibility,1,static_min,none,5,13,0.2125,0.68,3.4,17,17.0,1.0,171.0,0,0
medium_compressibility,1,static_min,none,5,14,0.2125,0.68,3.4,17,17.0,1.0,171.0,0,0
medium_compressibility,1,static_min,none,5,15,0.2125,0.68,3.4,17,17.0,1.0,171.0,0,0
medium_compressibility,1,static_min,none,6,0,0.2125,0.68,3.4,17,17.0,1.0,171.0,0,0
medium_compressibility,1,static_min,none,6,1,0.2125,0.68,3.4,17,17.0,1.0,171.0,0,0
medium_compressibility,1,static_min,none,6,2,0.2125,0.68,3.4,17,17.0,1.0,171.0,0,0
medium_compressibility,1,static_min,none,6,3,0.2125,0.68,3.4,17,17.0,1.0,171.0,0,0
medium_compressibility,1,static_min,none,6,4,0.2125,0.68,3.4,17,17.0,1.0,171.0,0,0
medium_compressibility,1,static_min,none,6,5,0.2125,0.68,3.4,17,17.0,1.0,171.0,0,0
medium_compressibility,1,static_min,none,6,6,0.2125,0.68,3.4,17,17.0,1.0,171.0,0,0
medium_compressibility,1,static_min,none,6,7,0.2125,0.68,3.4,17,17.0,1.0,171.0,0,0
medium_compressibility,1,static_min,none,6,8,0.2125,0.68,3.4,17,17.0,1.0,171.0,0,0
medium_compressibility,1,static_min,none,6,9,0.2125,0.68,3.4,17,17.0,1.0,171.0,0,0
medium_compressibility,1,static_min,none,6,10,0.2125,0.68,3.4,17,17.0,1.0,171.0,0,0
medium_compressibility,1,static_min,none,6,11,0.2125,0.68,3.4,17,17.0,1.0,171.0,0,0
medium_compressibility,1,static_min,none,6,12,0.2125,0.68,3.4,17,17.0,1.0,171.0,0,0
medium_compressibility,1,static_min,none,6,13,0.2125,0.68,3.4,17,17.0,1.0,171.0,0,0
medium_compressibility,1,static_min,none,6,14,0.2125,0.68,3.4,17,17.0,1.0,171.0,0,0
medium_compressibility,1,static_min,none,6,15,0.2125,0.68,3.4,17,17.0,1.0,171.0,0,0
medium_compressibility,1,static_min,none,7,0,0.2125,0.68,3.4,17,17.0,1.0,171.0,0,0
medium_compressibility,1,static_min,none,7,1,0.2125,0.68,3.4,17,17.0,1.0,171.0,0,0
medium_compressibility,1,static_min,none,7,2,0.2125,0.68,3.4,17,17.0,1.0,171.0,0,0
medium_compressibility,1,static_min,none,7,3,0.2125,0.68,3.4,17,17.0,1.0,171.0,0,0
medium_compressibility,1,static_min,none,7,4,0.2125,0.68,3.4,17,17.0,1.0,171.0,0,0
medium_compressibility,1,static_min,none,7,5,0.2125,0.68,3.4,17,17.0,1.0,171.0,0,0
medium_compressibility,1,static_min,none,7,6,0.2125,0.68,3.4,17,17.0,1.0,171.0,0,0
medium_compressibility,1,static_min,none,7,7,0.2125,0.68,3.4,17,17.0,1.0,171.0,0,0
medium_compressibility,1,static_min,none,7,8,0.2125,0.68,3.4,17,17.0,1.0,171.0,0,0
medium_compressibility,1,static_min,none,7,9,0.2125,0.68,3.4,17,17.0,1.0,171.0,0,0
medium_compressibility,1,static_min,none,7,10,0.2125,0.68,3.4,17,17.0,1.0,171.0,0,0
medium_compressibility,1,static_min,none,7,11,0.2125,0.68,3.4,17,17.0,1.0,171.0,0,0
medium_compressibility,1,static_min,none,7,12,0.2125,0.68,3.4,17,17.0,1.0,171.0,0,0
medium_compressibility,1,static_min,none,7,13,0.2125,0.68,3.4,17,17.0,1.0,171.0,0,0
medium_compressibility,1,static_min,none,7,14,0.2125,0.68,3.4,17,17.0,1.0,171.0,0,0
medium_compressibility,1,static_min,none,7,15,0.2125,0.68,3.4,17,17.0,1.0,171.0,0,0
medium_compressibility,3,capacity_aware_static,C,1,0,0.3169230769230769,0.88,4.12,26,26.0,1.0,266.0,0,0
medium_compressibility,3,capacity_aware_static,C,1,1,0.3169230769230769,0.88,4.12,26,26.0,1.0,266.0,0,0
medium_compressibility,3,capacity_aware_static,C,1,2,0.3169230769230769,0.88,4.12,26,26.0,1.0,266.0,0,0
medium_compressibility,3,capacity_aware_static,C,1,3,0.3169230769230769,0.88,4.12,26,26.0,1.0,266.0,0,0
medium_compressibility,3,capacity_aware_static,C,1,4,0.3169230769230769,0.88,4.12,26,26.0,1.0,266.0,0,0
medium_compressibility,3,capacity_aware_static,C,1,5,0.3169230769230769,0.88,4.12,26,26.0,1.0,266.0,0,0
medium_compressibility,3,capacity_aware_static,C,1,6,0.3169230769230769,0.88,4.12,26,26.0,1.0,266.0,0,0
medium_compressibility,3,capacity_aware_static,C,1,7,0.3169230769230769,0.88,4.12,26,26.0,1.0,266.0,0,0
medium_compressibility,3,capacity_aware_static,C,1,8,0.3169230769230769,0.88,4.12,26,26.0,1.0,266.0,0,0
medium_compressibility,3,capacity_aware_static,C,1,9,0.3169230769230769,0.88,4.12,26,26.0,1.0,266.0,0,0
medium_compressibility,3,capacity_aware_static,C,1,10,0.3169230769230769,0.88,4.12,26,26.0,1.0,266.0,0,0
medium_compressibility,3,capacity_aware_static,C,1,11,0.3169230769230769,0.88,4.12,26,26.0,1.0,266.0,0,0
medium_compressibility,3,capacity_aware_static,C,1,12,0.3169230769230769,0.88,4.12,26,26.0,1.0,266.0,0,0
medium_compressibility,3,capacity_aware_static,C,1,13,0.3169230769230769,0.88,4.12,26,26.0,1.0,266.0,0,0
medium_compressibility,3,capacity_aware_static,C,1,14,0.3169230769230769,0.88,4.12,26,26.0,1.0,266.0,0,0
medium_compressibility,3,capacity_aware_static,C,1,15,0.3169230769230769,0.88,4.12,26,26.0,1.0,266.0,0,0
medium_compressibility,3,capacity_aware_static,C,2,0,0.3169230769230769,0.88,4.12,16,16.0,1.0,173.0,0,0
medium_compressibility,3,capacity_aware_static,C,2,1,0.3169230769230769,0.88,4.12,16,16.0,1.0,173.0,0,0
medium_compressibility,3,capacity_aware_static,C,2,2,0.3169230769230769,0.88,4.12,16,16.0,1.0,173.0,0,0
medium_compressibility,3,capacity_aware_static,C,2,3,0.3169230769230769,0.88,4.12,16,16.0,1.0,173.0,0,0
medium_compressibility,3,capacity_aware_static,C,2,4,0.3169230769230769,0.88,4.12,16,16.0,1.0,173.0,0,0
medium_compressibility,3,capacity_aware_static,C,2,5,0.3169230769230769,0.88,4.12,16,16.0,1.0,173.0,0,0
medium_compressibility,3,capacity_aware_static,C,2,6,0.3169230769230769,0.88,4.12,16,16.0,1.0,173.0,0,0
medium_compressibility,3,capacity_aware_static,C,2,7,0.3169230769230769,0.88,4.12,16,16.0,1.0,173.0,0,0
medium_compressibility,3,capacity_aware_static,C,2,8,0.3169230769230769,0.88,4.12,16,16.0,1.0,173.0,0,0
medium_compressibility,3,capacity_aware_static,C,2,9,0.3169230769230769,0.88,4.12,16,16.0,1.0,173.0,0,0
medium_compressibility,3,capacity_aware_static,C,2,10,0.3169230769230769,0.88,4.12,16,16.0,1.0,173.0,0,0
medium_compressibility,3,capacity_aware_static,C,2,11,0.3169230769230769,0.88,4.12,16,16.0,1.0,173.0,0,0
medium_compressibility,3,capacity_aware_static,C,2,12,0.3169230769230769,0.88,4.12,16,16.0,1.0,173.0,0,0
medium_compressibility,3,capacity_aware_static,C,2,13,0.3169230769230769,0.88,4.12,16,16.0,1.0,173.0,0,0
medium_compressibility,3,capacity_aware_static,C,2,14,0.3169230769230769,0.88,4.12,16,16.0,1.0,173.0,0,0
medium_compressibility,3,capacity_aware_static,C,2,15,0.3169230769230769,0.88,4.12,16,16.0,1.0,173.0,0,0
medium_compressibility,3,capacity_aware_static,C,3,0,0.3169230769230769,0.88,4.12,14,14.0,1.0,156.0,0,0
medium_compressibility,3,capacity_aware_static,C,3,1,0.3169230769230769,0.88,4.12,14,14.0,1.0,156.0,0,0
medium_compressibility,3,capacity_aware_static,C,3,2,0.3169230769230769,0.88,4.12,14,14.0,1.0,156.0,0,0
medium_compressibility,3,capacity_aware_static,C,3,3,0.3169230769230769,0.88,4.12,14,14.0,1.0,156.0,0,0
medium_compressibility,3,capacity_aware_static,C,3,4,0.3169230769230769,0.88,4.12,14,14.0,1.0,156.0,0,0
medium_compressibility,3,capacity_aware_static,C,3,5,0.3169230769230769,0.88,4.12,14,14.0,1.0,156.0,0,0
medium_compressibility,3,capacity_aware_static,C,3,6,0.3169230769230769,0.88,4.12,14,14.0,1.0,156.0,0,0
medium_compressibility,3,capacity_aware_static,C,3,7,0.3169230769230769,0.88,4.12,14,14.0,1.0,156.0,0,0
medium_compressibility,3,capacity_aware_static,C,3,8,0.3169230769230769,0.88,4.12,14,14.0,1.0,156.0,0,0
medium_compressibility,3,capacity_aware_static,C,3,9,0.3169230769230769,0.88,4.12,14,14.0,1.0,156.0,0,0
medium_compressibility,3,capacity_aware_static,C,3,10,0.3169230769230769,0.88,4.12,14,14.0,1.0,156.0,0,0
medium_compressibility,3,capacity_aware_static,C,3,11,0.3169230769230769,0.88,4.12,14,14.0,1.0,156.0,0,0
medium_compressibility,3,capacity_aware_static,C,3,12,0.3169230769230769,0.88,4.12,14,14.0,1.0,156.0,0,0
medium_compressibility,3,capacity_aware_static,C,3,13,0.3169230769230769,0.88,4.12,14,14.0,1.0,156.0,0,0
medium_compressibility,3,capacity_aware_static,C,3,14,0.3169230769230769,0.88,4.12,14,14.0,1.0,156.0,0,0
medium_compressibility,3,capacity_aware_static,C,3,15,0.3169230769230769,0.88,4.12,14,14.0,1.0,156.0,0,0
medium_compressibility,3,capacity_aware_static,C,4,0,0.3169230769230769,0.88,4.12,14,14.0,1.0,154.0,0,0
medium_compressibility,3,capacity_aware_static,C,4,1,0.3169230769230769,0.88,4.12,14,14.0,1.0,154.0,0,0
medium_compressibility,3,capacity_aware_static,C,4,2,0.3169230769230769,0.88,4.12,14,14.0,1.0,154.0,0,0
medium_compressibility,3,capacity_aware_static,C,4,3,0.3169230769230769,0.88,4.12,14,14.0,1.0,154.0,0,0
medium_compressibility,3,capacity_aware_static,C,4,4,0.3169230769230769,0.88,4.12,14,14.0,1.0,154.0,0,0
medium_compressibility,3,capacity_aware_static,C,4,5,0.3169230769230769,0.88,4.12,14,14.0,1.0,154.0,0,0
medium_compressibility,3,capacity_aware_static,C,4,6,0.3169230769230769,0.88,4.12,14,14.0,1.0,154.0,0,0
medium_compressibility,3,capacity_aware_static,C,4,7,0.3169230769230769,0.88,4.12,14,14.0,1.0,154.0,0,0
medium_compressibility,3,capacity_aware_static,C,4,8,0.3169230769230769,0.88,4.12,14,14.0,1.0,154.0,0,0
medium_compressibility,3,capacity_aware_static,C,4,9,0.3169230769230769,0.88,4.12,14,14.0,1.0,154.0,0,0
medium_compressibility,3,capacity_aware_static,C,4,10,0.3169230769230769,0.88,4.12,14,14.0,1.0,154.0,0,0
medium_compressibility,3,capacity_aware_static,C,4,11,0.3169230769230769,0.88,4.12,14,14.0,1.0,154.0,0,0
medium_compressibility,3,capacity_aware_static,C,4,12,0.3169230769230769,0.88,4.12,14,14.0,1.0,154.0,0,0
medium_compressibility,3,capacity_aware_static,C,4,13,0.3169230769230769,0.88,4.12,14,14.0,1.0,154.0,0,0
medium_compressibility,3,capacity_aware_static,C,4,14,0.3169230769230769,0.88,4.12,14,14.0,1.0,154.0,0,0
medium_compressibility,3,capacity_aware_static,C,4,15,0.3169230769230769,0.88,4.12,14,14.0,1.0,154.0,0,0
medium_compressibility,3,capacity_aware_static,C,5,0,0.3169230769230769,0.88,4.12,14,14.0,1.0,152.0,0,0
medium_compressibility,3,capacity_aware_static,C,5,1,0.3169230769230769,0.88,4.12,14,14.0,1.0,152.0,0,0
medium_compressibility,3,capacity_aware_static,C,5,2,0.3169230769230769,0.88,4.12,14,14.0,1.0,152.0,0,0
medium_compressibility,3,capacity_aware_static,C,5,3,0.3169230769230769,0.88,4.12,14,14.0,1.0,152.0,0,0
medium_compressibility,3,capacity_aware_static,C,5,4,0.3169230769230769,0.88,4.12,14,14.0,1.0,152.0,0,0
medium_compressibility,3,capacity_aware_static,C,5,5,0.3169230769230769,0.88,4.12,14,14.0,1.0,152.0,0,0
medium_compressibility,3,capacity_aware_static,C,5,6,0.3169230769230769,0.88,4.12,14,14.0,1.0,152.0,0,0
medium_compressibility,3,capacity_aware_static,C,5,7,0.3169230769230769,0.88,4.12,14,14.0,1.0,152.0,0,0
medium_compressibility,3,capacity_aware_static,C,5,8,0.3169230769230769,0.88,4.12,14,14.0,1.0,152.0,0,0
medium_compressibility,3,capacity_aware_static,C,5,9,0.3169230769230769,0.88,4.12,14,14.0,1.0,152.0,0,0
medium_compressibility,3,capacity_aware_static,C,5,10,0.3169230769230769,0.88,4.12,14,14.0,1.0,152.0,0,0
medium_compressibility,3,capacity_aware_static,C,5,11,0.3169230769230769,0.88,4.12,14,14.0,1.0,152.0,0,0
medium_compressibility,3,capacity_aware_static,C,5,12,0.3169230769230769,0.88,4.12,14,14.0,1.0,152.0,0,0
medium_compressibility,3,capacity_aware_static,C,5,13,0.3169230769230769,0.88,4.12,14,14.0,1.0,152.0,0,0
medium_compressibility,3,capacity_aware_static,C,5,14,0.3169230769230769,0.88,4.12,14,14.0,1.0,152.0,0,0
medium_compressibility,3,capacity_aware_static,C,5,15,0.3169230769230769,0.88,4.12,14,14.0,1.0,152.0,0,0
medium_compressibility,3,capacity_aware_static,C,6,0,0.3169230769230769,0.88,4.12,14,14.0,1.0,152.0,0,0
medium_compressibility,3,capacity_aware_static,C,6,1,0.3169230769230769,0.88,4.12,14,14.0,1.0,152.0,0,0
medium_compressibility,3,capacity_aware_static,C,6,2,0.3169230769230769,0.88,4.12,14,14.0,1.0,152.0,0,0
medium_compressibility,3,capacity_aware_static,C,6,3,0.3169230769230769,0.88,4.12,14,14.0,1.0,152.0,0,0
medium_compressibility,3,capacity_aware_static,C,6,4,0.3169230769230769,0.88,4.12,14,14.0,1.0,152.0,0,0
medium_compressibility,3,capacity_aware_static,C,6,5,0.3169230769230769,0.88,4.12,14,14.0,1.0,152.0,0,0
medium_compressibility,3,capacity_aware_static,C,6,6,0.3169230769230769,0.88,4.12,14,14.0,1.0,152.0,0,0
medium_compressibility,3,capacity_aware_static,C,6,7,0.3169230769230769,0.88,4.12,14,14.0,1.0,152.0,0,0
medium_compressibility,3,capacity_aware_static,C,6,8,0.3169230769230769,0.88,4.12,14,14.0,1.0,152.0,0,0
medium_compressibility,3,capacity_aware_static,C,6,9,0.3169230769230769,0.88,4.12,14,14.0,1.0,152.0,0,0
medium_compressibility,3,capacity_aware_static,C,6,10,0.3169230769230769,0.88,4.12,14,14.0,1.0,152.0,0,0
medium_compressibility,3,capacity_aware_static,C,6,11,0.3169230769230769,0.88,4.12,14,14.0,1.0,152.0,0,0
medium_compressibility,3,capacity_aware_static,C,6,12,0.3169230769230769,0.88,4.12,14,14.0,1.0,152.0,0,0
medium_compressibility,3,capacity_aware_static,C,6,13,0.3169230769230769,0.88,4.12,14,14.0,1.0,152.0,0,0
medium_compressibility,3,capacity_aware_static,C,6,14,0.3169230769230769,0.88,4.12,14,14.0,1.0,152.0,0,0
medium_compressibility,3,capacity_aware_static,C,6,15,0.3169230769230769,0.88,4.12,14,14.0,1.0,152.0,0,0
medium_compressibility,3,capacity_aware_static,C,7,0,0.3169230769230769,0.88,4.12,14,14.0,1.0,152.0,0,0
medium_compressibility,3,capacity_aware_static,C,7,1,0.3169230769230769,0.88,4.12,14,14.0,1.0,152.0,0,0
medium_compressibility,3,capacity_aware_static,C,7,2,0.3169230769230769,0.88,4.12,14,14.0,1.0,152.0,0,0
medium_compressibility,3,capacity_aware_static,C,7,3,0.3169230769230769,0.88,4.12,14,14.0,1.0,152.0,0,0
medium_compressibility,3,capacity_aware_static,C,7,4,0.3169230769230769,0.88,4.12,14,14.0,1.0,152.0,0,0
medium_compressibility,3,capacity_aware_static,C,7,5,0.3169230769230769,0.88,4.12,14,14.0,1.0,152.0,0,0
medium_compressibility,3,capacity_aware_static,C,7,6,0.3169230769230769,0.88,4.12,14,14.0,1.0,152.0,0,0
medium_compressibility,3,capacity_aware_static,C,7,7,0.3169230769230769,0.88,4.12,14,14.0,1.0,152.0,0,0
medium_compressibility,3,capacity_aware_static,C,7,8,0.3169230769230769,0.88,4.12,14,14.0,1.0,152.0,0,0
medium_compressibility,3,capacity_aware_static,C,7,9,0.3169230769230769,0.88,4.12,14,14.0,1.0,152.0,0,0
medium_compressibility,3,capacity_aware_static,C,7,10,0.3169230769230769,0.88,4.12,14,14.0,1.0,152.0,0,0
medium_compressibility,3,capacity_aware_static,C,7,11,0.3169230769230769,0.88,4.12,14,14.0,1.0,152.0,0,0
medium_compressibility,3,capacity_aware_static,C,7,12,0.3169230769230769,0.88,4.12,14,14.0,1.0,152.0,0,0
medium_compressibility,3,capacity_aware_static,C,7,13,0.3169230769230769,0.88,4.12,14,14.0,1.0,152.0,0,0
medium_compressibility,3,capacity_aware_static,C,7,14,0.3169230769230769,0.88,4.12,14,14.0,1.0,152.0,0,0
medium_compressibility,3,capacity_aware_static,C,7,15,0.3169230769230769,0.88,4.12,14,14.0,1.0,152.0,0,0
medium_compressibility,3,smoothed,none,1,1,0.3169230769230769,0.88,4.12,14,26.0,1.8571428571428572,392.0,12,12
medium_compressibility,3,smoothed,none,1,2,0.3169230769230769,0.88,4.12,14,26.0,1.8571428571428572,392.0,12,12
medium_compressibility,3,smoothed,none,1,3,0.3169230769230769,0.88,4.12,14,26.0,1.8571428571428572,392.0,12,12
medium_compressibility,3,smoothed,none,1,4,0.3169230769230769,0.88,4.12,14,26.0,1.8571428571428572,392.0,12,12
medium_compressibility,3,smoothed,none,1,5,0.3169230769230769,0.88,4.12,14,26.0,1.8571428571428572,392.0,12,12
medium_compressibility,3,smoothed,none,1,6,0.3169230769230769,0.88,4.12,14,26.0,1.8571428571428572,392.0,12,12
medium_compressibility,3,smoothed,none,1,7,0.3169230769230769,0.88,4.12,14,26.0,1.8571428571428572,392.0,12,12
medium_compressibility,3,smoothed,none,1,8,0.3169230769230769,0.88,4.12,14,26.0,1.8571428571428572,392.0,12,12
medium_compressibility,3,smoothed,none,1,9,0.3169230769230769,0.88,4.12,14,26.0,1.8571428571428572,392.0,12,12
medium_compressibility,3,smoothed,none,1,10,0.3169230769230769,0.88,4.12,14,26.0,1.8571428571428572,392.0,12,12
medium_compressibility,3,smoothed,none,1,11,0.3169230769230769,0.88,4.12,14,26.0,1.8571428571428572,392.0,12,12
medium_compressibility,3,smoothed,none,1,12,0.3169230769230769,0.88,4.12,14,26.0,1.8571428571428572,392.0,12,12
medium_compressibility,3,smoothed,none,1,13,0.3169230769230769,0.88,4.12,14,26.0,1.8571428571428572,392.0,12,12
medium_compressibility,3,smoothed,none,1,14,0.3169230769230769,0.88,4.12,14,26.0,1.8571428571428572,392.0,12,12
medium_compressibility,3,smoothed,none,1,15,0.3169230769230769,0.88,4.12,14,26.0,1.8571428571428572,392.0,12,12
medium_compressibility,3,smoothed,none,2,0,0.3169230769230769,0.88,4.12,14,14.0,1.0,202.0,0,0
medium_compressibility,3,smoothed,none,2,1,0.3169230769230769,0.88,4.12,14,14.0,1.0,202.0,0,0
medium_compressibility,3,smoothed,none,2,2,0.3169230769230769,0.88,4.12,14,14.0,1.0,202.0,0,0
medium_compressibility,3,smoothed,none,2,3,0.3169230769230769,0.88,4.12,14,14.0,1.0,202.0,0,0
medium_compressibility,3,smoothed,none,2,4,0.3169230769230769,0.88,4.12,14,14.0,1.0,202.0,0,0
medium_compressibility,3,smoothed,none,2,5,0.3169230769230769,0.88,4.12,14,14.0,1.0,202.0,0,0
medium_compressibility,3,smoothed,none,2,6,0.3169230769230769,0.88,4.12,14,14.0,1.0,202.0,0,0
medium_compressibility,3,smoothed,none,2,7,0.3169230769230769,0.88,4.12,14,14.0,1.0,202.0,0,0
medium_compressibility,3,smoothed,none,2,8,0.3169230769230769,0.88,4.12,14,14.0,1.0,202.0,0,0
medium_compressibility,3,smoothed,none,2,9,0.3169230769230769,0.88,4.12,14,14.0,1.0,202.0,0,0
medium_compressibility,3,smoothed,none,2,10,0.3169230769230769,0.88,4.12,14,14.0,1.0,202.0,0,0
medium_compressibility,3,smoothed,none,2,11,0.3169230769230769,0.88,4.12,14,14.0,1.0,202.0,0,0
medium_compressibility,3,smoothed,none,2,12,0.3169230769230769,0.88,4.12,14,14.0,1.0,202.0,0,0
medium_compressibility,3,smoothed,none,2,13,0.3169230769230769,0.88,4.12,14,14.0,1.0,202.0,0,0
medium_compressibility,3,smoothed,none,2,14,0.3169230769230769,0.88,4.12,14,14.0,1.0,202.0,0,0
medium_compressibility,3,smoothed,none,2,15,0.3169230769230769,0.88,4.12,14,14.0,1.0,202.0,0,0
medium_compressibility,3,smoothed,none,3,0,0.3169230769230769,0.88,4.12,14,14.0,1.0,202.0,0,0
medium_compressibility,3,smoothed,none,3,1,0.3169230769230769,0.88,4.12,14,14.0,1.0,202.0,0,0
medium_compressibility,3,smoothed,none,3,2,0.3169230769230769,0.88,4.12,14,14.0,1.0,202.0,0,0
medium_compressibility,3,smoothed,none,3,3,0.3169230769230769,0.88,4.12,14,14.0,1.0,202.0,0,0
medium_compressibility,3,smoothed,none,3,4,0.3169230769230769,0.88,4.12,14,14.0,1.0,202.0,0,0
medium_compressibility,3,smoothed,none,3,5,0.3169230769230769,0.88,4.12,14,14.0,1.0,202.0,0,0
medium_compressibility,3,smoothed,none,3,6,0.3169230769230769,0.88,4.12,14,14.0,1.0,202.0,0,0
medium_compressibility,3,smoothed,none,3,7,0.3169230769230769,0.88,4.12,14,14.0,1.0,202.0,0,0
medium_compressibility,3,smoothed,none,3,8,0.3169230769230769,0.88,4.12,14,14.0,1.0,202.0,0,0
medium_compressibility,3,smoothed,none,3,9,0.3169230769230769,0.88,4.12,14,14.0,1.0,202.0,0,0
medium_compressibility,3,smoothed,none,3,10,0.3169230769230769,0.88,4.12,14,14.0,1.0,202.0,0,0
medium_compressibility,3,smoothed,none,3,11,0.3169230769230769,0.88,4.12,14,14.0,1.0,202.0,0,0
medium_compressibility,3,smoothed,none,3,12,0.3169230769230769,0.88,4.12,14,14.0,1.0,202.0,0,0
medium_compressibility,3,smoothed,none,3,13,0.3169230769230769,0.88,4.12,14,14.0,1.0,202.0,0,0
medium_compressibility,3,smoothed,none,3,14,0.3169230769230769,0.88,4.12,14,14.0,1.0,202.0,0,0
medium_compressibility,3,smoothed,none,3,15,0.3169230769230769,0.88,4.12,14,14.0,1.0,202.0,0,0
medium_compressibility,3,smoothed,none,4,0,0.3169230769230769,0.88,4.12,14,14.0,1.0,202.0,0,0
medium_compressibility,3,smoothed,none,4,1,0.3169230769230769,0.88,4.12,14,14.0,1.0,202.0,0,0
medium_compressibility,3,smoothed,none,4,2,0.3169230769230769,0.88,4.12,14,14.0,1.0,202.0,0,0
medium_compressibility,3,smoothed,none,4,3,0.3169230769230769,0.88,4.12,14,14.0,1.0,202.0,0,0
medium_compressibility,3,smoothed,none,4,4,0.3169230769230769,0.88,4.12,14,14.0,1.0,202.0,0,0
medium_compressibility,3,smoothed,none,4,5,0.3169230769230769,0.88,4.12,14,14.0,1.0,202.0,0,0
medium_compressibility,3,smoothed,none,4,6,0.3169230769230769,0.88,4.12,14,14.0,1.0,202.0,0,0
medium_compressibility,3,smoothed,none,4,7,0.3169230769230769,0.88,4.12,14,14.0,1.0,202.0,0,0
medium_compressibility,3,smoothed,none,4,8,0.3169230769230769,0.88,4.12,14,14.0,1.0,202.0,0,0
medium_compressibility,3,smoothed,none,4,9,0.3169230769230769,0.88,4.12,14,14.0,1.0,202.0,0,0
medium_compressibility,3,smoothed,none,4,10,0.3169230769230769,0.88,4.12,14,14.0,1.0,202.0,0,0
medium_compressibility,3,smoothed,none,4,11,0.3169230769230769,0.88,4.12,14,14.0,1.0,202.0,0,0
medium_compressibility,3,smoothed,none,4,12,0.3169230769230769,0.88,4.12,14,14.0,1.0,202.0,0,0
medium_compressibility,3,smoothed,none,4,13,0.3169230769230769,0.88,4.12,14,14.0,1.0,202.0,0,0
medium_compressibility,3,smoothed,none,4,14,0.3169230769230769,0.88,4.12,14,14.0,1.0,202.0,0,0
medium_compressibility,3,smoothed,none,4,15,0.3169230769230769,0.88,4.12,14,14.0,1.0,202.0,0,0
medium_compressibility,3,smoothed,none,5,0,0.3169230769230769,0.88,4.12,14,14.0,1.0,202.0,0,0
medium_compressibility,3,smoothed,none,5,1,0.3169230769230769,0.88,4.12,14,14.0,1.0,202.0,0,0
medium_compressibility,3,smoothed,none,5,2,0.3169230769230769,0.88,4.12,14,14.0,1.0,202.0,0,0
medium_compressibility,3,smoothed,none,5,3,0.3169230769230769,0.88,4.12,14,14.0,1.0,202.0,0,0
medium_compressibility,3,smoothed,none,5,4,0.3169230769230769,0.88,4.12,14,14.0,1.0,202.0,0,0
medium_compressibility,3,smoothed,none,5,5,0.3169230769230769,0.88,4.12,14,14.0,1.0,202.0,0,0
medium_compressibility,3,smoothed,none,5,6,0.3169230769230769,0.88,4.12,14,14.0,1.0,202.0,0,0
medium_compressibility,3,smoothed,none,5,7,0.3169230769230769,0.88,4.12,14,14.0,1.0,202.0,0,0
medium_compressibility,3,smoothed,none,5,8,0.3169230769230769,0.88,4.12,14,14.0,1.0,202.0,0,0
medium_compressibility,3,smoothed,none,5,9,0.3169230769230769,0.88,4.12,14,14.0,1.0,202.0,0,0
medium_compressibility,3,smoothed,none,5,10,0.3169230769230769,0.88,4.12,14,14.0,1.0,202.0,0,0
medium_compressibility,3,smoothed,none,5,11,0.3169230769230769,0.88,4.12,14,14.0,1.0,202.0,0,0
medium_compressibility,3,smoothed,none,5,12,0.3169230769230769,0.88,4.12,14,14.0,1.0,202.0,0,0
medium_compressibility,3,smoothed,none,5,13,0.3169230769230769,0.88,4.12,14,14.0,1.0,202.0,0,0
medium_compressibility,3,smoothed,none,5,14,0.3169230769230769,0.88,4.12,14,14.0,1.0,202.0,0,0
medium_compressibility,3,smoothed,none,5,15,0.3169230769230769,0.88,4.12,14,14.0,1.0,202.0,0,0
medium_compressibility,3,smoothed,none,6,0,0.3169230769230769,0.88,4.12,14,14.0,1.0,202.0,0,0
medium_compressibility,3,smoothed,none,6,1,0.3169230769230769,0.88,4.12,14,14.0,1.0,202.0,0,0
medium_compressibility,3,smoothed,none,6,2,0.3169230769230769,0.88,4.12,14,14.0,1.0,202.0,0,0
medium_compressibility,3,smoothed,none,6,3,0.3169230769230769,0.88,4.12,14,14.0,1.0,202.0,0,0
medium_compressibility,3,smoothed,none,6,4,0.3169230769230769,0.88,4.12,14,14.0,1.0,202.0,0,0
medium_compressibility,3,smoothed,none,6,5,0.3169230769230769,0.88,4.12,14,14.0,1.0,202.0,0,0
medium_compressibility,3,smoothed,none,6,6,0.3169230769230769,0.88,4.12,14,14.0,1.0,202.0,0,0
medium_compressibility,3,smoothed,none,6,7,0.3169230769230769,0.88,4.12,14,14.0,1.0,202.0,0,0
medium_compressibility,3,smoothed,none,6,8,0.3169230769230769,0.88,4.12,14,14.0,1.0,202.0,0,0
medium_compressibility,3,smoothed,none,6,9,0.3169230769230769,0.88,4.12,14,14.0,1.0,202.0,0,0
medium_compressibility,3,smoothed,none,6,10,0.3169230769230769,0.88,4.12,14,14.0,1.0,202.0,0,0
medium_compressibility,3,smoothed,none,6,11,0.3169230769230769,0.88,4.12,14,14.0,1.0,202.0,0,0
medium_compressibility,3,smoothed,none,6,12,0.3169230769230769,0.88,4.12,14,14.0,1.0,202.0,0,0
medium_compressibility,3,smoothed,none,6,13,0.3169230769230769,0.88,4.12,14,14.0,1.0,202.0,0,0
medium_compressibility,3,smoothed,none,6,14,0.3169230769230769,0.88,4.12,14,14.0,1.0,202.0,0,0
medium_compressibility,3,smoothed,none,6,15,0.3169230769230769,0.88,4.12,14,14.0,1.0,202.0,0,0
medium_compressibility,3,smoothed,none,7,0,0.3169230769230769,0.88,4.12,14,14.0,1.0,202.0,0,0
medium_compressibility,3,smoothed,none,7,1,0.3169230769230769,0.88,4.12,14,14.0,1.0,202.0,0,0
medium_compressibility,3,smoothed,none,7,2,0.3169230769230769,0.88,4.12,14,14.0,1.0,202.0,0,0
medium_compressibility,3,smoothed,none,7,3,0.3169230769230769,0.88,4.12,14,14.0,1.0,202.0,0,0
medium_compressibility,3,smoothed,none,7,4,0.3169230769230769,0.88,4.12,14,14.0,1.0,202.0,0,0
medium_compressibility,3,smoothed,none,7,5,0.3169230769230769,0.88,4.12,14,14.0,1.0,202.0,0,0
medium_compressibility,3,smoothed,none,7,6,0.3169230769230769,0.88,4.12,14,14.0,1.0,202.0,0,0
medium_compressibility,3,smoothed,none,7,7,0.3169230769230769,0.88,4.12,14,14.0,1.0,202.0,0,0
medium_compressibility,3,smoothed,none,7,8,0.3169230769230769,0.88,4.12,14,14.0,1.0,202.0,0,0
medium_compressibility,3,smoothed,none,7,9,0.3169230769230769,0.88,4.12,14,14.0,1.0,202.0,0,0
medium_compressibility,3,smoothed,none,7,10,0.3169230769230769,0.88,4.12,14,14.0,1.0,202.0,0,0
medium_compressibility,3,smoothed,none,7,11,0.3169230769230769,0.88,4.12,14,14.0,1.0,202.0,0,0
medium_compressibility,3,smoothed,none,7,12,0.3169230769230769,0.88,4.12,14,14.0,1.0,202.0,0,0
medium_compressibility,3,smoothed,none,7,13,0.3169230769230769,0.88,4.12,14,14.0,1.0,202.0,0,0
medium_compressibility,3,smoothed,none,7,14,0.3169230769230769,0.88,4.12,14,14.0,1.0,202.0,0,0
medium_compressibility,3,smoothed,none,7,15,0.3169230769230769,0.88,4.12,14,14.0,1.0,202.0,0,0
medium_compressibility,3,static_min,none,1,4,0.3169230769230769,0.88,4.12,14,27.0,1.9285714285714286,314.0,13,13
medium_compressibility,3,static_min,none,1,5,0.3169230769230769,0.88,4.12,14,27.0,1.9285714285714286,314.0,13,13
medium_compressibility,3,static_min,none,1,6,0.3169230769230769,0.88,4.12,14,27.0,1.9285714285714286,314.0,13,13
medium_compressibility,3,static_min,none,1,7,0.3169230769230769,0.88,4.12,14,27.0,1.9285714285714286,314.0,13,13
medium_compressibility,3,static_min,none,1,8,0.3169230769230769,0.88,4.12,14,27.0,1.9285714285714286,314.0,13,13
medium_compressibility,3,static_min,none,1,9,0.3169230769230769,0.88,4.12,14,27.0,1.9285714285714286,314.0,13,13
medium_compressibility,3,static_min,none,1,10,0.3169230769230769,0.88,4.12,14,27.0,1.9285714285714286,314.0,13,13
medium_compressibility,3,static_min,none,1,11,0.3169230769230769,0.88,4.12,14,27.0,1.9285714285714286,314.0,13,13
medium_compressibility,3,static_min,none,1,12,0.3169230769230769,0.88,4.12,14,27.0,1.9285714285714286,314.0,13,13
medium_compressibility,3,static_min,none,1,13,0.3169230769230769,0.88,4.12,14,27.0,1.9285714285714286,314.0,13,13
medium_compressibility,3,static_min,none,1,14,0.3169230769230769,0.88,4.12,14,27.0,1.9285714285714286,314.0,13,13
medium_compressibility,3,static_min,none,1,15,0.3169230769230769,0.88,4.12,14,27.0,1.9285714285714286,314.0,13,13
medium_compressibility,3,static_min,none,2,3,0.3169230769230769,0.88,4.12,14,17.0,1.2142857142857142,192.0,5,6
medium_compressibility,3,static_min,none,2,4,0.3169230769230769,0.88,4.12,14,17.0,1.2142857142857142,192.0,5,6
medium_compressibility,3,static_min,none,2,5,0.3169230769230769,0.88,4.12,14,17.0,1.2142857142857142,192.0,5,6
medium_compressibility,3,static_min,none,2,6,0.3169230769230769,0.88,4.12,14,17.0,1.2142857142857142,192.0,5,6
medium_compressibility,3,static_min,none,2,7,0.3169230769230769,0.88,4.12,14,17.0,1.2142857142857142,192.0,5,6
medium_compressibility,3,static_min,none,2,8,0.3169230769230769,0.88,4.12,14,17.0,1.2142857142857142,192.0,5,6
medium_compressibility,3,static_min,none,2,9,0.3169230769230769,0.88,4.12,14,17.0,1.2142857142857142,192.0,5,6
medium_compressibility,3,static_min,none,2,10,0.3169230769230769,0.88,4.12,14,17.0,1.2142857142857142,192.0,5,6
medium_compressibility,3,static_min,none,2,11,0.3169230769230769,0.88,4.12,14,17.0,1.2142857142857142,192.0,5,6
medium_compressibility,3,static_min,none,2,12,0.3169230769230769,0.88,4.12,14,17.0,1.2142857142857142,192.0,5,6
medium_compressibility,3,static_min,none,2,13,0.3169230769230769,0.88,4.12,14,17.0,1.2142857142857142,192.0,5,6
medium_compressibility,3,static_min,none,2,14,0.3169230769230769,0.88,4.12,14,17.0,1.2142857142857142,192.0,5,6
medium_compressibility,3,static_min,none,2,15,0.3169230769230769,0.88,4.12,14,17.0,1.2142857142857142,192.0,5,6
medium_compressibility,3,static_min,none,3,2,0.3169230769230769,0.88,4.12,14,16.0,1.1428571428571428,179.0,2,3
medium_compressibility,3,static_min,none,3,3,0.3169230769230769,0.88,4.12,14,15.0,1.0714285714285714,165.0,2,3
medium_compressibility,3,static_min,none,3,4,0.3169230769230769,0.88,4.12,14,15.0,1.0714285714285714,165.0,2,3
medium_compressibility,3,static_min,none,3,5,0.3169230769230769,0.88,4.12,14,15.0,1.0714285714285714,165.0,2,3
medium_compressibility,3,static_min,none,3,6,0.3169230769230769,0.88,4.12,14,15.0,1.0714285714285714,165.0,2,3
medium_compressibility,3,static_min,none,3,7,0.3169230769230769,0.88,4.12,14,15.0,1.0714285714285714,165.0,2,3
medium_compressibility,3,static_min,none,3,8,0.3169230769230769,0.88,4.12,14,15.0,1.0714285714285714,165.0,2,3
medium_compressibility,3,static_min,none,3,9,0.3169230769230769,0.88,4.12,14,15.0,1.0714285714285714,165.0,2,3
medium_compressibility,3,static_min,none,3,10,0.3169230769230769,0.88,4.12,14,15.0,1.0714285714285714,165.0,2,3
medium_compressibility,3,static_min,none,3,11,0.3169230769230769,0.88,4.12,14,15.0,1.0714285714285714,165.0,2,3
medium_compressibility,3,static_min,none,3,12,0.3169230769230769,0.88,4.12,14,15.0,1.0714285714285714,165.0,2,3
medium_compressibility,3,static_min,none,3,13,0.3169230769230769,0.88,4.12,14,15.0,1.0714285714285714,165.0,2,3
medium_compressibility,3,static_min,none,3,14,0.3169230769230769,0.88,4.12,14,15.0,1.0714285714285714,165.0,2,3
medium_compressibility,3,static_min,none,3,15,0.3169230769230769,0.88,4.12,14,15.0,1.0714285714285714,165.0,2,3
medium_compressibility,3,static_min,none,4,1,0.3169230769230769,0.88,4.12,14,14.0,1.0,152.0,0,1
medium_compressibility,3,static_min,none,4,2,0.3169230769230769,0.88,4.12,14,14.0,1.0,152.0,0,1
medium_compressibility,3,static_min,none,4,3,0.3169230769230769,0.88,4.12,14,14.0,1.0,152.0,0,1
medium_compressibility,3,static_min,none,4,4,0.3169230769230769,0.88,4.12,14,14.0,1.0,152.0,0,1
medium_compressibility,3,static_min,none,4,5,0.3169230769230769,0.88,4.12,14,14.0,1.0,152.0,0,1
medium_compressibility,3,static_min,none,4,6,0.3169230769230769,0.88,4.12,14,14.0,1.0,152.0,0,1
medium_compressibility,3,static_min,none,4,7,0.3169230769230769,0.88,4.12,14,14.0,1.0,152.0,0,1
medium_compressibility,3,static_min,none,4,8,0.3169230769230769,0.88,4.12,14,14.0,1.0,152.0,0,1
medium_compressibility,3,static_min,none,4,9,0.3169230769230769,0.88,4.12,14,14.0,1.0,152.0,0,1
medium_compressibility,3,static_min,none,4,10,0.3169230769230769,0.88,4.12,14,14.0,1.0,152.0,0,1
medium_compressibility,3,static_min,none,4,11,0.3169230769230769,0.88,4.12,14,14.0,1.0,152.0,0,1
medium_compressibility,3,static_min,none,4,12,0.3169230769230769,0.88,4.12,14,14.0,1.0,152.0,0,1
medium_compressibility,3,static_min,none,4,13,0.3169230769230769,0.88,4.12,14,14.0,1.0,152.0,0,1
medium_compressibility,3,static_min,none,4,14,0.3169230769230769,0.88,4.12,14,14.0,1.0,152.0,0,1
medium_compressibility,3,static_min,none,4,15,0.3169230769230769,0.88,4.12,14,14.0,1.0,152.0,0,1
medium_compressibility,3,static_min,none,5,0,0.3169230769230769,0.88,4.12,14,14.0,1.0,152.0,0,0
medium_compressibility,3,static_min,none,5,1,0.3169230769230769,0.88,4.12,14,14.0,1.0,152.0,0,0
medium_compressibility,3,static_min,none,5,2,0.3169230769230769,0.88,4.12,14,14.0,1.0,152.0,0,0
medium_compressibility,3,static_min,none,5,3,0.3169230769230769,0.88,4.12,14,14.0,1.0,152.0,0,0
medium_compressibility,3,static_min,none,5,4,0.3169230769230769,0.88,4.12,14,14.0,1.0,152.0,0,0
medium_compressibility,3,static_min,none,5,5,0.3169230769230769,0.88,4.12,14,14.0,1.0,152.0,0,0
medium_compressibility,3,static_min,none,5,6,0.3169230769230769,0.88,4.12,14,14.0,1.0,152.0,0,0
medium_compressibility,3,static_min,none,5,7,0.3169230769230769,0.88,4.12,14,14.0,1.0,152.0,0,0
medium_compressibility,3,static_min,none,5,8,0.3169230769230769,0.88,4.12,14,14.0,1.0,152.0,0,0
medium_compressibility,3,static_min,none,5,9,0.3169230769230769,0.88,4.12,14,14.0,1.0,152.0,0,0
medium_compressibility,3,static_min,none,5,10,0.3169230769230769,0.88,4.12,14,14.0,1.0,152.0,0,0
medium_compressibility,3,static_min,none,5,11,0.3169230769230769,0.88,4.12,14,14.0,1.0,152.0,0,0
medium_compressibility,3,static_min,none,5,12,0.3169230769230769,0.88,4.12,14,14.0,1.0,152.0,0,0
medium_compressibility,3,static_min,none,5,13,0.3169230769230769,0.88,4.12,14,14.0,1.0,152.0,0,0
medium_compressibility,3,static_min,none,5,14,0.3169230769230769,0.88,4.12,14,14.0,1.0,152.0,0,0
medium_compressibility,3,static_min,none,5,15,0.3169230769230769,0.88,4.12,14,14.0,1.0,152.0,0,0
medium_compressibility,3,static_min,none,6,0,0.3169230769230769,0.88,4.12,14,14.0,1.0,152.0,0,0
medium_compressibility,3,static_min,none,6,1,0.3169230769230769,0.88,4.12,14,14.0,1.0,152.0,0,0
medium_compressibility,3,static_min,none,6,2,0.3169230769230769,0.88,4.12,14,14.0,1.0,152.0,0,0
medium_compressibility,3,static_min,none,6,3,0.3169230769230769,0.88,4.12,14,14.0,1.0,152.0,0,0
medium_compressibility,3,static_min,none,6,4,0.3169230769230769,0.88,4.12,14,14.0,1.0,152.0,0,0
medium_compressibility,3,static_min,none,6,5,0.3169230769230769,0.88,4.12,14,14.0,1.0,152.0,0,0
medium_compressibility,3,static_min,none,6,6,0.3169230769230769,0.88,4.12,14,14.0,1.0,152.0,0,0
medium_compressibility,3,static_min,none,6,7,0.3169230769230769,0.88,4.12,14,14.0,1.0,152.0,0,0
medium_compressibility,3,static_min,none,6,8,0.3169230769230769,0.88,4.12,14,14.0,1.0,152.0,0,0
medium_compressibility,3,static_min,none,6,9,0.3169230769230769,0.88,4.12,14,14.0,1.0,152.0,0,0
medium_compressibility,3,static_min,none,6,10,0.3169230769230769,0.88,4.12,14,14.0,1.0,152.0,0,0
medium_compressibility,3,static_min,none,6,11,0.3169230769230769,0.88,4.12,14,14.0,1.0,152.0,0,0
medium_compressibility,3,static_min,none,6,12,0.3169230769230769,0.88,4.12,14,14.0,1.0,152.0,0,0
medium_compressibility,3,static_min,none,6,13,0.3169230769230769,0.88,4.12,14,14.0,1.0,152.0,0,0
medium_compressibility,3,static_min,none,6,14,0.3169230769230769,0.88,4.12,14,14.0,1.0,152.0,0,0
medium_compressibility,3,static_min,none,6,15,0.3169230769230769,0.88,4.12,14,14.0,1.0,152.0,0,0
medium_compressibility,3,static_min,none,7,0,0.3169230769230769,0.88,4.12,14,14.0,1.0,152.0,0,0
medium_compressibility,3,static_min,none,7,1,0.3169230769230769,0.88,4.12,14,14.0,1.0,152.0,0,0
medium_compressibility,3,static_min,none,7,2,0.3169230769230769,0.88,4.12,14,14.0,1.0,152.0,0,0
medium_compressibility,3,static_min,none,7,3,0.3169230769230769,0.88,4.12,14,14.0,1.0,152.0,0,0
medium_compressibility,3,static_min,none,7,4,0.3169230769230769,0.88,4.12,14,14.0,1.0,152.0,0,0
medium_compressibility,3,static_min,none,7,5,0.3169230769230769,0.88,4.12,14,14.0,1.0,152.0,0,0
medium_compressibility,3,static_min,none,7,6,0.3169230769230769,0.88,4.12,14,14.0,1.0,152.0,0,0
medium_compressibility,3,static_min,none,7,7,0.3169230769230769,0.88,4.12,14,14.0,1.0,152.0,0,0
medium_compressibility,3,static_min,none,7,8,0.3169230769230769,0.88,4.12,14,14.0,1.0,152.0,0,0
medium_compressibility,3,static_min,none,7,9,0.3169230769230769,0.88,4.12,14,14.0,1.0,152.0,0,0
medium_compressibility,3,static_min,none,7,10,0.3169230769230769,0.88,4.12,14,14.0,1.0,152.0,0,0
medium_compressibility,3,static_min,none,7,11,0.3169230769230769,0.88,4.12,14,14.0,1.0,152.0,0,0
medium_compressibility,3,static_min,none,7,12,0.3169230769230769,0.88,4.12,14,14.0,1.0,152.0,0,0
medium_compressibility,3,static_min,none,7,13,0.3169230769230769,0.88,4.12,14,14.0,1.0,152.0,0,0
medium_compressibility,3,static_min,none,7,14,0.3169230769230769,0.88,4.12,14,14.0,1.0,152.0,0,0
medium_compressibility,3,static_min,none,7,15,0.3169230769230769,0.88,4.12,14,14.0,1.0,152.0,0,0
medium_compressibility,5,capacity_aware_static,C,1,0,0.1323076923076923,0.72,1.72,27,27.0,1.0,265.0,0,0
medium_compressibility,5,capacity_aware_static,C,1,1,0.1323076923076923,0.72,1.72,27,27.0,1.0,265.0,0,0
medium_compressibility,5,capacity_aware_static,C,1,2,0.1323076923076923,0.72,1.72,27,27.0,1.0,265.0,0,0
medium_compressibility,5,capacity_aware_static,C,1,3,0.1323076923076923,0.72,1.72,27,27.0,1.0,265.0,0,0
medium_compressibility,5,capacity_aware_static,C,1,4,0.1323076923076923,0.72,1.72,27,27.0,1.0,265.0,0,0
medium_compressibility,5,capacity_aware_static,C,1,5,0.1323076923076923,0.72,1.72,27,27.0,1.0,265.0,0,0
medium_compressibility,5,capacity_aware_static,C,1,6,0.1323076923076923,0.72,1.72,27,27.0,1.0,265.0,0,0
medium_compressibility,5,capacity_aware_static,C,1,7,0.1323076923076923,0.72,1.72,27,27.0,1.0,265.0,0,0
medium_compressibility,5,capacity_aware_static,C,1,8,0.1323076923076923,0.72,1.72,27,27.0,1.0,265.0,0,0
medium_compressibility,5,capacity_aware_static,C,1,9,0.1323076923076923,0.72,1.72,27,27.0,1.0,265.0,0,0
medium_compressibility,5,capacity_aware_static,C,1,10,0.1323076923076923,0.72,1.72,27,27.0,1.0,265.0,0,0
medium_compressibility,5,capacity_aware_static,C,1,11,0.1323076923076923,0.72,1.72,27,27.0,1.0,265.0,0,0
medium_compressibility,5,capacity_aware_static,C,1,12,0.1323076923076923,0.72,1.72,27,27.0,1.0,265.0,0,0
medium_compressibility,5,capacity_aware_static,C,1,13,0.1323076923076923,0.72,1.72,27,27.0,1.0,265.0,0,0
medium_compressibility,5,capacity_aware_static,C,1,14,0.1323076923076923,0.72,1.72,27,27.0,1.0,265.0,0,0
medium_compressibility,5,capacity_aware_static,C,1,15,0.1323076923076923,0.72,1.72,27,27.0,1.0,265.0,0,0
medium_compressibility,5,capacity_aware_static,C,2,0,0.1323076923076923,0.72,1.72,17,17.0,1.0,173.0,0,0
medium_compressibility,5,capacity_aware_static,C,2,1,0.1323076923076923,0.72,1.72,17,17.0,1.0,173.0,0,0
medium_compressibility,5,capacity_aware_static,C,2,2,0.1323076923076923,0.72,1.72,17,17.0,1.0,173.0,0,0
medium_compressibility,5,capacity_aware_static,C,2,3,0.1323076923076923,0.72,1.72,17,17.0,1.0,173.0,0,0
medium_compressibility,5,capacity_aware_static,C,2,4,0.1323076923076923,0.72,1.72,17,17.0,1.0,173.0,0,0
medium_compressibility,5,capacity_aware_static,C,2,5,0.1323076923076923,0.72,1.72,17,17.0,1.0,173.0,0,0
medium_compressibility,5,capacity_aware_static,C,2,6,0.1323076923076923,0.72,1.72,17,17.0,1.0,173.0,0,0
medium_compressibility,5,capacity_aware_static,C,2,7,0.1323076923076923,0.72,1.72,17,17.0,1.0,173.0,0,0
medium_compressibility,5,capacity_aware_static,C,2,8,0.1323076923076923,0.72,1.72,17,17.0,1.0,173.0,0,0
medium_compressibility,5,capacity_aware_static,C,2,9,0.1323076923076923,0.72,1.72,17,17.0,1.0,173.0,0,0
medium_compressibility,5,capacity_aware_static,C,2,10,0.1323076923076923,0.72,1.72,17,17.0,1.0,173.0,0,0
medium_compressibility,5,capacity_aware_static,C,2,11,0.1323076923076923,0.72,1.72,17,17.0,1.0,173.0,0,0
medium_compressibility,5,capacity_aware_static,C,2,12,0.1323076923076923,0.72,1.72,17,17.0,1.0,173.0,0,0
medium_compressibility,5,capacity_aware_static,C,2,13,0.1323076923076923,0.72,1.72,17,17.0,1.0,173.0,0,0
medium_compressibility,5,capacity_aware_static,C,2,14,0.1323076923076923,0.72,1.72,17,17.0,1.0,173.0,0,0
medium_compressibility,5,capacity_aware_static,C,2,15,0.1323076923076923,0.72,1.72,17,17.0,1.0,173.0,0,0
medium_compressibility,5,capacity_aware_static,C,3,0,0.1323076923076923,0.72,1.72,14,14.0,1.0,155.0,0,0
medium_compressibility,5,capacity_aware_static,C,3,1,0.1323076923076923,0.72,1.72,14,14.0,1.0,155.0,0,0
medium_compressibility,5,capacity_aware_static,C,3,2,0.1323076923076923,0.72,1.72,14,14.0,1.0,155.0,0,0
medium_compressibility,5,capacity_aware_static,C,3,3,0.1323076923076923,0.72,1.72,14,14.0,1.0,155.0,0,0
medium_compressibility,5,capacity_aware_static,C,3,4,0.1323076923076923,0.72,1.72,14,14.0,1.0,155.0,0,0
medium_compressibility,5,capacity_aware_static,C,3,5,0.1323076923076923,0.72,1.72,14,14.0,1.0,155.0,0,0
medium_compressibility,5,capacity_aware_static,C,3,6,0.1323076923076923,0.72,1.72,14,14.0,1.0,155.0,0,0
medium_compressibility,5,capacity_aware_static,C,3,7,0.1323076923076923,0.72,1.72,14,14.0,1.0,155.0,0,0
medium_compressibility,5,capacity_aware_static,C,3,8,0.1323076923076923,0.72,1.72,14,14.0,1.0,155.0,0,0
medium_compressibility,5,capacity_aware_static,C,3,9,0.1323076923076923,0.72,1.72,14,14.0,1.0,155.0,0,0
medium_compressibility,5,capacity_aware_static,C,3,10,0.1323076923076923,0.72,1.72,14,14.0,1.0,155.0,0,0
medium_compressibility,5,capacity_aware_static,C,3,11,0.1323076923076923,0.72,1.72,14,14.0,1.0,155.0,0,0
medium_compressibility,5,capacity_aware_static,C,3,12,0.1323076923076923,0.72,1.72,14,14.0,1.0,155.0,0,0
medium_compressibility,5,capacity_aware_static,C,3,13,0.1323076923076923,0.72,1.72,14,14.0,1.0,155.0,0,0
medium_compressibility,5,capacity_aware_static,C,3,14,0.1323076923076923,0.72,1.72,14,14.0,1.0,155.0,0,0
medium_compressibility,5,capacity_aware_static,C,3,15,0.1323076923076923,0.72,1.72,14,14.0,1.0,155.0,0,0
medium_compressibility,5,capacity_aware_static,C,4,0,0.1323076923076923,0.72,1.72,14,14.0,1.0,155.0,0,0
medium_compressibility,5,capacity_aware_static,C,4,1,0.1323076923076923,0.72,1.72,14,14.0,1.0,155.0,0,0
medium_compressibility,5,capacity_aware_static,C,4,2,0.1323076923076923,0.72,1.72,14,14.0,1.0,155.0,0,0
medium_compressibility,5,capacity_aware_static,C,4,3,0.1323076923076923,0.72,1.72,14,14.0,1.0,155.0,0,0
medium_compressibility,5,capacity_aware_static,C,4,4,0.1323076923076923,0.72,1.72,14,14.0,1.0,155.0,0,0
medium_compressibility,5,capacity_aware_static,C,4,5,0.1323076923076923,0.72,1.72,14,14.0,1.0,155.0,0,0
medium_compressibility,5,capacity_aware_static,C,4,6,0.1323076923076923,0.72,1.72,14,14.0,1.0,155.0,0,0
medium_compressibility,5,capacity_aware_static,C,4,7,0.1323076923076923,0.72,1.72,14,14.0,1.0,155.0,0,0
medium_compressibility,5,capacity_aware_static,C,4,8,0.1323076923076923,0.72,1.72,14,14.0,1.0,155.0,0,0
medium_compressibility,5,capacity_aware_static,C,4,9,0.1323076923076923,0.72,1.72,14,14.0,1.0,155.0,0,0
medium_compressibility,5,capacity_aware_static,C,4,10,0.1323076923076923,0.72,1.72,14,14.0,1.0,155.0,0,0
medium_compressibility,5,capacity_aware_static,C,4,11,0.1323076923076923,0.72,1.72,14,14.0,1.0,155.0,0,0
medium_compressibility,5,capacity_aware_static,C,4,12,0.1323076923076923,0.72,1.72,14,14.0,1.0,155.0,0,0
medium_compressibility,5,capacity_aware_static,C,4,13,0.1323076923076923,0.72,1.72,14,14.0,1.0,155.0,0,0
medium_compressibility,5,capacity_aware_static,C,4,14,0.1323076923076923,0.72,1.72,14,14.0,1.0,155.0,0,0
medium_compressibility,5,capacity_aware_static,C,4,15,0.1323076923076923,0.72,1.72,14,14.0,1.0,155.0,0,0
medium_compressibility,5,capacity_aware_static,C,5,0,0.1323076923076923,0.72,1.72,14,14.0,1.0,155.0,0,0
medium_compressibility,5,capacity_aware_static,C,5,1,0.1323076923076923,0.72,1.72,14,14.0,1.0,155.0,0,0
medium_compressibility,5,capacity_aware_static,C,5,2,0.1323076923076923,0.72,1.72,14,14.0,1.0,155.0,0,0
medium_compressibility,5,capacity_aware_static,C,5,3,0.1323076923076923,0.72,1.72,14,14.0,1.0,155.0,0,0
medium_compressibility,5,capacity_aware_static,C,5,4,0.1323076923076923,0.72,1.72,14,14.0,1.0,155.0,0,0
medium_compressibility,5,capacity_aware_static,C,5,5,0.1323076923076923,0.72,1.72,14,14.0,1.0,155.0,0,0
medium_compressibility,5,capacity_aware_static,C,5,6,0.1323076923076923,0.72,1.72,14,14.0,1.0,155.0,0,0
medium_compressibility,5,capacity_aware_static,C,5,7,0.1323076923076923,0.72,1.72,14,14.0,1.0,155.0,0,0
medium_compressibility,5,capacity_aware_static,C,5,8,0.1323076923076923,0.72,1.72,14,14.0,1.0,155.0,0,0
medium_compressibility,5,capacity_aware_static,C,5,9,0.1323076923076923,0.72,1.72,14,14.0,1.0,155.0,0,0
medium_compressibility,5,capacity_aware_static,C,5,10,0.1323076923076923,0.72,1.72,14,14.0,1.0,155.0,0,0
medium_compressibility,5,capacity_aware_static,C,5,11,0.1323076923076923,0.72,1.72,14,14.0,1.0,155.0,0,0
medium_compressibility,5,capacity_aware_static,C,5,12,0.1323076923076923,0.72,1.72,14,14.0,1.0,155.0,0,0
medium_compressibility,5,capacity_aware_static,C,5,13,0.1323076923076923,0.72,1.72,14,14.0,1.0,155.0,0,0
medium_compressibility,5,capacity_aware_static,C,5,14,0.1323076923076923,0.72,1.72,14,14.0,1.0,155.0,0,0
medium_compressibility,5,capacity_aware_static,C,5,15,0.1323076923076923,0.72,1.72,14,14.0,1.0,155.0,0,0
medium_compressibility,5,capacity_aware_static,C,6,0,0.1323076923076923,0.72,1.72,14,14.0,1.0,155.0,0,0
medium_compressibility,5,capacity_aware_static,C,6,1,0.1323076923076923,0.72,1.72,14,14.0,1.0,155.0,0,0
medium_compressibility,5,capacity_aware_static,C,6,2,0.1323076923076923,0.72,1.72,14,14.0,1.0,155.0,0,0
medium_compressibility,5,capacity_aware_static,C,6,3,0.1323076923076923,0.72,1.72,14,14.0,1.0,155.0,0,0
medium_compressibility,5,capacity_aware_static,C,6,4,0.1323076923076923,0.72,1.72,14,14.0,1.0,155.0,0,0
medium_compressibility,5,capacity_aware_static,C,6,5,0.1323076923076923,0.72,1.72,14,14.0,1.0,155.0,0,0
medium_compressibility,5,capacity_aware_static,C,6,6,0.1323076923076923,0.72,1.72,14,14.0,1.0,155.0,0,0
medium_compressibility,5,capacity_aware_static,C,6,7,0.1323076923076923,0.72,1.72,14,14.0,1.0,155.0,0,0
medium_compressibility,5,capacity_aware_static,C,6,8,0.1323076923076923,0.72,1.72,14,14.0,1.0,155.0,0,0
medium_compressibility,5,capacity_aware_static,C,6,9,0.1323076923076923,0.72,1.72,14,14.0,1.0,155.0,0,0
medium_compressibility,5,capacity_aware_static,C,6,10,0.1323076923076923,0.72,1.72,14,14.0,1.0,155.0,0,0
medium_compressibility,5,capacity_aware_static,C,6,11,0.1323076923076923,0.72,1.72,14,14.0,1.0,155.0,0,0
medium_compressibility,5,capacity_aware_static,C,6,12,0.1323076923076923,0.72,1.72,14,14.0,1.0,155.0,0,0
medium_compressibility,5,capacity_aware_static,C,6,13,0.1323076923076923,0.72,1.72,14,14.0,1.0,155.0,0,0
medium_compressibility,5,capacity_aware_static,C,6,14,0.1323076923076923,0.72,1.72,14,14.0,1.0,155.0,0,0
medium_compressibility,5,capacity_aware_static,C,6,15,0.1323076923076923,0.72,1.72,14,14.0,1.0,155.0,0,0
medium_compressibility,5,capacity_aware_static,C,7,0,0.1323076923076923,0.72,1.72,14,14.0,1.0,155.0,0,0
medium_compressibility,5,capacity_aware_static,C,7,1,0.1323076923076923,0.72,1.72,14,14.0,1.0,155.0,0,0
medium_compressibility,5,capacity_aware_static,C,7,2,0.1323076923076923,0.72,1.72,14,14.0,1.0,155.0,0,0
medium_compressibility,5,capacity_aware_static,C,7,3,0.1323076923076923,0.72,1.72,14,14.0,1.0,155.0,0,0
medium_compressibility,5,capacity_aware_static,C,7,4,0.1323076923076923,0.72,1.72,14,14.0,1.0,155.0,0,0
medium_compressibility,5,capacity_aware_static,C,7,5,0.1323076923076923,0.72,1.72,14,14.0,1.0,155.0,0,0
medium_compressibility,5,capacity_aware_static,C,7,6,0.1323076923076923,0.72,1.72,14,14.0,1.0,155.0,0,0
medium_compressibility,5,capacity_aware_static,C,7,7,0.1323076923076923,0.72,1.72,14,14.0,1.0,155.0,0,0
medium_compressibility,5,capacity_aware_static,C,7,8,0.1323076923076923,0.72,1.72,14,14.0,1.0,155.0,0,0
medium_compressibility,5,capacity_aware_static,C,7,9,0.1323076923076923,0.72,1.72,14,14.0,1.0,155.0,0,0
medium_compressibility,5,capacity_aware_static,C,7,10,0.1323076923076923,0.72,1.72,14,14.0,1.0,155.0,0,0
medium_compressibility,5,capacity_aware_static,C,7,11,0.1323076923076923,0.72,1.72,14,14.0,1.0,155.0,0,0
medium_compressibility,5,capacity_aware_static,C,7,12,0.1323076923076923,0.72,1.72,14,14.0,1.0,155.0,0,0
medium_compressibility,5,capacity_aware_static,C,7,13,0.1323076923076923,0.72,1.72,14,14.0,1.0,155.0,0,0
medium_compressibility,5,capacity_aware_static,C,7,14,0.1323076923076923,0.72,1.72,14,14.0,1.0,155.0,0,0
medium_compressibility,5,capacity_aware_static,C,7,15,0.1323076923076923,0.72,1.72,14,14.0,1.0,155.0,0,0
medium_compressibility,5,smoothed,none,1,1,0.1323076923076923,0.72,1.72,14,26.0,1.8571428571428572,327.0,12,12
medium_compressibility,5,smoothed,none,1,2,0.1323076923076923,0.72,1.72,14,26.0,1.8571428571428572,327.0,12,12
medium_compressibility,5,smoothed,none,1,3,0.1323076923076923,0.72,1.72,14,26.0,1.8571428571428572,327.0,12,12
medium_compressibility,5,smoothed,none,1,4,0.1323076923076923,0.72,1.72,14,26.0,1.8571428571428572,327.0,12,12
medium_compressibility,5,smoothed,none,1,5,0.1323076923076923,0.72,1.72,14,26.0,1.8571428571428572,327.0,12,12
medium_compressibility,5,smoothed,none,1,6,0.1323076923076923,0.72,1.72,14,26.0,1.8571428571428572,327.0,12,12
medium_compressibility,5,smoothed,none,1,7,0.1323076923076923,0.72,1.72,14,26.0,1.8571428571428572,327.0,12,12
medium_compressibility,5,smoothed,none,1,8,0.1323076923076923,0.72,1.72,14,26.0,1.8571428571428572,327.0,12,12
medium_compressibility,5,smoothed,none,1,9,0.1323076923076923,0.72,1.72,14,26.0,1.8571428571428572,327.0,12,12
medium_compressibility,5,smoothed,none,1,10,0.1323076923076923,0.72,1.72,14,26.0,1.8571428571428572,327.0,12,12
medium_compressibility,5,smoothed,none,1,11,0.1323076923076923,0.72,1.72,14,26.0,1.8571428571428572,327.0,12,12
medium_compressibility,5,smoothed,none,1,12,0.1323076923076923,0.72,1.72,14,26.0,1.8571428571428572,327.0,12,12
medium_compressibility,5,smoothed,none,1,13,0.1323076923076923,0.72,1.72,14,26.0,1.8571428571428572,327.0,12,12
medium_compressibility,5,smoothed,none,1,14,0.1323076923076923,0.72,1.72,14,26.0,1.8571428571428572,327.0,12,12
medium_compressibility,5,smoothed,none,1,15,0.1323076923076923,0.72,1.72,14,26.0,1.8571428571428572,327.0,12,12
medium_compressibility,5,smoothed,none,2,0,0.1323076923076923,0.72,1.72,14,14.0,1.0,171.0,0,0
medium_compressibility,5,smoothed,none,2,1,0.1323076923076923,0.72,1.72,14,14.0,1.0,171.0,0,0
medium_compressibility,5,smoothed,none,2,2,0.1323076923076923,0.72,1.72,14,14.0,1.0,171.0,0,0
medium_compressibility,5,smoothed,none,2,3,0.1323076923076923,0.72,1.72,14,14.0,1.0,171.0,0,0
medium_compressibility,5,smoothed,none,2,4,0.1323076923076923,0.72,1.72,14,14.0,1.0,171.0,0,0
medium_compressibility,5,smoothed,none,2,5,0.1323076923076923,0.72,1.72,14,14.0,1.0,171.0,0,0
medium_compressibility,5,smoothed,none,2,6,0.1323076923076923,0.72,1.72,14,14.0,1.0,171.0,0,0
medium_compressibility,5,smoothed,none,2,7,0.1323076923076923,0.72,1.72,14,14.0,1.0,171.0,0,0
medium_compressibility,5,smoothed,none,2,8,0.1323076923076923,0.72,1.72,14,14.0,1.0,171.0,0,0
medium_compressibility,5,smoothed,none,2,9,0.1323076923076923,0.72,1.72,14,14.0,1.0,171.0,0,0
medium_compressibility,5,smoothed,none,2,10,0.1323076923076923,0.72,1.72,14,14.0,1.0,171.0,0,0
medium_compressibility,5,smoothed,none,2,11,0.1323076923076923,0.72,1.72,14,14.0,1.0,171.0,0,0
medium_compressibility,5,smoothed,none,2,12,0.1323076923076923,0.72,1.72,14,14.0,1.0,171.0,0,0
medium_compressibility,5,smoothed,none,2,13,0.1323076923076923,0.72,1.72,14,14.0,1.0,171.0,0,0
medium_compressibility,5,smoothed,none,2,14,0.1323076923076923,0.72,1.72,14,14.0,1.0,171.0,0,0
medium_compressibility,5,smoothed,none,2,15,0.1323076923076923,0.72,1.72,14,14.0,1.0,171.0,0,0
medium_compressibility,5,smoothed,none,3,0,0.1323076923076923,0.72,1.72,14,14.0,1.0,171.0,0,0
medium_compressibility,5,smoothed,none,3,1,0.1323076923076923,0.72,1.72,14,14.0,1.0,171.0,0,0
medium_compressibility,5,smoothed,none,3,2,0.1323076923076923,0.72,1.72,14,14.0,1.0,171.0,0,0
medium_compressibility,5,smoothed,none,3,3,0.1323076923076923,0.72,1.72,14,14.0,1.0,171.0,0,0
medium_compressibility,5,smoothed,none,3,4,0.1323076923076923,0.72,1.72,14,14.0,1.0,171.0,0,0
medium_compressibility,5,smoothed,none,3,5,0.1323076923076923,0.72,1.72,14,14.0,1.0,171.0,0,0
medium_compressibility,5,smoothed,none,3,6,0.1323076923076923,0.72,1.72,14,14.0,1.0,171.0,0,0
medium_compressibility,5,smoothed,none,3,7,0.1323076923076923,0.72,1.72,14,14.0,1.0,171.0,0,0
medium_compressibility,5,smoothed,none,3,8,0.1323076923076923,0.72,1.72,14,14.0,1.0,171.0,0,0
medium_compressibility,5,smoothed,none,3,9,0.1323076923076923,0.72,1.72,14,14.0,1.0,171.0,0,0
medium_compressibility,5,smoothed,none,3,10,0.1323076923076923,0.72,1.72,14,14.0,1.0,171.0,0,0
medium_compressibility,5,smoothed,none,3,11,0.1323076923076923,0.72,1.72,14,14.0,1.0,171.0,0,0
medium_compressibility,5,smoothed,none,3,12,0.1323076923076923,0.72,1.72,14,14.0,1.0,171.0,0,0
medium_compressibility,5,smoothed,none,3,13,0.1323076923076923,0.72,1.72,14,14.0,1.0,171.0,0,0
medium_compressibility,5,smoothed,none,3,14,0.1323076923076923,0.72,1.72,14,14.0,1.0,171.0,0,0
medium_compressibility,5,smoothed,none,3,15,0.1323076923076923,0.72,1.72,14,14.0,1.0,171.0,0,0
medium_compressibility,5,smoothed,none,4,0,0.1323076923076923,0.72,1.72,14,14.0,1.0,171.0,0,0
medium_compressibility,5,smoothed,none,4,1,0.1323076923076923,0.72,1.72,14,14.0,1.0,171.0,0,0
medium_compressibility,5,smoothed,none,4,2,0.1323076923076923,0.72,1.72,14,14.0,1.0,171.0,0,0
medium_compressibility,5,smoothed,none,4,3,0.1323076923076923,0.72,1.72,14,14.0,1.0,171.0,0,0
medium_compressibility,5,smoothed,none,4,4,0.1323076923076923,0.72,1.72,14,14.0,1.0,171.0,0,0
medium_compressibility,5,smoothed,none,4,5,0.1323076923076923,0.72,1.72,14,14.0,1.0,171.0,0,0
medium_compressibility,5,smoothed,none,4,6,0.1323076923076923,0.72,1.72,14,14.0,1.0,171.0,0,0
medium_compressibility,5,smoothed,none,4,7,0.1323076923076923,0.72,1.72,14,14.0,1.0,171.0,0,0
medium_compressibility,5,smoothed,none,4,8,0.1323076923076923,0.72,1.72,14,14.0,1.0,171.0,0,0
medium_compressibility,5,smoothed,none,4,9,0.1323076923076923,0.72,1.72,14,14.0,1.0,171.0,0,0
medium_compressibility,5,smoothed,none,4,10,0.1323076923076923,0.72,1.72,14,14.0,1.0,171.0,0,0
medium_compressibility,5,smoothed,none,4,11,0.1323076923076923,0.72,1.72,14,14.0,1.0,171.0,0,0
medium_compressibility,5,smoothed,none,4,12,0.1323076923076923,0.72,1.72,14,14.0,1.0,171.0,0,0
medium_compressibility,5,smoothed,none,4,13,0.1323076923076923,0.72,1.72,14,14.0,1.0,171.0,0,0
medium_compressibility,5,smoothed,none,4,14,0.1323076923076923,0.72,1.72,14,14.0,1.0,171.0,0,0
medium_compressibility,5,smoothed,none,4,15,0.1323076923076923,0.72,1.72,14,14.0,1.0,171.0,0,0
medium_compressibility,5,smoothed,none,5,0,0.1323076923076923,0.72,1.72,14,14.0,1.0,171.0,0,0
medium_compressibility,5,smoothed,none,5,1,0.1323076923076923,0.72,1.72,14,14.0,1.0,171.0,0,0
medium_compressibility,5,smoothed,none,5,2,0.1323076923076923,0.72,1.72,14,14.0,1.0,171.0,0,0
medium_compressibility,5,smoothed,none,5,3,0.1323076923076923,0.72,1.72,14,14.0,1.0,171.0,0,0
medium_compressibility,5,smoothed,none,5,4,0.1323076923076923,0.72,1.72,14,14.0,1.0,171.0,0,0
medium_compressibility,5,smoothed,none,5,5,0.1323076923076923,0.72,1.72,14,14.0,1.0,171.0,0,0
medium_compressibility,5,smoothed,none,5,6,0.1323076923076923,0.72,1.72,14,14.0,1.0,171.0,0,0
medium_compressibility,5,smoothed,none,5,7,0.1323076923076923,0.72,1.72,14,14.0,1.0,171.0,0,0
medium_compressibility,5,smoothed,none,5,8,0.1323076923076923,0.72,1.72,14,14.0,1.0,171.0,0,0
medium_compressibility,5,smoothed,none,5,9,0.1323076923076923,0.72,1.72,14,14.0,1.0,171.0,0,0
medium_compressibility,5,smoothed,none,5,10,0.1323076923076923,0.72,1.72,14,14.0,1.0,171.0,0,0
medium_compressibility,5,smoothed,none,5,11,0.1323076923076923,0.72,1.72,14,14.0,1.0,171.0,0,0
medium_compressibility,5,smoothed,none,5,12,0.1323076923076923,0.72,1.72,14,14.0,1.0,171.0,0,0
medium_compressibility,5,smoothed,none,5,13,0.1323076923076923,0.72,1.72,14,14.0,1.0,171.0,0,0
medium_compressibility,5,smoothed,none,5,14,0.1323076923076923,0.72,1.72,14,14.0,1.0,171.0,0,0
medium_compressibility,5,smoothed,none,5,15,0.1323076923076923,0.72,1.72,14,14.0,1.0,171.0,0,0
medium_compressibility,5,smoothed,none,6,0,0.1323076923076923,0.72,1.72,14,14.0,1.0,171.0,0,0
medium_compressibility,5,smoothed,none,6,1,0.1323076923076923,0.72,1.72,14,14.0,1.0,171.0,0,0
medium_compressibility,5,smoothed,none,6,2,0.1323076923076923,0.72,1.72,14,14.0,1.0,171.0,0,0
medium_compressibility,5,smoothed,none,6,3,0.1323076923076923,0.72,1.72,14,14.0,1.0,171.0,0,0
medium_compressibility,5,smoothed,none,6,4,0.1323076923076923,0.72,1.72,14,14.0,1.0,171.0,0,0
medium_compressibility,5,smoothed,none,6,5,0.1323076923076923,0.72,1.72,14,14.0,1.0,171.0,0,0
medium_compressibility,5,smoothed,none,6,6,0.1323076923076923,0.72,1.72,14,14.0,1.0,171.0,0,0
medium_compressibility,5,smoothed,none,6,7,0.1323076923076923,0.72,1.72,14,14.0,1.0,171.0,0,0
medium_compressibility,5,smoothed,none,6,8,0.1323076923076923,0.72,1.72,14,14.0,1.0,171.0,0,0
medium_compressibility,5,smoothed,none,6,9,0.1323076923076923,0.72,1.72,14,14.0,1.0,171.0,0,0
medium_compressibility,5,smoothed,none,6,10,0.1323076923076923,0.72,1.72,14,14.0,1.0,171.0,0,0
medium_compressibility,5,smoothed,none,6,11,0.1323076923076923,0.72,1.72,14,14.0,1.0,171.0,0,0
medium_compressibility,5,smoothed,none,6,12,0.1323076923076923,0.72,1.72,14,14.0,1.0,171.0,0,0
medium_compressibility,5,smoothed,none,6,13,0.1323076923076923,0.72,1.72,14,14.0,1.0,171.0,0,0
medium_compressibility,5,smoothed,none,6,14,0.1323076923076923,0.72,1.72,14,14.0,1.0,171.0,0,0
medium_compressibility,5,smoothed,none,6,15,0.1323076923076923,0.72,1.72,14,14.0,1.0,171.0,0,0
medium_compressibility,5,smoothed,none,7,0,0.1323076923076923,0.72,1.72,14,14.0,1.0,171.0,0,0
medium_compressibility,5,smoothed,none,7,1,0.1323076923076923,0.72,1.72,14,14.0,1.0,171.0,0,0
medium_compressibility,5,smoothed,none,7,2,0.1323076923076923,0.72,1.72,14,14.0,1.0,171.0,0,0
medium_compressibility,5,smoothed,none,7,3,0.1323076923076923,0.72,1.72,14,14.0,1.0,171.0,0,0
medium_compressibility,5,smoothed,none,7,4,0.1323076923076923,0.72,1.72,14,14.0,1.0,171.0,0,0
medium_compressibility,5,smoothed,none,7,5,0.1323076923076923,0.72,1.72,14,14.0,1.0,171.0,0,0
medium_compressibility,5,smoothed,none,7,6,0.1323076923076923,0.72,1.72,14,14.0,1.0,171.0,0,0
medium_compressibility,5,smoothed,none,7,7,0.1323076923076923,0.72,1.72,14,14.0,1.0,171.0,0,0
medium_compressibility,5,smoothed,none,7,8,0.1323076923076923,0.72,1.72,14,14.0,1.0,171.0,0,0
medium_compressibility,5,smoothed,none,7,9,0.1323076923076923,0.72,1.72,14,14.0,1.0,171.0,0,0
medium_compressibility,5,smoothed,none,7,10,0.1323076923076923,0.72,1.72,14,14.0,1.0,171.0,0,0
medium_compressibility,5,smoothed,none,7,11,0.1323076923076923,0.72,1.72,14,14.0,1.0,171.0,0,0
medium_compressibility,5,smoothed,none,7,12,0.1323076923076923,0.72,1.72,14,14.0,1.0,171.0,0,0
medium_compressibility,5,smoothed,none,7,13,0.1323076923076923,0.72,1.72,14,14.0,1.0,171.0,0,0
medium_compressibility,5,smoothed,none,7,14,0.1323076923076923,0.72,1.72,14,14.0,1.0,171.0,0,0
medium_compressibility,5,smoothed,none,7,15,0.1323076923076923,0.72,1.72,14,14.0,1.0,171.0,0,0
medium_compressibility,5,static_min,none,1,2,0.1323076923076923,0.72,1.72,14,27.0,1.9285714285714286,322.0,13,13
medium_compressibility,5,static_min,none,1,3,0.1323076923076923,0.72,1.72,14,27.0,1.9285714285714286,322.0,13,13
medium_compressibility,5,static_min,none,1,4,0.1323076923076923,0.72,1.72,14,27.0,1.9285714285714286,322.0,13,13
medium_compressibility,5,static_min,none,1,5,0.1323076923076923,0.72,1.72,14,27.0,1.9285714285714286,322.0,13,13
medium_compressibility,5,static_min,none,1,6,0.1323076923076923,0.72,1.72,14,27.0,1.9285714285714286,322.0,13,13
medium_compressibility,5,static_min,none,1,7,0.1323076923076923,0.72,1.72,14,27.0,1.9285714285714286,322.0,13,13
medium_compressibility,5,static_min,none,1,8,0.1323076923076923,0.72,1.72,14,27.0,1.9285714285714286,322.0,13,13
medium_compressibility,5,static_min,none,1,9,0.1323076923076923,0.72,1.72,14,27.0,1.9285714285714286,322.0,13,13
medium_compressibility,5,static_min,none,1,10,0.1323076923076923,0.72,1.72,14,27.0,1.9285714285714286,322.0,13,13
medium_compressibility,5,static_min,none,1,11,0.1323076923076923,0.72,1.72,14,27.0,1.9285714285714286,322.0,13,13
medium_compressibility,5,static_min,none,1,12,0.1323076923076923,0.72,1.72,14,27.0,1.9285714285714286,322.0,13,13
medium_compressibility,5,static_min,none,1,13,0.1323076923076923,0.72,1.72,14,27.0,1.9285714285714286,322.0,13,13
medium_compressibility,5,static_min,none,1,14,0.1323076923076923,0.72,1.72,14,27.0,1.9285714285714286,322.0,13,13
medium_compressibility,5,static_min,none,1,15,0.1323076923076923,0.72,1.72,14,27.0,1.9285714285714286,322.0,13,13
medium_compressibility,5,static_min,none,2,1,0.1323076923076923,0.72,1.72,14,15.0,1.0714285714285714,169.0,1,3
medium_compressibility,5,static_min,none,2,2,0.1323076923076923,0.72,1.72,14,15.0,1.0714285714285714,169.0,1,3
medium_compressibility,5,static_min,none,2,3,0.1323076923076923,0.72,1.72,14,15.0,1.0714285714285714,169.0,1,3
medium_compressibility,5,static_min,none,2,4,0.1323076923076923,0.72,1.72,14,15.0,1.0714285714285714,169.0,1,3
medium_compressibility,5,static_min,none,2,5,0.1323076923076923,0.72,1.72,14,15.0,1.0714285714285714,169.0,1,3
medium_compressibility,5,static_min,none,2,6,0.1323076923076923,0.72,1.72,14,15.0,1.0714285714285714,169.0,1,3
medium_compressibility,5,static_min,none,2,7,0.1323076923076923,0.72,1.72,14,15.0,1.0714285714285714,169.0,1,3
medium_compressibility,5,static_min,none,2,8,0.1323076923076923,0.72,1.72,14,15.0,1.0714285714285714,169.0,1,3
medium_compressibility,5,static_min,none,2,9,0.1323076923076923,0.72,1.72,14,15.0,1.0714285714285714,169.0,1,3
medium_compressibility,5,static_min,none,2,10,0.1323076923076923,0.72,1.72,14,15.0,1.0714285714285714,169.0,1,3
medium_compressibility,5,static_min,none,2,11,0.1323076923076923,0.72,1.72,14,15.0,1.0714285714285714,169.0,1,3
medium_compressibility,5,static_min,none,2,12,0.1323076923076923,0.72,1.72,14,15.0,1.0714285714285714,169.0,1,3
medium_compressibility,5,static_min,none,2,13,0.1323076923076923,0.72,1.72,14,15.0,1.0714285714285714,169.0,1,3
medium_compressibility,5,static_min,none,2,14,0.1323076923076923,0.72,1.72,14,15.0,1.0714285714285714,169.0,1,3
medium_compressibility,5,static_min,none,2,15,0.1323076923076923,0.72,1.72,14,15.0,1.0714285714285714,169.0,1,3
medium_compressibility,5,static_min,none,3,0,0.1323076923076923,0.72,1.72,14,14.0,1.0,155.0,0,0
medium_compressibility,5,static_min,none,3,1,0.1323076923076923,0.72,1.72,14,14.0,1.0,155.0,0,0
medium_compressibility,5,static_min,none,3,2,0.1323076923076923,0.72,1.72,14,14.0,1.0,155.0,0,0
medium_compressibility,5,static_min,none,3,3,0.1323076923076923,0.72,1.72,14,14.0,1.0,155.0,0,0
medium_compressibility,5,static_min,none,3,4,0.1323076923076923,0.72,1.72,14,14.0,1.0,155.0,0,0
medium_compressibility,5,static_min,none,3,5,0.1323076923076923,0.72,1.72,14,14.0,1.0,155.0,0,0
medium_compressibility,5,static_min,none,3,6,0.1323076923076923,0.72,1.72,14,14.0,1.0,155.0,0,0
medium_compressibility,5,static_min,none,3,7,0.1323076923076923,0.72,1.72,14,14.0,1.0,155.0,0,0
medium_compressibility,5,static_min,none,3,8,0.1323076923076923,0.72,1.72,14,14.0,1.0,155.0,0,0
medium_compressibility,5,static_min,none,3,9,0.1323076923076923,0.72,1.72,14,14.0,1.0,155.0,0,0
medium_compressibility,5,static_min,none,3,10,0.1323076923076923,0.72,1.72,14,14.0,1.0,155.0,0,0
medium_compressibility,5,static_min,none,3,11,0.1323076923076923,0.72,1.72,14,14.0,1.0,155.0,0,0
medium_compressibility,5,static_min,none,3,12,0.1323076923076923,0.72,1.72,14,14.0,1.0,155.0,0,0
medium_compressibility,5,static_min,none,3,13,0.1323076923076923,0.72,1.72,14,14.0,1.0,155.0,0,0
medium_compressibility,5,static_min,none,3,14,0.1323076923076923,0.72,1.72,14,14.0,1.0,155.0,0,0
medium_compressibility,5,static_min,none,3,15,0.1323076923076923,0.72,1.72,14,14.0,1.0,155.0,0,0
medium_compressibility,5,static_min,none,4,0,0.1323076923076923,0.72,1.72,14,14.0,1.0,155.0,0,0
medium_compressibility,5,static_min,none,4,1,0.1323076923076923,0.72,1.72,14,14.0,1.0,155.0,0,0
medium_compressibility,5,static_min,none,4,2,0.1323076923076923,0.72,1.72,14,14.0,1.0,155.0,0,0
medium_compressibility,5,static_min,none,4,3,0.1323076923076923,0.72,1.72,14,14.0,1.0,155.0,0,0
medium_compressibility,5,static_min,none,4,4,0.1323076923076923,0.72,1.72,14,14.0,1.0,155.0,0,0
medium_compressibility,5,static_min,none,4,5,0.1323076923076923,0.72,1.72,14,14.0,1.0,155.0,0,0
medium_compressibility,5,static_min,none,4,6,0.1323076923076923,0.72,1.72,14,14.0,1.0,155.0,0,0
medium_compressibility,5,static_min,none,4,7,0.1323076923076923,0.72,1.72,14,14.0,1.0,155.0,0,0
medium_compressibility,5,static_min,none,4,8,0.1323076923076923,0.72,1.72,14,14.0,1.0,155.0,0,0
medium_compressibility,5,static_min,none,4,9,0.1323076923076923,0.72,1.72,14,14.0,1.0,155.0,0,0
medium_compressibility,5,static_min,none,4,10,0.1323076923076923,0.72,1.72,14,14.0,1.0,155.0,0,0
medium_compressibility,5,static_min,none,4,11,0.1323076923076923,0.72,1.72,14,14.0,1.0,155.0,0,0
medium_compressibility,5,static_min,none,4,12,0.1323076923076923,0.72,1.72,14,14.0,1.0,155.0,0,0
medium_compressibility,5,static_min,none,4,13,0.1323076923076923,0.72,1.72,14,14.0,1.0,155.0,0,0
medium_compressibility,5,static_min,none,4,14,0.1323076923076923,0.72,1.72,14,14.0,1.0,155.0,0,0
medium_compressibility,5,static_min,none,4,15,0.1323076923076923,0.72,1.72,14,14.0,1.0,155.0,0,0
medium_compressibility,5,static_min,none,5,0,0.1323076923076923,0.72,1.72,14,14.0,1.0,155.0,0,0
medium_compressibility,5,static_min,none,5,1,0.1323076923076923,0.72,1.72,14,14.0,1.0,155.0,0,0
medium_compressibility,5,static_min,none,5,2,0.1323076923076923,0.72,1.72,14,14.0,1.0,155.0,0,0
medium_compressibility,5,static_min,none,5,3,0.1323076923076923,0.72,1.72,14,14.0,1.0,155.0,0,0
medium_compressibility,5,static_min,none,5,4,0.1323076923076923,0.72,1.72,14,14.0,1.0,155.0,0,0
medium_compressibility,5,static_min,none,5,5,0.1323076923076923,0.72,1.72,14,14.0,1.0,155.0,0,0
medium_compressibility,5,static_min,none,5,6,0.1323076923076923,0.72,1.72,14,14.0,1.0,155.0,0,0
medium_compressibility,5,static_min,none,5,7,0.1323076923076923,0.72,1.72,14,14.0,1.0,155.0,0,0
medium_compressibility,5,static_min,none,5,8,0.1323076923076923,0.72,1.72,14,14.0,1.0,155.0,0,0
medium_compressibility,5,static_min,none,5,9,0.1323076923076923,0.72,1.72,14,14.0,1.0,155.0,0,0
medium_compressibility,5,static_min,none,5,10,0.1323076923076923,0.72,1.72,14,14.0,1.0,155.0,0,0
medium_compressibility,5,static_min,none,5,11,0.1323076923076923,0.72,1.72,14,14.0,1.0,155.0,0,0
medium_compressibility,5,static_min,none,5,12,0.1323076923076923,0.72,1.72,14,14.0,1.0,155.0,0,0
medium_compressibility,5,static_min,none,5,13,0.1323076923076923,0.72,1.72,14,14.0,1.0,155.0,0,0
medium_compressibility,5,static_min,none,5,14,0.1323076923076923,0.72,1.72,14,14.0,1.0,155.0,0,0
medium_compressibility,5,static_min,none,5,15,0.1323076923076923,0.72,1.72,14,14.0,1.0,155.0,0,0
medium_compressibility,5,static_min,none,6,0,0.1323076923076923,0.72,1.72,14,14.0,1.0,155.0,0,0
medium_compressibility,5,static_min,none,6,1,0.1323076923076923,0.72,1.72,14,14.0,1.0,155.0,0,0
medium_compressibility,5,static_min,none,6,2,0.1323076923076923,0.72,1.72,14,14.0,1.0,155.0,0,0
medium_compressibility,5,static_min,none,6,3,0.1323076923076923,0.72,1.72,14,14.0,1.0,155.0,0,0
medium_compressibility,5,static_min,none,6,4,0.1323076923076923,0.72,1.72,14,14.0,1.0,155.0,0,0
medium_compressibility,5,static_min,none,6,5,0.1323076923076923,0.72,1.72,14,14.0,1.0,155.0,0,0
medium_compressibility,5,static_min,none,6,6,0.1323076923076923,0.72,1.72,14,14.0,1.0,155.0,0,0
medium_compressibility,5,static_min,none,6,7,0.1323076923076923,0.72,1.72,14,14.0,1.0,155.0,0,0
medium_compressibility,5,static_min,none,6,8,0.1323076923076923,0.72,1.72,14,14.0,1.0,155.0,0,0
medium_compressibility,5,static_min,none,6,9,0.1323076923076923,0.72,1.72,14,14.0,1.0,155.0,0,0
medium_compressibility,5,static_min,none,6,10,0.1323076923076923,0.72,1.72,14,14.0,1.0,155.0,0,0
medium_compressibility,5,static_min,none,6,11,0.1323076923076923,0.72,1.72,14,14.0,1.0,155.0,0,0
medium_compressibility,5,static_min,none,6,12,0.1323076923076923,0.72,1.72,14,14.0,1.0,155.0,0,0
medium_compressibility,5,static_min,none,6,13,0.1323076923076923,0.72,1.72,14,14.0,1.0,155.0,0,0
medium_compressibility,5,static_min,none,6,14,0.1323076923076923,0.72,1.72,14,14.0,1.0,155.0,0,0
medium_compressibility,5,static_min,none,6,15,0.1323076923076923,0.72,1.72,14,14.0,1.0,155.0,0,0
medium_compressibility,5,static_min,none,7,0,0.1323076923076923,0.72,1.72,14,14.0,1.0,155.0,0,0
medium_compressibility,5,static_min,none,7,1,0.1323076923076923,0.72,1.72,14,14.0,1.0,155.0,0,0
medium_compressibility,5,static_min,none,7,2,0.1323076923076923,0.72,1.72,14,14.0,1.0,155.0,0,0
medium_compressibility,5,static_min,none,7,3,0.1323076923076923,0.72,1.72,14,14.0,1.0,155.0,0,0
medium_compressibility,5,static_min,none,7,4,0.1323076923076923,0.72,1.72,14,14.0,1.0,155.0,0,0
medium_compressibility,5,static_min,none,7,5,0.1323076923076923,0.72,1.72,14,14.0,1.0,155.0,0,0
medium_compressibility,5,static_min,none,7,6,0.1323076923076923,0.72,1.72,14,14.0,1.0,155.0,0,0
medium_compressibility,5,static_min,none,7,7,0.1323076923076923,0.72,1.72,14,14.0,1.0,155.0,0,0
medium_compressibility,5,static_min,none,7,8,0.1323076923076923,0.72,1.72,14,14.0,1.0,155.0,0,0
medium_compressibility,5,static_min,none,7,9,0.1323076923076923,0.72,1.72,14,14.0,1.0,155.0,0,0
medium_compressibility,5,static_min,none,7,10,0.1323076923076923,0.72,1.72,14,14.0,1.0,155.0,0,0
medium_compressibility,5,static_min,none,7,11,0.1323076923076923,0.72,1.72,14,14.0,1.0,155.0,0,0
medium_compressibility,5,static_min,none,7,12,0.1323076923076923,0.72,1.72,14,14.0,1.0,155.0,0,0
medium_compressibility,5,static_min,none,7,13,0.1323076923076923,0.72,1.72,14,14.0,1.0,155.0,0,0
medium_compressibility,5,static_min,none,7,14,0.1323076923076923,0.72,1.72,14,14.0,1.0,155.0,0,0
medium_compressibility,5,static_min,none,7,15,0.1323076923076923,0.72,1.72,14,14.0,1.0,155.0,0,0
medium_compressibility,7,capacity_aware_static,C,1,0,0.15466666666666665,0.84,2.32,27,27.0,1.0,243.0,0,0
medium_compressibility,7,capacity_aware_static,C,1,1,0.15466666666666665,0.84,2.32,27,27.0,1.0,243.0,0,0
medium_compressibility,7,capacity_aware_static,C,1,2,0.15466666666666665,0.84,2.32,27,27.0,1.0,243.0,0,0
medium_compressibility,7,capacity_aware_static,C,1,3,0.15466666666666665,0.84,2.32,27,27.0,1.0,243.0,0,0
medium_compressibility,7,capacity_aware_static,C,1,4,0.15466666666666665,0.84,2.32,27,27.0,1.0,243.0,0,0
medium_compressibility,7,capacity_aware_static,C,1,5,0.15466666666666665,0.84,2.32,27,27.0,1.0,243.0,0,0
medium_compressibility,7,capacity_aware_static,C,1,6,0.15466666666666665,0.84,2.32,27,27.0,1.0,243.0,0,0
medium_compressibility,7,capacity_aware_static,C,1,7,0.15466666666666665,0.84,2.32,27,27.0,1.0,243.0,0,0
medium_compressibility,7,capacity_aware_static,C,1,8,0.15466666666666665,0.84,2.32,27,27.0,1.0,243.0,0,0
medium_compressibility,7,capacity_aware_static,C,1,9,0.15466666666666665,0.84,2.32,27,27.0,1.0,243.0,0,0
medium_compressibility,7,capacity_aware_static,C,1,10,0.15466666666666665,0.84,2.32,27,27.0,1.0,243.0,0,0
medium_compressibility,7,capacity_aware_static,C,1,11,0.15466666666666665,0.84,2.32,27,27.0,1.0,243.0,0,0
medium_compressibility,7,capacity_aware_static,C,1,12,0.15466666666666665,0.84,2.32,27,27.0,1.0,243.0,0,0
medium_compressibility,7,capacity_aware_static,C,1,13,0.15466666666666665,0.84,2.32,27,27.0,1.0,243.0,0,0
medium_compressibility,7,capacity_aware_static,C,1,14,0.15466666666666665,0.84,2.32,27,27.0,1.0,243.0,0,0
medium_compressibility,7,capacity_aware_static,C,1,15,0.15466666666666665,0.84,2.32,27,27.0,1.0,243.0,0,0
medium_compressibility,7,capacity_aware_static,C,2,0,0.15466666666666665,0.84,2.32,19,19.0,1.0,182.0,0,0
medium_compressibility,7,capacity_aware_static,C,2,1,0.15466666666666665,0.84,2.32,19,19.0,1.0,182.0,0,0
medium_compressibility,7,capacity_aware_static,C,2,2,0.15466666666666665,0.84,2.32,19,19.0,1.0,182.0,0,0
medium_compressibility,7,capacity_aware_static,C,2,3,0.15466666666666665,0.84,2.32,19,19.0,1.0,182.0,0,0
medium_compressibility,7,capacity_aware_static,C,2,4,0.15466666666666665,0.84,2.32,19,19.0,1.0,182.0,0,0
medium_compressibility,7,capacity_aware_static,C,2,5,0.15466666666666665,0.84,2.32,19,19.0,1.0,182.0,0,0
medium_compressibility,7,capacity_aware_static,C,2,6,0.15466666666666665,0.84,2.32,19,19.0,1.0,182.0,0,0
medium_compressibility,7,capacity_aware_static,C,2,7,0.15466666666666665,0.84,2.32,19,19.0,1.0,182.0,0,0
medium_compressibility,7,capacity_aware_static,C,2,8,0.15466666666666665,0.84,2.32,19,19.0,1.0,182.0,0,0
medium_compressibility,7,capacity_aware_static,C,2,9,0.15466666666666665,0.84,2.32,19,19.0,1.0,182.0,0,0
medium_compressibility,7,capacity_aware_static,C,2,10,0.15466666666666665,0.84,2.32,19,19.0,1.0,182.0,0,0
medium_compressibility,7,capacity_aware_static,C,2,11,0.15466666666666665,0.84,2.32,19,19.0,1.0,182.0,0,0
medium_compressibility,7,capacity_aware_static,C,2,12,0.15466666666666665,0.84,2.32,19,19.0,1.0,182.0,0,0
medium_compressibility,7,capacity_aware_static,C,2,13,0.15466666666666665,0.84,2.32,19,19.0,1.0,182.0,0,0
medium_compressibility,7,capacity_aware_static,C,2,14,0.15466666666666665,0.84,2.32,19,19.0,1.0,182.0,0,0
medium_compressibility,7,capacity_aware_static,C,2,15,0.15466666666666665,0.84,2.32,19,19.0,1.0,182.0,0,0
medium_compressibility,7,capacity_aware_static,C,3,0,0.15466666666666665,0.84,2.32,17,17.0,1.0,179.0,0,0
medium_compressibility,7,capacity_aware_static,C,3,1,0.15466666666666665,0.84,2.32,17,17.0,1.0,179.0,0,0
medium_compressibility,7,capacity_aware_static,C,3,2,0.15466666666666665,0.84,2.32,17,17.0,1.0,179.0,0,0
medium_compressibility,7,capacity_aware_static,C,3,3,0.15466666666666665,0.84,2.32,17,17.0,1.0,179.0,0,0
medium_compressibility,7,capacity_aware_static,C,3,4,0.15466666666666665,0.84,2.32,17,17.0,1.0,179.0,0,0
medium_compressibility,7,capacity_aware_static,C,3,5,0.15466666666666665,0.84,2.32,17,17.0,1.0,179.0,0,0
medium_compressibility,7,capacity_aware_static,C,3,6,0.15466666666666665,0.84,2.32,17,17.0,1.0,179.0,0,0
medium_compressibility,7,capacity_aware_static,C,3,7,0.15466666666666665,0.84,2.32,17,17.0,1.0,179.0,0,0
medium_compressibility,7,capacity_aware_static,C,3,8,0.15466666666666665,0.84,2.32,17,17.0,1.0,179.0,0,0
medium_compressibility,7,capacity_aware_static,C,3,9,0.15466666666666665,0.84,2.32,17,17.0,1.0,179.0,0,0
medium_compressibility,7,capacity_aware_static,C,3,10,0.15466666666666665,0.84,2.32,17,17.0,1.0,179.0,0,0
medium_compressibility,7,capacity_aware_static,C,3,11,0.15466666666666665,0.84,2.32,17,17.0,1.0,179.0,0,0
medium_compressibility,7,capacity_aware_static,C,3,12,0.15466666666666665,0.84,2.32,17,17.0,1.0,179.0,0,0
medium_compressibility,7,capacity_aware_static,C,3,13,0.15466666666666665,0.84,2.32,17,17.0,1.0,179.0,0,0
medium_compressibility,7,capacity_aware_static,C,3,14,0.15466666666666665,0.84,2.32,17,17.0,1.0,179.0,0,0
medium_compressibility,7,capacity_aware_static,C,3,15,0.15466666666666665,0.84,2.32,17,17.0,1.0,179.0,0,0
medium_compressibility,7,capacity_aware_static,C,4,0,0.15466666666666665,0.84,2.32,17,17.0,1.0,177.0,0,0
medium_compressibility,7,capacity_aware_static,C,4,1,0.15466666666666665,0.84,2.32,17,17.0,1.0,177.0,0,0
medium_compressibility,7,capacity_aware_static,C,4,2,0.15466666666666665,0.84,2.32,17,17.0,1.0,177.0,0,0
medium_compressibility,7,capacity_aware_static,C,4,3,0.15466666666666665,0.84,2.32,17,17.0,1.0,177.0,0,0
medium_compressibility,7,capacity_aware_static,C,4,4,0.15466666666666665,0.84,2.32,17,17.0,1.0,177.0,0,0
medium_compressibility,7,capacity_aware_static,C,4,5,0.15466666666666665,0.84,2.32,17,17.0,1.0,177.0,0,0
medium_compressibility,7,capacity_aware_static,C,4,6,0.15466666666666665,0.84,2.32,17,17.0,1.0,177.0,0,0
medium_compressibility,7,capacity_aware_static,C,4,7,0.15466666666666665,0.84,2.32,17,17.0,1.0,177.0,0,0
medium_compressibility,7,capacity_aware_static,C,4,8,0.15466666666666665,0.84,2.32,17,17.0,1.0,177.0,0,0
medium_compressibility,7,capacity_aware_static,C,4,9,0.15466666666666665,0.84,2.32,17,17.0,1.0,177.0,0,0
medium_compressibility,7,capacity_aware_static,C,4,10,0.15466666666666665,0.84,2.32,17,17.0,1.0,177.0,0,0
medium_compressibility,7,capacity_aware_static,C,4,11,0.15466666666666665,0.84,2.32,17,17.0,1.0,177.0,0,0
medium_compressibility,7,capacity_aware_static,C,4,12,0.15466666666666665,0.84,2.32,17,17.0,1.0,177.0,0,0
medium_compressibility,7,capacity_aware_static,C,4,13,0.15466666666666665,0.84,2.32,17,17.0,1.0,177.0,0,0
medium_compressibility,7,capacity_aware_static,C,4,14,0.15466666666666665,0.84,2.32,17,17.0,1.0,177.0,0,0
medium_compressibility,7,capacity_aware_static,C,4,15,0.15466666666666665,0.84,2.32,17,17.0,1.0,177.0,0,0
medium_compressibility,7,capacity_aware_static,C,5,0,0.15466666666666665,0.84,2.32,16,16.0,1.0,175.0,0,0
medium_compressibility,7,capacity_aware_static,C,5,1,0.15466666666666665,0.84,2.32,16,16.0,1.0,175.0,0,0
medium_compressibility,7,capacity_aware_static,C,5,2,0.15466666666666665,0.84,2.32,16,16.0,1.0,175.0,0,0
medium_compressibility,7,capacity_aware_static,C,5,3,0.15466666666666665,0.84,2.32,16,16.0,1.0,175.0,0,0
medium_compressibility,7,capacity_aware_static,C,5,4,0.15466666666666665,0.84,2.32,16,16.0,1.0,175.0,0,0
medium_compressibility,7,capacity_aware_static,C,5,5,0.15466666666666665,0.84,2.32,16,16.0,1.0,175.0,0,0
medium_compressibility,7,capacity_aware_static,C,5,6,0.15466666666666665,0.84,2.32,16,16.0,1.0,175.0,0,0
medium_compressibility,7,capacity_aware_static,C,5,7,0.15466666666666665,0.84,2.32,16,16.0,1.0,175.0,0,0
medium_compressibility,7,capacity_aware_static,C,5,8,0.15466666666666665,0.84,2.32,16,16.0,1.0,175.0,0,0
medium_compressibility,7,capacity_aware_static,C,5,9,0.15466666666666665,0.84,2.32,16,16.0,1.0,175.0,0,0
medium_compressibility,7,capacity_aware_static,C,5,10,0.15466666666666665,0.84,2.32,16,16.0,1.0,175.0,0,0
medium_compressibility,7,capacity_aware_static,C,5,11,0.15466666666666665,0.84,2.32,16,16.0,1.0,175.0,0,0
medium_compressibility,7,capacity_aware_static,C,5,12,0.15466666666666665,0.84,2.32,16,16.0,1.0,175.0,0,0
medium_compressibility,7,capacity_aware_static,C,5,13,0.15466666666666665,0.84,2.32,16,16.0,1.0,175.0,0,0
medium_compressibility,7,capacity_aware_static,C,5,14,0.15466666666666665,0.84,2.32,16,16.0,1.0,175.0,0,0
medium_compressibility,7,capacity_aware_static,C,5,15,0.15466666666666665,0.84,2.32,16,16.0,1.0,175.0,0,0
medium_compressibility,7,capacity_aware_static,C,6,0,0.15466666666666665,0.84,2.32,16,16.0,1.0,175.0,0,0
medium_compressibility,7,capacity_aware_static,C,6,1,0.15466666666666665,0.84,2.32,16,16.0,1.0,175.0,0,0
medium_compressibility,7,capacity_aware_static,C,6,2,0.15466666666666665,0.84,2.32,16,16.0,1.0,175.0,0,0
medium_compressibility,7,capacity_aware_static,C,6,3,0.15466666666666665,0.84,2.32,16,16.0,1.0,175.0,0,0
medium_compressibility,7,capacity_aware_static,C,6,4,0.15466666666666665,0.84,2.32,16,16.0,1.0,175.0,0,0
medium_compressibility,7,capacity_aware_static,C,6,5,0.15466666666666665,0.84,2.32,16,16.0,1.0,175.0,0,0
medium_compressibility,7,capacity_aware_static,C,6,6,0.15466666666666665,0.84,2.32,16,16.0,1.0,175.0,0,0
medium_compressibility,7,capacity_aware_static,C,6,7,0.15466666666666665,0.84,2.32,16,16.0,1.0,175.0,0,0
medium_compressibility,7,capacity_aware_static,C,6,8,0.15466666666666665,0.84,2.32,16,16.0,1.0,175.0,0,0
medium_compressibility,7,capacity_aware_static,C,6,9,0.15466666666666665,0.84,2.32,16,16.0,1.0,175.0,0,0
medium_compressibility,7,capacity_aware_static,C,6,10,0.15466666666666665,0.84,2.32,16,16.0,1.0,175.0,0,0
medium_compressibility,7,capacity_aware_static,C,6,11,0.15466666666666665,0.84,2.32,16,16.0,1.0,175.0,0,0
medium_compressibility,7,capacity_aware_static,C,6,12,0.15466666666666665,0.84,2.32,16,16.0,1.0,175.0,0,0
medium_compressibility,7,capacity_aware_static,C,6,13,0.15466666666666665,0.84,2.32,16,16.0,1.0,175.0,0,0
medium_compressibility,7,capacity_aware_static,C,6,14,0.15466666666666665,0.84,2.32,16,16.0,1.0,175.0,0,0
medium_compressibility,7,capacity_aware_static,C,6,15,0.15466666666666665,0.84,2.32,16,16.0,1.0,175.0,0,0
medium_compressibility,7,capacity_aware_static,C,7,0,0.15466666666666665,0.84,2.32,16,16.0,1.0,175.0,0,0
medium_compressibility,7,capacity_aware_static,C,7,1,0.15466666666666665,0.84,2.32,16,16.0,1.0,175.0,0,0
medium_compressibility,7,capacity_aware_static,C,7,2,0.15466666666666665,0.84,2.32,16,16.0,1.0,175.0,0,0
medium_compressibility,7,capacity_aware_static,C,7,3,0.15466666666666665,0.84,2.32,16,16.0,1.0,175.0,0,0
medium_compressibility,7,capacity_aware_static,C,7,4,0.15466666666666665,0.84,2.32,16,16.0,1.0,175.0,0,0
medium_compressibility,7,capacity_aware_static,C,7,5,0.15466666666666665,0.84,2.32,16,16.0,1.0,175.0,0,0
medium_compressibility,7,capacity_aware_static,C,7,6,0.15466666666666665,0.84,2.32,16,16.0,1.0,175.0,0,0
medium_compressibility,7,capacity_aware_static,C,7,7,0.15466666666666665,0.84,2.32,16,16.0,1.0,175.0,0,0
medium_compressibility,7,capacity_aware_static,C,7,8,0.15466666666666665,0.84,2.32,16,16.0,1.0,175.0,0,0
medium_compressibility,7,capacity_aware_static,C,7,9,0.15466666666666665,0.84,2.32,16,16.0,1.0,175.0,0,0
medium_compressibility,7,capacity_aware_static,C,7,10,0.15466666666666665,0.84,2.32,16,16.0,1.0,175.0,0,0
medium_compressibility,7,capacity_aware_static,C,7,11,0.15466666666666665,0.84,2.32,16,16.0,1.0,175.0,0,0
medium_compressibility,7,capacity_aware_static,C,7,12,0.15466666666666665,0.84,2.32,16,16.0,1.0,175.0,0,0
medium_compressibility,7,capacity_aware_static,C,7,13,0.15466666666666665,0.84,2.32,16,16.0,1.0,175.0,0,0
medium_compressibility,7,capacity_aware_static,C,7,14,0.15466666666666665,0.84,2.32,16,16.0,1.0,175.0,0,0
medium_compressibility,7,capacity_aware_static,C,7,15,0.15466666666666665,0.84,2.32,16,16.0,1.0,175.0,0,0
medium_compressibility,7,smoothed,none,1,1,0.15466666666666665,0.84,2.32,17,25.0,1.4705882352941178,312.0,8,9
medium_compressibility,7,smoothed,none,1,2,0.15466666666666665,0.84,2.32,17,25.0,1.4705882352941178,312.0,8,9
medium_compressibility,7,smoothed,none,1,3,0.15466666666666665,0.84,2.32,17,25.0,1.4705882352941178,312.0,8,9
medium_compressibility,7,smoothed,none,1,4,0.15466666666666665,0.84,2.32,17,25.0,1.4705882352941178,312.0,8,9
medium_compressibility,7,smoothed,none,1,5,0.15466666666666665,0.84,2.32,17,25.0,1.4705882352941178,312.0,8,9
medium_compressibility,7,smoothed,none,1,6,0.15466666666666665,0.84,2.32,17,25.0,1.4705882352941178,312.0,8,9
medium_compressibility,7,smoothed,none,1,7,0.15466666666666665,0.84,2.32,17,25.0,1.4705882352941178,312.0,8,9
medium_compressibility,7,smoothed,none,1,8,0.15466666666666665,0.84,2.32,17,25.0,1.4705882352941178,312.0,8,9
medium_compressibility,7,smoothed,none,1,9,0.15466666666666665,0.84,2.32,17,25.0,1.4705882352941178,312.0,8,9
medium_compressibility,7,smoothed,none,1,10,0.15466666666666665,0.84,2.32,17,25.0,1.4705882352941178,312.0,8,9
medium_compressibility,7,smoothed,none,1,11,0.15466666666666665,0.84,2.32,17,25.0,1.4705882352941178,312.0,8,9
medium_compressibility,7,smoothed,none,1,12,0.15466666666666665,0.84,2.32,17,25.0,1.4705882352941178,312.0,8,9
medium_compressibility,7,smoothed,none,1,13,0.15466666666666665,0.84,2.32,17,25.0,1.4705882352941178,312.0,8,9
medium_compressibility,7,smoothed,none,1,14,0.15466666666666665,0.84,2.32,17,25.0,1.4705882352941178,312.0,8,9
medium_compressibility,7,smoothed,none,1,15,0.15466666666666665,0.84,2.32,17,25.0,1.4705882352941178,312.0,8,9
medium_compressibility,7,smoothed,none,2,0,0.15466666666666665,0.84,2.32,17,17.0,1.0,199.0,0,0
medium_compressibility,7,smoothed,none,2,1,0.15466666666666665,0.84,2.32,17,17.0,1.0,199.0,0,0
medium_compressibility,7,smoothed,none,2,2,0.15466666666666665,0.84,2.32,17,17.0,1.0,199.0,0,0
medium_compressibility,7,smoothed,none,2,3,0.15466666666666665,0.84,2.32,17,17.0,1.0,199.0,0,0
medium_compressibility,7,smoothed,none,2,4,0.15466666666666665,0.84,2.32,17,17.0,1.0,199.0,0,0
medium_compressibility,7,smoothed,none,2,5,0.15466666666666665,0.84,2.32,17,17.0,1.0,199.0,0,0
medium_compressibility,7,smoothed,none,2,6,0.15466666666666665,0.84,2.32,17,17.0,1.0,199.0,0,0
medium_compressibility,7,smoothed,none,2,7,0.15466666666666665,0.84,2.32,17,17.0,1.0,199.0,0,0
medium_compressibility,7,smoothed,none,2,8,0.15466666666666665,0.84,2.32,17,17.0,1.0,199.0,0,0
medium_compressibility,7,smoothed,none,2,9,0.15466666666666665,0.84,2.32,17,17.0,1.0,199.0,0,0
medium_compressibility,7,smoothed,none,2,10,0.15466666666666665,0.84,2.32,17,17.0,1.0,199.0,0,0
medium_compressibility,7,smoothed,none,2,11,0.15466666666666665,0.84,2.32,17,17.0,1.0,199.0,0,0
medium_compressibility,7,smoothed,none,2,12,0.15466666666666665,0.84,2.32,17,17.0,1.0,199.0,0,0
medium_compressibility,7,smoothed,none,2,13,0.15466666666666665,0.84,2.32,17,17.0,1.0,199.0,0,0
medium_compressibility,7,smoothed,none,2,14,0.15466666666666665,0.84,2.32,17,17.0,1.0,199.0,0,0
medium_compressibility,7,smoothed,none,2,15,0.15466666666666665,0.84,2.32,17,17.0,1.0,199.0,0,0
medium_compressibility,7,smoothed,none,3,0,0.15466666666666665,0.84,2.32,17,17.0,1.0,199.0,0,0
medium_compressibility,7,smoothed,none,3,1,0.15466666666666665,0.84,2.32,17,17.0,1.0,199.0,0,0
medium_compressibility,7,smoothed,none,3,2,0.15466666666666665,0.84,2.32,17,17.0,1.0,199.0,0,0
medium_compressibility,7,smoothed,none,3,3,0.15466666666666665,0.84,2.32,17,17.0,1.0,199.0,0,0
medium_compressibility,7,smoothed,none,3,4,0.15466666666666665,0.84,2.32,17,17.0,1.0,199.0,0,0
medium_compressibility,7,smoothed,none,3,5,0.15466666666666665,0.84,2.32,17,17.0,1.0,199.0,0,0
medium_compressibility,7,smoothed,none,3,6,0.15466666666666665,0.84,2.32,17,17.0,1.0,199.0,0,0
medium_compressibility,7,smoothed,none,3,7,0.15466666666666665,0.84,2.32,17,17.0,1.0,199.0,0,0
medium_compressibility,7,smoothed,none,3,8,0.15466666666666665,0.84,2.32,17,17.0,1.0,199.0,0,0
medium_compressibility,7,smoothed,none,3,9,0.15466666666666665,0.84,2.32,17,17.0,1.0,199.0,0,0
medium_compressibility,7,smoothed,none,3,10,0.15466666666666665,0.84,2.32,17,17.0,1.0,199.0,0,0
medium_compressibility,7,smoothed,none,3,11,0.15466666666666665,0.84,2.32,17,17.0,1.0,199.0,0,0
medium_compressibility,7,smoothed,none,3,12,0.15466666666666665,0.84,2.32,17,17.0,1.0,199.0,0,0
medium_compressibility,7,smoothed,none,3,13,0.15466666666666665,0.84,2.32,17,17.0,1.0,199.0,0,0
medium_compressibility,7,smoothed,none,3,14,0.15466666666666665,0.84,2.32,17,17.0,1.0,199.0,0,0
medium_compressibility,7,smoothed,none,3,15,0.15466666666666665,0.84,2.32,17,17.0,1.0,199.0,0,0
medium_compressibility,7,smoothed,none,4,0,0.15466666666666665,0.84,2.32,17,17.0,1.0,199.0,0,0
medium_compressibility,7,smoothed,none,4,1,0.15466666666666665,0.84,2.32,17,17.0,1.0,199.0,0,0
medium_compressibility,7,smoothed,none,4,2,0.15466666666666665,0.84,2.32,17,17.0,1.0,199.0,0,0
medium_compressibility,7,smoothed,none,4,3,0.15466666666666665,0.84,2.32,17,17.0,1.0,199.0,0,0
medium_compressibility,7,smoothed,none,4,4,0.15466666666666665,0.84,2.32,17,17.0,1.0,199.0,0,0
medium_compressibility,7,smoothed,none,4,5,0.15466666666666665,0.84,2.32,17,17.0,1.0,199.0,0,0
medium_compressibility,7,smoothed,none,4,6,0.15466666666666665,0.84,2.32,17,17.0,1.0,199.0,0,0
medium_compressibility,7,smoothed,none,4,7,0.15466666666666665,0.84,2.32,17,17.0,1.0,199.0,0,0
medium_compressibility,7,smoothed,none,4,8,0.15466666666666665,0.84,2.32,17,17.0,1.0,199.0,0,0
medium_compressibility,7,smoothed,none,4,9,0.15466666666666665,0.84,2.32,17,17.0,1.0,199.0,0,0
medium_compressibility,7,smoothed,none,4,10,0.15466666666666665,0.84,2.32,17,17.0,1.0,199.0,0,0
medium_compressibility,7,smoothed,none,4,11,0.15466666666666665,0.84,2.32,17,17.0,1.0,199.0,0,0
medium_compressibility,7,smoothed,none,4,12,0.15466666666666665,0.84,2.32,17,17.0,1.0,199.0,0,0
medium_compressibility,7,smoothed,none,4,13,0.15466666666666665,0.84,2.32,17,17.0,1.0,199.0,0,0
medium_compressibility,7,smoothed,none,4,14,0.15466666666666665,0.84,2.32,17,17.0,1.0,199.0,0,0
medium_compressibility,7,smoothed,none,4,15,0.15466666666666665,0.84,2.32,17,17.0,1.0,199.0,0,0
medium_compressibility,7,smoothed,none,5,0,0.15466666666666665,0.84,2.32,17,17.0,1.0,199.0,0,0
medium_compressibility,7,smoothed,none,5,1,0.15466666666666665,0.84,2.32,17,17.0,1.0,199.0,0,0
medium_compressibility,7,smoothed,none,5,2,0.15466666666666665,0.84,2.32,17,17.0,1.0,199.0,0,0
medium_compressibility,7,smoothed,none,5,3,0.15466666666666665,0.84,2.32,17,17.0,1.0,199.0,0,0
medium_compressibility,7,smoothed,none,5,4,0.15466666666666665,0.84,2.32,17,17.0,1.0,199.0,0,0
medium_compressibility,7,smoothed,none,5,5,0.15466666666666665,0.84,2.32,17,17.0,1.0,199.0,0,0
medium_compressibility,7,smoothed,none,5,6,0.15466666666666665,0.84,2.32,17,17.0,1.0,199.0,0,0
medium_compressibility,7,smoothed,none,5,7,0.15466666666666665,0.84,2.32,17,17.0,1.0,199.0,0,0
medium_compressibility,7,smoothed,none,5,8,0.15466666666666665,0.84,2.32,17,17.0,1.0,199.0,0,0
medium_compressibility,7,smoothed,none,5,9,0.15466666666666665,0.84,2.32,17,17.0,1.0,199.0,0,0
medium_compressibility,7,smoothed,none,5,10,0.15466666666666665,0.84,2.32,17,17.0,1.0,199.0,0,0
medium_compressibility,7,smoothed,none,5,11,0.15466666666666665,0.84,2.32,17,17.0,1.0,199.0,0,0
medium_compressibility,7,smoothed,none,5,12,0.15466666666666665,0.84,2.32,17,17.0,1.0,199.0,0,0
medium_compressibility,7,smoothed,none,5,13,0.15466666666666665,0.84,2.32,17,17.0,1.0,199.0,0,0
medium_compressibility,7,smoothed,none,5,14,0.15466666666666665,0.84,2.32,17,17.0,1.0,199.0,0,0
medium_compressibility,7,smoothed,none,5,15,0.15466666666666665,0.84,2.32,17,17.0,1.0,199.0,0,0
medium_compressibility,7,smoothed,none,6,0,0.15466666666666665,0.84,2.32,17,17.0,1.0,199.0,0,0
medium_compressibility,7,smoothed,none,6,1,0.15466666666666665,0.84,2.32,17,17.0,1.0,199.0,0,0
medium_compressibility,7,smoothed,none,6,2,0.15466666666666665,0.84,2.32,17,17.0,1.0,199.0,0,0
medium_compressibility,7,smoothed,none,6,3,0.15466666666666665,0.84,2.32,17,17.0,1.0,199.0,0,0
medium_compressibility,7,smoothed,none,6,4,0.15466666666666665,0.84,2.32,17,17.0,1.0,199.0,0,0
medium_compressibility,7,smoothed,none,6,5,0.15466666666666665,0.84,2.32,17,17.0,1.0,199.0,0,0
medium_compressibility,7,smoothed,none,6,6,0.15466666666666665,0.84,2.32,17,17.0,1.0,199.0,0,0
medium_compressibility,7,smoothed,none,6,7,0.15466666666666665,0.84,2.32,17,17.0,1.0,199.0,0,0
medium_compressibility,7,smoothed,none,6,8,0.15466666666666665,0.84,2.32,17,17.0,1.0,199.0,0,0
medium_compressibility,7,smoothed,none,6,9,0.15466666666666665,0.84,2.32,17,17.0,1.0,199.0,0,0
medium_compressibility,7,smoothed,none,6,10,0.15466666666666665,0.84,2.32,17,17.0,1.0,199.0,0,0
medium_compressibility,7,smoothed,none,6,11,0.15466666666666665,0.84,2.32,17,17.0,1.0,199.0,0,0
medium_compressibility,7,smoothed,none,6,12,0.15466666666666665,0.84,2.32,17,17.0,1.0,199.0,0,0
medium_compressibility,7,smoothed,none,6,13,0.15466666666666665,0.84,2.32,17,17.0,1.0,199.0,0,0
medium_compressibility,7,smoothed,none,6,14,0.15466666666666665,0.84,2.32,17,17.0,1.0,199.0,0,0
medium_compressibility,7,smoothed,none,6,15,0.15466666666666665,0.84,2.32,17,17.0,1.0,199.0,0,0
medium_compressibility,7,smoothed,none,7,0,0.15466666666666665,0.84,2.32,17,17.0,1.0,199.0,0,0
medium_compressibility,7,smoothed,none,7,1,0.15466666666666665,0.84,2.32,17,17.0,1.0,199.0,0,0
medium_compressibility,7,smoothed,none,7,2,0.15466666666666665,0.84,2.32,17,17.0,1.0,199.0,0,0
medium_compressibility,7,smoothed,none,7,3,0.15466666666666665,0.84,2.32,17,17.0,1.0,199.0,0,0
medium_compressibility,7,smoothed,none,7,4,0.15466666666666665,0.84,2.32,17,17.0,1.0,199.0,0,0
medium_compressibility,7,smoothed,none,7,5,0.15466666666666665,0.84,2.32,17,17.0,1.0,199.0,0,0
medium_compressibility,7,smoothed,none,7,6,0.15466666666666665,0.84,2.32,17,17.0,1.0,199.0,0,0
medium_compressibility,7,smoothed,none,7,7,0.15466666666666665,0.84,2.32,17,17.0,1.0,199.0,0,0
medium_compressibility,7,smoothed,none,7,8,0.15466666666666665,0.84,2.32,17,17.0,1.0,199.0,0,0
medium_compressibility,7,smoothed,none,7,9,0.15466666666666665,0.84,2.32,17,17.0,1.0,199.0,0,0
medium_compressibility,7,smoothed,none,7,10,0.15466666666666665,0.84,2.32,17,17.0,1.0,199.0,0,0
medium_compressibility,7,smoothed,none,7,11,0.15466666666666665,0.84,2.32,17,17.0,1.0,199.0,0,0
medium_compressibility,7,smoothed,none,7,12,0.15466666666666665,0.84,2.32,17,17.0,1.0,199.0,0,0
medium_compressibility,7,smoothed,none,7,13,0.15466666666666665,0.84,2.32,17,17.0,1.0,199.0,0,0
medium_compressibility,7,smoothed,none,7,14,0.15466666666666665,0.84,2.32,17,17.0,1.0,199.0,0,0
medium_compressibility,7,smoothed,none,7,15,0.15466666666666665,0.84,2.32,17,17.0,1.0,199.0,0,0
medium_compressibility,7,static_min,none,1,4,0.15466666666666665,0.84,2.32,16,27.0,1.6875,295.0,11,14
medium_compressibility,7,static_min,none,1,5,0.15466666666666665,0.84,2.32,16,27.0,1.6875,295.0,11,14
medium_compressibility,7,static_min,none,1,6,0.15466666666666665,0.84,2.32,16,27.0,1.6875,295.0,11,14
medium_compressibility,7,static_min,none,1,7,0.15466666666666665,0.84,2.32,16,27.0,1.6875,295.0,11,14
medium_compressibility,7,static_min,none,1,8,0.15466666666666665,0.84,2.32,16,27.0,1.6875,295.0,11,14
medium_compressibility,7,static_min,none,1,9,0.15466666666666665,0.84,2.32,16,27.0,1.6875,295.0,11,14
medium_compressibility,7,static_min,none,1,10,0.15466666666666665,0.84,2.32,16,27.0,1.6875,295.0,11,14
medium_compressibility,7,static_min,none,1,11,0.15466666666666665,0.84,2.32,16,27.0,1.6875,295.0,11,14
medium_compressibility,7,static_min,none,1,12,0.15466666666666665,0.84,2.32,16,27.0,1.6875,295.0,11,14
medium_compressibility,7,static_min,none,1,13,0.15466666666666665,0.84,2.32,16,27.0,1.6875,295.0,11,14
medium_compressibility,7,static_min,none,1,14,0.15466666666666665,0.84,2.32,16,27.0,1.6875,295.0,11,14
medium_compressibility,7,static_min,none,1,15,0.15466666666666665,0.84,2.32,16,27.0,1.6875,295.0,11,14
medium_compressibility,7,static_min,none,2,3,0.15466666666666665,0.84,2.32,16,19.0,1.1875,206.0,3,8
medium_compressibility,7,static_min,none,2,4,0.15466666666666665,0.84,2.32,16,19.0,1.1875,206.0,3,8
medium_compressibility,7,static_min,none,2,5,0.15466666666666665,0.84,2.32,16,18.0,1.125,193.0,3,8
medium_compressibility,7,static_min,none,2,6,0.15466666666666665,0.84,2.32,16,18.0,1.125,193.0,3,8
medium_compressibility,7,static_min,none,2,7,0.15466666666666665,0.84,2.32,16,18.0,1.125,193.0,3,8
medium_compressibility,7,static_min,none,2,8,0.15466666666666665,0.84,2.32,16,18.0,1.125,193.0,3,8
medium_compressibility,7,static_min,none,2,9,0.15466666666666665,0.84,2.32,16,18.0,1.125,193.0,3,8
medium_compressibility,7,static_min,none,2,10,0.15466666666666665,0.84,2.32,16,18.0,1.125,193.0,3,8
medium_compressibility,7,static_min,none,2,11,0.15466666666666665,0.84,2.32,16,18.0,1.125,193.0,3,8
medium_compressibility,7,static_min,none,2,12,0.15466666666666665,0.84,2.32,16,18.0,1.125,193.0,3,8
medium_compressibility,7,static_min,none,2,13,0.15466666666666665,0.84,2.32,16,18.0,1.125,193.0,3,8
medium_compressibility,7,static_min,none,2,14,0.15466666666666665,0.84,2.32,16,18.0,1.125,193.0,3,8
medium_compressibility,7,static_min,none,2,15,0.15466666666666665,0.84,2.32,16,18.0,1.125,193.0,3,8
medium_compressibility,7,static_min,none,3,2,0.15466666666666665,0.84,2.32,16,18.0,1.125,195.0,1,4
medium_compressibility,7,static_min,none,3,3,0.15466666666666665,0.84,2.32,16,17.0,1.0625,182.0,1,4
medium_compressibility,7,static_min,none,3,4,0.15466666666666665,0.84,2.32,16,17.0,1.0625,182.0,1,4
medium_compressibility,7,static_min,none,3,5,0.15466666666666665,0.84,2.32,16,17.0,1.0625,182.0,1,4
medium_compressibility,7,static_min,none,3,6,0.15466666666666665,0.84,2.32,16,17.0,1.0625,182.0,1,4
medium_compressibility,7,static_min,none,3,7,0.15466666666666665,0.84,2.32,16,17.0,1.0625,182.0,1,4
medium_compressibility,7,static_min,none,3,8,0.15466666666666665,0.84,2.32,16,17.0,1.0625,182.0,1,4
medium_compressibility,7,static_min,none,3,9,0.15466666666666665,0.84,2.32,16,17.0,1.0625,182.0,1,4
medium_compressibility,7,static_min,none,3,10,0.15466666666666665,0.84,2.32,16,17.0,1.0625,182.0,1,4
medium_compressibility,7,static_min,none,3,11,0.15466666666666665,0.84,2.32,16,17.0,1.0625,182.0,1,4
medium_compressibility,7,static_min,none,3,12,0.15466666666666665,0.84,2.32,16,17.0,1.0625,182.0,1,4
medium_compressibility,7,static_min,none,3,13,0.15466666666666665,0.84,2.32,16,17.0,1.0625,182.0,1,4
medium_compressibility,7,static_min,none,3,14,0.15466666666666665,0.84,2.32,16,17.0,1.0625,182.0,1,4
medium_compressibility,7,static_min,none,3,15,0.15466666666666665,0.84,2.32,16,17.0,1.0625,182.0,1,4
medium_compressibility,7,static_min,none,4,1,0.15466666666666665,0.84,2.32,16,16.0,1.0,175.0,0,1
medium_compressibility,7,static_min,none,4,2,0.15466666666666665,0.84,2.32,16,16.0,1.0,175.0,0,1
medium_compressibility,7,static_min,none,4,3,0.15466666666666665,0.84,2.32,16,16.0,1.0,175.0,0,1
medium_compressibility,7,static_min,none,4,4,0.15466666666666665,0.84,2.32,16,16.0,1.0,175.0,0,1
medium_compressibility,7,static_min,none,4,5,0.15466666666666665,0.84,2.32,16,16.0,1.0,175.0,0,1
medium_compressibility,7,static_min,none,4,6,0.15466666666666665,0.84,2.32,16,16.0,1.0,175.0,0,1
medium_compressibility,7,static_min,none,4,7,0.15466666666666665,0.84,2.32,16,16.0,1.0,175.0,0,1
medium_compressibility,7,static_min,none,4,8,0.15466666666666665,0.84,2.32,16,16.0,1.0,175.0,0,1
medium_compressibility,7,static_min,none,4,9,0.15466666666666665,0.84,2.32,16,16.0,1.0,175.0,0,1
medium_compressibility,7,static_min,none,4,10,0.15466666666666665,0.84,2.32,16,16.0,1.0,175.0,0,1
medium_compressibility,7,static_min,none,4,11,0.15466666666666665,0.84,2.32,16,16.0,1.0,175.0,0,1
medium_compressibility,7,static_min,none,4,12,0.15466666666666665,0.84,2.32,16,16.0,1.0,175.0,0,1
medium_compressibility,7,static_min,none,4,13,0.15466666666666665,0.84,2.32,16,16.0,1.0,175.0,0,1
medium_compressibility,7,static_min,none,4,14,0.15466666666666665,0.84,2.32,16,16.0,1.0,175.0,0,1
medium_compressibility,7,static_min,none,4,15,0.15466666666666665,0.84,2.32,16,16.0,1.0,175.0,0,1
medium_compressibility,7,static_min,none,5,0,0.15466666666666665,0.84,2.32,16,16.0,1.0,175.0,0,0
medium_compressibility,7,static_min,none,5,1,0.15466666666666665,0.84,2.32,16,16.0,1.0,175.0,0,0
medium_compressibility,7,static_min,none,5,2,0.15466666666666665,0.84,2.32,16,16.0,1.0,175.0,0,0
medium_compressibility,7,static_min,none,5,3,0.15466666666666665,0.84,2.32,16,16.0,1.0,175.0,0,0
medium_compressibility,7,static_min,none,5,4,0.15466666666666665,0.84,2.32,16,16.0,1.0,175.0,0,0
medium_compressibility,7,static_min,none,5,5,0.15466666666666665,0.84,2.32,16,16.0,1.0,175.0,0,0
medium_compressibility,7,static_min,none,5,6,0.15466666666666665,0.84,2.32,16,16.0,1.0,175.0,0,0
medium_compressibility,7,static_min,none,5,7,0.15466666666666665,0.84,2.32,16,16.0,1.0,175.0,0,0
medium_compressibility,7,static_min,none,5,8,0.15466666666666665,0.84,2.32,16,16.0,1.0,175.0,0,0
medium_compressibility,7,static_min,none,5,9,0.15466666666666665,0.84,2.32,16,16.0,1.0,175.0,0,0
medium_compressibility,7,static_min,none,5,10,0.15466666666666665,0.84,2.32,16,16.0,1.0,175.0,0,0
medium_compressibility,7,static_min,none,5,11,0.15466666666666665,0.84,2.32,16,16.0,1.0,175.0,0,0
medium_compressibility,7,static_min,none,5,12,0.15466666666666665,0.84,2.32,16,16.0,1.0,175.0,0,0
medium_compressibility,7,static_min,none,5,13,0.15466666666666665,0.84,2.32,16,16.0,1.0,175.0,0,0
medium_compressibility,7,static_min,none,5,14,0.15466666666666665,0.84,2.32,16,16.0,1.0,175.0,0,0
medium_compressibility,7,static_min,none,5,15,0.15466666666666665,0.84,2.32,16,16.0,1.0,175.0,0,0
medium_compressibility,7,static_min,none,6,0,0.15466666666666665,0.84,2.32,16,16.0,1.0,175.0,0,0
medium_compressibility,7,static_min,none,6,1,0.15466666666666665,0.84,2.32,16,16.0,1.0,175.0,0,0
medium_compressibility,7,static_min,none,6,2,0.15466666666666665,0.84,2.32,16,16.0,1.0,175.0,0,0
medium_compressibility,7,static_min,none,6,3,0.15466666666666665,0.84,2.32,16,16.0,1.0,175.0,0,0
medium_compressibility,7,static_min,none,6,4,0.15466666666666665,0.84,2.32,16,16.0,1.0,175.0,0,0
medium_compressibility,7,static_min,none,6,5,0.15466666666666665,0.84,2.32,16,16.0,1.0,175.0,0,0
medium_compressibility,7,static_min,none,6,6,0.15466666666666665,0.84,2.32,16,16.0,1.0,175.0,0,0
medium_compressibility,7,static_min,none,6,7,0.15466666666666665,0.84,2.32,16,16.0,1.0,175.0,0,0
medium_compressibility,7,static_min,none,6,8,0.15466666666666665,0.84,2.32,16,16.0,1.0,175.0,0,0
medium_compressibility,7,static_min,none,6,9,0.15466666666666665,0.84,2.32,16,16.0,1.0,175.0,0,0
medium_compressibility,7,static_min,none,6,10,0.15466666666666665,0.84,2.32,16,16.0,1.0,175.0,0,0
medium_compressibility,7,static_min,none,6,11,0.15466666666666665,0.84,2.32,16,16.0,1.0,175.0,0,0
medium_compressibility,7,static_min,none,6,12,0.15466666666666665,0.84,2.32,16,16.0,1.0,175.0,0,0
medium_compressibility,7,static_min,none,6,13,0.15466666666666665,0.84,2.32,16,16.0,1.0,175.0,0,0
medium_compressibility,7,static_min,none,6,14,0.15466666666666665,0.84,2.32,16,16.0,1.0,175.0,0,0
medium_compressibility,7,static_min,none,6,15,0.15466666666666665,0.84,2.32,16,16.0,1.0,175.0,0,0
medium_compressibility,7,static_min,none,7,0,0.15466666666666665,0.84,2.32,16,16.0,1.0,175.0,0,0
medium_compressibility,7,static_min,none,7,1,0.15466666666666665,0.84,2.32,16,16.0,1.0,175.0,0,0
medium_compressibility,7,static_min,none,7,2,0.15466666666666665,0.84,2.32,16,16.0,1.0,175.0,0,0
medium_compressibility,7,static_min,none,7,3,0.15466666666666665,0.84,2.32,16,16.0,1.0,175.0,0,0
medium_compressibility,7,static_min,none,7,4,0.15466666666666665,0.84,2.32,16,16.0,1.0,175.0,0,0
medium_compressibility,7,static_min,none,7,5,0.15466666666666665,0.84,2.32,16,16.0,1.0,175.0,0,0
medium_compressibility,7,static_min,none,7,6,0.15466666666666665,0.84,2.32,16,16.0,1.0,175.0,0,0
medium_compressibility,7,static_min,none,7,7,0.15466666666666665,0.84,2.32,16,16.0,1.0,175.0,0,0
medium_compressibility,7,static_min,none,7,8,0.15466666666666665,0.84,2.32,16,16.0,1.0,175.0,0,0
medium_compressibility,7,static_min,none,7,9,0.15466666666666665,0.84,2.32,16,16.0,1.0,175.0,0,0
medium_compressibility,7,static_min,none,7,10,0.15466666666666665,0.84,2.32,16,16.0,1.0,175.0,0,0
medium_compressibility,7,static_min,none,7,11,0.15466666666666665,0.84,2.32,16,16.0,1.0,175.0,0,0
medium_compressibility,7,static_min,none,7,12,0.15466666666666665,0.84,2.32,16,16.0,1.0,175.0,0,0
medium_compressibility,7,static_min,none,7,13,0.15466666666666665,0.84,2.32,16,16.0,1.0,175.0,0,0
medium_compressibility,7,static_min,none,7,14,0.15466666666666665,0.84,2.32,16,16.0,1.0,175.0,0,0
medium_compressibility,7,static_min,none,7,15,0.15466666666666665,0.84,2.32,16,16.0,1.0,175.0,0,0
medium_compressibility,9,capacity_aware_static,C,1,0,0.32923076923076927,0.84,4.28,25,25.0,1.0,241.0,0,0
medium_compressibility,9,capacity_aware_static,C,1,1,0.32923076923076927,0.84,4.28,25,25.0,1.0,241.0,0,0
medium_compressibility,9,capacity_aware_static,C,1,2,0.32923076923076927,0.84,4.28,25,25.0,1.0,241.0,0,0
medium_compressibility,9,capacity_aware_static,C,1,3,0.32923076923076927,0.84,4.28,25,25.0,1.0,241.0,0,0
medium_compressibility,9,capacity_aware_static,C,1,4,0.32923076923076927,0.84,4.28,25,25.0,1.0,241.0,0,0
medium_compressibility,9,capacity_aware_static,C,1,5,0.32923076923076927,0.84,4.28,25,25.0,1.0,241.0,0,0
medium_compressibility,9,capacity_aware_static,C,1,6,0.32923076923076927,0.84,4.28,25,25.0,1.0,241.0,0,0
medium_compressibility,9,capacity_aware_static,C,1,7,0.32923076923076927,0.84,4.28,25,25.0,1.0,241.0,0,0
medium_compressibility,9,capacity_aware_static,C,1,8,0.32923076923076927,0.84,4.28,25,25.0,1.0,241.0,0,0
medium_compressibility,9,capacity_aware_static,C,1,9,0.32923076923076927,0.84,4.28,25,25.0,1.0,241.0,0,0
medium_compressibility,9,capacity_aware_static,C,1,10,0.32923076923076927,0.84,4.28,25,25.0,1.0,241.0,0,0
medium_compressibility,9,capacity_aware_static,C,1,11,0.32923076923076927,0.84,4.28,25,25.0,1.0,241.0,0,0
medium_compressibility,9,capacity_aware_static,C,1,12,0.32923076923076927,0.84,4.28,25,25.0,1.0,241.0,0,0
medium_compressibility,9,capacity_aware_static,C,1,13,0.32923076923076927,0.84,4.28,25,25.0,1.0,241.0,0,0
medium_compressibility,9,capacity_aware_static,C,1,14,0.32923076923076927,0.84,4.28,25,25.0,1.0,241.0,0,0
medium_compressibility,9,capacity_aware_static,C,1,15,0.32923076923076927,0.84,4.28,25,25.0,1.0,241.0,0,0
medium_compressibility,9,capacity_aware_static,C,2,0,0.32923076923076927,0.84,4.28,15,15.0,1.0,157.0,0,0
medium_compressibility,9,capacity_aware_static,C,2,1,0.32923076923076927,0.84,4.28,15,15.0,1.0,157.0,0,0
medium_compressibility,9,capacity_aware_static,C,2,2,0.32923076923076927,0.84,4.28,15,15.0,1.0,157.0,0,0
medium_compressibility,9,capacity_aware_static,C,2,3,0.32923076923076927,0.84,4.28,15,15.0,1.0,157.0,0,0
medium_compressibility,9,capacity_aware_static,C,2,4,0.32923076923076927,0.84,4.28,15,15.0,1.0,157.0,0,0
medium_compressibility,9,capacity_aware_static,C,2,5,0.32923076923076927,0.84,4.28,15,15.0,1.0,157.0,0,0
medium_compressibility,9,capacity_aware_static,C,2,6,0.32923076923076927,0.84,4.28,15,15.0,1.0,157.0,0,0
medium_compressibility,9,capacity_aware_static,C,2,7,0.32923076923076927,0.84,4.28,15,15.0,1.0,157.0,0,0
medium_compressibility,9,capacity_aware_static,C,2,8,0.32923076923076927,0.84,4.28,15,15.0,1.0,157.0,0,0
medium_compressibility,9,capacity_aware_static,C,2,9,0.32923076923076927,0.84,4.28,15,15.0,1.0,157.0,0,0
medium_compressibility,9,capacity_aware_static,C,2,10,0.32923076923076927,0.84,4.28,15,15.0,1.0,157.0,0,0
medium_compressibility,9,capacity_aware_static,C,2,11,0.32923076923076927,0.84,4.28,15,15.0,1.0,157.0,0,0
medium_compressibility,9,capacity_aware_static,C,2,12,0.32923076923076927,0.84,4.28,15,15.0,1.0,157.0,0,0
medium_compressibility,9,capacity_aware_static,C,2,13,0.32923076923076927,0.84,4.28,15,15.0,1.0,157.0,0,0
medium_compressibility,9,capacity_aware_static,C,2,14,0.32923076923076927,0.84,4.28,15,15.0,1.0,157.0,0,0
medium_compressibility,9,capacity_aware_static,C,2,15,0.32923076923076927,0.84,4.28,15,15.0,1.0,157.0,0,0
medium_compressibility,9,capacity_aware_static,C,3,0,0.32923076923076927,0.84,4.28,14,14.0,1.0,156.0,0,0
medium_compressibility,9,capacity_aware_static,C,3,1,0.32923076923076927,0.84,4.28,14,14.0,1.0,156.0,0,0
medium_compressibility,9,capacity_aware_static,C,3,2,0.32923076923076927,0.84,4.28,14,14.0,1.0,156.0,0,0
medium_compressibility,9,capacity_aware_static,C,3,3,0.32923076923076927,0.84,4.28,14,14.0,1.0,156.0,0,0
medium_compressibility,9,capacity_aware_static,C,3,4,0.32923076923076927,0.84,4.28,14,14.0,1.0,156.0,0,0
medium_compressibility,9,capacity_aware_static,C,3,5,0.32923076923076927,0.84,4.28,14,14.0,1.0,156.0,0,0
medium_compressibility,9,capacity_aware_static,C,3,6,0.32923076923076927,0.84,4.28,14,14.0,1.0,156.0,0,0
medium_compressibility,9,capacity_aware_static,C,3,7,0.32923076923076927,0.84,4.28,14,14.0,1.0,156.0,0,0
medium_compressibility,9,capacity_aware_static,C,3,8,0.32923076923076927,0.84,4.28,14,14.0,1.0,156.0,0,0
medium_compressibility,9,capacity_aware_static,C,3,9,0.32923076923076927,0.84,4.28,14,14.0,1.0,156.0,0,0
medium_compressibility,9,capacity_aware_static,C,3,10,0.32923076923076927,0.84,4.28,14,14.0,1.0,156.0,0,0
medium_compressibility,9,capacity_aware_static,C,3,11,0.32923076923076927,0.84,4.28,14,14.0,1.0,156.0,0,0
medium_compressibility,9,capacity_aware_static,C,3,12,0.32923076923076927,0.84,4.28,14,14.0,1.0,156.0,0,0
medium_compressibility,9,capacity_aware_static,C,3,13,0.32923076923076927,0.84,4.28,14,14.0,1.0,156.0,0,0
medium_compressibility,9,capacity_aware_static,C,3,14,0.32923076923076927,0.84,4.28,14,14.0,1.0,156.0,0,0
medium_compressibility,9,capacity_aware_static,C,3,15,0.32923076923076927,0.84,4.28,14,14.0,1.0,156.0,0,0
medium_compressibility,9,capacity_aware_static,C,4,0,0.32923076923076927,0.84,4.28,14,14.0,1.0,159.0,0,0
medium_compressibility,9,capacity_aware_static,C,4,1,0.32923076923076927,0.84,4.28,14,14.0,1.0,159.0,0,0
medium_compressibility,9,capacity_aware_static,C,4,2,0.32923076923076927,0.84,4.28,14,14.0,1.0,159.0,0,0
medium_compressibility,9,capacity_aware_static,C,4,3,0.32923076923076927,0.84,4.28,14,14.0,1.0,159.0,0,0
medium_compressibility,9,capacity_aware_static,C,4,4,0.32923076923076927,0.84,4.28,14,14.0,1.0,159.0,0,0
medium_compressibility,9,capacity_aware_static,C,4,5,0.32923076923076927,0.84,4.28,14,14.0,1.0,159.0,0,0
medium_compressibility,9,capacity_aware_static,C,4,6,0.32923076923076927,0.84,4.28,14,14.0,1.0,159.0,0,0
medium_compressibility,9,capacity_aware_static,C,4,7,0.32923076923076927,0.84,4.28,14,14.0,1.0,159.0,0,0
medium_compressibility,9,capacity_aware_static,C,4,8,0.32923076923076927,0.84,4.28,14,14.0,1.0,159.0,0,0
medium_compressibility,9,capacity_aware_static,C,4,9,0.32923076923076927,0.84,4.28,14,14.0,1.0,159.0,0,0
medium_compressibility,9,capacity_aware_static,C,4,10,0.32923076923076927,0.84,4.28,14,14.0,1.0,159.0,0,0
medium_compressibility,9,capacity_aware_static,C,4,11,0.32923076923076927,0.84,4.28,14,14.0,1.0,159.0,0,0
medium_compressibility,9,capacity_aware_static,C,4,12,0.32923076923076927,0.84,4.28,14,14.0,1.0,159.0,0,0
medium_compressibility,9,capacity_aware_static,C,4,13,0.32923076923076927,0.84,4.28,14,14.0,1.0,159.0,0,0
medium_compressibility,9,capacity_aware_static,C,4,14,0.32923076923076927,0.84,4.28,14,14.0,1.0,159.0,0,0
medium_compressibility,9,capacity_aware_static,C,4,15,0.32923076923076927,0.84,4.28,14,14.0,1.0,159.0,0,0
medium_compressibility,9,capacity_aware_static,C,5,0,0.32923076923076927,0.84,4.28,14,14.0,1.0,159.0,0,0
medium_compressibility,9,capacity_aware_static,C,5,1,0.32923076923076927,0.84,4.28,14,14.0,1.0,159.0,0,0
medium_compressibility,9,capacity_aware_static,C,5,2,0.32923076923076927,0.84,4.28,14,14.0,1.0,159.0,0,0
medium_compressibility,9,capacity_aware_static,C,5,3,0.32923076923076927,0.84,4.28,14,14.0,1.0,159.0,0,0
medium_compressibility,9,capacity_aware_static,C,5,4,0.32923076923076927,0.84,4.28,14,14.0,1.0,159.0,0,0
medium_compressibility,9,capacity_aware_static,C,5,5,0.32923076923076927,0.84,4.28,14,14.0,1.0,159.0,0,0
medium_compressibility,9,capacity_aware_static,C,5,6,0.32923076923076927,0.84,4.28,14,14.0,1.0,159.0,0,0
medium_compressibility,9,capacity_aware_static,C,5,7,0.32923076923076927,0.84,4.28,14,14.0,1.0,159.0,0,0
medium_compressibility,9,capacity_aware_static,C,5,8,0.32923076923076927,0.84,4.28,14,14.0,1.0,159.0,0,0
medium_compressibility,9,capacity_aware_static,C,5,9,0.32923076923076927,0.84,4.28,14,14.0,1.0,159.0,0,0
medium_compressibility,9,capacity_aware_static,C,5,10,0.32923076923076927,0.84,4.28,14,14.0,1.0,159.0,0,0
medium_compressibility,9,capacity_aware_static,C,5,11,0.32923076923076927,0.84,4.28,14,14.0,1.0,159.0,0,0
medium_compressibility,9,capacity_aware_static,C,5,12,0.32923076923076927,0.84,4.28,14,14.0,1.0,159.0,0,0
medium_compressibility,9,capacity_aware_static,C,5,13,0.32923076923076927,0.84,4.28,14,14.0,1.0,159.0,0,0
medium_compressibility,9,capacity_aware_static,C,5,14,0.32923076923076927,0.84,4.28,14,14.0,1.0,159.0,0,0
medium_compressibility,9,capacity_aware_static,C,5,15,0.32923076923076927,0.84,4.28,14,14.0,1.0,159.0,0,0
medium_compressibility,9,capacity_aware_static,C,6,0,0.32923076923076927,0.84,4.28,14,14.0,1.0,159.0,0,0
medium_compressibility,9,capacity_aware_static,C,6,1,0.32923076923076927,0.84,4.28,14,14.0,1.0,159.0,0,0
medium_compressibility,9,capacity_aware_static,C,6,2,0.32923076923076927,0.84,4.28,14,14.0,1.0,159.0,0,0
medium_compressibility,9,capacity_aware_static,C,6,3,0.32923076923076927,0.84,4.28,14,14.0,1.0,159.0,0,0
medium_compressibility,9,capacity_aware_static,C,6,4,0.32923076923076927,0.84,4.28,14,14.0,1.0,159.0,0,0
medium_compressibility,9,capacity_aware_static,C,6,5,0.32923076923076927,0.84,4.28,14,14.0,1.0,159.0,0,0
medium_compressibility,9,capacity_aware_static,C,6,6,0.32923076923076927,0.84,4.28,14,14.0,1.0,159.0,0,0
medium_compressibility,9,capacity_aware_static,C,6,7,0.32923076923076927,0.84,4.28,14,14.0,1.0,159.0,0,0
medium_compressibility,9,capacity_aware_static,C,6,8,0.32923076923076927,0.84,4.28,14,14.0,1.0,159.0,0,0
medium_compressibility,9,capacity_aware_static,C,6,9,0.32923076923076927,0.84,4.28,14,14.0,1.0,159.0,0,0
medium_compressibility,9,capacity_aware_static,C,6,10,0.32923076923076927,0.84,4.28,14,14.0,1.0,159.0,0,0
medium_compressibility,9,capacity_aware_static,C,6,11,0.32923076923076927,0.84,4.28,14,14.0,1.0,159.0,0,0
medium_compressibility,9,capacity_aware_static,C,6,12,0.32923076923076927,0.84,4.28,14,14.0,1.0,159.0,0,0
medium_compressibility,9,capacity_aware_static,C,6,13,0.32923076923076927,0.84,4.28,14,14.0,1.0,159.0,0,0
medium_compressibility,9,capacity_aware_static,C,6,14,0.32923076923076927,0.84,4.28,14,14.0,1.0,159.0,0,0
medium_compressibility,9,capacity_aware_static,C,6,15,0.32923076923076927,0.84,4.28,14,14.0,1.0,159.0,0,0
medium_compressibility,9,capacity_aware_static,C,7,0,0.32923076923076927,0.84,4.28,14,14.0,1.0,159.0,0,0
medium_compressibility,9,capacity_aware_static,C,7,1,0.32923076923076927,0.84,4.28,14,14.0,1.0,159.0,0,0
medium_compressibility,9,capacity_aware_static,C,7,2,0.32923076923076927,0.84,4.28,14,14.0,1.0,159.0,0,0
medium_compressibility,9,capacity_aware_static,C,7,3,0.32923076923076927,0.84,4.28,14,14.0,1.0,159.0,0,0
medium_compressibility,9,capacity_aware_static,C,7,4,0.32923076923076927,0.84,4.28,14,14.0,1.0,159.0,0,0
medium_compressibility,9,capacity_aware_static,C,7,5,0.32923076923076927,0.84,4.28,14,14.0,1.0,159.0,0,0
medium_compressibility,9,capacity_aware_static,C,7,6,0.32923076923076927,0.84,4.28,14,14.0,1.0,159.0,0,0
medium_compressibility,9,capacity_aware_static,C,7,7,0.32923076923076927,0.84,4.28,14,14.0,1.0,159.0,0,0
medium_compressibility,9,capacity_aware_static,C,7,8,0.32923076923076927,0.84,4.28,14,14.0,1.0,159.0,0,0
medium_compressibility,9,capacity_aware_static,C,7,9,0.32923076923076927,0.84,4.28,14,14.0,1.0,159.0,0,0
medium_compressibility,9,capacity_aware_static,C,7,10,0.32923076923076927,0.84,4.28,14,14.0,1.0,159.0,0,0
medium_compressibility,9,capacity_aware_static,C,7,11,0.32923076923076927,0.84,4.28,14,14.0,1.0,159.0,0,0
medium_compressibility,9,capacity_aware_static,C,7,12,0.32923076923076927,0.84,4.28,14,14.0,1.0,159.0,0,0
medium_compressibility,9,capacity_aware_static,C,7,13,0.32923076923076927,0.84,4.28,14,14.0,1.0,159.0,0,0
medium_compressibility,9,capacity_aware_static,C,7,14,0.32923076923076927,0.84,4.28,14,14.0,1.0,159.0,0,0
medium_compressibility,9,capacity_aware_static,C,7,15,0.32923076923076927,0.84,4.28,14,14.0,1.0,159.0,0,0
medium_compressibility,9,smoothed,none,1,1,0.32923076923076927,0.84,4.28,14,25.0,1.7857142857142858,414.0,11,11
medium_compressibility,9,smoothed,none,1,2,0.32923076923076927,0.84,4.28,14,25.0,1.7857142857142858,414.0,11,11
medium_compressibility,9,smoothed,none,1,3,0.32923076923076927,0.84,4.28,14,25.0,1.7857142857142858,414.0,11,11
medium_compressibility,9,smoothed,none,1,4,0.32923076923076927,0.84,4.28,14,25.0,1.7857142857142858,414.0,11,11
medium_compressibility,9,smoothed,none,1,5,0.32923076923076927,0.84,4.28,14,25.0,1.7857142857142858,414.0,11,11
medium_compressibility,9,smoothed,none,1,6,0.32923076923076927,0.84,4.28,14,25.0,1.7857142857142858,414.0,11,11
medium_compressibility,9,smoothed,none,1,7,0.32923076923076927,0.84,4.28,14,25.0,1.7857142857142858,414.0,11,11
medium_compressibility,9,smoothed,none,1,8,0.32923076923076927,0.84,4.28,14,25.0,1.7857142857142858,414.0,11,11
medium_compressibility,9,smoothed,none,1,9,0.32923076923076927,0.84,4.28,14,25.0,1.7857142857142858,414.0,11,11
medium_compressibility,9,smoothed,none,1,10,0.32923076923076927,0.84,4.28,14,25.0,1.7857142857142858,414.0,11,11
medium_compressibility,9,smoothed,none,1,11,0.32923076923076927,0.84,4.28,14,25.0,1.7857142857142858,414.0,11,11
medium_compressibility,9,smoothed,none,1,12,0.32923076923076927,0.84,4.28,14,25.0,1.7857142857142858,414.0,11,11
medium_compressibility,9,smoothed,none,1,13,0.32923076923076927,0.84,4.28,14,25.0,1.7857142857142858,414.0,11,11
medium_compressibility,9,smoothed,none,1,14,0.32923076923076927,0.84,4.28,14,25.0,1.7857142857142858,414.0,11,11
medium_compressibility,9,smoothed,none,1,15,0.32923076923076927,0.84,4.28,14,25.0,1.7857142857142858,414.0,11,11
medium_compressibility,9,smoothed,none,2,0,0.32923076923076927,0.84,4.28,14,14.0,1.0,217.0,0,0
medium_compressibility,9,smoothed,none,2,1,0.32923076923076927,0.84,4.28,14,14.0,1.0,217.0,0,0
medium_compressibility,9,smoothed,none,2,2,0.32923076923076927,0.84,4.28,14,14.0,1.0,217.0,0,0
medium_compressibility,9,smoothed,none,2,3,0.32923076923076927,0.84,4.28,14,14.0,1.0,217.0,0,0
medium_compressibility,9,smoothed,none,2,4,0.32923076923076927,0.84,4.28,14,14.0,1.0,217.0,0,0
medium_compressibility,9,smoothed,none,2,5,0.32923076923076927,0.84,4.28,14,14.0,1.0,217.0,0,0
medium_compressibility,9,smoothed,none,2,6,0.32923076923076927,0.84,4.28,14,14.0,1.0,217.0,0,0
medium_compressibility,9,smoothed,none,2,7,0.32923076923076927,0.84,4.28,14,14.0,1.0,217.0,0,0
medium_compressibility,9,smoothed,none,2,8,0.32923076923076927,0.84,4.28,14,14.0,1.0,217.0,0,0
medium_compressibility,9,smoothed,none,2,9,0.32923076923076927,0.84,4.28,14,14.0,1.0,217.0,0,0
medium_compressibility,9,smoothed,none,2,10,0.32923076923076927,0.84,4.28,14,14.0,1.0,217.0,0,0
medium_compressibility,9,smoothed,none,2,11,0.32923076923076927,0.84,4.28,14,14.0,1.0,217.0,0,0
medium_compressibility,9,smoothed,none,2,12,0.32923076923076927,0.84,4.28,14,14.0,1.0,217.0,0,0
medium_compressibility,9,smoothed,none,2,13,0.32923076923076927,0.84,4.28,14,14.0,1.0,217.0,0,0
medium_compressibility,9,smoothed,none,2,14,0.32923076923076927,0.84,4.28,14,14.0,1.0,217.0,0,0
medium_compressibility,9,smoothed,none,2,15,0.32923076923076927,0.84,4.28,14,14.0,1.0,217.0,0,0
medium_compressibility,9,smoothed,none,3,0,0.32923076923076927,0.84,4.28,14,14.0,1.0,217.0,0,0
medium_compressibility,9,smoothed,none,3,1,0.32923076923076927,0.84,4.28,14,14.0,1.0,217.0,0,0
medium_compressibility,9,smoothed,none,3,2,0.32923076923076927,0.84,4.28,14,14.0,1.0,217.0,0,0
medium_compressibility,9,smoothed,none,3,3,0.32923076923076927,0.84,4.28,14,14.0,1.0,217.0,0,0
medium_compressibility,9,smoothed,none,3,4,0.32923076923076927,0.84,4.28,14,14.0,1.0,217.0,0,0
medium_compressibility,9,smoothed,none,3,5,0.32923076923076927,0.84,4.28,14,14.0,1.0,217.0,0,0
medium_compressibility,9,smoothed,none,3,6,0.32923076923076927,0.84,4.28,14,14.0,1.0,217.0,0,0
medium_compressibility,9,smoothed,none,3,7,0.32923076923076927,0.84,4.28,14,14.0,1.0,217.0,0,0
medium_compressibility,9,smoothed,none,3,8,0.32923076923076927,0.84,4.28,14,14.0,1.0,217.0,0,0
medium_compressibility,9,smoothed,none,3,9,0.32923076923076927,0.84,4.28,14,14.0,1.0,217.0,0,0
medium_compressibility,9,smoothed,none,3,10,0.32923076923076927,0.84,4.28,14,14.0,1.0,217.0,0,0
medium_compressibility,9,smoothed,none,3,11,0.32923076923076927,0.84,4.28,14,14.0,1.0,217.0,0,0
medium_compressibility,9,smoothed,none,3,12,0.32923076923076927,0.84,4.28,14,14.0,1.0,217.0,0,0
medium_compressibility,9,smoothed,none,3,13,0.32923076923076927,0.84,4.28,14,14.0,1.0,217.0,0,0
medium_compressibility,9,smoothed,none,3,14,0.32923076923076927,0.84,4.28,14,14.0,1.0,217.0,0,0
medium_compressibility,9,smoothed,none,3,15,0.32923076923076927,0.84,4.28,14,14.0,1.0,217.0,0,0
medium_compressibility,9,smoothed,none,4,0,0.32923076923076927,0.84,4.28,14,14.0,1.0,217.0,0,0
medium_compressibility,9,smoothed,none,4,1,0.32923076923076927,0.84,4.28,14,14.0,1.0,217.0,0,0
medium_compressibility,9,smoothed,none,4,2,0.32923076923076927,0.84,4.28,14,14.0,1.0,217.0,0,0
medium_compressibility,9,smoothed,none,4,3,0.32923076923076927,0.84,4.28,14,14.0,1.0,217.0,0,0
medium_compressibility,9,smoothed,none,4,4,0.32923076923076927,0.84,4.28,14,14.0,1.0,217.0,0,0
medium_compressibility,9,smoothed,none,4,5,0.32923076923076927,0.84,4.28,14,14.0,1.0,217.0,0,0
medium_compressibility,9,smoothed,none,4,6,0.32923076923076927,0.84,4.28,14,14.0,1.0,217.0,0,0
medium_compressibility,9,smoothed,none,4,7,0.32923076923076927,0.84,4.28,14,14.0,1.0,217.0,0,0
medium_compressibility,9,smoothed,none,4,8,0.32923076923076927,0.84,4.28,14,14.0,1.0,217.0,0,0
medium_compressibility,9,smoothed,none,4,9,0.32923076923076927,0.84,4.28,14,14.0,1.0,217.0,0,0
medium_compressibility,9,smoothed,none,4,10,0.32923076923076927,0.84,4.28,14,14.0,1.0,217.0,0,0
medium_compressibility,9,smoothed,none,4,11,0.32923076923076927,0.84,4.28,14,14.0,1.0,217.0,0,0
medium_compressibility,9,smoothed,none,4,12,0.32923076923076927,0.84,4.28,14,14.0,1.0,217.0,0,0
medium_compressibility,9,smoothed,none,4,13,0.32923076923076927,0.84,4.28,14,14.0,1.0,217.0,0,0
medium_compressibility,9,smoothed,none,4,14,0.32923076923076927,0.84,4.28,14,14.0,1.0,217.0,0,0
medium_compressibility,9,smoothed,none,4,15,0.32923076923076927,0.84,4.28,14,14.0,1.0,217.0,0,0
medium_compressibility,9,smoothed,none,5,0,0.32923076923076927,0.84,4.28,14,14.0,1.0,217.0,0,0
medium_compressibility,9,smoothed,none,5,1,0.32923076923076927,0.84,4.28,14,14.0,1.0,217.0,0,0
medium_compressibility,9,smoothed,none,5,2,0.32923076923076927,0.84,4.28,14,14.0,1.0,217.0,0,0
medium_compressibility,9,smoothed,none,5,3,0.32923076923076927,0.84,4.28,14,14.0,1.0,217.0,0,0
medium_compressibility,9,smoothed,none,5,4,0.32923076923076927,0.84,4.28,14,14.0,1.0,217.0,0,0
medium_compressibility,9,smoothed,none,5,5,0.32923076923076927,0.84,4.28,14,14.0,1.0,217.0,0,0
medium_compressibility,9,smoothed,none,5,6,0.32923076923076927,0.84,4.28,14,14.0,1.0,217.0,0,0
medium_compressibility,9,smoothed,none,5,7,0.32923076923076927,0.84,4.28,14,14.0,1.0,217.0,0,0
medium_compressibility,9,smoothed,none,5,8,0.32923076923076927,0.84,4.28,14,14.0,1.0,217.0,0,0
medium_compressibility,9,smoothed,none,5,9,0.32923076923076927,0.84,4.28,14,14.0,1.0,217.0,0,0
medium_compressibility,9,smoothed,none,5,10,0.32923076923076927,0.84,4.28,14,14.0,1.0,217.0,0,0
medium_compressibility,9,smoothed,none,5,11,0.32923076923076927,0.84,4.28,14,14.0,1.0,217.0,0,0
medium_compressibility,9,smoothed,none,5,12,0.32923076923076927,0.84,4.28,14,14.0,1.0,217.0,0,0
medium_compressibility,9,smoothed,none,5,13,0.32923076923076927,0.84,4.28,14,14.0,1.0,217.0,0,0
medium_compressibility,9,smoothed,none,5,14,0.32923076923076927,0.84,4.28,14,14.0,1.0,217.0,0,0
medium_compressibility,9,smoothed,none,5,15,0.32923076923076927,0.84,4.28,14,14.0,1.0,217.0,0,0
medium_compressibility,9,smoothed,none,6,0,0.32923076923076927,0.84,4.28,14,14.0,1.0,217.0,0,0
medium_compressibility,9,smoothed,none,6,1,0.32923076923076927,0.84,4.28,14,14.0,1.0,217.0,0,0
medium_compressibility,9,smoothed,none,6,2,0.32923076923076927,0.84,4.28,14,14.0,1.0,217.0,0,0
medium_compressibility,9,smoothed,none,6,3,0.32923076923076927,0.84,4.28,14,14.0,1.0,217.0,0,0
medium_compressibility,9,smoothed,none,6,4,0.32923076923076927,0.84,4.28,14,14.0,1.0,217.0,0,0
medium_compressibility,9,smoothed,none,6,5,0.32923076923076927,0.84,4.28,14,14.0,1.0,217.0,0,0
medium_compressibility,9,smoothed,none,6,6,0.32923076923076927,0.84,4.28,14,14.0,1.0,217.0,0,0
medium_compressibility,9,smoothed,none,6,7,0.32923076923076927,0.84,4.28,14,14.0,1.0,217.0,0,0
medium_compressibility,9,smoothed,none,6,8,0.32923076923076927,0.84,4.28,14,14.0,1.0,217.0,0,0
medium_compressibility,9,smoothed,none,6,9,0.32923076923076927,0.84,4.28,14,14.0,1.0,217.0,0,0
medium_compressibility,9,smoothed,none,6,10,0.32923076923076927,0.84,4.28,14,14.0,1.0,217.0,0,0
medium_compressibility,9,smoothed,none,6,11,0.32923076923076927,0.84,4.28,14,14.0,1.0,217.0,0,0
medium_compressibility,9,smoothed,none,6,12,0.32923076923076927,0.84,4.28,14,14.0,1.0,217.0,0,0
medium_compressibility,9,smoothed,none,6,13,0.32923076923076927,0.84,4.28,14,14.0,1.0,217.0,0,0
medium_compressibility,9,smoothed,none,6,14,0.32923076923076927,0.84,4.28,14,14.0,1.0,217.0,0,0
medium_compressibility,9,smoothed,none,6,15,0.32923076923076927,0.84,4.28,14,14.0,1.0,217.0,0,0
medium_compressibility,9,smoothed,none,7,0,0.32923076923076927,0.84,4.28,14,14.0,1.0,217.0,0,0
medium_compressibility,9,smoothed,none,7,1,0.32923076923076927,0.84,4.28,14,14.0,1.0,217.0,0,0
medium_compressibility,9,smoothed,none,7,2,0.32923076923076927,0.84,4.28,14,14.0,1.0,217.0,0,0
medium_compressibility,9,smoothed,none,7,3,0.32923076923076927,0.84,4.28,14,14.0,1.0,217.0,0,0
medium_compressibility,9,smoothed,none,7,4,0.32923076923076927,0.84,4.28,14,14.0,1.0,217.0,0,0
medium_compressibility,9,smoothed,none,7,5,0.32923076923076927,0.84,4.28,14,14.0,1.0,217.0,0,0
medium_compressibility,9,smoothed,none,7,6,0.32923076923076927,0.84,4.28,14,14.0,1.0,217.0,0,0
medium_compressibility,9,smoothed,none,7,7,0.32923076923076927,0.84,4.28,14,14.0,1.0,217.0,0,0
medium_compressibility,9,smoothed,none,7,8,0.32923076923076927,0.84,4.28,14,14.0,1.0,217.0,0,0
medium_compressibility,9,smoothed,none,7,9,0.32923076923076927,0.84,4.28,14,14.0,1.0,217.0,0,0
medium_compressibility,9,smoothed,none,7,10,0.32923076923076927,0.84,4.28,14,14.0,1.0,217.0,0,0
medium_compressibility,9,smoothed,none,7,11,0.32923076923076927,0.84,4.28,14,14.0,1.0,217.0,0,0
medium_compressibility,9,smoothed,none,7,12,0.32923076923076927,0.84,4.28,14,14.0,1.0,217.0,0,0
medium_compressibility,9,smoothed,none,7,13,0.32923076923076927,0.84,4.28,14,14.0,1.0,217.0,0,0
medium_compressibility,9,smoothed,none,7,14,0.32923076923076927,0.84,4.28,14,14.0,1.0,217.0,0,0
medium_compressibility,9,smoothed,none,7,15,0.32923076923076927,0.84,4.28,14,14.0,1.0,217.0,0,0
medium_compressibility,9,static_min,none,1,3,0.32923076923076927,0.84,4.28,14,26.0,1.8571428571428572,312.0,12,12
medium_compressibility,9,static_min,none,1,4,0.32923076923076927,0.84,4.28,14,26.0,1.8571428571428572,312.0,12,12
medium_compressibility,9,static_min,none,1,5,0.32923076923076927,0.84,4.28,14,26.0,1.8571428571428572,312.0,12,12
medium_compressibility,9,static_min,none,1,6,0.32923076923076927,0.84,4.28,14,26.0,1.8571428571428572,312.0,12,12
medium_compressibility,9,static_min,none,1,7,0.32923076923076927,0.84,4.28,14,26.0,1.8571428571428572,312.0,12,12
medium_compressibility,9,static_min,none,1,8,0.32923076923076927,0.84,4.28,14,26.0,1.8571428571428572,312.0,12,12
medium_compressibility,9,static_min,none,1,9,0.32923076923076927,0.84,4.28,14,26.0,1.8571428571428572,312.0,12,12
medium_compressibility,9,static_min,none,1,10,0.32923076923076927,0.84,4.28,14,26.0,1.8571428571428572,312.0,12,12
medium_compressibility,9,static_min,none,1,11,0.32923076923076927,0.84,4.28,14,26.0,1.8571428571428572,312.0,12,12
medium_compressibility,9,static_min,none,1,12,0.32923076923076927,0.84,4.28,14,26.0,1.8571428571428572,312.0,12,12
medium_compressibility,9,static_min,none,1,13,0.32923076923076927,0.84,4.28,14,26.0,1.8571428571428572,312.0,12,12
medium_compressibility,9,static_min,none,1,14,0.32923076923076927,0.84,4.28,14,26.0,1.8571428571428572,312.0,12,12
medium_compressibility,9,static_min,none,1,15,0.32923076923076927,0.84,4.28,14,26.0,1.8571428571428572,312.0,12,12
medium_compressibility,9,static_min,none,2,2,0.32923076923076927,0.84,4.28,14,16.0,1.1428571428571428,183.0,4,5
medium_compressibility,9,static_min,none,2,3,0.32923076923076927,0.84,4.28,14,16.0,1.1428571428571428,183.0,4,5
medium_compressibility,9,static_min,none,2,4,0.32923076923076927,0.84,4.28,14,16.0,1.1428571428571428,183.0,4,5
medium_compressibility,9,static_min,none,2,5,0.32923076923076927,0.84,4.28,14,16.0,1.1428571428571428,183.0,4,5
medium_compressibility,9,static_min,none,2,6,0.32923076923076927,0.84,4.28,14,16.0,1.1428571428571428,183.0,4,5
medium_compressibility,9,static_min,none,2,7,0.32923076923076927,0.84,4.28,14,16.0,1.1428571428571428,183.0,4,5
medium_compressibility,9,static_min,none,2,8,0.32923076923076927,0.84,4.28,14,16.0,1.1428571428571428,183.0,4,5
medium_compressibility,9,static_min,none,2,9,0.32923076923076927,0.84,4.28,14,16.0,1.1428571428571428,183.0,4,5
medium_compressibility,9,static_min,none,2,10,0.32923076923076927,0.84,4.28,14,16.0,1.1428571428571428,183.0,4,5
medium_compressibility,9,static_min,none,2,11,0.32923076923076927,0.84,4.28,14,16.0,1.1428571428571428,183.0,4,5
medium_compressibility,9,static_min,none,2,12,0.32923076923076927,0.84,4.28,14,16.0,1.1428571428571428,183.0,4,5
medium_compressibility,9,static_min,none,2,13,0.32923076923076927,0.84,4.28,14,16.0,1.1428571428571428,183.0,4,5
medium_compressibility,9,static_min,none,2,14,0.32923076923076927,0.84,4.28,14,16.0,1.1428571428571428,183.0,4,5
medium_compressibility,9,static_min,none,2,15,0.32923076923076927,0.84,4.28,14,16.0,1.1428571428571428,183.0,4,5
medium_compressibility,9,static_min,none,3,1,0.32923076923076927,0.84,4.28,14,14.0,1.0,159.0,0,1
medium_compressibility,9,static_min,none,3,2,0.32923076923076927,0.84,4.28,14,14.0,1.0,159.0,0,1
medium_compressibility,9,static_min,none,3,3,0.32923076923076927,0.84,4.28,14,14.0,1.0,159.0,0,1
medium_compressibility,9,static_min,none,3,4,0.32923076923076927,0.84,4.28,14,14.0,1.0,159.0,0,1
medium_compressibility,9,static_min,none,3,5,0.32923076923076927,0.84,4.28,14,14.0,1.0,159.0,0,1
medium_compressibility,9,static_min,none,3,6,0.32923076923076927,0.84,4.28,14,14.0,1.0,159.0,0,1
medium_compressibility,9,static_min,none,3,7,0.32923076923076927,0.84,4.28,14,14.0,1.0,159.0,0,1
medium_compressibility,9,static_min,none,3,8,0.32923076923076927,0.84,4.28,14,14.0,1.0,159.0,0,1
medium_compressibility,9,static_min,none,3,9,0.32923076923076927,0.84,4.28,14,14.0,1.0,159.0,0,1
medium_compressibility,9,static_min,none,3,10,0.32923076923076927,0.84,4.28,14,14.0,1.0,159.0,0,1
medium_compressibility,9,static_min,none,3,11,0.32923076923076927,0.84,4.28,14,14.0,1.0,159.0,0,1
medium_compressibility,9,static_min,none,3,12,0.32923076923076927,0.84,4.28,14,14.0,1.0,159.0,0,1
medium_compressibility,9,static_min,none,3,13,0.32923076923076927,0.84,4.28,14,14.0,1.0,159.0,0,1
medium_compressibility,9,static_min,none,3,14,0.32923076923076927,0.84,4.28,14,14.0,1.0,159.0,0,1
medium_compressibility,9,static_min,none,3,15,0.32923076923076927,0.84,4.28,14,14.0,1.0,159.0,0,1
medium_compressibility,9,static_min,none,4,0,0.32923076923076927,0.84,4.28,14,14.0,1.0,159.0,0,0
medium_compressibility,9,static_min,none,4,1,0.32923076923076927,0.84,4.28,14,14.0,1.0,159.0,0,0
medium_compressibility,9,static_min,none,4,2,0.32923076923076927,0.84,4.28,14,14.0,1.0,159.0,0,0
medium_compressibility,9,static_min,none,4,3,0.32923076923076927,0.84,4.28,14,14.0,1.0,159.0,0,0
medium_compressibility,9,static_min,none,4,4,0.32923076923076927,0.84,4.28,14,14.0,1.0,159.0,0,0
medium_compressibility,9,static_min,none,4,5,0.32923076923076927,0.84,4.28,14,14.0,1.0,159.0,0,0
medium_compressibility,9,static_min,none,4,6,0.32923076923076927,0.84,4.28,14,14.0,1.0,159.0,0,0
medium_compressibility,9,static_min,none,4,7,0.32923076923076927,0.84,4.28,14,14.0,1.0,159.0,0,0
medium_compressibility,9,static_min,none,4,8,0.32923076923076927,0.84,4.28,14,14.0,1.0,159.0,0,0
medium_compressibility,9,static_min,none,4,9,0.32923076923076927,0.84,4.28,14,14.0,1.0,159.0,0,0
medium_compressibility,9,static_min,none,4,10,0.32923076923076927,0.84,4.28,14,14.0,1.0,159.0,0,0
medium_compressibility,9,static_min,none,4,11,0.32923076923076927,0.84,4.28,14,14.0,1.0,159.0,0,0
medium_compressibility,9,static_min,none,4,12,0.32923076923076927,0.84,4.28,14,14.0,1.0,159.0,0,0
medium_compressibility,9,static_min,none,4,13,0.32923076923076927,0.84,4.28,14,14.0,1.0,159.0,0,0
medium_compressibility,9,static_min,none,4,14,0.32923076923076927,0.84,4.28,14,14.0,1.0,159.0,0,0
medium_compressibility,9,static_min,none,4,15,0.32923076923076927,0.84,4.28,14,14.0,1.0,159.0,0,0
medium_compressibility,9,static_min,none,5,0,0.32923076923076927,0.84,4.28,14,14.0,1.0,159.0,0,0
medium_compressibility,9,static_min,none,5,1,0.32923076923076927,0.84,4.28,14,14.0,1.0,159.0,0,0
medium_compressibility,9,static_min,none,5,2,0.32923076923076927,0.84,4.28,14,14.0,1.0,159.0,0,0
medium_compressibility,9,static_min,none,5,3,0.32923076923076927,0.84,4.28,14,14.0,1.0,159.0,0,0
medium_compressibility,9,static_min,none,5,4,0.32923076923076927,0.84,4.28,14,14.0,1.0,159.0,0,0
medium_compressibility,9,static_min,none,5,5,0.32923076923076927,0.84,4.28,14,14.0,1.0,159.0,0,0
medium_compressibility,9,static_min,none,5,6,0.32923076923076927,0.84,4.28,14,14.0,1.0,159.0,0,0
medium_compressibility,9,static_min,none,5,7,0.32923076923076927,0.84,4.28,14,14.0,1.0,159.0,0,0
medium_compressibility,9,static_min,none,5,8,0.32923076923076927,0.84,4.28,14,14.0,1.0,159.0,0,0
medium_compressibility,9,static_min,none,5,9,0.32923076923076927,0.84,4.28,14,14.0,1.0,159.0,0,0
medium_compressibility,9,static_min,none,5,10,0.32923076923076927,0.84,4.28,14,14.0,1.0,159.0,0,0
medium_compressibility,9,static_min,none,5,11,0.32923076923076927,0.84,4.28,14,14.0,1.0,159.0,0,0
medium_compressibility,9,static_min,none,5,12,0.32923076923076927,0.84,4.28,14,14.0,1.0,159.0,0,0
medium_compressibility,9,static_min,none,5,13,0.32923076923076927,0.84,4.28,14,14.0,1.0,159.0,0,0
medium_compressibility,9,static_min,none,5,14,0.32923076923076927,0.84,4.28,14,14.0,1.0,159.0,0,0
medium_compressibility,9,static_min,none,5,15,0.32923076923076927,0.84,4.28,14,14.0,1.0,159.0,0,0
medium_compressibility,9,static_min,none,6,0,0.32923076923076927,0.84,4.28,14,14.0,1.0,159.0,0,0
medium_compressibility,9,static_min,none,6,1,0.32923076923076927,0.84,4.28,14,14.0,1.0,159.0,0,0
medium_compressibility,9,static_min,none,6,2,0.32923076923076927,0.84,4.28,14,14.0,1.0,159.0,0,0
medium_compressibility,9,static_min,none,6,3,0.32923076923076927,0.84,4.28,14,14.0,1.0,159.0,0,0
medium_compressibility,9,static_min,none,6,4,0.32923076923076927,0.84,4.28,14,14.0,1.0,159.0,0,0
medium_compressibility,9,static_min,none,6,5,0.32923076923076927,0.84,4.28,14,14.0,1.0,159.0,0,0
medium_compressibility,9,static_min,none,6,6,0.32923076923076927,0.84,4.28,14,14.0,1.0,159.0,0,0
medium_compressibility,9,static_min,none,6,7,0.32923076923076927,0.84,4.28,14,14.0,1.0,159.0,0,0
medium_compressibility,9,static_min,none,6,8,0.32923076923076927,0.84,4.28,14,14.0,1.0,159.0,0,0
medium_compressibility,9,static_min,none,6,9,0.32923076923076927,0.84,4.28,14,14.0,1.0,159.0,0,0
medium_compressibility,9,static_min,none,6,10,0.32923076923076927,0.84,4.28,14,14.0,1.0,159.0,0,0
medium_compressibility,9,static_min,none,6,11,0.32923076923076927,0.84,4.28,14,14.0,1.0,159.0,0,0
medium_compressibility,9,static_min,none,6,12,0.32923076923076927,0.84,4.28,14,14.0,1.0,159.0,0,0
medium_compressibility,9,static_min,none,6,13,0.32923076923076927,0.84,4.28,14,14.0,1.0,159.0,0,0
medium_compressibility,9,static_min,none,6,14,0.32923076923076927,0.84,4.28,14,14.0,1.0,159.0,0,0
medium_compressibility,9,static_min,none,6,15,0.32923076923076927,0.84,4.28,14,14.0,1.0,159.0,0,0
medium_compressibility,9,static_min,none,7,0,0.32923076923076927,0.84,4.28,14,14.0,1.0,159.0,0,0
medium_compressibility,9,static_min,none,7,1,0.32923076923076927,0.84,4.28,14,14.0,1.0,159.0,0,0
medium_compressibility,9,static_min,none,7,2,0.32923076923076927,0.84,4.28,14,14.0,1.0,159.0,0,0
medium_compressibility,9,static_min,none,7,3,0.32923076923076927,0.84,4.28,14,14.0,1.0,159.0,0,0
medium_compressibility,9,static_min,none,7,4,0.32923076923076927,0.84,4.28,14,14.0,1.0,159.0,0,0
medium_compressibility,9,static_min,none,7,5,0.32923076923076927,0.84,4.28,14,14.0,1.0,159.0,0,0
medium_compressibility,9,static_min,none,7,6,0.32923076923076927,0.84,4.28,14,14.0,1.0,159.0,0,0
medium_compressibility,9,static_min,none,7,7,0.32923076923076927,0.84,4.28,14,14.0,1.0,159.0,0,0
medium_compressibility,9,static_min,none,7,8,0.32923076923076927,0.84,4.28,14,14.0,1.0,159.0,0,0
medium_compressibility,9,static_min,none,7,9,0.32923076923076927,0.84,4.28,14,14.0,1.0,159.0,0,0
medium_compressibility,9,static_min,none,7,10,0.32923076923076927,0.84,4.28,14,14.0,1.0,159.0,0,0
medium_compressibility,9,static_min,none,7,11,0.32923076923076927,0.84,4.28,14,14.0,1.0,159.0,0,0
medium_compressibility,9,static_min,none,7,12,0.32923076923076927,0.84,4.28,14,14.0,1.0,159.0,0,0
medium_compressibility,9,static_min,none,7,13,0.32923076923076927,0.84,4.28,14,14.0,1.0,159.0,0,0
medium_compressibility,9,static_min,none,7,14,0.32923076923076927,0.84,4.28,14,14.0,1.0,159.0,0,0
medium_compressibility,9,static_min,none,7,15,0.32923076923076927,0.84,4.28,14,14.0,1.0,159.0,0,0
