family,seed,policy,C,B,slack_ratio,mean_t_slack,peak_demand,delta_max,gamma,stall_observed,slowdown_ratio
high_compressibility,1,capacity_aware_static,1,0,1.0,3.9655172413793105,1,0,0,0,1.0
high_compressibility,1,capacity_aware_static,1,1,1.0,3.9655172413793105,1,0,0,0,1.0
high_compressibility,1,capacity_aware_static,1,2,1.0,3.9655172413793105,1,0,0,0,1.0
high_compressibility,1,capacity_aware_static,1,3,1.0,3.9655172413793105,1,0,0,0,1.0
high_compressibility,1,capacity_aware_static,1,4,1.0,3.9655172413793105,1,0,0,0,1.0
high_compressibility,1,capacity_aware_static,1,5,1.0,3.9655172413793105,1,0,0,0,1.0
high_compressibility,1,capacity_aware_static,1,6,1.0,3.9655172413793105,1,0,0,0,1.0
high_compressibility,1,capacity_aware_static,1,7,1.0,3.9655172413793105,1,0,0,0,1.0
high_compressibility,1,capacity_aware_static,1,8,1.0,3.9655172413793105,1,0,0,0,1.0
high_compressibility,1,capacity_aware_static,1,9,1.0,3.9655172413793105,1,0,0,0,1.0
high_compressibility,1,capacity_aware_static,1,10,1.0,3.9655172413793105,1,0,0,0,1.0
high_compressibility,1,capacity_aware_static,1,11,1.0,3.9655172413793105,1,0,0,0,1.0
high_compressibility,1,capacity_aware_static,1,12,1.0,3.9655172413793105,1,0,0,0,1.0
high_compressibility,1,capacity_aware_static,1,13,1.0,3.9655172413793105,1,0,0,0,1.0
high_compressibility,1,capacity_aware_static,1,14,1.0,3.9655172413793105,1,0,0,0,1.0
high_compressibility,1,capacity_aware_static,1,15,1.0,3.9655172413793105,1,0,0,0,1.0
high_compressibility,1,capacity_aware_static,2,0,1.0,3.9655172413793105,2,0,0,0,1.0
high_compressibility,1,capacity_aware_static,2,1,1.0,3.9655172413793105,2,0,0,0,1.0
high_compressibility,1,capacity_aware_static,2,2,1.0,3.9655172413793105,2,0,0,0,1.0
high_compressibility,1,capacity_aware_static,2,3,1.0,3.9655172413793105,2,0,0,0,1.0
high_compressibility,1,capacity_aware_static,2,4,1.0,3.9655172413793105,2,0,0,0,1.0
high_compressibility,1,capacity_aware_static,2,5,1.0,3.9655172413793105,2,0,0,0,1.0
high_compressibility,1,capacity_aware_static,2,6,1.0,3.9655172413793105,2,0,0,0,1.0
high_compressibility,1,capacity_aware_static,2,7,1.0,3.9655172413793105,2,0,0,0,1.0
high_compressibility,1,capacity_aware_static,2,8,1.0,3.9655172413793105,2,0,0,0,1.0
high_compressibility,1,capacity_aware_static,2,9,1.0,3.9655172413793105,2,0,0,0,1.0
high_compressibility,1,capacity_aware_static,2,10,1.0,3.9655172413793105,2,0,0,0,1.0
high_compressibility,1,capacity_aware_static,2,11,1.0,3.9655172413793105,2,0,0,0,1.0
high_compressibility,1,capacity_aware_static,2,12,1.0,3.9655172413793105,2,0,0,0,1.0
high_compressibility,1,capacity_aware_static,2,13,1.0,3.9655172413793105,2,0,0,0,1.0
high_compressibility,1,capacity_aware_static,2,14,1.0,3.9655172413793105,2,0,0,0,1.0
high_compressibility,1,capacity_aware_static,2,15,1.0,3.9655172413793105,2,0,0,0,1.0
high_compressibility,1,capacity_aware_static,3,0,1.0,3.9655172413793105,3,0,0,0,1.0
high_compressibility,1,capacity_aware_static,3,1,1.0,3.9655172413793105,3,0,0,0,1.0
high_compressibility,1,capacity_aware_static,3,2,1.0,3.9655172413793105,3,0,0,0,1.0
high_compressibility,1,capacity_aware_static,3,3,1.0,3.9655172413793105,3,0,0,0,1.0
high_compressibility,1,capacity_aware_static,3,4,1.0,3.9655172413793105,3,0,0,0,1.0
high_compressibility,1,capacity_aware_static,3,5,1.0,3.9655172413793105,3,0,0,0,1.0
high_compressibility,1,capacity_aware_static,3,6,1.0,3.9655172413793105,3,0,0,0,1.0
high_compressibility,1,capacity_aware_static,3,7,1.0,3.9655172413793105,3,0,0,0,1.0
high_compressibility,1,capacity_aware_static,3,8,1.0,3.9655172413793105,3,0,0,0,1.0
high_compressibility,1,capacity_aware_static,3,9,1.0,3.9655172413793105,3,0,0,0,1.0
high_compressibility,1,capacity_aware_static,3,10,1.0,3.9655172413793105,3,0,0,0,1.0
high_compressibility,1,capacity_aware_static,3,11,1.0,3.9655172413793105,3,0,0,0,1.0
high_compressibility,1,capacity_aware_static,3,12,1.0,3.9655172413793105,3,0,0,0,1.0
high_compressibility,1,capacity_aware_static,3,13,1.0,3.9655172413793105,3,0,0,0,1.0
high_compressibility,1,capacity_aware_static,3,14,1.0,3.9655172413793105,3,0,0,0,1.0
high_compressibility,1,capacity_aware_static,3,15,1.0,3.9655172413793105,3,0,0,0,1.0
high_compressibility,1,capacity_aware_static,4,0,1.0,3.9655172413793105,4,0,0,0,1.0
high_compressibility,1,capacity_aware_static,4,1,1.0,3.9655172413793105,4,0,0,0,1.0
high_compressibility,1,capacity_aware_static,4,2,1.0,3.9655172413793105,4,0,0,0,1.0
high_compressibility,1,capacity_aware_static,4,3,1.0,3.9655172413793105,4,0,0,0,1.0
high_compressibility,1,capacity_aware_static,4,4,1.0,3.9655172413793105,4,0,0,0,1.0
high_compressibility,1,capacity_aware_static,4,5,1.0,3.9655172413793105,4,0,0,0,1.0
high_compressibility,1,capacity_aware_static,4,6,1.0,3.9655172413793105,4,0,0,0,1.0
high_compressibility,1,capacity_aware_static,4,7,1.0,3.9655172413793105,4,0,0,0,1.0
high_compressibility,1,capacity_aware_static,4,8,1.0,3.9655172413793105,4,0,0,0,1.0
high_compressibility,1,capacity_aware_static,4,9,1.0,3.9655172413793105,4,0,0,0,1.0
high_compressibility,1,capacity_aware_static,4,10,1.0,3.9655172413793105,4,0,0,0,1.0
high_compressibility,1,capacity_aware_static,4,11,1.0,3.9655172413793105,4,0,0,0,1.0
high_compressibility,1,capacity_aware_static,4,12,1.0,3.9655172413793105,4,0,0,0,1.0
high_compressibility,1,capacity_aware_static,4,13,1.0,3.9655172413793105,4,0,0,0,1.0
high_compressibility,1,capacity_aware_static,4,14,1.0,3.9655172413793105,4,0,0,0,1.0
high_compressibility,1,capacity_aware_static,4,15,1.0,3.9655172413793105,4,0,0,0,1.0
high_compressibility,1,capacity_aware_static,5,0,1.0,3.9655172413793105,5,0,0,0,1.0
high_compressibility,1,capacity_aware_static,5,1,1.0,3.9655172413793105,5,0,0,0,1.0
high_compressibility,1,capacity_aware_static,5,2,1.0,3.9655172413793105,5,0,0,0,1.0
high_compressibility,1,capacity_aware_static,5,3,1.0,3.9655172413793105,5,0,0,0,1.0
high_compressibility,1,capacity_aware_static,5,4,1.0,3.9655172413793105,5,0,0,0,1.0
high_compressibility,1,capacity_aware_static,5,5,1.0,3.9655172413793105,5,0,0,0,1.0
high_compressibility,1,capacity_aware_static,5,6,1.0,3.9655172413793105,5,0,0,0,1.0
high_compressibility,1,capacity_aware_static,5,7,1.0,3.9655172413793105,5,0,0,0,1.0
high_compressibility,1,capacity_aware_static,5,8,1.0,3.9655172413793105,5,0,0,0,1.0
high_compressibility,1,capacity_aware_static,5,9,1.0,3.9655172413793105,5,0,0,0,1.0
high_compressibility,1,capacity_aware_static,5,10,1.0,3.9655172413793105,5,0,0,0,1.0
high_compressibility,1,capacity_aware_static,5,11,1.0,3.9655172413793105,5,0,0,0,1.0
high_compressibility,1,capacity_aware_static,5,12,1.0,3.9655172413793105,5,0,0,0,1.0
high_compressibility,1,capacity_aware_static,5,13,1.0,3.9655172413793105,5,0,0,0,1.0
high_compressibility,1,capacity_aware_static,5,14,1.0,3.9655172413793105,5,0,0,0,1.0
high_compressibility,1,capacity_aware_static,5,15,1.0,3.9655172413793105,5,0,0,0,1.0
high_compressibility,1,capacity_aware_static,6,0,1.0,3.9655172413793105,6,0,0,0,1.0
high_compressibility,1,capacity_aware_static,6,1,1.0,3.9655172413793105,6,0,0,0,1.0
high_compressibility,1,capacity_aware_static,6,2,1.0,3.9655172413793105,6,0,0,0,1.0
high_compressibility,1,capacity_aware_static,6,3,1.0,3.9655172413793105,6,0,0,0,1.0
high_compressibility,1,capacity_aware_static,6,4,1.0,3.9655172413793105,6,0,0,0,1.0
high_compressibility,1,capacity_aware_static,6,5,1.0,3.9655172413793105,6,0,0,0,1.0
high_compressibility,1,capacity_aware_static,6,6,1.0,3.9655172413793105,6,0,0,0,1.0
high_compressibility,1,capacity_aware_static,6,7,1.0,3.9655172413793105,6,0,0,0,1.0
high_compressibility,1,capacity_aware_static,6,8,1.0,3.9655172413793105,6,0,0,0,1.0
high_compressibility,1,capacity_aware_static,6,9,1.0,3.9655172413793105,6,0,0,0,1.0
high_compressibility,1,capacity_aware_static,6,10,1.0,3.9655172413793105,6,0,0,0,1.0
high_compressibility,1,capacity_aware_static,6,11,1.0,3.9655172413793105,6,0,0,0,1.0
high_compressibility,1,capacity_aware_static,6,12,1.0,3.9655172413793105,6,0,0,0,1.0
high_compressibility,1,capacity_aware_static,6,13,1.0,3.9655172413793105,6,0,0,0,1.0
high_compressibility,1,capacity_aware_static,6,14,1.0,3.9655172413793105,6,0,0,0,1.0
high_compressibility,1,capacity_aware_static,6,15,1.0,3.9655172413793105,6,0,0,0,1.0
high_compressibility,1,capacity_aware_static,7,0,1.0,3.9655172413793105,6,0,0,0,1.0
high_compressibility,1,capacity_aware_static,7,1,1.0,3.9655172413793105,6,0,0,0,1.0
high_compressibility,1,capacity_aware_static,7,2,1.0,3.9655172413793105,6,0,0,0,1.0
high_compressibility,1,capacity_aware_static,7,3,1.0,3.9655172413793105,6,0,0,0,1.0
high_compressibility,1,capacity_aware_static,7,4,1.0,3.9655172413793105,6,0,0,0,1.0
high_compressibility,1,capacity_aware_static,7,5,1.0,3.9655172413793105,6,0,0,0,1.0
high_compressibility,1,capacity_aware_static,7,6,1.0,3.9655172413793105,6,0,0,0,1.0
high_compressibility,1,capacity_aware_static,7,7,1.0,3.9655172413793105,6,0,0,0,1.0
high_compressibility,1,capacity_aware_static,7,8,1.0,3.9655172413793105,6,0,0,0,1.0
high_compressibility,1,capacity_aware_static,7,9,1.0,3.9655172413793105,6,0,0,0,1.0
high_compressibility,1,capacity_aware_static,7,10,1.0,3.9655172413793105,6,0,0,0,1.0
high_compressibility,1,capacity_aware_static,7,11,1.0,3.9655172413793105,6,0,0,0,1.0
high_compressibility,1,capacity_aware_static,7,12,1.0,3.9655172413793105,6,0,0,0,1.0
high_compressibility,1,capacity_aware_static,7,13,1.0,3.9655172413793105,6,0,0,0,1.0
high_compressibility,1,capacity_aware_static,7,14,1.0,3.9655172413793105,6,0,0,0,1.0
high_compressibility,1,capacity_aware_static,7,15,1.0,3.9655172413793105,6,0,0,0,1.0
high_compressibility,1,smoothed,1,0,1.0,3.9655172413793105,3,19,19,1,inf
high_compressibility,1,smoothed,1,1,1.0,3.9655172413793105,3,19,19,1,inf
high_compressibility,1,smoothed,1,2,1.0,3.9655172413793105,3,19,19,1,2.9
high_compressibility,1,smoothed,1,3,1.0,3.9655172413793105,3,19,19,1,2.9
high_compressibility,1,smoothed,1,4,1.0,3.9655172413793105,3,19,19,1,2.9
high_compressibility,1,smoothed,1,5,1.0,3.9655172413793105,3,19,19,1,2.9
high_compressibility,1,smoothed,1,6,1.0,3.9655172413793105,3,19,19,1,2.9
high_compressibility,1,smoothed,1,7,1.0,3.9655172413793105,3,19,19,1,2.9
high_compressibility,1,smoothed,1,8,1.0,3.9655172413793105,3,19,19,1,2.9
high_compressibility,1,smoothed,1,9,1.0,3.9655172413793105,3,19,19,1,2.9
high_compressibility,1,smoothed,1,10,1.0,3.9655172413793105,3,19,19,1,2.9
high_compressibility,1,smoothed,1,11,1.0,3.9655172413793105,3,19,19,1,2.9
high_compressibility,1,smoothed,1,12,1.0,3.9655172413793105,3,19,19,1,2.9
high_compressibility,1,smoothed,1,13,1.0,3.9655172413793105,3,19,19,1,2.9
high_compressibility,1,smoothed,1,14,1.0,3.9655172413793105,3,19,19,1,2.9
high_compressibility,1,smoothed,1,15,1.0,3.9655172413793105,3,19,19,1,2.9
high_compressibility,1,smoothed,2,0,1.0,3.9655172413793105,3,9,9,1,inf
high_compressibility,1,smoothed,2,1,1.0,3.9655172413793105,3,9,9,1,1.9
high_compressibility,1,smoothed,2,2,1.0,3.9655172413793105,3,9,9,1,1.5
high_compressibility,1,smoothed,2,3,1.0,3.9655172413793105,3,9,9,1,1.5
high_compressibility,1,smoothed,2,4,1.0,3.9655172413793105,3,9,9,1,1.5
high_compressibility,1,smoothed,2,5,1.0,3.9655172413793105,3,9,9,1,1.5
high_compressibility,1,smoothed,2,6,1.0,3.9655172413793105,3,9,9,1,1.5
high_compressibility,1,smoothed,2,7,1.0,3.9655172413793105,3,9,9,1,1.5
high_compressibility,1,smoothed,2,8,1.0,3.9655172413793105,3,9,9,1,1.5
high_compressibility,1,smoothed,2,9,1.0,3.9655172413793105,3,9,9,1,1.5
high_compressibility,1,smoothed,2,10,1.0,3.9655172413793105,3,9,9,1,1.5
high_compressibility,1,smoothed,2,11,1.0,3.9655172413793105,3,9,9,1,1.5
high_compressibility,1,smoothed,2,12,1.0,3.9655172413793105,3,9,9,1,1.5
high_compressibility,1,smoothed,2,13,1.0,3.9655172413793105,3,9,9,1,1.5
high_compressibility,1,smoothed,2,14,1.0,3.9655172413793105,3,9,9,1,1.5
high_compressibility,1,smoothed,2,15,1.0,3.9655172413793105,3,9,9,1,1.5
high_compressibility,1,smoothed,3,0,1.0,3.9655172413793105,3,0,0,0,1.0
high_compressibility,1,smoothed,3,1,1.0,3.9655172413793105,3,0,0,0,1.0
high_compressibility,1,smoothed,3,2,1.0,3.9655172413793105,3,0,0,0,1.0
high_compressibility,1,smoothed,3,3,1.0,3.9655172413793105,3,0,0,0,1.0
high_compressibility,1,smoothed,3,4,1.0,3.9655172413793105,3,0,0,0,1.0
high_compressibility,1,smoothed,3,5,1.0,3.9655172413793105,3,0,0,0,1.0
high_compressibility,1,smoothed,3,6,1.0,3.9655172413793105,3,0,0,0,1.0
high_compressibility,1,smoothed,3,7,1.0,3.9655172413793105,3,0,0,0,1.0
high_compressibility,1,smoothed,3,8,1.0,3.9655172413793105,3,0,0,0,1.0
high_compressibility,1,smoothed,3,9,1.0,3.9655172413793105,3,0,0,0,1.0
high_compressibility,1,smoothed,3,10,1.0,3.9655172413793105,3,0,0,0,1.0
high_compressibility,1,smoothed,3,11,1.0,3.9655172413793105,3,0,0,0,1.0
high_compressibility,1,smoothed,3,12,1.0,3.9655172413793105,3,0,0,0,1.0
high_compressibility,1,smoothed,3,13,1.0,3.9655172413793105,3,0,0,0,1.0
high_compressibility,1,smoothed,3,14,1.0,3.9655172413793105,3,0,0,0,1.0
high_compressibility,1,smoothed,3,15,1.0,3.9655172413793105,3,0,0,0,1.0
high_compressibility,1,smoothed,4,0,1.0,3.9655172413793105,3,0,0,0,1.0
high_compressibility,1,smoothed,4,1,1.0,3.9655172413793105,3,0,0,0,1.0
high_compressibility,1,smoothed,4,2,1.0,3.9655172413793105,3,0,0,0,1.0
high_compressibility,1,smoothed,4,3,1.0,3.9655172413793105,3,0,0,0,1.0
high_compressibility,1,smoothed,4,4,1.0,3.9655172413793105,3,0,0,0,1.0
high_compressibility,1,smoothed,4,5,1.0,3.9655172413793105,3,0,0,0,1.0
high_compressibility,1,smoothed,4,6,1.0,3.9655172413793105,3,0,0,0,1.0
high_compressibility,1,smoothed,4,7,1.0,3.9655172413793105,3,0,0,0,1.0
high_compressibility,1,smoothed,4,8,1.0,3.9655172413793105,3,0,0,0,1.0
high_compressibility,1,smoothed,4,9,1.0,3.9655172413793105,3,0,0,0,1.0
high_compressibility,1,smoothed,4,10,1.0,3.9655172413793105,3,0,0,0,1.0
high_compressibility,1,smoothed,4,11,1.0,3.9655172413793105,3,0,0,0,1.0
high_compressibility,1,smoothed,4,12,1.0,3.9655172413793105,3,0,0,0,1.0
high_compressibility,1,smoothed,4,13,1.0,3.9655172413793105,3,0,0,0,1.0
high_compressibility,1,smoothed,4,14,1.0,3.9655172413793105,3,0,0,0,1.0
high_compressibility,1,smoothed,4,15,1.0,3.9655172413793105,3,0,0,0,1.0
high_compressibility,1,smoothed,5,0,1.0,3.9655172413793105,3,0,0,0,1.0
high_compressibility,1,smoothed,5,1,1.0,3.9655172413793105,3,0,0,0,1.0
high_compressibility,1,smoothed,5,2,1.0,3.9655172413793105,3,0,0,0,1.0
high_compressibility,1,smoothed,5,3,1.0,3.9655172413793105,3,0,0,0,1.0
high_compressibility,1,smoothed,5,4,1.0,3.9655172413793105,3,0,0,0,1.0
high_compressibility,1,smoothed,5,5,1.0,3.9655172413793105,3,0,0,0,1.0
high_compressibility,1,smoothed,5,6,1.0,3.9655172413793105,3,0,0,0,1.0
high_compressibility,1,smoothed,5,7,1.0,3.9655172413793105,3,0,0,0,1.0
high_compressibility,1,smoothed,5,8,1.0,3.9655172413793105,3,0,0,0,1.0
high_compressibility,1,smoothed,5,9,1.0,3.9655172413793105,3,0,0,0,1.0
high_compressibility,1,smoothed,5,10,1.0,3.9655172413793105,3,0,0,0,1.0
high_compressibility,1,smoothed,5,11,1.0,3.9655172413793105,3,0,0,0,1.0
high_compressibility,1,smoothed,5,12,1.0,3.9655172413793105,3,0,0,0,1.0
high_compressibility,1,smoothed,5,13,1.0,3.9655172413793105,3,0,0,0,1.0
high_compressibility,1,smoothed,5,14,1.0,3.9655172413793105,3,0,0,0,1.0
high_compressibility,1,smoothed,5,15,1.0,3.9655172413793105,3,0,0,0,1.0
high_compressibility,1,smoothed,6,0,1.0,3.9655172413793105,3,0,0,0,1.0
high_compressibility,1,smoothed,6,1,1.0,3.9655172413793105,3,0,0,0,1.0
high_compressibility,1,smoothed,6,2,1.0,3.9655172413793105,3,0,0,0,1.0
high_compressibility,1,smoothed,6,3,1.0,3.9655172413793105,3,0,0,0,1.0
high_compressibility,1,smoothed,6,4,1.0,3.9655172413793105,3,0,0,0,1.0
high_compressibility,1,smoothed,6,5,1.0,3.9655172413793105,3,0,0,0,1.0
high_compressibility,1,smoothed,6,6,1.0,3.9655172413793105,3,0,0,0,1.0
high_compressibility,1,smoothed,6,7,1.0,3.9655172413793105,3,0,0,0,1.0
high_compressibility,1,smoothed,6,8,1.0,3.9655172413793105,3,0,0,0,1.0
high_compressibility,1,smoothed,6,9,1.0,3.9655172413793105,3,0,0,0,1.0
high_compressibility,1,smoothed,6,10,1.0,3.9655172413793105,3,0,0,0,1.0
high_compressibility,1,smoothed,6,11,1.0,3.9655172413793105,3,0,0,0,1.0
high_compressibility,1,smoothed,6,12,1.0,3.9655172413793105,3,0,0,0,1.0
high_compressibility,1,smoothed,6,13,1.0,3.9655172413793105,3,0,0,0,1.0
high_compressibility,1,smoothed,6,14,1.0,3.9655172413793105,3,0,0,0,1.0
high_compressibility,1,smoothed,6,15,1.0,3.9655172413793105,3,0,0,0,1.0
high_compressibility,1,smoothed,7,0,1.0,3.9655172413793105,3,0,0,0,1.0
high_compressibility,1,smoothed,7,1,1.0,3.9655172413793105,3,0,0,0,1.0
high_compressibility,1,smoothed,7,2,1.0,3.9655172413793105,3,0,0,0,1.0
high_compressibility,1,smoothed,7,3,1.0,3.9655172413793105,3,0,0,0,1.0
high_compressibility,1,smoothed,7,4,1.0,3.9655172413793105,3,0,0,0,1.0
high_compressibility,1,smoothed,7,5,1.0,3.9655172413793105,3,0,0,0,1.0
high_compressibility,1,smoothed,7,6,1.0,3.9655172413793105,3,0,0,0,1.0
high_compressibility,1,smoothed,7,7,1.0,3.9655172413793105,3,0,0,0,1.0
high_compressibility,1,smoothed,7,8,1.0,3.9655172413793105,3,0,0,0,1.0
high_compressibility,1,smoothed,7,9,1.0,3.9655172413793105,3,0,0,0,1.0
high_compressibility,1,smoothed,7,10,1.0,3.9655172413793105,3,0,0,0,1.0
high_compressibility,1,smoothed,7,11,1.0,3.9655172413793105,3,0,0,0,1.0
high_compressibility,1,smoothed,7,12,1.0,3.9655172413793105,3,0,0,0,1.0
high_compressibility,1,smoothed,7,13,1.0,3.9655172413793105,3,0,0,0,1.0
high_compressibility,1,smoothed,7,14,1.0,3.9655172413793105,3,0,0,0,1.0
high_compressibility,1,smoothed,7,15,1.0,3.9655172413793105,3,0,0,0,1.0
high_compressibility,1,static_min,1,0,1.0,3.9655172413793105,6,23,23,1,inf
high_compressibility,1,static_min,1,1,1.0,3.9655172413793105,6,23,23,1,inf
high_compressibility,1,static_min,1,2,1.0,3.9655172413793105,6,23,23,1,inf
high_compressibility,1,static_min,1,3,1.0,3.9655172413793105,6,23,23,1,inf
high_compressibility,1,static_min,1,4,1.0,3.9655172413793105,6,23,23,1,inf
high_compressibility,1,static_min,1,5,1.0,3.9655172413793105,6,23,23,1,3.875
high_compressibility,1,static_min,1,6,1.0,3.9655172413793105,6,23,23,1,3.875
high_compressibility,1,static_min,1,7,1.0,3.9655172413793105,6,23,23,1,3.875
high_compressibility,1,static_min,1,8,1.0,3.9655172413793105,6,23,23,1,3.875
high_compressibility,1,static_min,1,9,1.0,3.9655172413793105,6,23,23,1,3.875
high_compressibility,1,static_min,1,10,1.0,3.9655172413793105,6,23,23,1,3.875
high_compressibility,1,static_min,1,11,1.0,3.9655172413793105,6,23,23,1,3.875
high_compressibility,1,static_min,1,12,1.0,3.9655172413793105,6,23,23,1,3.875
high_compressibility,1,static_min,1,13,1.0,3.9655172413793105,6,23,23,1,3.875
high_compressibility,1,static_min,1,14,1.0,3.9655172413793105,6,23,23,1,3.875
high_compressibility,1,static_min,1,15,1.0,3.9655172413793105,6,23,23,1,3.875
high_compressibility,1,static_min,2,0,1.0,3.9655172413793105,6,17,17,1,inf
high_compressibility,1,static_min,2,1,1.0,3.9655172413793105,6,17,17,1,inf
high_compressibility,1,static_min,2,2,1.0,3.9655172413793105,6,17,17,1,inf
high_compressibility,1,static_min,2,3,1.0,3.9655172413793105,6,17,17,1,inf
high_compressibility,1,static_min,2,4,1.0,3.9655172413793105,6,17,17,1,2.125
high_compressibility,1,static_min,2,5,1.0,3.9655172413793105,6,17,17,1,2.125
high_compressibility,1,static_min,2,6,1.0,3.9655172413793105,6,17,17,1,2.125
high_compressibility,1,static_min,2,7,1.0,3.9655172413793105,6,17,17,1,2.125
high_compressibility,1,static_min,2,8,1.0,3.9655172413793105,6,17,17,1,2.125
high_compressibility,1,static_min,2,9,1.0,3.9655172413793105,6,17,17,1,2.125
high_compressibility,1,static_min,2,10,1.0,3.9655172413793105,6,17,17,1,2.125
high_compressibility,1,static_min,2,11,1.0,3.9655172413793105,6,17,17,1,2.125
high_compressibility,1,static_min,2,12,1.0,3.9655172413793105,6,17,17,1,2.125
high_compressibility,1,static_min,2,13,1.0,3.9655172413793105,6,17,17,1,2.125
high_compressibility,1,static_min,2,14,1.0,3.9655172413793105,6,17,17,1,2.125
high_compressibility,1,static_min,2,15,1.0,3.9655172413793105,6,17,17,1,2.125
high_compressibility,1,static_min,3,0,1.0,3.9655172413793105,6,11,11,1,inf
high_compressibility,1,static_min,3,1,1.0,3.9655172413793105,6,11,11,1,inf
high_compressibility,1,static_min,3,2,1.0,3.9655172413793105,6,11,11,1,inf
high_compressibility,1,static_min,3,3,1.0,3.9655172413793105,6,11,11,1,1.5
high_compressibility,1,static_min,3,4,1.0,3.9655172413793105,6,11,11,1,1.5
high_compressibility,1,static_min,3,5,1.0,3.9655172413793105,6,11,11,1,1.5
high_compressibility,1,static_min,3,6,1.0,3.9655172413793105,6,11,11,1,1.5
high_compressibility,1,static_min,3,7,1.0,3.9655172413793105,6,11,11,1,1.5
high_compressibility,1,static_min,3,8,1.0,3.9655172413793105,6,11,11,1,1.5
high_compressibility,1,static_min,3,9,1.0,3.9655172413793105,6,11,11,1,1.5
high_compressibility,1,static_min,3,10,1.0,3.9655172413793105,6,11,11,1,1.5
high_compressibility,1,static_min,3,11,1.0,3.9655172413793105,6,11,11,1,1.5
high_compressibility,1,static_min,3,12,1.0,3.9655172413793105,6,11,11,1,1.5
high_compressibility,1,static_min,3,13,1.0,3.9655172413793105,6,11,11,1,1.5
high_compressibility,1,static_min,3,14,1.0,3.9655172413793105,6,11,11,1,1.5
high_compressibility,1,static_min,3,15,1.0,3.9655172413793105,6,11,11,1,1.5
high_compressibility,1,static_min,4,0,1.0,3.9655172413793105,6,7,7,1,inf
high_compressibility,1,static_min,4,1,1.0,3.9655172413793105,6,7,7,1,inf
high_compressibility,1,static_min,4,2,1.0,3.9655172413793105,6,7,7,1,1.5
high_compressibility,1,static_min,4,3,1.0,3.9655172413793105,6,7,7,1,1.375
high_compressibility,1,static_min,4,4,1.0,3.9655172413793105,6,7,7,1,1.25
high_compressibility,1,static_min,4,5,1.0,3.9655172413793105,6,7,7,1,1.25
high_compressibility,1,static_min,4,6,1.0,3.9655172413793105,6,7,7,1,1.25
high_compressibility,1,static_min,4,7,1.0,3.9655172413793105,6,7,7,1,1.25
high_compressibility,1,static_min,4,8,1.0,3.9655172413793105,6,7,7,1,1.25
high_compressibility,1,static_min,4,9,1.0,3.9655172413793105,6,7,7,1,1.25
high_compressibility,1,static_min,4,10,1.0,3.9655172413793105,6,7,7,1,1.25
high_compressibility,1,static_min,4,11,1.0,3.9655172413793105,6,7,7,1,1.25
high_compressibility,1,static_min,4,12,1.0,3.9655172413793105,6,7,7,1,1.25
high_compressibility,1,static_min,4,13,1.0,3.9655172413793105,6,7,7,1,1.25
high_compressibility,1,static_min,4,14,1.0,3.9655172413793105,6,7,7,1,1.25
high_compressibility,1,static_min,4,15,1.0,3.9655172413793105,6,7,7,1,1.25
high_compressibility,1,static_min,5,0,1.0,3.9655172413793105,6,3,3,1,inf
high_compressibility,1,static_min,5,1,1.0,3.9655172413793105,6,3,3,1,1.375
high_compressibility,1,static_min,5,2,1.0,3.9655172413793105,6,3,3,1,1.25
high_compressibility,1,static_min,5,3,1.0,3.9655172413793105,6,3,3,1,1.125
high_compressibility,1,static_min,5,4,1.0,3.9655172413793105,6,3,3,1,1.125
high_compressibility,1,static_min,5,5,1.0,3.9655172413793105,6,3,3,1,1.125
high_compressibility,1,static_min,5,6,1.0,3.9655172413793105,6,3,3,1,1.125
high_compressibility,1,static_min,5,7,1.0,3.9655172413793105,6,3,3,1,1.125
high_compressibility,1,static_min,5,8,1.0,3.9655172413793105,6,3,3,1,1.125
high_compressibility,1,static_min,5,9,1.0,3.9655172413793105,6,3,3,1,1.125
high_compressibility,1,static_min,5,10,1.0,3.9655172413793105,6,3,3,1,1.125
high_compressibility,1,static_min,5,11,1.0,3.9655172413793105,6,3,3,1,1.125
high_compressibility,1,static_min,5,12,1.0,3.9655172413793105,6,3,3,1,1.125
high_compressibility,1,static_min,5,13,1.0,3.9655172413793105,6,3,3,1,1.125
high_compressibility,1,static_min,5,14,1.0,3.9655172413793105,6,3,3,1,1.125
high_compressibility,1,static_min,5,15,1.0,3.9655172413793105,6,3,3,1,1.125
high_compressibility,1,static_min,6,0,1.0,3.9655172413793105,6,0,0,0,1.0
high_compressibility,1,static_min,6,1,1.0,3.9655172413793105,6,0,0,0,1.0
high_compressibility,1,static_min,6,2,1.0,3.9655172413793105,6,0,0,0,1.0
high_compressibility,1,static_min,6,3,1.0,3.9655172413793105,6,0,0,0,1.0
high_compressibility,1,static_min,6,4,1.0,3.9655172413793105,6,0,0,0,1.0
high_compressibility,1,static_min,6,5,1.0,3.9655172413793105,6,0,0,0,1.0
high_compressibility,1,static_min,6,6,1.0,3.9655172413793105,6,0,0,0,1.0
high_compressibility,1,static_min,6,7,1.0,3.9655172413793105,6,0,0,0,1.0
high_compressibility,1,static_min,6,8,1.0,3.9655172413793105,6,0,0,0,1.0
high_compressibility,1,static_min,6,9,1.0,3.9655172413793105,6,0,0,0,1.0
high_compressibility,1,static_min,6,10,1.0,3.9655172413793105,6,0,0,0,1.0
high_compressibility,1,static_min,6,11,1.0,3.9655172413793105,6,0,0,0,1.0
high_compressibility,1,static_min,6,12,1.0,3.9655172413793105,6,0,0,0,1.0
high_compressibility,1,static_min,6,13,1.0,3.9655172413793105,6,0,0,0,1.0
high_compressibility,1,static_min,6,14,1.0,3.9655172413793105,6,0,0,0,1.0
high_compressibility,1,static_min,6,15,1.0,3.9655172413793105,6,0,0,0,1.0
high_compressibility,1,static_min,7,0,1.0,3.9655172413793105,6,0,0,0,1.0
high_compressibility,1,static_min,7,1,1.0,3.9655172413793105,6,0,0,0,1.0
high_compressibility,1,static_min,7,2,1.0,3.9655172413793105,6,0,0,0,1.0
high_compressibility,1,static_min,7,3,1.0,3.9655172413793105,6,0,0,0,1.0
high_compressibility,1,static_min,7,4,1.0,3.9655172413793105,6,0,0,0,1.0
high_compressibility,1,static_min,7,5,1.0,3.9655172413793105,6,0,0,0,1.0
high_compressibility,1,static_min,7,6,1.0,3.9655172413793105,6,0,0,0,1.0
high_compressibility,1,static_min,7,7,1.0,3.9655172413793105,6,0,0,0,1.0
high_compressibility,1,static_min,7,8,1.0,3.9655172413793105,6,0,0,0,1.0
high_compressibility,1,static_min,7,9,1.0,3.9655172413793105,6,0,0,0,1.0
high_compressibility,1,static_min,7,10,1.0,3.9655172413793105,6,0,0,0,1.0
high_compressibility,1,static_min,7,11,1.0,3.9655172413793105,6,0,0,0,1.0
high_compressibility,1,static_min,7,12,1.0,3.9655172413793105,6,0,0,0,1.0
high_compressibility,1,static_min,7,13,1.0,3.9655172413793105,6,0,0,0,1.0
high_compressibility,1,static_min,7,14,1.0,3.9655172413793105,6,0,0,0,1.0
high_compressibility,1,static_min,7,15,1.0,3.9655172413793105,6,0,0,0,1.0
high_compressibility,3,capacity_aware_static,1,0,1.0,3.3448275862068964,1,0,0,0,1.0
high_compressibility,3,capacity_aware_static,1,1,1.0,3.3448275862068964,1,0,0,0,1.0
high_compressibility,3,capacity_aware_static,1,2,1.0,3.3448275862068964,1,0,0,0,1.0
high_compressibility,3,capacity_aware_static,1,3,1.0,3.3448275862068964,1,0,0,0,1.0
high_compressibility,3,capacity_aware_static,1,4,1.0,3.3448275862068964,1,0,0,0,1.0
high_compressibility,3,capacity_aware_static,1,5,1.0,3.3448275862068964,1,0,0,0,1.0
high_compressibility,3,capacity_aware_static,1,6,1.0,3.3448275862068964,1,0,0,0,1.0
high_compressibility,3,capacity_aware_static,1,7,1.0,3.3448275862068964,1,0,0,0,1.0
high_compressibility,3,capacity_aware_static,1,8,1.0,3.3448275862068964,1,0,0,0,1.0
high_compressibility,3,capacity_aware_static,1,9,1.0,3.3448275862068964,1,0,0,0,1.0
high_compressibility,3,capacity_aware_static,1,10,1.0,3.3448275862068964,1,0,0,0,1.0
high_compressibility,3,capacity_aware_static,1,11,1.0,3.3448275862068964,1,0,0,0,1.0
high_compressibility,3,capacity_aware_static,1,12,1.0,3.3448275862068964,1,0,0,0,1.0
high_compressibility,3,capacity_aware_static,1,13,1.0,3.3448275862068964,1,0,0,0,1.0
high_compressibility,3,capacity_aware_static,1,14,1.0,3.3448275862068964,1,0,0,0,1.0
high_compressibility,3,capacity_aware_static,1,15,1.0,3.3448275862068964,1,0,0,0,1.0
high_compressibility,3,capacity_aware_static,2,0,1.0,3.3448275862068964,2,0,0,0,1.0
high_compressibility,3,capacity_aware_static,2,1,1.0,3.3448275862068964,2,0,0,0,1.0
high_compressibility,3,capacity_aware_static,2,2,1.0,3.3448275862068964,2,0,0,0,1.0
high_compressibility,3,capacity_aware_static,2,3,1.0,3.3448275862068964,2,0,0,0,1.0
high_compressibility,3,capacity_aware_static,2,4,1.0,3.3448275862068964,2,0,0,0,1.0
high_compressibility,3,capacity_aware_static,2,5,1.0,3.3448275862068964,2,0,0,0,1.0
high_compressibility,3,capacity_aware_static,2,6,1.0,3.3448275862068964,2,0,0,0,1.0
high_compressibility,3,capacity_aware_static,2,7,1.0,3.3448275862068964,2,0,0,0,1.0
high_compressibility,3,capacity_aware_static,2,8,1.0,3.3448275862068964,2,0,0,0,1.0
high_compressibility,3,capacity_aware_static,2,9,1.0,3.3448275862068964,2,0,0,0,1.0
high_compressibility,3,capacity_aware_static,2,10,1.0,3.3448275862068964,2,0,0,0,1.0
high_compressibility,3,capacity_aware_static,2,11,1.0,3.3448275862068964,2,0,0,0,1.0
high_compressibility,3,capacity_aware_static,2,12,1.0,3.3448275862068964,2,0,0,0,1.0
high_compressibility,3,capacity_aware_static,2,13,1.0,3.3448275862068964,2,0,0,0,1.0
high_compressibility,3,capacity_aware_static,2,14,1.0,3.3448275862068964,2,0,0,0,1.0
high_compressibility,3,capacity_aware_static,2,15,1.0,3.3448275862068964,2,0,0,0,1.0
high_compressibility,3,capacity_aware_static,3,0,1.0,3.3448275862068964,3,0,0,0,1.0
high_compressibility,3,capacity_aware_static,3,1,1.0,3.3448275862068964,3,0,0,0,1.0
high_compressibility,3,capacity_aware_static,3,2,1.0,3.3448275862068964,3,0,0,0,1.0
high_compressibility,3,capacity_aware_static,3,3,1.0,3.3448275862068964,3,0,0,0,1.0
high_compressibility,3,capacity_aware_static,3,4,1.0,3.3448275862068964,3,0,0,0,1.0
high_compressibility,3,capacity_aware_static,3,5,1.0,3.3448275862068964,3,0,0,0,1.0
high_compressibility,3,capacity_aware_static,3,6,1.0,3.3448275862068964,3,0,0,0,1.0
high_compressibility,3,capacity_aware_static,3,7,1.0,3.3448275862068964,3,0,0,0,1.0
high_compressibility,3,capacity_aware_static,3,8,1.0,3.3448275862068964,3,0,0,0,1.0
high_compressibility,3,capacity_aware_static,3,9,1.0,3.3448275862068964,3,0,0,0,1.0
high_compressibility,3,capacity_aware_static,3,10,1.0,3.3448275862068964,3,0,0,0,1.0
high_compressibility,3,capacity_aware_static,3,11,1.0,3.3448275862068964,3,0,0,0,1.0
high_compressibility,3,capacity_aware_static,3,12,1.0,3.3448275862068964,3,0,0,0,1.0
high_compressibility,3,capacity_aware_static,3,13,1.0,3.3448275862068964,3,0,0,0,1.0
high_compressibility,3,capacity_aware_static,3,14,1.0,3.3448275862068964,3,0,0,0,1.0
high_compressibility,3,capacity_aware_static,3,15,1.0,3.3448275862068964,3,0,0,0,1.0
high_compressibility,3,capacity_aware_static,4,0,1.0,3.3448275862068964,4,0,0,0,1.0
high_compressibility,3,capacity_aware_static,4,1,1.0,3.3448275862068964,4,0,0,0,1.0
high_compressibility,3,capacity_aware_static,4,2,1.0,3.3448275862068964,4,0,0,0,1.0
high_compressibility,3,capacity_aware_static,4,3,1.0,3.3448275862068964,4,0,0,0,1.0
high_compressibility,3,capacity_aware_static,4,4,1.0,3.3448275862068964,4,0,0,0,1.0
high_compressibility,3,capacity_aware_static,4,5,1.0,3.3448275862068964,4,0,0,0,1.0
high_compressibility,3,capacity_aware_static,4,6,1.0,3.3448275862068964,4,0,0,0,1.0
high_compressibility,3,capacity_aware_static,4,7,1.0,3.3448275862068964,4,0,0,0,1.0
high_compressibility,3,capacity_aware_static,4,8,1.0,3.3448275862068964,4,0,0,0,1.0
high_compressibility,3,capacity_aware_static,4,9,1.0,3.3448275862068964,4,0,0,0,1.0
high_compressibility,3,capacity_aware_static,4,10,1.0,3.3448275862068964,4,0,0,0,1.0
high_compressibility,3,capacity_aware_static,4,11,1.0,3.3448275862068964,4,0,0,0,1.0
high_compressibility,3,capacity_aware_static,4,12,1.0,3.3448275862068964,4,0,0,0,1.0
high_compressibility,3,capacity_aware_static,4,13,1.0,3.3448275862068964,4,0,0,0,1.0
high_compressibility,3,capacity_aware_static,4,14,1.0,3.3448275862068964,4,0,0,0,1.0
high_compressibility,3,capacity_aware_static,4,15,1.0,3.3448275862068964,4,0,0,0,1.0
high_compressibility,3,capacity_aware_static,5,0,1.0,3.3448275862068964,5,0,0,0,1.0
high_compressibility,3,capacity_aware_static,5,1,1.0,3.3448275862068964,5,0,0,0,1.0
high_compressibility,3,capacity_aware_static,5,2,1.0,3.3448275862068964,5,0,0,0,1.0
high_compressibility,3,capacity_aware_static,5,3,1.0,3.3448275862068964,5,0,0,0,1.0
high_compressibility,3,capacity_aware_static,5,4,1.0,3.3448275862068964,5,0,0,0,1.0
high_compressibility,3,capacity_aware_static,5,5,1.0,3.3448275862068964,5,0,0,0,1.0
high_compressibility,3,capacity_aware_static,5,6,1.0,3.3448275862068964,5,0,0,0,1.0
high_compressibility,3,capacity_aware_static,5,7,1.0,3.3448275862068964,5,0,0,0,1.0
high_compressibility,3,capacity_aware_static,5,8,1.0,3.3448275862068964,5,0,0,0,1.0
high_compressibility,3,capacity_aware_static,5,9,1.0,3.3448275862068964,5,0,0,0,1.0
high_compressibility,3,capacity_aware_static,5,10,1.0,3.3448275862068964,5,0,0,0,1.0
high_compressibility,3,capacity_aware_static,5,11,1.0,3.3448275862068964,5,0,0,0,1.0
high_compressibility,3,capacity_aware_static,5,12,1.0,3.3448275862068964,5,0,0,0,1.0
high_compressibility,3,capacity_aware_static,5,13,1.0,3.3448275862068964,5,0,0,0,1.0
high_compressibility,3,capacity_aware_static,5,14,1.0,3.3448275862068964,5,0,0,0,1.0
high_compressibility,3,capacity_aware_static,5,15,1.0,3.3448275862068964,5,0,0,0,1.0
high_compressibility,3,capacity_aware_static,6,0,1.0,3.3448275862068964,6,0,0,0,1.0
high_compressibility,3,capacity_aware_static,6,1,1.0,3.3448275862068964,6,0,0,0,1.0
high_compressibility,3,capacity_aware_static,6,2,1.0,3.3448275862068964,6,0,0,0,1.0
high_compressibility,3,capacity_aware_static,6,3,1.0,3.3448275862068964,6,0,0,0,1.0
high_compressibility,3,capacity_aware_static,6,4,1.0,3.3448275862068964,6,0,0,0,1.0
high_compressibility,3,capacity_aware_static,6,5,1.0,3.3448275862068964,6,0,0,0,1.0
high_compressibility,3,capacity_aware_static,6,6,1.0,3.3448275862068964,6,0,0,0,1.0
high_compressibility,3,capacity_aware_static,6,7,1.0,3.3448275862068964,6,0,0,0,1.0
high_compressibility,3,capacity_aware_static,6,8,1.0,3.3448275862068964,6,0,0,0,1.0
high_compressibility,3,capacity_aware_static,6,9,1.0,3.3448275862068964,6,0,0,0,1.0
high_compressibility,3,capacity_aware_static,6,10,1.0,3.3448275862068964,6,0,0,0,1.0
high_compressibility,3,capacity_aware_static,6,11,1.0,3.3448275862068964,6,0,0,0,1.0
high_compressibility,3,capacity_aware_static,6,12,1.0,3.3448275862068964,6,0,0,0,1.0
high_compressibility,3,capacity_aware_static,6,13,1.0,3.3448275862068964,6,0,0,0,1.0
high_compressibility,3,capacity_aware_static,6,14,1.0,3.3448275862068964,6,0,0,0,1.0
high_compressibility,3,capacity_aware_static,6,15,1.0,3.3448275862068964,6,0,0,0,1.0
high_compressibility,3,capacity_aware_static,7,0,1.0,3.3448275862068964,6,0,0,0,1.0
high_compressibility,3,capacity_aware_static,7,1,1.0,3.3448275862068964,6,0,0,0,1.0
high_compressibility,3,capacity_aware_static,7,2,1.0,3.3448275862068964,6,0,0,0,1.0
high_compressibility,3,capacity_aware_static,7,3,1.0,3.3448275862068964,6,0,0,0,1.0
high_compressibility,3,capacity_aware_static,7,4,1.0,3.3448275862068964,6,0,0,0,1.0
high_compressibility,3,capacity_aware_static,7,5,1.0,3.3448275862068964,6,0,0,0,1.0
high_compressibility,3,capacity_aware_static,7,6,1.0,3.3448275862068964,6,0,0,0,1.0
high_compressibility,3,capacity_aware_static,7,7,1.0,3.3448275862068964,6,0,0,0,1.0
high_compressibility,3,capacity_aware_static,7,8,1.0,3.3448275862068964,6,0,0,0,1.0
high_compressibility,3,capacity_aware_static,7,9,1.0,3.3448275862068964,6,0,0,0,1.0
high_compressibility,3,capacity_aware_static,7,10,1.0,3.3448275862068964,6,0,0,0,1.0
high_compressibility,3,capacity_aware_static,7,11,1.0,3.3448275862068964,6,0,0,0,1.0
high_compressibility,3,capacity_aware_static,7,12,1.0,3.3448275862068964,6,0,0,0,1.0
high_compressibility,3,capacity_aware_static,7,13,1.0,3.3448275862068964,6,0,0,0,1.0
high_compressibility,3,capacity_aware_static,7,14,1.0,3.3448275862068964,6,0,0,0,1.0
high_compressibility,3,capacity_aware_static,7,15,1.0,3.3448275862068964,6,0,0,0,1.0
high_compressibility,3,smoothed,1,0,1.0,3.3448275862068964,3,19,19,1,inf
high_compressibility,3,smoothed,1,1,1.0,3.3448275862068964,3,19,19,1,inf
high_compressibility,3,smoothed,1,2,1.0,3.3448275862068964,3,19,19,1,2.9
high_compressibility,3,smoothed,1,3,1.0,3.3448275862068964,3,19,19,1,2.9
high_compressibility,3,smoothed,1,4,1.0,3.3448275862068964,3,19,19,1,2.9
high_compressibility,3,smoothed,1,5,1.0,3.3448275862068964,3,19,19,1,2.9
high_compressibility,3,smoothed,1,6,1.0,3.3448275862068964,3,19,19,1,2.9
high_compressibility,3,smoothed,1,7,1.0,3.3448275862068964,3,19,19,1,2.9
high_compressibility,3,smoothed,1,8,1.0,3.3448275862068964,3,19,19,1,2.9
high_compressibility,3,smoothed,1,9,1.0,3.3448275862068964,3,19,19,1,2.9
high_compressibility,3,smoothed,1,10,1.0,3.3448275862068964,3,19,19,1,2.9
high_compressibility,3,smoothed,1,11,1.0,3.3448275862068964,3,19,19,1,2.9
high_compressibility,3,smoothed,1,12,1.0,3.3448275862068964,3,19,19,1,2.9
high_compressibility,3,smoothed,1,13,1.0,3.3448275862068964,3,19,19,1,2.9
high_compressibility,3,smoothed,1,14,1.0,3.3448275862068964,3,19,19,1,2.9
high_compressibility,3,smoothed,1,15,1.0,3.3448275862068964,3,19,19,1,2.9
high_compressibility,3,smoothed,2,0,1.0,3.3448275862068964,3,9,9,1,inf
high_compressibility,3,smoothed,2,1,1.0,3.3448275862068964,3,9,9,1,1.9
high_compressibility,3,smoothed,2,2,1.0,3.3448275862068964,3,9,9,1,1.5
high_compressibility,3,smoothed,2,3,1.0,3.3448275862068964,3,9,9,1,1.5
high_compressibility,3,smoothed,2,4,1.0,3.3448275862068964,3,9,9,1,1.5
high_compressibility,3,smoothed,2,5,1.0,3.3448275862068964,3,9,9,1,1.5
high_compressibility,3,smoothed,2,6,1.0,3.3448275862068964,3,9,9,1,1.5
high_compressibility,3,smoothed,2,7,1.0,3.3448275862068964,3,9,9,1,1.5
high_compressibility,3,smoothed,2,8,1.0,3.3448275862068964,3,9,9,1,1.5
high_compressibility,3,smoothed,2,9,1.0,3.3448275862068964,3,9,9,1,1.5
high_compressibility,3,smoothed,2,10,1.0,3.3448275862068964,3,9,9,1,1.5
high_compressibility,3,smoothed,2,11,1.0,3.3448275862068964,3,9,9,1,1.5
high_compressibility,3,smoothed,2,12,1.0,3.3448275862068964,3,9,9,1,1.5
high_compressibility,3,smoothed,2,13,1.0,3.3448275862068964,3,9,9,1,1.5
high_compressibility,3,smoothed,2,14,1.0,3.3448275862068964,3,9,9,1,1.5
high_compressibility,3,smoothed,2,15,1.0,3.3448275862068964,3,9,9,1,1.5
high_compressibility,3,smoothed,3,0,1.0,3.3448275862068964,3,0,0,0,1.0
high_compressibility,3,smoothed,3,1,1.0,3.3448275862068964,3,0,0,0,1.0
high_compressibility,3,smoothed,3,2,1.0,3.3448275862068964,3,0,0,0,1.0
high_compressibility,3,smoothed,3,3,1.0,3.3448275862068964,3,0,0,0,1.0
high_compressibility,3,smoothed,3,4,1.0,3.3448275862068964,3,0,0,0,1.0
high_compressibility,3,smoothed,3,5,1.0,3.3448275862068964,3,0,0,0,1.0
high_compressibility,3,smoothed,3,6,1.0,3.3448275862068964,3,0,0,0,1.0
high_compressibility,3,smoothed,3,7,1.0,3.3448275862068964,3,0,0,0,1.0
high_compressibility,3,smoothed,3,8,1.0,3.3448275862068964,3,0,0,0,1.0
high_compressibility,3,smoothed,3,9,1.0,3.3448275862068964,3,0,0,0,1.0
high_compressibility,3,smoothed,3,10,1.0,3.3448275862068964,3,0,0,0,1.0
high_compressibility,3,smoothed,3,11,1.0,3.3448275862068964,3,0,0,0,1.0
high_compressibility,3,smoothed,3,12,1.0,3.3448275862068964,3,0,0,0,1.0
high_compressibility,3,smoothed,3,13,1.0,3.3448275862068964,3,0,0,0,1.0
high_compressibility,3,smoothed,3,14,1.0,3.3448275862068964,3,0,0,0,1.0
high_compressibility,3,smoothed,3,15,1.0,3.3448275862068964,3,0,0,0,1.0
high_compressibility,3,smoothed,4,0,1.0,3.3448275862068964,3,0,0,0,1.0
high_compressibility,3,smoothed,4,1,1.0,3.3448275862068964,3,0,0,0,1.0
high_compressibility,3,smoothed,4,2,1.0,3.3448275862068964,3,0,0,0,1.0
high_compressibility,3,smoothed,4,3,1.0,3.3448275862068964,3,0,0,0,1.0
high_compressibility,3,smoothed,4,4,1.0,3.3448275862068964,3,0,0,0,1.0
high_compressibility,3,smoothed,4,5,1.0,3.3448275862068964,3,0,0,0,1.0
high_compressibility,3,smoothed,4,6,1.0,3.3448275862068964,3,0,0,0,1.0
high_compressibility,3,smoothed,4,7,1.0,3.3448275862068964,3,0,0,0,1.0
high_compressibility,3,smoothed,4,8,1.0,3.3448275862068964,3,0,0,0,1.0
high_compressibility,3,smoothed,4,9,1.0,3.3448275862068964,3,0,0,0,1.0
high_compressibility,3,smoothed,4,10,1.0,3.3448275862068964,3,0,0,0,1.0
high_compressibility,3,smoothed,4,11,1.0,3.3448275862068964,3,0,0,0,1.0
high_compressibility,3,smoothed,4,12,1.0,3.3448275862068964,3,0,0,0,1.0
high_compressibility,3,smoothed,4,13,1.0,3.3448275862068964,3,0,0,0,1.0
high_compressibility,3,smoothed,4,14,1.0,3.3448275862068964,3,0,0,0,1.0
high_compressibility,3,smoothed,4,15,1.0,3.3448275862068964,3,0,0,0,1.0
high_compressibility,3,smoothed,5,0,1.0,3.3448275862068964,3,0,0,0,1.0
high_compressibility,3,smoothed,5,1,1.0,3.3448275862068964,3,0,0,0,1.0
high_compressibility,3,smoothed,5,2,1.0,3.3448275862068964,3,0,0,0,1.0
high_compressibility,3,smoothed,5,3,1.0,3.3448275862068964,3,0,0,0,1.0
high_compressibility,3,smoothed,5,4,1.0,3.3448275862068964,3,0,0,0,1.0
high_compressibility,3,smoothed,5,5,1.0,3.3448275862068964,3,0,0,0,1.0
high_compressibility,3,smoothed,5,6,1.0,3.3448275862068964,3,0,0,0,1.0
high_compressibility,3,smoothed,5,7,1.0,3.3448275862068964,3,0,0,0,1.0
high_compressibility,3,smoothed,5,8,1.0,3.3448275862068964,3,0,0,0,1.0
high_compressibility,3,smoothed,5,9,1.0,3.3448275862068964,3,0,0,0,1.0
high_compressibility,3,smoothed,5,10,1.0,3.3448275862068964,3,0,0,0,1.0
high_compressibility,3,smoothed,5,11,1.0,3.3448275862068964,3,0,0,0,1.0
high_compressibility,3,smoothed,5,12,1.0,3.3448275862068964,3,0,0,0,1.0
high_compressibility,3,smoothed,5,13,1.0,3.3448275862068964,3,0,0,0,1.0
high_compressibility,3,smoothed,5,14,1.0,3.3448275862068964,3,0,0,0,1.0
high_compressibility,3,smoothed,5,15,1.0,3.3448275862068964,3,0,0,0,1.0
high_compressibility,3,smoothed,6,0,1.0,3.3448275862068964,3,0,0,0,1.0
high_compressibility,3,smoothed,6,1,1.0,3.3448275862068964,3,0,0,0,1.0
high_compressibility,3,smoothed,6,2,1.0,3.3448275862068964,3,0,0,0,1.0
high_compressibility,3,smoothed,6,3,1.0,3.3448275862068964,3,0,0,0,1.0
high_compressibility,3,smoothed,6,4,1.0,3.3448275862068964,3,0,0,0,1.0
high_compressibility,3,smoothed,6,5,1.0,3.3448275862068964,3,0,0,0,1.0
high_compressibility,3,smoothed,6,6,1.0,3.3448275862068964,3,0,0,0,1.0
high_compressibility,3,smoothed,6,7,1.0,3.3448275862068964,3,0,0,0,1.0
high_compressibility,3,smoothed,6,8,1.0,3.3448275862068964,3,0,0,0,1.0
high_compressibility,3,smoothed,6,9,1.0,3.3448275862068964,3,0,0,0,1.0
high_compressibility,3,smoothed,6,10,1.0,3.3448275862068964,3,0,0,0,1.0
high_compressibility,3,smoothed,6,11,1.0,3.3448275862068964,3,0,0,0,1.0
high_compressibility,3,smoothed,6,12,1.0,3.3448275862068964,3,0,0,0,1.0
high_compressibility,3,smoothed,6,13,1.0,3.3448275862068964,3,0,0,0,1.0
high_compressibility,3,smoothed,6,14,1.0,3.3448275862068964,3,0,0,0,1.0
high_compressibility,3,smoothed,6,15,1.0,3.3448275862068964,3,0,0,0,1.0
high_compressibility,3,smoothed,7,0,1.0,3.3448275862068964,3,0,0,0,1.0
high_compressibility,3,smoothed,7,1,1.0,3.3448275862068964,3,0,0,0,1.0
high_compressibility,3,smoothed,7,2,1.0,3.3448275862068964,3,0,0,0,1.0
high_compressibility,3,smoothed,7,3,1.0,3.3448275862068964,3,0,0,0,1.0
high_compressibility,3,smoothed,7,4,1.0,3.3448275862068964,3,0,0,0,1.0
high_compressibility,3,smoothed,7,5,1.0,3.3448275862068964,3,0,0,0,1.0
high_compressibility,3,smoothed,7,6,1.0,3.3448275862068964,3,0,0,0,1.0
high_compressibility,3,smoothed,7,7,1.0,3.3448275862068964,3,0,0,0,1.0
high_compressibility,3,smoothed,7,8,1.0,3.3448275862068964,3,0,0,0,1.0
high_compressibility,3,smoothed,7,9,1.0,3.3448275862068964,3,0,0,0,1.0
high_compressibility,3,smoothed,7,10,1.0,3.3448275862068964,3,0,0,0,1.0
high_compressibility,3,smoothed,7,11,1.0,3.3448275862068964,3,0,0,0,1.0
high_compressibility,3,smoothed,7,12,1.0,3.3448275862068964,3,0,0,0,1.0
high_compressibility,3,smoothed,7,13,1.0,3.3448275862068964,3,0,0,0,1.0
high_compressibility,3,smoothed,7,14,1.0,3.3448275862068964,3,0,0,0,1.0
high_compressibility,3,smoothed,7,15,1.0,3.3448275862068964,3,0,0,0,1.0
high_compressibility,3,static_min,1,0,1.0,3.3448275862068964,6,23,23,1,inf
high_compressibility,3,static_min,1,1,1.0,3.3448275862068964,6,23,23,1,inf
high_compressibility,3,static_min,1,2,1.0,3.3448275862068964,6,23,23,1,inf
high_compressibility,3,static_min,1,3,1.0,3.3448275862068964,6,23,23,1,inf
high_compressibility,3,static_min,1,4,1.0,3.3448275862068964,6,23,23,1,inf
high_compressibility,3,static_min,1,5,1.0,3.3448275862068964,6,23,23,1,3.875
high_compressibility,3,static_min,1,6,1.0,3.3448275862068964,6,23,23,1,3.875
high_compressibility,3,static_min,1,7,1.0,3.3448275862068964,6,23,23,1,3.875
high_compressibility,3,static_min,1,8,1.0,3.3448275862068964,6,23,23,1,3.875
high_compressibility,3,static_min,1,9,1.0,3.3448275862068964,6,23,23,1,3.875
high_compressibility,3,static_min,1,10,1.0,3.3448275862068964,6,23,23,1,3.875
high_compressibility,3,static_min,1,11,1.0,3.3448275862068964,6,23,23,1,3.875
high_compressibility,3,static_min,1,12,1.0,3.3448275862068964,6,23,23,1,3.875
high_compressibility,3,static_min,1,13,1.0,3.3448275862068964,6,23,23,1,3.875
high_compressibility,3,static_min,1,14,1.0,3.3448275862068964,6,23,23,1,3.875
high_compressibility,3,static_min,1,15,1.0,3.3448275862068964,6,23,23,1,3.875
high_compressibility,3,static_min,2,0,1.0,3.3448275862068964,6,17,17,1,inf
high_compressibility,3,static_min,2,1,1.0,3.3448275862068964,6,17,17,1,inf
high_compressibility,3,static_min,2,2,1.0,3.3448275862068964,6,17,17,1,inf
high_compressibility,3,static_min,2,3,1.0,3.3448275862068964,6,17,17,1,inf
high_compressibility,3,static_min,2,4,1.0,3.3448275862068964,6,17,17,1,2.125
high_compressibility,3,static_min,2,5,1.0,3.3448275862068964,6,17,17,1,2.125
high_compressibility,3,static_min,2,6,1.0,3.3448275862068964,6,17,17,1,2.125
high_compressibility,3,static_min,2,7,1.0,3.3448275862068964,6,17,17,1,2.125
high_compressibility,3,static_min,2,8,1.0,3.3448275862068964,6,17,17,1,2.125
high_compressibility,3,static_min,2,9,1.0,3.3448275862068964,6,17,17,1,2.125
high_compressibility,3,static_min,2,10,1.0,3.3448275862068964,6,17,17,1,2.125
high_compressibility,3,static_min,2,11,1.0,3.3448275862068964,6,17,17,1,2.125
high_compressibility,3,static_min,2,12,1.0,3.3448275862068964,6,17,17,1,2.125
high_compressibility,3,static_min,2,13,1.0,3.3448275862068964,6,17,17,1,2.125
high_compressibility,3,static_min,2,14,1.0,3.3448275862068964,6,17,17,1,2.125
high_compressibility,3,static_min,2,15,1.0,3.3448275862068964,6,17,17,1,2.125
high_compressibility,3,static_min,3,0,1.0,3.3448275862068964,6,11,11,1,inf
high_compressibility,3,static_min,3,1,1.0,3.3448275862068964,6,11,11,1,inf
high_compressibility,3,static_min,3,2,1.0,3.3448275862068964,6,11,11,1,inf
high_compressibility,3,static_min,3,3,1.0,3.3448275862068964,6,11,11,1,1.625
high_compressibility,3,static_min,3,4,1.0,3.3448275862068964,6,11,11,1,1.5
high_compressibility,3,static_min,3,5,1.0,3.3448275862068964,6,11,11,1,1.5
high_compressibility,3,static_min,3,6,1.0,3.3448275862068964,6,11,11,1,1.5
high_compressibility,3,static_min,3,7,1.0,3.3448275862068964,6,11,11,1,1.5
high_compressibility,3,static_min,3,8,1.0,3.3448275862068964,6,11,11,1,1.5
high_compressibility,3,static_min,3,9,1.0,3.3448275862068964,6,11,11,1,1.5
high_compressibility,3,static_min,3,10,1.0,3.3448275862068964,6,11,11,1,1.5
high_compressibility,3,static_min,3,11,1.0,3.3448275862068964,6,11,11,1,1.5
high_compressibility,3,static_min,3,12,1.0,3.3448275862068964,6,11,11,1,1.5
high_compressibility,3,static_min,3,13,1.0,3.3448275862068964,6,11,11,1,1.5
high_compressibility,3,static_min,3,14,1.0,3.3448275862068964,6,11,11,1,1.5
high_compressibility,3,static_min,3,15,1.0,3.3448275862068964,6,11,11,1,1.5
high_compressibility,3,static_min,4,0,1.0,3.3448275862068964,6,5,5,1,inf
high_compressibility,3,static_min,4,1,1.0,3.3448275862068964,6,5,5,1,inf
high_compressibility,3,static_min,4,2,1.0,3.3448275862068964,6,5,5,1,1.375
high_compressibility,3,static_min,4,3,1.0,3.3448275862068964,6,5,5,1,1.25
high_compressibility,3,static_min,4,4,1.0,3.3448275862068964,6,5,5,1,1.25
high_compressibility,3,static_min,4,5,1.0,3.3448275862068964,6,5,5,1,1.25
high_compressibility,3,static_min,4,6,1.0,3.3448275862068964,6,5,5,1,1.25
high_compressibility,3,static_min,4,7,1.0,3.3448275862068964,6,5,5,1,1.25
high_compressibility,3,static_min,4,8,1.0,3.3448275862068964,6,5,5,1,1.25
high_compressibility,3,static_min,4,9,1.0,3.3448275862068964,6,5,5,1,1.25
high_compressibility,3,static_min,4,10,1.0,3.3448275862068964,6,5,5,1,1.25
high_compressibility,3,static_min,4,11,1.0,3.3448275862068964,6,5,5,1,1.25
high_compressibility,3,static_min,4,12,1.0,3.3448275862068964,6,5,5,1,1.25
high_compressibility,3,static_min,4,13,1.0,3.3448275862068964,6,5,5,1,1.25
high_compressibility,3,static_min,4,14,1.0,3.3448275862068964,6,5,5,1,1.25
high_compressibility,3,static_min,4,15,1.0,3.3448275862068964,6,5,5,1,1.25
high_compressibility,3,static_min,5,0,1.0,3.3448275862068964,6,1,1,1,inf
high_compressibility,3,static_min,5,1,1.0,3.3448275862068964,6,1,1,1,1.125
high_compressibility,3,static_min,5,2,1.0,3.3448275862068964,6,1,1,1,1.125
high_compressibility,3,static_min,5,3,1.0,3.3448275862068964,6,1,1,1,1.125
high_compressibility,3,static_min,5,4,1.0,3.3448275862068964,6,1,1,1,1.125
high_compressibility,3,static_min,5,5,1.0,3.3448275862068964,6,1,1,1,1.125
high_compressibility,3,static_min,5,6,1.0,3.3448275862068964,6,1,1,1,1.125
high_compressibility,3,static_min,5,7,1.0,3.3448275862068964,6,1,1,1,1.125
high_compressibility,3,static_min,5,8,1.0,3.3448275862068964,6,1,1,1,1.125
high_compressibility,3,static_min,5,9,1.0,3.3448275862068964,6,1,1,1,1.125
high_compressibility,3,static_min,5,10,1.0,3.3448275862068964,6,1,1,1,1.125
high_compressibility,3,static_min,5,11,1.0,3.3448275862068964,6,1,1,1,1.125
high_compressibility,3,static_min,5,12,1.0,3.3448275862068964,6,1,1,1,1.125
high_compressibility,3,static_min,5,13,1.0,3.3448275862068964,6,1,1,1,1.125
high_compressibility,3,static_min,5,14,1.0,3.3448275862068964,6,1,1,1,1.125
high_compressibility,3,static_min,5,15,1.0,3.3448275862068964,6,1,1,1,1.125
high_compressibility,3,static_min,6,0,1.0,3.3448275862068964,6,0,0,0,1.0
high_compressibility,3,static_min,6,1,1.0,3.3448275862068964,6,0,0,0,1.0
high_compressibility,3,static_min,6,2,1.0,3.3448275862068964,6,0,0,0,1.0
high_compressibility,3,static_min,6,3,1.0,3.3448275862068964,6,0,0,0,1.0
high_compressibility,3,static_min,6,4,1.0,3.3448275862068964,6,0,0,0,1.0
high_compressibility,3,static_min,6,5,1.0,3.3448275862068964,6,0,0,0,1.0
high_compressibility,3,static_min,6,6,1.0,3.3448275862068964,6,0,0,0,1.0
high_compressibility,3,static_min,6,7,1.0,3.3448275862068964,6,0,0,0,1.0
high_compressibility,3,static_min,6,8,1.0,3.3448275862068964,6,0,0,0,1.0
high_compressibility,3,static_min,6,9,1.0,3.3448275862068964,6,0,0,0,1.0
high_compressibility,3,static_min,6,10,1.0,3.3448275862068964,6,0,0,0,1.0
high_compressibility,3,static_min,6,11,1.0,3.3448275862068964,6,0,0,0,1.0
high_compressibility,3,static_min,6,12,1.0,3.3448275862068964,6,0,0,0,1.0
high_compressibility,3,static_min,6,13,1.0,3.3448275862068964,6,0,0,0,1.0
high_compressibility,3,static_min,6,14,1.0,3.3448275862068964,6,0,0,0,1.0
high_compressibility,3,static_min,6,15,1.0,3.3448275862068964,6,0,0,0,1.0
high_compressibility,3,static_min,7,0,1.0,3.3448275862068964,6,0,0,0,1.0
high_compressibility,3,static_min,7,1,1.0,3.3448275862068964,6,0,0,0,1.0
high_compressibility,3,static_min,7,2,1.0,3.3448275862068964,6,0,0,0,1.0
high_compressibility,3,static_min,7,3,1.0,3.3448275862068964,6,0,0,0,1.0
high_compressibility,3,static_min,7,4,1.0,3.3448275862068964,6,0,0,0,1.0
high_compressibility,3,static_min,7,5,1.0,3.3448275862068964,6,0,0,0,1.0
high_compressibility,3,static_min,7,6,1.0,3.3448275862068964,6,0,0,0,1.0
high_compressibility,3,static_min,7,7,1.0,3.3448275862068964,6,0,0,0,1.0
high_compressibility,3,static_min,7,8,1.0,3.3448275862068964,6,0,0,0,1.0
high_compressibility,3,static_min,7,9,1.0,3.3448275862068964,6,0,0,0,1.0
high_compressibility,3,static_min,7,10,1.0,3.3448275862068964,6,0,0,0,1.0
high_compressibility,3,static_min,7,11,1.0,3.3448275862068964,6,0,0,0,1.0
high_compressibility,3,static_min,7,12,1.0,3.3448275862068964,6,0,0,0,1.0
high_compressibility,3,static_min,7,13,1.0,3.3448275862068964,6,0,0,0,1.0
high_compressibility,3,static_min,7,14,1.0,3.3448275862068964,6,0,0,0,1.0
high_compressibility,3,static_min,7,15,1.0,3.3448275862068964,6,0,0,0,1.0
high_compressibility,5,capacity_aware_static,1,0,1.0,3.3793103448275863,1,0,0,0,1.0
high_compressibility,5,capacity_aware_static,1,1,1.0,3.3793103448275863,1,0,0,0,1.0
high_compressibility,5,capacity_aware_static,1,2,1.0,3.3793103448275863,1,0,0,0,1.0
high_compressibility,5,capacity_aware_static,1,3,1.0,3.3793103448275863,1,0,0,0,1.0
high_compressibility,5,capacity_aware_static,1,4,1.0,3.3793103448275863,1,0,0,0,1.0
high_compressibility,5,capacity_aware_static,1,5,1.0,3.3793103448275863,1,0,0,0,1.0
high_compressibility,5,capacity_aware_static,1,6,1.0,3.3793103448275863,1,0,0,0,1.0
high_compressibility,5,capacity_aware_static,1,7,1.0,3.3793103448275863,1,0,0,0,1.0
high_compressibility,5,capacity_aware_static,1,8,1.0,3.3793103448275863,1,0,0,0,1.0
high_compressibility,5,capacity_aware_static,1,9,1.0,3.3793103448275863,1,0,0,0,1.0
high_compressibility,5,capacity_aware_static,1,10,1.0,3.3793103448275863,1,0,0,0,1.0
high_compressibility,5,capacity_aware_static,1,11,1.0,3.3793103448275863,1,0,0,0,1.0
high_compressibility,5,capacity_aware_static,1,12,1.0,3.3793103448275863,1,0,0,0,1.0
high_compressibility,5,capacity_aware_static,1,13,1.0,3.3793103448275863,1,0,0,0,1.0
high_compressibility,5,capacity_aware_static,1,14,1.0,3.3793103448275863,1,0,0,0,1.0
high_compressibility,5,capacity_aware_static,1,15,1.0,3.3793103448275863,1,0,0,0,1.0
high_compressibility,5,capacity_aware_static,2,0,1.0,3.3793103448275863,2,0,0,0,1.0
high_compressibility,5,capacity_aware_static,2,1,1.0,3.3793103448275863,2,0,0,0,1.0
high_compressibility,5,capacity_aware_static,2,2,1.0,3.3793103448275863,2,0,0,0,1.0
high_compressibility,5,capacity_aware_static,2,3,1.0,3.3793103448275863,2,0,0,0,1.0
high_compressibility,5,capacity_aware_static,2,4,1.0,3.3793103448275863,2,0,0,0,1.0
high_compressibility,5,capacity_aware_static,2,5,1.0,3.3793103448275863,2,0,0,0,1.0
high_compressibility,5,capacity_aware_static,2,6,1.0,3.3793103448275863,2,0,0,0,1.0
high_compressibility,5,capacity_aware_static,2,7,1.0,3.3793103448275863,2,0,0,0,1.0
high_compressibility,5,capacity_aware_static,2,8,1.0,3.3793103448275863,2,0,0,0,1.0
high_compressibility,5,capacity_aware_static,2,9,1.0,3.3793103448275863,2,0,0,0,1.0
high_compressibility,5,capacity_aware_static,2,10,1.0,3.3793103448275863,2,0,0,0,1.0
high_compressibility,5,capacity_aware_static,2,11,1.0,3.3793103448275863,2,0,0,0,1.0
high_compressibility,5,capacity_aware_static,2,12,1.0,3.3793103448275863,2,0,0,0,1.0
high_compressibility,5,capacity_aware_static,2,13,1.0,3.3793103448275863,2,0,0,0,1.0
high_compressibility,5,capacity_aware_static,2,14,1.0,3.3793103448275863,2,0,0,0,1.0
high_compressibility,5,capacity_aware_static,2,15,1.0,3.3793103448275863,2,0,0,0,1.0
high_compressibility,5,capacity_aware_static,3,0,1.0,3.3793103448275863,3,0,0,0,1.0
high_compressibility,5,capacity_aware_static,3,1,1.0,3.3793103448275863,3,0,0,0,1.0
high_compressibility,5,capacity_aware_static,3,2,1.0,3.3793103448275863,3,0,0,0,1.0
high_compressibility,5,capacity_aware_static,3,3,1.0,3.3793103448275863,3,0,0,0,1.0
high_compressibility,5,capacity_aware_static,3,4,1.0,3.3793103448275863,3,0,0,0,1.0
high_compressibility,5,capacity_aware_static,3,5,1.0,3.3793103448275863,3,0,0,0,1.0
high_compressibility,5,capacity_aware_static,3,6,1.0,3.3793103448275863,3,0,0,0,1.0
high_compressibility,5,capacity_aware_static,3,7,1.0,3.3793103448275863,3,0,0,0,1.0
high_compressibility,5,capacity_aware_static,3,8,1.0,3.3793103448275863,3,0,0,0,1.0
high_compressibility,5,capacity_aware_static,3,9,1.0,3.3793103448275863,3,0,0,0,1.0
high_compressibility,5,capacity_aware_static,3,10,1.0,3.3793103448275863,3,0,0,0,1.0
high_compressibility,5,capacity_aware_static,3,11,1.0,3.3793103448275863,3,0,0,0,1.0
high_compressibility,5,capacity_aware_static,3,12,1.0,3.3793103448275863,3,0,0,0,1.0
high_compressibility,5,capacity_aware_static,3,13,1.0,3.3793103448275863,3,0,0,0,1.0
high_compressibility,5,capacity_aware_static,3,14,1.0,3.3793103448275863,3,0,0,0,1.0
high_compressibility,5,capacity_aware_static,3,15,1.0,3.3793103448275863,3,0,0,0,1.0
high_compressibility,5,capacity_aware_static,4,0,1.0,3.3793103448275863,4,0,0,0,1.0
high_compressibility,5,capacity_aware_static,4,1,1.0,3.3793103448275863,4,0,0,0,1.0
high_compressibility,5,capacity_aware_static,4,2,1.0,3.3793103448275863,4,0,0,0,1.0
high_compressibility,5,capacity_aware_static,4,3,1.0,3.3793103448275863,4,0,0,0,1.0
high_compressibility,5,capacity_aware_static,4,4,1.0,3.3793103448275863,4,0,0,0,1.0
high_compressibility,5,capacity_aware_static,4,5,1.0,3.3793103448275863,4,0,0,0,1.0
high_compressibility,5,capacity_aware_static,4,6,1.0,3.3793103448275863,4,0,0,0,1.0
high_compressibility,5,capacity_aware_static,4,7,1.0,3.3793103448275863,4,0,0,0,1.0
high_compressibility,5,capacity_aware_static,4,8,1.0,3.3793103448275863,4,0,0,0,1.0
high_compressibility,5,capacity_aware_static,4,9,1.0,3.3793103448275863,4,0,0,0,1.0
high_compressibility,5,capacity_aware_static,4,10,1.0,3.3793103448275863,4,0,0,0,1.0
high_compressibility,5,capacity_aware_static,4,11,1.0,3.3793103448275863,4,0,0,0,1.0
high_compressibility,5,capacity_aware_static,4,12,1.0,3.3793103448275863,4,0,0,0,1.0
high_compressibility,5,capacity_aware_static,4,13,1.0,3.3793103448275863,4,0,0,0,1.0
high_compressibility,5,capacity_aware_static,4,14,1.0,3.3793103448275863,4,0,0,0,1.0
high_compressibility,5,capacity_aware_static,4,15,1.0,3.3793103448275863,4,0,0,0,1.0
high_compressibility,5,capacity_aware_static,5,0,1.0,3.3793103448275863,5,0,0,0,1.0
high_compressibility,5,capacity_aware_static,5,1,1.0,3.3793103448275863,5,0,0,0,1.0
high_compressibility,5,capacity_aware_static,5,2,1.0,3.3793103448275863,5,0,0,0,1.0
high_compressibility,5,capacity_aware_static,5,3,1.0,3.3793103448275863,5,0,0,0,1.0
high_compressibility,5,capacity_aware_static,5,4,1.0,3.3793103448275863,5,0,0,0,1.0
high_compressibility,5,capacity_aware_static,5,5,1.0,3.3793103448275863,5,0,0,0,1.0
high_compressibility,5,capacity_aware_static,5,6,1.0,3.3793103448275863,5,0,0,0,1.0
high_compressibility,5,capacity_aware_static,5,7,1.0,3.3793103448275863,5,0,0,0,1.0
high_compressibility,5,capacity_aware_static,5,8,1.0,3.3793103448275863,5,0,0,0,1.0
high_compressibility,5,capacity_aware_static,5,9,1.0,3.3793103448275863,5,0,0,0,1.0
high_compressibility,5,capacity_aware_static,5,10,1.0,3.3793103448275863,5,0,0,0,1.0
high_compressibility,5,capacity_aware_static,5,11,1.0,3.3793103448275863,5,0,0,0,1.0
high_compressibility,5,capacity_aware_static,5,12,1.0,3.3793103448275863,5,0,0,0,1.0
high_compressibility,5,capacity_aware_static,5,13,1.0,3.3793103448275863,5,0,0,0,1.0
high_compressibility,5,capacity_aware_static,5,14,1.0,3.3793103448275863,5,0,0,0,1.0
high_compressibility,5,capacity_aware_static,5,15,1.0,3.3793103448275863,5,0,0,0,1.0
high_compressibility,5,capacity_aware_static,6,0,1.0,3.3793103448275863,6,0,0,0,1.0
high_compressibility,5,capacity_aware_static,6,1,1.0,3.3793103448275863,6,0,0,0,1.0
high_compressibility,5,capacity_aware_static,6,2,1.0,3.3793103448275863,6,0,0,0,1.0
high_compressibility,5,capacity_aware_static,6,3,1.0,3.3793103448275863,6,0,0,0,1.0
high_compressibility,5,capacity_aware_static,6,4,1.0,3.3793103448275863,6,0,0,0,1.0
high_compressibility,5,capacity_aware_static,6,5,1.0,3.3793103448275863,6,0,0,0,1.0
high_compressibility,5,capacity_aware_static,6,6,1.0,3.3793103448275863,6,0,0,0,1.0
high_compressibility,5,capacity_aware_static,6,7,1.0,3.3793103448275863,6,0,0,0,1.0
high_compressibility,5,capacity_aware_static,6,8,1.0,3.3793103448275863,6,0,0,0,1.0
high_compressibility,5,capacity_aware_static,6,9,1.0,3.3793103448275863,6,0,0,0,1.0
high_compressibility,5,capacity_aware_static,6,10,1.0,3.3793103448275863,6,0,0,0,1.0
high_compressibility,5,capacity_aware_static,6,11,1.0,3.3793103448275863,6,0,0,0,1.0
high_compressibility,5,capacity_aware_static,6,12,1.0,3.3793103448275863,6,0,0,0,1.0
high_compressibility,5,capacity_aware_static,6,13,1.0,3.3793103448275863,6,0,0,0,1.0
high_compressibility,5,capacity_aware_static,6,14,1.0,3.3793103448275863,6,0,0,0,1.0
high_compressibility,5,capacity_aware_static,6,15,1.0,3.3793103448275863,6,0,0,0,1.0
high_compressibility,5,capacity_aware_static,7,0,1.0,3.3793103448275863,7,0,0,0,1.0
high_compressibility,5,capacity_aware_static,7,1,1.0,3.3793103448275863,7,0,0,0,1.0
high_compressibility,5,capacity_aware_static,7,2,1.0,3.3793103448275863,7,0,0,0,1.0
high_compressibility,5,capacity_aware_static,7,3,1.0,3.3793103448275863,7,0,0,0,1.0
high_compressibility,5,capacity_aware_static,7,4,1.0,3.3793103448275863,7,0,0,0,1.0
high_compressibility,5,capacity_aware_static,7,5,1.0,3.3793103448275863,7,0,0,0,1.0
high_compressibility,5,capacity_aware_static,7,6,1.0,3.3793103448275863,7,0,0,0,1.0
high_compressibility,5,capacity_aware_static,7,7,1.0,3.3793103448275863,7,0,0,0,1.0
high_compressibility,5,capacity_aware_static,7,8,1.0,3.3793103448275863,7,0,0,0,1.0
high_compressibility,5,capacity_aware_static,7,9,1.0,3.3793103448275863,7,0,0,0,1.0
high_compressibility,5,capacity_aware_static,7,10,1.0,3.3793103448275863,7,0,0,0,1.0
high_compressibility,5,capacity_aware_static,7,11,1.0,3.3793103448275863,7,0,0,0,1.0
high_compressibility,5,capacity_aware_static,7,12,1.0,3.3793103448275863,7,0,0,0,1.0
high_compressibility,5,capacity_aware_static,7,13,1.0,3.3793103448275863,7,0,0,0,1.0
high_compressibility,5,capacity_aware_static,7,14,1.0,3.3793103448275863,7,0,0,0,1.0
high_compressibility,5,capacity_aware_static,7,15,1.0,3.3793103448275863,7,0,0,0,1.0
high_compressibility,5,smoothed,1,0,1.0,3.3793103448275863,3,19,19,1,inf
high_compressibility,5,smoothed,1,1,1.0,3.3793103448275863,3,19,19,1,inf
high_compressibility,5,smoothed,1,2,1.0,3.3793103448275863,3,19,19,1,2.9
high_compressibility,5,smoothed,1,3,1.0,3.3793103448275863,3,19,19,1,2.9
high_compressibility,5,smoothed,1,4,1.0,3.3793103448275863,3,19,19,1,2.9
high_compressibility,5,smoothed,1,5,1.0,3.3793103448275863,3,19,19,1,2.9
high_compressibility,5,smoothed,1,6,1.0,3.3793103448275863,3,19,19,1,2.9
high_compressibility,5,smoothed,1,7,1.0,3.3793103448275863,3,19,19,1,2.9
high_compressibility,5,smoothed,1,8,1.0,3.3793103448275863,3,19,19,1,2.9
high_compressibility,5,smoothed,1,9,1.0,3.3793103448275863,3,19,19,1,2.9
high_compressibility,5,smoothed,1,10,1.0,3.3793103448275863,3,19,19,1,2.9
high_compressibility,5,smoothed,1,11,1.0,3.3793103448275863,3,19,19,1,2.9
high_compressibility,5,smoothed,1,12,1.0,3.3793103448275863,3,19,19,1,2.9
high_compressibility,5,smoothed,1,13,1.0,3.3793103448275863,3,19,19,1,2.9
high_compressibility,5,smoothed,1,14,1.0,3.3793103448275863,3,19,19,1,2.9
high_compressibility,5,smoothed,1,15,1.0,3.3793103448275863,3,19,19,1,2.9
high_compressibility,5,smoothed,2,0,1.0,3.3793103448275863,3,9,9,1,inf
high_compressibility,5,smoothed,2,1,1.0,3.3793103448275863,3,9,9,1,1.9
high_compressibility,5,smoothed,2,2,1.0,3.3793103448275863,3,9,9,1,1.5
high_compressibility,5,smoothed,2,3,1.0,3.3793103448275863,3,9,9,1,1.5
high_compressibility,5,smoothed,2,4,1.0,3.3793103448275863,3,9,9,1,1.5
high_compressibility,5,smoothed,2,5,1.0,3.3793103448275863,3,9,9,1,1.5
high_compressibility,5,smoothed,2,6,1.0,3.3793103448275863,3,9,9,1,1.5
high_compressibility,5,smoothed,2,7,1.0,3.3793103448275863,3,9,9,1,1.5
high_compressibility,5,smoothed,2,8,1.0,3.3793103448275863,3,9,9,1,1.5
high_compressibility,5,smoothed,2,9,1.0,3.3793103448275863,3,9,9,1,1.5
high_compressibility,5,smoothed,2,10,1.0,3.3793103448275863,3,9,9,1,1.5
high_compressibility,5,smoothed,2,11,1.0,3.3793103448275863,3,9,9,1,1.5
high_compressibility,5,smoothed,2,12,1.0,3.3793103448275863,3,9,9,1,1.5
high_compressibility,5,smoothed,2,13,1.0,3.3793103448275863,3,9,9,1,1.5
high_compressibility,5,smoothed,2,14,1.0,3.3793103448275863,3,9,9,1,1.5
high_compressibility,5,smoothed,2,15,1.0,3.3793103448275863,3,9,9,1,1.5
high_compressibility,5,smoothed,3,0,1.0,3.3793103448275863,3,0,0,0,1.0
high_compressibility,5,smoothed,3,1,1.0,3.3793103448275863,3,0,0,0,1.0
high_compressibility,5,smoothed,3,2,1.0,3.3793103448275863,3,0,0,0,1.0
high_compressibility,5,smoothed,3,3,1.0,3.3793103448275863,3,0,0,0,1.0
high_compressibility,5,smoothed,3,4,1.0,3.3793103448275863,3,0,0,0,1.0
high_compressibility,5,smoothed,3,5,1.0,3.3793103448275863,3,0,0,0,1.0
high_compressibility,5,smoothed,3,6,1.0,3.3793103448275863,3,0,0,0,1.0
high_compressibility,5,smoothed,3,7,1.0,3.3793103448275863,3,0,0,0,1.0
high_compressibility,5,smoothed,3,8,1.0,3.3793103448275863,3,0,0,0,1.0
high_compressibility,5,smoothed,3,9,1.0,3.3793103448275863,3,0,0,0,1.0
high_compressibility,5,smoothed,3,10,1.0,3.3793103448275863,3,0,0,0,1.0
high_compressibility,5,smoothed,3,11,1.0,3.3793103448275863,3,0,0,0,1.0
high_compressibility,5,smoothed,3,12,1.0,3.3793103448275863,3,0,0,0,1.0
high_compressibility,5,smoothed,3,13,1.0,3.3793103448275863,3,0,0,0,1.0
high_compressibility,5,smoothed,3,14,1.0,3.3793103448275863,3,0,0,0,1.0
high_compressibility,5,smoothed,3,15,1.0,3.3793103448275863,3,0,0,0,1.0
high_compressibility,5,smoothed,4,0,1.0,3.3793103448275863,3,0,0,0,1.0
high_compressibility,5,smoothed,4,1,1.0,3.3793103448275863,3,0,0,0,1.0
high_compressibility,5,smoothed,4,2,1.0,3.3793103448275863,3,0,0,0,1.0
high_compressibility,5,smoothed,4,3,1.0,3.3793103448275863,3,0,0,0,1.0
high_compressibility,5,smoothed,4,4,1.0,3.3793103448275863,3,0,0,0,1.0
high_compressibility,5,smoothed,4,5,1.0,3.3793103448275863,3,0,0,0,1.0
high_compressibility,5,smoothed,4,6,1.0,3.3793103448275863,3,0,0,0,1.0
high_compressibility,5,smoothed,4,7,1.0,3.3793103448275863,3,0,0,0,1.0
high_compressibility,5,smoothed,4,8,1.0,3.3793103448275863,3,0,0,0,1.0
high_compressibility,5,smoothed,4,9,1.0,3.3793103448275863,3,0,0,0,1.0
high_compressibility,5,smoothed,4,10,1.0,3.3793103448275863,3,0,0,0,1.0
high_compressibility,5,smoothed,4,11,1.0,3.3793103448275863,3,0,0,0,1.0
high_compressibility,5,smoothed,4,12,1.0,3.3793103448275863,3,0,0,0,1.0
high_compressibility,5,smoothed,4,13,1.0,3.3793103448275863,3,0,0,0,1.0
high_compressibility,5,smoothed,4,14,1.0,3.3793103448275863,3,0,0,0,1.0
high_compressibility,5,smoothed,4,15,1.0,3.3793103448275863,3,0,0,0,1.0
high_compressibility,5,smoothed,5,0,1.0,3.3793103448275863,3,0,0,0,1.0
high_compressibility,5,smoothed,5,1,1.0,3.3793103448275863,3,0,0,0,1.0
high_compressibility,5,smoothed,5,2,1.0,3.3793103448275863,3,0,0,0,1.0
high_compressibility,5,smoothed,5,3,1.0,3.3793103448275863,3,0,0,0,1.0
high_compressibility,5,smoothed,5,4,1.0,3.3793103448275863,3,0,0,0,1.0
high_compressibility,5,smoothed,5,5,1.0,3.3793103448275863,3,0,0,0,1.0
high_compressibility,5,smoothed,5,6,1.0,3.3793103448275863,3,0,0,0,1.0
high_compressibility,5,smoothed,5,7,1.0,3.3793103448275863,3,0,0,0,1.0
high_compressibility,5,smoothed,5,8,1.0,3.3793103448275863,3,0,0,0,1.0
high_compressibility,5,smoothed,5,9,1.0,3.3793103448275863,3,0,0,0,1.0
high_compressibility,5,smoothed,5,10,1.0,3.3793103448275863,3,0,0,0,1.0
high_compressibility,5,smoothed,5,11,1.0,3.3793103448275863,3,0,0,0,1.0
high_compressibility,5,smoothed,5,12,1.0,3.3793103448275863,3,0,0,0,1.0
high_compressibility,5,smoothed,5,13,1.0,3.3793103448275863,3,0,0,0,1.0
high_compressibility,5,smoothed,5,14,1.0,3.3793103448275863,3,0,0,0,1.0
high_compressibility,5,smoothed,5,15,1.0,3.3793103448275863,3,0,0,0,1.0
high_compressibility,5,smoothed,6,0,1.0,3.3793103448275863,3,0,0,0,1.0
high_compressibility,5,smoothed,6,1,1.0,3.3793103448275863,3,0,0,0,1.0
high_compressibility,5,smoothed,6,2,1.0,3.3793103448275863,3,0,0,0,1.0
high_compressibility,5,smoothed,6,3,1.0,3.3793103448275863,3,0,0,0,1.0
high_compressibility,5,smoothed,6,4,1.0,3.3793103448275863,3,0,0,0,1.0
high_compressibility,5,smoothed,6,5,1.0,3.3793103448275863,3,0,0,0,1.0
high_compressibility,5,smoothed,6,6,1.0,3.3793103448275863,3,0,0,0,1.0
high_compressibility,5,smoothed,6,7,1.0,3.3793103448275863,3,0,0,0,1.0
high_compressibility,5,smoothed,6,8,1.0,3.3793103448275863,3,0,0,0,1.0
high_compressibility,5,smoothed,6,9,1.0,3.3793103448275863,3,0,0,0,1.0
high_compressibility,5,smoothed,6,10,1.0,3.3793103448275863,3,0,0,0,1.0
high_compressibility,5,smoothed,6,11,1.0,3.3793103448275863,3,0,0,0,1.0
high_compressibility,5,smoothed,6,12,1.0,3.3793103448275863,3,0,0,0,1.0
high_compressibility,5,smoothed,6,13,1.0,3.3793103448275863,3,0,0,0,1.0
high_compressibility,5,smoothed,6,14,1.0,3.3793103448275863,3,0,0,0,1.0
high_compressibility,5,smoothed,6,15,1.0,3.3793103448275863,3,0,0,0,1.0
high_compressibility,5,smoothed,7,0,1.0,3.3793103448275863,3,0,0,0,1.0
high_compressibility,5,smoothed,7,1,1.0,3.3793103448275863,3,0,0,0,1.0
high_compressibility,5,smoothed,7,2,1.0,3.3793103448275863,3,0,0,0,1.0
high_compressibility,5,smoothed,7,3,1.0,3.3793103448275863,3,0,0,0,1.0
high_compressibility,5,smoothed,7,4,1.0,3.3793103448275863,3,0,0,0,1.0
high_compressibility,5,smoothed,7,5,1.0,3.3793103448275863,3,0,0,0,1.0
high_compressibility,5,smoothed,7,6,1.0,3.3793103448275863,3,0,0,0,1.0
high_compressibility,5,smoothed,7,7,1.0,3.3793103448275863,3,0,0,0,1.0
high_compressibility,5,smoothed,7,8,1.0,3.3793103448275863,3,0,0,0,1.0
high_compressibility,5,smoothed,7,9,1.0,3.3793103448275863,3,0,0,0,1.0
high_compressibility,5,smoothed,7,10,1.0,3.3793103448275863,3,0,0,0,1.0
high_compressibility,5,smoothed,7,11,1.0,3.3793103448275863,3,0,0,0,1.0
high_compressibility,5,smoothed,7,12,1.0,3.3793103448275863,3,0,0,0,1.0
high_compressibility,5,smoothed,7,13,1.0,3.3793103448275863,3,0,0,0,1.0
high_compressibility,5,smoothed,7,14,1.0,3.3793103448275863,3,0,0,0,1.0
high_compressibility,5,smoothed,7,15,1.0,3.3793103448275863,3,0,0,0,1.0
high_compressibility,5,static_min,1,0,1.0,3.3793103448275863,7,23,23,1,inf
high_compressibility,5,static_min,1,1,1.0,3.3793103448275863,7,23,23,1,inf
high_compressibility,5,static_min,1,2,1.0,3.3793103448275863,7,23,23,1,inf
high_compressibility,5,static_min,1,3,1.0,3.3793103448275863,7,23,23,1,inf
high_compressibility,5,static_min,1,4,1.0,3.3793103448275863,7,23,23,1,inf
high_compressibility,5,static_min,1,5,1.0,3.3793103448275863,7,23,23,1,inf
high_compressibility,5,static_min,1,6,1.0,3.3793103448275863,7,23,23,1,3.875
high_compressibility,5,static_min,1,7,1.0,3.3793103448275863,7,23,23,1,3.875
high_compressibility,5,static_min,1,8,1.0,3.3793103448275863,7,23,23,1,3.875
high_compressibility,5,static_min,1,9,1.0,3.3793103448275863,7,23,23,1,3.875
high_compressibility,5,static_min,1,10,1.0,3.3793103448275863,7,23,23,1,3.875
high_compressibility,5,static_min,1,11,1.0,3.3793103448275863,7,23,23,1,3.875
high_compressibility,5,static_min,1,12,1.0,3.3793103448275863,7,23,23,1,3.875
high_compressibility,5,static_min,1,13,1.0,3.3793103448275863,7,23,23,1,3.875
high_compressibility,5,static_min,1,14,1.0,3.3793103448275863,7,23,23,1,3.875
high_compressibility,5,static_min,1,15,1.0,3.3793103448275863,7,23,23,1,3.875
high_compressibility,5,static_min,2,0,1.0,3.3793103448275863,7,17,17,1,inf
high_compressibility,5,static_min,2,1,1.0,3.3793103448275863,7,17,17,1,inf
high_compressibility,5,static_min,2,2,1.0,3.3793103448275863,7,17,17,1,inf
high_compressibility,5,static_min,2,3,1.0,3.3793103448275863,7,17,17,1,inf
high_compressibility,5,static_min,2,4,1.0,3.3793103448275863,7,17,17,1,inf
high_compressibility,5,static_min,2,5,1.0,3.3793103448275863,7,17,17,1,2.125
high_compressibility,5,static_min,2,6,1.0,3.3793103448275863,7,17,17,1,2.125
high_compressibility,5,static_min,2,7,1.0,3.3793103448275863,7,17,17,1,2.125
high_compressibility,5,static_min,2,8,1.0,3.3793103448275863,7,17,17,1,2.125
high_compressibility,5,static_min,2,9,1.0,3.3793103448275863,7,17,17,1,2.125
high_compressibility,5,static_min,2,10,1.0,3.3793103448275863,7,17,17,1,2.125
high_compressibility,5,static_min,2,11,1.0,3.3793103448275863,7,17,17,1,2.125
high_compressibility,5,static_min,2,12,1.0,3.3793103448275863,7,17,17,1,2.125
high_compressibility,5,static_min,2,13,1.0,3.3793103448275863,7,17,17,1,2.125
high_compressibility,5,static_min,2,14,1.0,3.3793103448275863,7,17,17,1,2.125
high_compressibility,5,static_min,2,15,1.0,3.3793103448275863,7,17,17,1,2.125
high_compressibility,5,static_min,3,0,1.0,3.3793103448275863,7,11,11,1,inf
high_compressibility,5,static_min,3,1,1.0,3.3793103448275863,7,11,11,1,inf
high_compressibility,5,static_min,3,2,1.0,3.3793103448275863,7,11,11,1,inf
high_compressibility,5,static_min,3,3,1.0,3.3793103448275863,7,11,11,1,inf
high_compressibility,5,static_min,3,4,1.0,3.3793103448275863,7,11,11,1,1.625
high_compressibility,5,static_min,3,5,1.0,3.3793103448275863,7,11,11,1,1.5
high_compressibility,5,static_min,3,6,1.0,3.3793103448275863,7,11,11,1,1.5
high_compressibility,5,static_min,3,7,1.0,3.3793103448275863,7,11,11,1,1.5
high_compressibility,5,static_min,3,8,1.0,3.3793103448275863,7,11,11,1,1.5
high_compressibility,5,static_min,3,9,1.0,3.3793103448275863,7,11,11,1,1.5
high_compressibility,5,static_min,3,10,1.0,3.3793103448275863,7,11,11,1,1.5
high_compressibility,5,static_min,3,11,1.0,3.3793103448275863,7,11,11,1,1.5
high_compressibility,5,static_min,3,12,1.0,3.3793103448275863,7,11,11,1,1.5
high_compressibility,5,static_min,3,13,1.0,3.3793103448275863,7,11,11,1,1.5
high_compressibility,5,static_min,3,14,1.0,3.3793103448275863,7,11,11,1,1.5
high_compressibility,5,static_min,3,15,1.0,3.3793103448275863,7,11,11,1,1.5
high_compressibility,5,static_min,4,0,1.0,3.3793103448275863,7,5,6,1,inf
high_compressibility,5,static_min,4,1,1.0,3.3793103448275863,7,5,6,1,inf
high_compressibility,5,static_min,4,2,1.0,3.3793103448275863,7,5,6,1,inf
high_compressibility,5,static_min,4,3,1.0,3.3793103448275863,7,5,6,1,1.25
high_compressibility,5,static_min,4,4,1.0,3.3793103448275863,7,5,6,1,1.25
high_compressibility,5,static_min,4,5,1.0,3.3793103448275863,7,5,6,1,1.25
high_compressibility,5,static_min,4,6,1.0,3.3793103448275863,7,5,6,1,1.25
high_compressibility,5,static_min,4,7,1.0,3.3793103448275863,7,5,6,1,1.25
high_compressibility,5,static_min,4,8,1.0,3.3793103448275863,7,5,6,1,1.25
high_compressibility,5,static_min,4,9,1.0,3.3793103448275863,7,5,6,1,1.25
high_compressibility,5,static_min,4,10,1.0,3.3793103448275863,7,5,6,1,1.25
high_compressibility,5,static_min,4,11,1.0,3.3793103448275863,7,5,6,1,1.25
high_compressibility,5,static_min,4,12,1.0,3.3793103448275863,7,5,6,1,1.25
high_compressibility,5,static_min,4,13,1.0,3.3793103448275863,7,5,6,1,1.25
high_compressibility,5,static_min,4,14,1.0,3.3793103448275863,7,5,6,1,1.25
high_compressibility,5,static_min,4,15,1.0,3.3793103448275863,7,5,6,1,1.25
high_compressibility,5,static_min,5,0,1.0,3.3793103448275863,7,3,3,1,inf
high_compressibility,5,static_min,5,1,1.0,3.3793103448275863,7,3,3,1,inf
high_compressibility,5,static_min,5,2,1.0,3.3793103448275863,7,3,3,1,1.25
high_compressibility,5,static_min,5,3,1.0,3.3793103448275863,7,3,3,1,1.125
high_compressibility,5,static_min,5,4,1.0,3.3793103448275863,7,3,3,1,1.125
high_compressibility,5,static_min,5,5,1.0,3.3793103448275863,7,3,3,1,1.125
high_compressibility,5,static_min,5,6,1.0,3.3793103448275863,7,3,3,1,1.125
high_compressibility,5,static_min,5,7,1.0,3.3793103448275863,7,3,3,1,1.125
high_compressibility,5,static_min,5,8,1.0,3.3793103448275863,7,3,3,1,1.125
high_compressibility,5,static_min,5,9,1.0,3.3793103448275863,7,3,3,1,1.125
high_compressibility,5,static_min,5,10,1.0,3.3793103448275863,7,3,3,1,1.125
high_compressibility,5,static_min,5,11,1.0,3.3793103448275863,7,3,3,1,1.125
high_compressibility,5,static_min,5,12,1.0,3.3793103448275863,7,3,3,1,1.125
high_compressibility,5,static_min,5,13,1.0,3.3793103448275863,7,3,3,1,1.125
high_compressibility,5,static_min,5,14,1.0,3.3793103448275863,7,3,3,1,1.125
high_compressibility,5,static_min,5,15,1.0,3.3793103448275863,7,3,3,1,1.125
high_compressibility,5,static_min,6,0,1.0,3.3793103448275863,7,1,1,1,inf
high_compressibility,5,static_min,6,1,1.0,3.3793103448275863,7,1,1,1,1.125
high_compressibility,5,static_min,6,2,1.0,3.3793103448275863,7,1,1,1,1.125
high_compressibility,5,static_min,6,3,1.0,3.3793103448275863,7,1,1,1,1.125
high_compressibility,5,static_min,6,4,1.0,3.3793103448275863,7,1,1,1,1.125
high_compressibility,5,static_min,6,5,1.0,3.3793103448275863,7,1,1,1,1.125
high_compressibility,5,static_min,6,6,1.0,3.3793103448275863,7,1,1,1,1.125
high_compressibility,5,static_min,6,7,1.0,3.3793103448275863,7,1,1,1,1.125
high_compressibility,5,static_min,6,8,1.0,3.3793103448275863,7,1,1,1,1.125
high_compressibility,5,static_min,6,9,1.0,3.3793103448275863,7,1,1,1,1.125
high_compressibility,5,static_min,6,10,1.0,3.3793103448275863,7,1,1,1,1.125
high_compressibility,5,static_min,6,11,1.0,3.3793103448275863,7,1,1,1,1.125
high_compressibility,5,static_min,6,12,1.0,3.3793103448275863,7,1,1,1,1.125
high_compressibility,5,static_min,6,13,1.0,3.3793103448275863,7,1,1,1,1.125
high_compressibility,5,static_min,6,14,1.0,3.3793103448275863,7,1,1,1,1.125
high_compressibility,5,static_min,6,15,1.0,3.3793103448275863,7,1,1,1,1.125
high_compressibility,5,static_min,7,0,1.0,3.3793103448275863,7,0,0,0,1.0
high_compressibility,5,static_min,7,1,1.0,3.3793103448275863,7,0,0,0,1.0
high_compressibility,5,static_min,7,2,1.0,3.3793103448275863,7,0,0,0,1.0
high_compressibility,5,static_min,7,3,1.0,3.3793103448275863,7,0,0,0,1.0
high_compressibility,5,static_min,7,4,1.0,3.3793103448275863,7,0,0,0,1.0
high_compressibility,5,static_min,7,5,1.0,3.3793103448275863,7,0,0,0,1.0
high_compressibility,5,static_min,7,6,1.0,3.3793103448275863,7,0,0,0,1.0
high_compressibility,5,static_min,7,7,1.0,3.3793103448275863,7,0,0,0,1.0
high_compressibility,5,static_min,7,8,1.0,3.3793103448275863,7,0,0,0,1.0
high_compressibility,5,static_min,7,9,1.0,3.3793103448275863,7,0,0,0,1.0
high_compressibility,5,static_min,7,10,1.0,3.3793103448275863,7,0,0,0,1.0
high_compressibility,5,static_min,7,11,1.0,3.3793103448275863,7,0,0,0,1.0
high_compressibility,5,static_min,7,12,1.0,3.3793103448275863,7,0,0,0,1.0
high_compressibility,5,static_min,7,13,1.0,3.3793103448275863,7,0,0,0,1.0
high_compressibility,5,static_min,7,14,1.0,3.3793103448275863,7,0,0,0,1.0
high_compressibility,5,static_min,7,15,1.0,3.3793103448275863,7,0,0,0,1.0
high_compressibility,7,capacity_aware_static,1,0,1.0,3.3448275862068964,1,0,0,0,1.0
high_compressibility,7,capacity_aware_static,1,1,1.0,3.3448275862068964,1,0,0,0,1.0
high_compressibility,7,capacity_aware_static,1,2,1.0,3.3448275862068964,1,0,0,0,1.0
high_compressibility,7,capacity_aware_static,1,3,1.0,3.3448275862068964,1,0,0,0,1.0
high_compressibility,7,capacity_aware_static,1,4,1.0,3.3448275862068964,1,0,0,0,1.0
high_compressibility,7,capacity_aware_static,1,5,1.0,3.3448275862068964,1,0,0,0,1.0
high_compressibility,7,capacity_aware_static,1,6,1.0,3.3448275862068964,1,0,0,0,1.0
high_compressibility,7,capacity_aware_static,1,7,1.0,3.3448275862068964,1,0,0,0,1.0
high_compressibility,7,capacity_aware_static,1,8,1.0,3.3448275862068964,1,0,0,0,1.0
high_compressibility,7,capacity_aware_static,1,9,1.0,3.3448275862068964,1,0,0,0,1.0
high_compressibility,7,capacity_aware_static,1,10,1.0,3.3448275862068964,1,0,0,0,1.0
high_compressibility,7,capacity_aware_static,1,11,1.0,3.3448275862068964,1,0,0,0,1.0
high_compressibility,7,capacity_aware_static,1,12,1.0,3.3448275862068964,1,0,0,0,1.0
high_compressibility,7,capacity_aware_static,1,13,1.0,3.3448275862068964,1,0,0,0,1.0
high_compressibility,7,capacity_aware_static,1,14,1.0,3.3448275862068964,1,0,0,0,1.0
high_compressibility,7,capacity_aware_static,1,15,1.0,3.3448275862068964,1,0,0,0,1.0
high_compressibility,7,capacity_aware_static,2,0,1.0,3.3448275862068964,2,0,0,0,1.0
high_compressibility,7,capacity_aware_static,2,1,1.0,3.3448275862068964,2,0,0,0,1.0
high_compressibility,7,capacity_aware_static,2,2,1.0,3.3448275862068964,2,0,0,0,1.0
high_compressibility,7,capacity_aware_static,2,3,1.0,3.3448275862068964,2,0,0,0,1.0
high_compressibility,7,capacity_aware_static,2,4,1.0,3.3448275862068964,2,0,0,0,1.0
high_compressibility,7,capacity_aware_static,2,5,1.0,3.3448275862068964,2,0,0,0,1.0
high_compressibility,7,capacity_aware_static,2,6,1.0,3.3448275862068964,2,0,0,0,1.0
high_compressibility,7,capacity_aware_static,2,7,1.0,3.3448275862068964,2,0,0,0,1.0
high_compressibility,7,capacity_aware_static,2,8,1.0,3.3448275862068964,2,0,0,0,1.0
high_compressibility,7,capacity_aware_static,2,9,1.0,3.3448275862068964,2,0,0,0,1.0
high_compressibility,7,capacity_aware_static,2,10,1.0,3.3448275862068964,2,0,0,0,1.0
high_compressibility,7,capacity_aware_static,2,11,1.0,3.3448275862068964,2,0,0,0,1.0
high_compressibility,7,capacity_aware_static,2,12,1.0,3.3448275862068964,2,0,0,0,1.0
high_compressibility,7,capacity_aware_static,2,13,1.0,3.3448275862068964,2,0,0,0,1.0
high_compressibility,7,capacity_aware_static,2,14,1.0,3.3448275862068964,2,0,0,0,1.0
high_compressibility,7,capacity_aware_static,2,15,1.0,3.3448275862068964,2,0,0,0,1.0
high_compressibility,7,capacity_aware_static,3,0,1.0,3.3448275862068964,3,0,0,0,1.0
high_compressibility,7,capacity_aware_static,3,1,1.0,3.3448275862068964,3,0,0,0,1.0
high_compressibility,7,capacity_aware_static,3,2,1.0,3.3448275862068964,3,0,0,0,1.0
high_compressibility,7,capacity_aware_static,3,3,1.0,3.3448275862068964,3,0,0,0,1.0
high_compressibility,7,capacity_aware_static,3,4,1.0,3.3448275862068964,3,0,0,0,1.0
high_compressibility,7,capacity_aware_static,3,5,1.0,3.3448275862068964,3,0,0,0,1.0
high_compressibility,7,capacity_aware_static,3,6,1.0,3.3448275862068964,3,0,0,0,1.0
high_compressibility,7,capacity_aware_static,3,7,1.0,3.3448275862068964,3,0,0,0,1.0
high_compressibility,7,capacity_aware_static,3,8,1.0,3.3448275862068964,3,0,0,0,1.0
high_compressibility,7,capacity_aware_static,3,9,1.0,3.3448275862068964,3,0,0,0,1.0
high_compressibility,7,capacity_aware_static,3,10,1.0,3.3448275862068964,3,0,0,0,1.0
high_compressibility,7,capacity_aware_static,3,11,1.0,3.3448275862068964,3,0,0,0,1.0
high_compressibility,7,capacity_aware_static,3,12,1.0,3.3448275862068964,3,0,0,0,1.0
high_compressibility,7,capacity_aware_static,3,13,1.0,3.3448275862068964,3,0,0,0,1.0
high_compressibility,7,capacity_aware_static,3,14,1.0,3.3448275862068964,3,0,0,0,1.0
high_compressibility,7,capacity_aware_static,3,15,1.0,3.3448275862068964,3,0,0,0,1.0
high_compressibility,7,capacity_aware_static,4,0,1.0,3.3448275862068964,4,0,0,0,1.0
high_compressibility,7,capacity_aware_static,4,1,1.0,3.3448275862068964,4,0,0,0,1.0
high_compressibility,7,capacity_aware_static,4,2,1.0,3.3448275862068964,4,0,0,0,1.0
high_compressibility,7,capacity_aware_static,4,3,1.0,3.3448275862068964,4,0,0,0,1.0
high_compressibility,7,capacity_aware_static,4,4,1.0,3.3448275862068964,4,0,0,0,1.0
high_compressibility,7,capacity_aware_static,4,5,1.0,3.3448275862068964,4,0,0,0,1.0
high_compressibility,7,capacity_aware_static,4,6,1.0,3.3448275862068964,4,0,0,0,1.0
high_compressibility,7,capacity_aware_static,4,7,1.0,3.3448275862068964,4,0,0,0,1.0
high_compressibility,7,capacity_aware_static,4,8,1.0,3.3448275862068964,4,0,0,0,1.0
high_compressibility,7,capacity_aware_static,4,9,1.0,3.3448275862068964,4,0,0,0,1.0
high_compressibility,7,capacity_aware_static,4,10,1.0,3.3448275862068964,4,0,0,0,1.0
high_compressibility,7,capacity_aware_static,4,11,1.0,3.3448275862068964,4,0,0,0,1.0
high_compressibility,7,capacity_aware_static,4,12,1.0,3.3448275862068964,4,0,0,0,1.0
high_compressibility,7,capacity_aware_static,4,13,1.0,3.3448275862068964,4,0,0,0,1.0
high_compressibility,7,capacity_aware_static,4,14,1.0,3.3448275862068964,4,0,0,0,1.0
high_compressibility,7,capacity_aware_static,4,15,1.0,3.3448275862068964,4,0,0,0,1.0
high_compressibility,7,capacity_aware_static,5,0,1.0,3.3448275862068964,5,0,0,0,1.0
high_compressibility,7,capacity_aware_static,5,1,1.0,3.3448275862068964,5,0,0,0,1.0
high_compressibility,7,capacity_aware_static,5,2,1.0,3.3448275862068964,5,0,0,0,1.0
high_compressibility,7,capacity_aware_static,5,3,1.0,3.3448275862068964,5,0,0,0,1.0
high_compressibility,7,capacity_aware_static,5,4,1.0,3.3448275862068964,5,0,0,0,1.0
high_compressibility,7,capacity_aware_static,5,5,1.0,3.3448275862068964,5,0,0,0,1.0
high_compressibility,7,capacity_aware_static,5,6,1.0,3.3448275862068964,5,0,0,0,1.0
high_compressibility,7,capacity_aware_static,5,7,1.0,3.3448275862068964,5,0,0,0,1.0
high_compressibility,7,capacity_aware_static,5,8,1.0,3.3448275862068964,5,0,0,0,1.0
high_compressibility,7,capacity_aware_static,5,9,1.0,3.3448275862068964,5,0,0,0,1.0
high_compressibility,7,capacity_aware_static,5,10,1.0,3.3448275862068964,5,0,0,0,1.0
high_compressibility,7,capacity_aware_static,5,11,1.0,3.3448275862068964,5,0,0,0,1.0
high_compressibility,7,capacity_aware_static,5,12,1.0,3.3448275862068964,5,0,0,0,1.0
high_compressibility,7,capacity_aware_static,5,13,1.0,3.3448275862068964,5,0,0,0,1.0
high_compressibility,7,capacity_aware_static,5,14,1.0,3.3448275862068964,5,0,0,0,1.0
high_compressibility,7,capacity_aware_static,5,15,1.0,3.3448275862068964,5,0,0,0,1.0
high_compressibility,7,capacity_aware_static,6,0,1.0,3.3448275862068964,6,0,0,0,1.0
high_compressibility,7,capacity_aware_static,6,1,1.0,3.3448275862068964,6,0,0,0,1.0
high_compressibility,7,capacity_aware_static,6,2,1.0,3.3448275862068964,6,0,0,0,1.0
high_compressibility,7,capacity_aware_static,6,3,1.0,3.3448275862068964,6,0,0,0,1.0
high_compressibility,7,capacity_aware_static,6,4,1.0,3.3448275862068964,6,0,0,0,1.0
high_compressibility,7,capacity_aware_static,6,5,1.0,3.3448275862068964,6,0,0,0,1.0
high_compressibility,7,capacity_aware_static,6,6,1.0,3.3448275862068964,6,0,0,0,1.0
high_compressibility,7,capacity_aware_static,6,7,1.0,3.3448275862068964,6,0,0,0,1.0
high_compressibility,7,capacity_aware_static,6,8,1.0,3.3448275862068964,6,0,0,0,1.0
high_compressibility,7,capacity_aware_static,6,9,1.0,3.3448275862068964,6,0,0,0,1.0
high_compressibility,7,capacity_aware_static,6,10,1.0,3.3448275862068964,6,0,0,0,1.0
high_compressibility,7,capacity_aware_static,6,11,1.0,3.3448275862068964,6,0,0,0,1.0
high_compressibility,7,capacity_aware_static,6,12,1.0,3.3448275862068964,6,0,0,0,1.0
high_compressibility,7,capacity_aware_static,6,13,1.0,3.3448275862068964,6,0,0,0,1.0
high_compressibility,7,capacity_aware_static,6,14,1.0,3.3448275862068964,6,0,0,0,1.0
high_compressibility,7,capacity_aware_static,6,15,1.0,3.3448275862068964,6,0,0,0,1.0
high_compressibility,7,capacity_aware_static,7,0,1.0,3.3448275862068964,6,0,0,0,1.0
high_compressibility,7,capacity_aware_static,7,1,1.0,3.3448275862068964,6,0,0,0,1.0
high_compressibility,7,capacity_aware_static,7,2,1.0,3.3448275862068964,6,0,0,0,1.0
high_compressibility,7,capacity_aware_static,7,3,1.0,3.3448275862068964,6,0,0,0,1.0
high_compressibility,7,capacity_aware_static,7,4,1.0,3.3448275862068964,6,0,0,0,1.0
high_compressibility,7,capacity_aware_static,7,5,1.0,3.3448275862068964,6,0,0,0,1.0
high_compressibility,7,capacity_aware_static,7,6,1.0,3.3448275862068964,6,0,0,0,1.0
high_compressibility,7,capacity_aware_static,7,7,1.0,3.3448275862068964,6,0,0,0,1.0
high_compressibility,7,capacity_aware_static,7,8,1.0,3.3448275862068964,6,0,0,0,1.0
high_compressibility,7,capacity_aware_static,7,9,1.0,3.3448275862068964,6,0,0,0,1.0
high_compressibility,7,capacity_aware_static,7,10,1.0,3.3448275862068964,6,0,0,0,1.0
high_compressibility,7,capacity_aware_static,7,11,1.0,3.3448275862068964,6,0,0,0,1.0
high_compressibility,7,capacity_aware_static,7,12,1.0,3.3448275862068964,6,0,0,0,1.0
high_compressibility,7,capacity_aware_static,7,13,1.0,3.3448275862068964,6,0,0,0,1.0
high_compressibility,7,capacity_aware_static,7,14,1.0,3.3448275862068964,6,0,0,0,1.0
high_compressibility,7,capacity_aware_static,7,15,1.0,3.3448275862068964,6,0,0,0,1.0
high_compressibility,7,smoothed,1,0,1.0,3.3448275862068964,3,19,19,1,inf
high_compressibility,7,smoothed,1,1,1.0,3.3448275862068964,3,19,19,1,inf
high_compressibility,7,smoothed,1,2,1.0,3.3448275862068964,3,19,19,1,2.9
high_compressibility,7,smoothed,1,3,1.0,3.3448275862068964,3,19,19,1,2.9
high_compressibility,7,smoothed,1,4,1.0,3.3448275862068964,3,19,19,1,2.9
high_compressibility,7,smoothed,1,5,1.0,3.3448275862068964,3,19,19,1,2.9
high_compressibility,7,smoothed,1,6,1.0,3.3448275862068964,3,19,19,1,2.9
high_compressibility,7,smoothed,1,7,1.0,3.3448275862068964,3,19,19,1,2.9
high_compressibility,7,smoothed,1,8,1.0,3.3448275862068964,3,19,19,1,2.9
high_compressibility,7,smoothed,1,9,1.0,3.3448275862068964,3,19,19,1,2.9
high_compressibility,7,smoothed,1,10,1.0,3.3448275862068964,3,19,19,1,2.9
high_compressibility,7,smoothed,1,11,1.0,3.3448275862068964,3,19,19,1,2.9
high_compressibility,7,smoothed,1,12,1.0,3.3448275862068964,3,19,19,1,2.9
high_compressibility,7,smoothed,1,13,1.0,3.3448275862068964,3,19,19,1,2.9
high_compressibility,7,smoothed,1,14,1.0,3.3448275862068964,3,19,19,1,2.9
high_compressibility,7,smoothed,1,15,1.0,3.3448275862068964,3,19,19,1,2.9
high_compressibility,7,smoothed,2,0,1.0,3.3448275862068964,3,9,9,1,inf
high_compressibility,7,smoothed,2,1,1.0,3.3448275862068964,3,9,9,1,1.9
high_compressibility,7,smoothed,2,2,1.0,3.3448275862068964,3,9,9,1,1.5
high_compressibility,7,smoothed,2,3,1.0,3.3448275862068964,3,9,9,1,1.5
high_compressibility,7,smoothed,2,4,1.0,3.3448275862068964,3,9,9,1,1.5
high_compressibility,7,smoothed,2,5,1.0,3.3448275862068964,3,9,9,1,1.5
high_compressibility,7,smoothed,2,6,1.0,3.3448275862068964,3,9,9,1,1.5
high_compressibility,7,smoothed,2,7,1.0,3.3448275862068964,3,9,9,1,1.5
high_compressibility,7,smoothed,2,8,1.0,3.3448275862068964,3,9,9,1,1.5
high_compressibility,7,smoothed,2,9,1.0,3.3448275862068964,3,9,9,1,1.5
high_compressibility,7,smoothed,2,10,1.0,3.3448275862068964,3,9,9,1,1.5
high_compressibility,7,smoothed,2,11,1.0,3.3448275862068964,3,9,9,1,1.5
high_compressibility,7,smoothed,2,12,1.0,3.3448275862068964,3,9,9,1,1.5
high_compressibility,7,smoothed,2,13,1.0,3.3448275862068964,3,9,9,1,1.5
high_compressibility,7,smoothed,2,14,1.0,3.3448275862068964,3,9,9,1,1.5
high_compressibility,7,smoothed,2,15,1.0,3.3448275862068964,3,9,9,1,1.5
high_compressibility,7,smoothed,3,0,1.0,3.3448275862068964,3,0,0,0,1.0
high_compressibility,7,smoothed,3,1,1.0,3.3448275862068964,3,0,0,0,1.0
high_compressibility,7,smoothed,3,2,1.0,3.3448275862068964,3,0,0,0,1.0
high_compressibility,7,smoothed,3,3,1.0,3.3448275862068964,3,0,0,0,1.0
high_compressibility,7,smoothed,3,4,1.0,3.3448275862068964,3,0,0,0,1.0
high_compressibility,7,smoothed,3,5,1.0,3.3448275862068964,3,0,0,0,1.0
high_compressibility,7,smoothed,3,6,1.0,3.3448275862068964,3,0,0,0,1.0
high_compressibility,7,smoothed,3,7,1.0,3.3448275862068964,3,0,0,0,1.0
high_compressibility,7,smoothed,3,8,1.0,3.3448275862068964,3,0,0,0,1.0
high_compressibility,7,smoothed,3,9,1.0,3.3448275862068964,3,0,0,0,1.0
high_compressibility,7,smoothed,3,10,1.0,3.3448275862068964,3,0,0,0,1.0
high_compressibility,7,smoothed,3,11,1.0,3.3448275862068964,3,0,0,0,1.0
high_compressibility,7,smoothed,3,12,1.0,3.3448275862068964,3,0,0,0,1.0
high_compressibility,7,smoothed,3,13,1.0,3.3448275862068964,3,0,0,0,1.0
high_compressibility,7,smoothed,3,14,1.0,3.3448275862068964,3,0,0,0,1.0
high_compressibility,7,smoothed,3,15,1.0,3.3448275862068964,3,0,0,0,1.0
high_compressibility,7,smoothed,4,0,1.0,3.3448275862068964,3,0,0,0,1.0
high_compressibility,7,smoothed,4,1,1.0,3.3448275862068964,3,0,0,0,1.0
high_compressibility,7,smoothed,4,2,1.0,3.3448275862068964,3,0,0,0,1.0
high_compressibility,7,smoothed,4,3,1.0,3.3448275862068964,3,0,0,0,1.0
high_compressibility,7,smoothed,4,4,1.0,3.3448275862068964,3,0,0,0,1.0
high_compressibility,7,smoothed,4,5,1.0,3.3448275862068964,3,0,0,0,1.0
high_compressibility,7,smoothed,4,6,1.0,3.3448275862068964,3,0,0,0,1.0
high_compressibility,7,smoothed,4,7,1.0,3.3448275862068964,3,0,0,0,1.0
high_compressibility,7,smoothed,4,8,1.0,3.3448275862068964,3,0,0,0,1.0
high_compressibility,7,smoothed,4,9,1.0,3.3448275862068964,3,0,0,0,1.0
high_compressibility,7,smoothed,4,10,1.0,3.3448275862068964,3,0,0,0,1.0
high_compressibility,7,smoothed,4,11,1.0,3.3448275862068964,3,0,0,0,1.0
high_compressibility,7,smoothed,4,12,1.0,3.3448275862068964,3,0,0,0,1.0
high_compressibility,7,smoothed,4,13,1.0,3.3448275862068964,3,0,0,0,1.0
high_compressibility,7,smoothed,4,14,1.0,3.3448275862068964,3,0,0,0,1.0
high_compressibility,7,smoothed,4,15,1.0,3.3448275862068964,3,0,0,0,1.0
high_compressibility,7,smoothed,5,0,1.0,3.3448275862068964,3,0,0,0,1.0
high_compressibility,7,smoothed,5,1,1.0,3.3448275862068964,3,0,0,0,1.0
high_compressibility,7,smoothed,5,2,1.0,3.3448275862068964,3,0,0,0,1.0
high_compressibility,7,smoothed,5,3,1.0,3.3448275862068964,3,0,0,0,1.0
high_compressibility,7,smoothed,5,4,1.0,3.3448275862068964,3,0,0,0,1.0
high_compressibility,7,smoothed,5,5,1.0,3.3448275862068964,3,0,0,0,1.0
high_compressibility,7,smoothed,5,6,1.0,3.3448275862068964,3,0,0,0,1.0
high_compressibility,7,smoothed,5,7,1.0,3.3448275862068964,3,0,0,0,1.0
high_compressibility,7,smoothed,5,8,1.0,3.3448275862068964,3,0,0,0,1.0
high_compressibility,7,smoothed,5,9,1.0,3.3448275862068964,3,0,0,0,1.0
high_compressibility,7,smoothed,5,10,1.0,3.3448275862068964,3,0,0,0,1.0
high_compressibility,7,smoothed,5,11,1.0,3.3448275862068964,3,0,0,0,1.0
high_compressibility,7,smoothed,5,12,1.0,3.3448275862068964,3,0,0,0,1.0
high_compressibility,7,smoothed,5,13,1.0,3.3448275862068964,3,0,0,0,1.0
high_compressibility,7,smoothed,5,14,1.0,3.3448275862068964,3,0,0,0,1.0
high_compressibility,7,smoothed,5,15,1.0,3.3448275862068964,3,0,0,0,1.0
high_compressibility,7,smoothed,6,0,1.0,3.3448275862068964,3,0,0,0,1.0
high_compressibility,7,smoothed,6,1,1.0,3.3448275862068964,3,0,0,0,1.0
high_compressibility,7,smoothed,6,2,1.0,3.3448275862068964,3,0,0,0,1.0
high_compressibility,7,smoothed,6,3,1.0,3.3448275862068964,3,0,0,0,1.0
high_compressibility,7,smoothed,6,4,1.0,3.3448275862068964,3,0,0,0,1.0
high_compressibility,7,smoothed,6,5,1.0,3.3448275862068964,3,0,0,0,1.0
high_compressibility,7,smoothed,6,6,1.0,3.3448275862068964,3,0,0,0,1.0
high_compressibility,7,smoothed,6,7,1.0,3.3448275862068964,3,0,0,0,1.0
high_compressibility,7,smoothed,6,8,1.0,3.3448275862068964,3,0,0,0,1.0
high_compressibility,7,smoothed,6,9,1.0,3.3448275862068964,3,0,0,0,1.0
high_compressibility,7,smoothed,6,10,1.0,3.3448275862068964,3,0,0,0,1.0
high_compressibility,7,smoothed,6,11,1.0,3.3448275862068964,3,0,0,0,1.0
high_compressibility,7,smoothed,6,12,1.0,3.3448275862068964,3,0,0,0,1.0
high_compressibility,7,smoothed,6,13,1.0,3.3448275862068964,3,0,0,0,1.0
high_compressibility,7,smoothed,6,14,1.0,3.3448275862068964,3,0,0,0,1.0
high_compressibility,7,smoothed,6,15,1.0,3.3448275862068964,3,0,0,0,1.0
high_compressibility,7,smoothed,7,0,1.0,3.3448275862068964,3,0,0,0,1.0
high_compressibility,7,smoothed,7,1,1.0,3.3448275862068964,3,0,0,0,1.0
high_compressibility,7,smoothed,7,2,1.0,3.3448275862068964,3,0,0,0,1.0
high_compressibility,7,smoothed,7,3,1.0,3.3448275862068964,3,0,0,0,1.0
high_compressibility,7,smoothed,7,4,1.0,3.3448275862068964,3,0,0,0,1.0
high_compressibility,7,smoothed,7,5,1.0,3.3448275862068964,3,0,0,0,1.0
high_compressibility,7,smoothed,7,6,1.0,3.3448275862068964,3,0,0,0,1.0
high_compressibility,7,smoothed,7,7,1.0,3.3448275862068964,3,0,0,0,1.0
high_compressibility,7,smoothed,7,8,1.0,3.3448275862068964,3,0,0,0,1.0
high_compressibility,7,smoothed,7,9,1.0,3.3448275862068964,3,0,0,0,1.0
high_compressibility,7,smoothed,7,10,1.0,3.3448275862068964,3,0,0,0,1.0
high_compressibility,7,smoothed,7,11,1.0,3.3448275862068964,3,0,0,0,1.0
high_compressibility,7,smoothed,7,12,1.0,3.3448275862068964,3,0,0,0,1.0
high_compressibility,7,smoothed,7,13,1.0,3.3448275862068964,3,0,0,0,1.0
high_compressibility,7,smoothed,7,14,1.0,3.3448275862068964,3,0,0,0,1.0
high_compressibility,7,smoothed,7,15,1.0,3.3448275862068964,3,0,0,0,1.0
high_compressibility,7,static_min,1,0,1.0,3.3448275862068964,6,23,23,1,inf
high_compressibility,7,static_min,1,1,1.0,3.3448275862068964,6,23,23,1,inf
high_compressibility,7,static_min,1,2,1.0,3.3448275862068964,6,23,23,1,inf
high_compressibility,7,static_min,1,3,1.0,3.3448275862068964,6,23,23,1,inf
high_compressibility,7,static_min,1,4,1.0,3.3448275862068964,6,23,23,1,inf
high_compressibility,7,static_min,1,5,1.0,3.3448275862068964,6,23,23,1,3.875
high_compressibility,7,static_min,1,6,1.0,3.3448275862068964,6,23,23,1,3.875
high_compressibility,7,static_min,1,7,1.0,3.3448275862068964,6,23,23,1,3.875
high_compressibility,7,static_min,1,8,1.0,3.3448275862068964,6,23,23,1,3.875
high_compressibility,7,static_min,1,9,1.0,3.3448275862068964,6,23,23,1,3.875
high_compressibility,7,static_min,1,10,1.0,3.3448275862068964,6,23,23,1,3.875
high_compressibility,7,static_min,1,11,1.0,3.3448275862068964,6,23,23,1,3.875
high_compressibility,7,static_min,1,12,1.0,3.3448275862068964,6,23,23,1,3.875
high_compressibility,7,static_min,1,13,1.0,3.3448275862068964,6,23,23,1,3.875
high_compressibility,7,static_min,1,14,1.0,3.3448275862068964,6,23,23,1,3.875
high_compressibility,7,static_min,1,15,1.0,3.3448275862068964,6,23,23,1,3.875
high_compressibility,7,static_min,2,0,1.0,3.3448275862068964,6,17,17,1,inf
high_compressibility,7,static_min,2,1,1.0,3.3448275862068964,6,17,17,1,inf
high_compressibility,7,static_min,2,2,1.0,3.3448275862068964,6,17,17,1,inf
high_compressibility,7,static_min,2,3,1.0,3.3448275862068964,6,17,17,1,inf
high_compressibility,7,static_min,2,4,1.0,3.3448275862068964,6,17,17,1,2.125
high_compressibility,7,static_min,2,5,1.0,3.3448275862068964,6,17,17,1,2.125
high_compressibility,7,static_min,2,6,1.0,3.3448275862068964,6,17,17,1,2.125
high_compressibility,7,static_min,2,7,1.0,3.3448275862068964,6,17,17,1,2.125
high_compressibility,7,static_min,2,8,1.0,3.3448275862068964,6,17,17,1,2.125
high_compressibility,7,static_min,2,9,1.0,3.3448275862068964,6,17,17,1,2.125
high_compressibility,7,static_min,2,10,1.0,3.3448275862068964,6,17,17,1,2.125
high_compressibility,7,static_min,2,11,1.0,3.3448275862068964,6,17,17,1,2.125
high_compressibility,7,static_min,2,12,1.0,3.3448275862068964,6,17,17,1,2.125
high_compressibility,7,static_min,2,13,1.0,3.3448275862068964,6,17,17,1,2.125
high_compressibility,7,static_min,2,14,1.0,3.3448275862068964,6,17,17,1,2.125
high_compressibility,7,static_min,2,15,1.0,3.3448275862068964,6,17,17,1,2.125
high_compressibility,7,static_min,3,0,1.0,3.3448275862068964,6,11,11,1,inf
high_compressibility,7,static_min,3,1,1.0,3.3448275862068964,6,11,11,1,inf
high_compressibility,7,static_min,3,2,1.0,3.3448275862068964,6,11,11,1,inf
high_compressibility,7,static_min,3,3,1.0,3.3448275862068964,6,11,11,1,1.5
high_compressibility,7,static_min,3,4,1.0,3.3448275862068964,6,11,11,1,1.5
high_compressibility,7,static_min,3,5,1.0,3.3448275862068964,6,11,11,1,1.5
high_compressibility,7,static_min,3,6,1.0,3.3448275862068964,6,11,11,1,1.5
high_compressibility,7,static_min,3,7,1.0,3.3448275862068964,6,11,11,1,1.5
high_compressibility,7,static_min,3,8,1.0,3.3448275862068964,6,11,11,1,1.5
high_compressibility,7,static_min,3,9,1.0,3.3448275862068964,6,11,11,1,1.5
high_compressibility,7,static_min,3,10,1.0,3.3448275862068964,6,11,11,1,1.5
high_compressibility,7,static_min,3,11,1.0,3.3448275862068964,6,11,11,1,1.5
high_compressibility,7,static_min,3,12,1.0,3.3448275862068964,6,11,11,1,1.5
high_compressibility,7,static_min,3,13,1.0,3.3448275862068964,6,11,11,1,1.5
high_compressibility,7,static_min,3,14,1.0,3.3448275862068964,6,11,11,1,1.5
high_compressibility,7,static_min,3,15,1.0,3.3448275862068964,6,11,11,1,1.5
high_compressibility,7,static_min,4,0,1.0,3.3448275862068964,6,6,6,1,inf
high_compressibility,7,static_min,4,1,1.0,3.3448275862068964,6,6,6,1,inf
high_compressibility,7,static_min,4,2,1.0,3.3448275862068964,6,6,6,1,1.375
high_compressibility,7,static_min,4,3,1.0,3.3448275862068964,6,6,6,1,1.375
high_compressibility,7,static_min,4,4,1.0,3.3448275862068964,6,6,6,1,1.25
high_compressibility,7,static_min,4,5,1.0,3.3448275862068964,6,6,6,1,1.25
high_compressibility,7,static_min,4,6,1.0,3.3448275862068964,6,6,6,1,1.25
high_compressibility,7,static_min,4,7,1.0,3.3448275862068964,6,6,6,1,1.25
high_compressibility,7,static_min,4,8,1.0,3.3448275862068964,6,6,6,1,1.25
high_compressibility,7,static_min,4,9,1.0,3.3448275862068964,6,6,6,1,1.25
high_compressibility,7,static_min,4,10,1.0,3.3448275862068964,6,6,6,1,1.25
high_compressibility,7,static_min,4,11,1.0,3.3448275862068964,6,6,6,1,1.25
high_compressibility,7,static_min,4,12,1.0,3.3448275862068964,6,6,6,1,1.25
high_compressibility,7,static_min,4,13,1.0,3.3448275862068964,6,6,6,1,1.25
high_compressibility,7,static_min,4,14,1.0,3.3448275862068964,6,6,6,1,1.25
high_compressibility,7,static_min,4,15,1.0,3.3448275862068964,6,6,6,1,1.25
high_compressibility,7,static_min,5,0,1.0,3.3448275862068964,6,3,3,1,inf
high_compressibility,7,static_min,5,1,1.0,3.3448275862068964,6,3,3,1,1.375
high_compressibility,7,static_min,5,2,1.0,3.3448275862068964,6,3,3,1,1.25
high_compressibility,7,static_min,5,3,1.0,3.3448275862068964,6,3,3,1,1.125
high_compressibility,7,static_min,5,4,1.0,3.3448275862068964,6,3,3,1,1.125
high_compressibility,7,static_min,5,5,1.0,3.3448275862068964,6,3,3,1,1.125
high_compressibility,7,static_min,5,6,1.0,3.3448275862068964,6,3,3,1,1.125
high_compressibility,7,static_min,5,7,1.0,3.3448275862068964,6,3,3,1,1.125
high_compressibility,7,static_min,5,8,1.0,3.3448275862068964,6,3,3,1,1.125
high_compressibility,7,static_min,5,9,1.0,3.3448275862068964,6,3,3,1,1.125
high_compressibility,7,static_min,5,10,1.0,3.3448275862068964,6,3,3,1,1.125
high_compressibility,7,static_min,5,11,1.0,3.3448275862068964,6,3,3,1,1.125
high_compressibility,7,static_min,5,12,1.0,3.3448275862068964,6,3,3,1,1.125
high_compressibility,7,static_min,5,13,1.0,3.3448275862068964,6,3,3,1,1.125
high_compressibility,7,static_min,5,14,1.0,3.3448275862068964,6,3,3,1,1.125
high_compressibility,7,static_min,5,15,1.0,3.3448275862068964,6,3,3,1,1.125
high_compressibility,7,static_min,6,0,1.0,3.3448275862068964,6,0,0,0,1.0
high_compressibility,7,static_min,6,1,1.0,3.3448275862068964,6,0,0,0,1.0
high_compressibility,7,static_min,6,2,1.0,3.3448275862068964,6,0,0,0,1.0
high_compressibility,7,static_min,6,3,1.0,3.3448275862068964,6,0,0,0,1.0
high_compressibility,7,static_min,6,4,1.0,3.3448275862068964,6,0,0,0,1.0
high_compressibility,7,static_min,6,5,1.0,3.3448275862068964,6,0,0,0,1.0
high_compressibility,7,static_min,6,6,1.0,3.3448275862068964,6,0,0,0,1.0
high_compressibility,7,static_min,6,7,1.0,3.3448275862068964,6,0,0,0,1.0
high_compressibility,7,static_min,6,8,1.0,3.3448275862068964,6,0,0,0,1.0
high_compressibility,7,static_min,6,9,1.0,3.3448275862068964,6,0,0,0,1.0
high_compressibility,7,static_min,6,10,1.0,3.3448275862068964,6,0,0,0,1.0
high_compressibility,7,static_min,6,11,1.0,3.3448275862068964,6,0,0,0,1.0
high_compressibility,7,static_min,6,12,1.0,3.3448275862068964,6,0,0,0,1.0
high_compressibility,7,static_min,6,13,1.0,3.3448275862068964,6,0,0,0,1.0
high_compressibility,7,static_min,6,14,1.0,3.3448275862068964,6,0,0,0,1.0
high_compressibility,7,static_min,6,15,1.0,3.3448275862068964,6,0,0,0,1.0
high_compressibility,7,static_min,7,0,1.0,3.3448275862068964,6,0,0,0,1.0
high_compressibility,7,static_min,7,1,1.0,3.3448275862068964,6,0,0,0,1.0
high_compressibility,7,static_min,7,2,1.0,3.3448275862068964,6,0,0,0,1.0
high_compressibility,7,static_min,7,3,1.0,3.3448275862068964,6,0,0,0,1.0
high_compressibility,7,static_min,7,4,1.0,3.3448275862068964,6,0,0,0,1.0
high_compressibility,7,static_min,7,5,1.0,3.3448275862068964,6,0,0,0,1.0
high_compressibility,7,static_min,7,6,1.0,3.3448275862068964,6,0,0,0,1.0
high_compressibility,7,static_min,7,7,1.0,3.3448275862068964,6,0,0,0,1.0
high_compressibility,7,static_min,7,8,1.0,3.3448275862068964,6,0,0,0,1.0
high_compressibility,7,static_min,7,9,1.0,3.3448275862068964,6,0,0,0,1.0
high_compressibility,7,static_min,7,10,1.0,3.3448275862068964,6,0,0,0,1.0
high_compressibility,7,static_min,7,11,1.0,3.3448275862068964,6,0,0,0,1.0
high_compressibility,7,static_min,7,12,1.0,3.3448275862068964,6,0,0,0,1.0
high_compressibility,7,static_min,7,13,1.0,3.3448275862068964,6,0,0,0,1.0
high_compressibility,7,static_min,7,14,1.0,3.3448275862068964,6,0,0,0,1.0
high_compressibility,7,static_min,7,15,1.0,3.3448275862068964,6,0,0,0,1.0
high_compressibility,9,capacity_aware_static,1,0,1.0,2.5517241379310347,1,0,0,0,1.0
high_compressibility,9,capacity_aware_static,1,1,1.0,2.5517241379310347,1,0,0,0,1.0
high_compressibility,9,capacity_aware_static,1,2,1.0,2.5517241379310347,1,0,0,0,1.0
high_compressibility,9,capacity_aware_static,1,3,1.0,2.5517241379310347,1,0,0,0,1.0
high_compressibility,9,capacity_aware_static,1,4,1.0,2.5517241379310347,1,0,0,0,1.0
high_compressibility,9,capacity_aware_static,1,5,1.0,2.5517241379310347,1,0,0,0,1.0
high_compressibility,9,capacity_aware_static,1,6,1.0,2.5517241379310347,1,0,0,0,1.0
high_compressibility,9,capacity_aware_static,1,7,1.0,2.5517241379310347,1,0,0,0,1.0
high_compressibility,9,capacity_aware_static,1,8,1.0,2.5517241379310347,1,0,0,0,1.0
high_compressibility,9,capacity_aware_static,1,9,1.0,2.5517241379310347,1,0,0,0,1.0
high_compressibility,9,capacity_aware_static,1,10,1.0,2.5517241379310347,1,0,0,0,1.0
high_compressibility,9,capacity_aware_static,1,11,1.0,2.5517241379310347,1,0,0,0,1.0
high_compressibility,9,capacity_aware_static,1,12,1.0,2.5517241379310347,1,0,0,0,1.0
high_compressibility,9,capacity_aware_static,1,13,1.0,2.5517241379310347,1,0,0,0,1.0
high_compressibility,9,capacity_aware_static,1,14,1.0,2.5517241379310347,1,0,0,0,1.0
high_compressibility,9,capacity_aware_static,1,15,1.0,2.5517241379310347,1,0,0,0,1.0
high_compressibility,9,capacity_aware_static,2,0,1.0,2.5517241379310347,2,0,0,0,1.0
high_compressibility,9,capacity_aware_static,2,1,1.0,2.5517241379310347,2,0,0,0,1.0
high_compressibility,9,capacity_aware_static,2,2,1.0,2.5517241379310347,2,0,0,0,1.0
high_compressibility,9,capacity_aware_static,2,3,1.0,2.5517241379310347,2,0,0,0,1.0
high_compressibility,9,capacity_aware_static,2,4,1.0,2.5517241379310347,2,0,0,0,1.0
high_compressibility,9,capacity_aware_static,2,5,1.0,2.5517241379310347,2,0,0,0,1.0
high_compressibility,9,capacity_aware_static,2,6,1.0,2.5517241379310347,2,0,0,0,1.0
high_compressibility,9,capacity_aware_static,2,7,1.0,2.5517241379310347,2,0,0,0,1.0
high_compressibility,9,capacity_aware_static,2,8,1.0,2.5517241379310347,2,0,0,0,1.0
high_compressibility,9,capacity_aware_static,2,9,1.0,2.5517241379310347,2,0,0,0,1.0
high_compressibility,9,capacity_aware_static,2,10,1.0,2.5517241379310347,2,0,0,0,1.0
high_compressibility,9,capacity_aware_static,2,11,1.0,2.5517241379310347,2,0,0,0,1.0
high_compressibility,9,capacity_aware_static,2,12,1.0,2.5517241379310347,2,0,0,0,1.0
high_compressibility,9,capacity_aware_static,2,13,1.0,2.5517241379310347,2,0,0,0,1.0
high_compressibility,9,capacity_aware_static,2,14,1.0,2.5517241379310347,2,0,0,0,1.0
high_compressibility,9,capacity_aware_static,2,15,1.0,2.5517241379310347,2,0,0,0,1.0
high_compressibility,9,capacity_aware_static,3,0,1.0,2.5517241379310347,3,0,0,0,1.0
high_compressibility,9,capacity_aware_static,3,1,1.0,2.5517241379310347,3,0,0,0,1.0
high_compressibility,9,capacity_aware_static,3,2,1.0,2.5517241379310347,3,0,0,0,1.0
high_compressibility,9,capacity_aware_static,3,3,1.0,2.5517241379310347,3,0,0,0,1.0
high_compressibility,9,capacity_aware_static,3,4,1.0,2.5517241379310347,3,0,0,0,1.0
high_compressibility,9,capacity_aware_static,3,5,1.0,2.5517241379310347,3,0,0,0,1.0
high_compressibility,9,capacity_aware_static,3,6,1.0,2.5517241379310347,3,0,0,0,1.0
high_compressibility,9,capacity_aware_static,3,7,1.0,2.5517241379310347,3,0,0,0,1.0
high_compressibility,9,capacity_aware_static,3,8,1.0,2.5517241379310347,3,0,0,0,1.0
high_compressibility,9,capacity_aware_static,3,9,1.0,2.5517241379310347,3,0,0,0,1.0
high_compressibility,9,capacity_aware_static,3,10,1.0,2.5517241379310347,3,0,0,0,1.0
high_compressibility,9,capacity_aware_static,3,11,1.0,2.5517241379310347,3,0,0,0,1.0
high_compressibility,9,capacity_aware_static,3,12,1.0,2.5517241379310347,3,0,0,0,1.0
high_compressibility,9,capacity_aware_static,3,13,1.0,2.5517241379310347,3,0,0,0,1.0
high_compressibility,9,capacity_aware_static,3,14,1.0,2.5517241379310347,3,0,0,0,1.0
high_compressibility,9,capacity_aware_static,3,15,1.0,2.5517241379310347,3,0,0,0,1.0
high_compressibility,9,capacity_aware_static,4,0,1.0,2.5517241379310347,4,0,0,0,1.0
high_compressibility,9,capacity_aware_static,4,1,1.0,2.5517241379310347,4,0,0,0,1.0
high_compressibility,9,capacity_aware_static,4,2,1.0,2.5517241379310347,4,0,0,0,1.0
high_compressibility,9,capacity_aware_static,4,3,1.0,2.5517241379310347,4,0,0,0,1.0
high_compressibility,9,capacity_aware_static,4,4,1.0,2.5517241379310347,4,0,0,0,1.0
high_compressibility,9,capacity_aware_static,4,5,1.0,2.5517241379310347,4,0,0,0,1.0
high_compressibility,9,capacity_aware_static,4,6,1.0,2.5517241379310347,4,0,0,0,1.0
high_compressibility,9,capacity_aware_static,4,7,1.0,2.5517241379310347,4,0,0,0,1.0
high_compressibility,9,capacity_aware_static,4,8,1.0,2.5517241379310347,4,0,0,0,1.0
high_compressibility,9,capacity_aware_static,4,9,1.0,2.5517241379310347,4,0,0,0,1.0
high_compressibility,9,capacity_aware_static,4,10,1.0,2.5517241379310347,4,0,0,0,1.0
high_compressibility,9,capacity_aware_static,4,11,1.0,2.5517241379310347,4,0,0,0,1.0
high_compressibility,9,capacity_aware_static,4,12,1.0,2.5517241379310347,4,0,0,0,1.0
high_compressibility,9,capacity_aware_static,4,13,1.0,2.5517241379310347,4,0,0,0,1.0
high_compressibility,9,capacity_aware_static,4,14,1.0,2.5517241379310347,4,0,0,0,1.0
high_compressibility,9,capacity_aware_static,4,15,1.0,2.5517241379310347,4,0,0,0,1.0
high_compressibility,9,capacity_aware_static,5,0,1.0,2.5517241379310347,5,0,0,0,1.0
high_compressibility,9,capacity_aware_static,5,1,1.0,2.5517241379310347,5,0,0,0,1.0
high_compressibility,9,capacity_aware_static,5,2,1.0,2.5517241379310347,5,0,0,0,1.0
high_compressibility,9,capacity_aware_static,5,3,1.0,2.5517241379310347,5,0,0,0,1.0
high_compressibility,9,capacity_aware_static,5,4,1.0,2.5517241379310347,5,0,0,0,1.0
high_compressibility,9,capacity_aware_static,5,5,1.0,2.5517241379310347,5,0,0,0,1.0
high_compressibility,9,capacity_aware_static,5,6,1.0,2.5517241379310347,5,0,0,0,1.0
high_compressibility,9,capacity_aware_static,5,7,1.0,2.5517241379310347,5,0,0,0,1.0
high_compressibility,9,capacity_aware_static,5,8,1.0,2.5517241379310347,5,0,0,0,1.0
high_compressibility,9,capacity_aware_static,5,9,1.0,2.5517241379310347,5,0,0,0,1.0
high_compressibility,9,capacity_aware_static,5,10,1.0,2.5517241379310347,5,0,0,0,1.0
high_compressibility,9,capacity_aware_static,5,11,1.0,2.5517241379310347,5,0,0,0,1.0
high_compressibility,9,capacity_aware_static,5,12,1.0,2.5517241379310347,5,0,0,0,1.0
high_compressibility,9,capacity_aware_static,5,13,1.0,2.5517241379310347,5,0,0,0,1.0
high_compressibility,9,capacity_aware_static,5,14,1.0,2.5517241379310347,5,0,0,0,1.0
high_compressibility,9,capacity_aware_static,5,15,1.0,2.5517241379310347,5,0,0,0,1.0
high_compressibility,9,capacity_aware_static,6,0,1.0,2.5517241379310347,6,0,0,0,1.0
high_compressibility,9,capacity_aware_static,6,1,1.0,2.5517241379310347,6,0,0,0,1.0
high_compressibility,9,capacity_aware_static,6,2,1.0,2.5517241379310347,6,0,0,0,1.0
high_compressibility,9,capacity_aware_static,6,3,1.0,2.5517241379310347,6,0,0,0,1.0
high_compressibility,9,capacity_aware_static,6,4,1.0,2.5517241379310347,6,0,0,0,1.0
high_compressibility,9,capacity_aware_static,6,5,1.0,2.5517241379310347,6,0,0,0,1.0
high_compressibility,9,capacity_aware_static,6,6,1.0,2.5517241379310347,6,0,0,0,1.0
high_compressibility,9,capacity_aware_static,6,7,1.0,2.5517241379310347,6,0,0,0,1.0
high_compressibility,9,capacity_aware_static,6,8,1.0,2.5517241379310347,6,0,0,0,1.0
high_compressibility,9,capacity_aware_static,6,9,1.0,2.5517241379310347,6,0,0,0,1.0
high_compressibility,9,capacity_aware_static,6,10,1.0,2.5517241379310347,6,0,0,0,1.0
high_compressibility,9,capacity_aware_static,6,11,1.0,2.5517241379310347,6,0,0,0,1.0
high_compressibility,9,capacity_aware_static,6,12,1.0,2.5517241379310347,6,0,0,0,1.0
high_compressibility,9,capacity_aware_static,6,13,1.0,2.5517241379310347,6,0,0,0,1.0
high_compressibility,9,capacity_aware_static,6,14,1.0,2.5517241379310347,6,0,0,0,1.0
high_compressibility,9,capacity_aware_static,6,15,1.0,2.5517241379310347,6,0,0,0,1.0
high_compressibility,9,capacity_aware_static,7,0,1.0,2.5517241379310347,6,0,0,0,1.0
high_compressibility,9,capacity_aware_static,7,1,1.0,2.5517241379310347,6,0,0,0,1.0
high_compressibility,9,capacity_aware_static,7,2,1.0,2.5517241379310347,6,0,0,0,1.0
high_compressibility,9,capacity_aware_static,7,3,1.0,2.5517241379310347,6,0,0,0,1.0
high_compressibility,9,capacity_aware_static,7,4,1.0,2.5517241379310347,6,0,0,0,1.0
high_compressibility,9,capacity_aware_static,7,5,1.0,2.5517241379310347,6,0,0,0,1.0
high_compressibility,9,capacity_aware_static,7,6,1.0,2.5517241379310347,6,0,0,0,1.0
high_compressibility,9,capacity_aware_static,7,7,1.0,2.5517241379310347,6,0,0,0,1.0
high_compressibility,9,capacity_aware_static,7,8,1.0,2.5517241379310347,6,0,0,0,1.0
high_compressibility,9,capacity_aware_static,7,9,1.0,2.5517241379310347,6,0,0,0,1.0
high_compressibility,9,capacity_aware_static,7,10,1.0,2.5517241379310347,6,0,0,0,1.0
high_compressibility,9,capacity_aware_static,7,11,1.0,2.5517241379310347,6,0,0,0,1.0
high_compressibility,9,capacity_aware_static,7,12,1.0,2.5517241379310347,6,0,0,0,1.0
high_compressibility,9,capacity_aware_static,7,13,1.0,2.5517241379310347,6,0,0,0,1.0
high_compressibility,9,capacity_aware_static,7,14,1.0,2.5517241379310347,6,0,0,0,1.0
high_compressibility,9,capacity_aware_static,7,15,1.0,2.5517241379310347,6,0,0,0,1.0
high_compressibility,9,smoothed,1,0,1.0,2.5517241379310347,4,20,20,1,inf
high_compressibility,9,smoothed,1,1,1.0,2.5517241379310347,4,20,20,1,inf
high_compressibility,9,smoothed,1,2,1.0,2.5517241379310347,4,20,20,1,inf
high_compressibility,9,smoothed,1,3,1.0,2.5517241379310347,4,20,20,1,3.2222222222222223
high_compressibility,9,smoothed,1,4,1.0,2.5517241379310347,4,20,20,1,3.2222222222222223
high_compressibility,9,smoothed,1,5,1.0,2.5517241379310347,4,20,20,1,3.2222222222222223
high_compressibility,9,smoothed,1,6,1.0,2.5517241379310347,4,20,20,1,3.2222222222222223
high_compressibility,9,smoothed,1,7,1.0,2.5517241379310347,4,20,20,1,3.2222222222222223
high_compressibility,9,smoothed,1,8,1.0,2.5517241379310347,4,20,20,1,3.2222222222222223
high_compressibility,9,smoothed,1,9,1.0,2.5517241379310347,4,20,20,1,3.2222222222222223
high_compressibility,9,smoothed,1,10,1.0,2.5517241379310347,4,20,20,1,3.2222222222222223
high_compressibility,9,smoothed,1,11,1.0,2.5517241379310347,4,20,20,1,3.2222222222222223
high_compressibility,9,smoothed,1,12,1.0,2.5517241379310347,4,20,20,1,3.2222222222222223
high_compressibility,9,smoothed,1,13,1.0,2.5517241379310347,4,20,20,1,3.2222222222222223
high_compressibility,9,smoothed,1,14,1.0,2.5517241379310347,4,20,20,1,3.2222222222222223
high_compressibility,9,smoothed,1,15,1.0,2.5517241379310347,4,20,20,1,3.2222222222222223
high_compressibility,9,smoothed,2,0,1.0,2.5517241379310347,4,11,11,1,inf
high_compressibility,9,smoothed,2,1,1.0,2.5517241379310347,4,11,11,1,inf
high_compressibility,9,smoothed,2,2,1.0,2.5517241379310347,4,11,11,1,1.7777777777777777
high_compressibility,9,smoothed,2,3,1.0,2.5517241379310347,4,11,11,1,1.6666666666666667
high_compressibility,9,smoothed,2,4,1.0,2.5517241379310347,4,11,11,1,1.6666666666666667
high_compressibility,9,smoothed,2,5,1.0,2.5517241379310347,4,11,11,1,1.6666666666666667
high_compressibility,9,smoothed,2,6,1.0,2.5517241379310347,4,11,11,1,1.6666666666666667
high_compressibility,9,smoothed,2,7,1.0,2.5517241379310347,4,11,11,1,1.6666666666666667
high_compressibility,9,smoothed,2,8,1.0,2.5517241379310347,4,11,11,1,1.6666666666666667
high_compressibility,9,smoothed,2,9,1.0,2.5517241379310347,4,11,11,1,1.6666666666666667
high_compressibility,9,smoothed,2,10,1.0,2.5517241379310347,4,11,11,1,1.6666666666666667
high_compressibility,9,smoothed,2,11,1.0,2.5517241379310347,4,11,11,1,1.6666666666666667
high_compressibility,9,smoothed,2,12,1.0,2.5517241379310347,4,11,11,1,1.6666666666666667
high_compressibility,9,smoothed,2,13,1.0,2.5517241379310347,4,11,11,1,1.6666666666666667
high_compressibility,9,smoothed,2,14,1.0,2.5517241379310347,4,11,11,1,1.6666666666666667
high_compressibility,9,smoothed,2,15,1.0,2.5517241379310347,4,11,11,1,1.6666666666666667
high_compressibility,9,smoothed,3,0,1.0,2.5517241379310347,4,2,2,1,inf
high_compressibility,9,smoothed,3,1,1.0,2.5517241379310347,4,2,2,1,1.2222222222222223
high_compressibility,9,smoothed,3,2,1.0,2.5517241379310347,4,2,2,1,1.1111111111111112
high_compressibility,9,smoothed,3,3,1.0,2.5517241379310347,4,2,2,1,1.1111111111111112
high_compressibility,9,smoothed,3,4,1.0,2.5517241379310347,4,2,2,1,1.1111111111111112
high_compressibility,9,smoothed,3,5,1.0,2.5517241379310347,4,2,2,1,1.1111111111111112
high_compressibility,9,smoothed,3,6,1.0,2.5517241379310347,4,2,2,1,1.1111111111111112
high_compressibility,9,smoothed,3,7,1.0,2.5517241379310347,4,2,2,1,1.1111111111111112
high_compressibility,9,smoothed,3,8,1.0,2.5517241379310347,4,2,2,1,1.1111111111111112
high_compressibility,9,smoothed,3,9,1.0,2.5517241379310347,4,2,2,1,1.1111111111111112
high_compressibility,9,smoothed,3,10,1.0,2.5517241379310347,4,2,2,1,1.1111111111111112
high_compressibility,9,smoothed,3,11,1.0,2.5517241379310347,4,2,2,1,1.1111111111111112
high_compressibility,9,smoothed,3,12,1.0,2.5517241379310347,4,2,2,1,1.1111111111111112
high_compressibility,9,smoothed,3,13,1.0,2.5517241379310347,4,2,2,1,1.1111111111111112
high_compressibility,9,smoothed,3,14,1.0,2.5517241379310347,4,2,2,1,1.1111111111111112
high_compressibility,9,smoothed,3,15,1.0,2.5517241379310347,4,2,2,1,1.1111111111111112
high_compressibility,9,smoothed,4,0,1.0,2.5517241379310347,4,0,0,0,1.0
high_compressibility,9,smoothed,4,1,1.0,2.5517241379310347,4,0,0,0,1.0
high_compressibility,9,smoothed,4,2,1.0,2.5517241379310347,4,0,0,0,1.0
high_compressibility,9,smoothed,4,3,1.0,2.5517241379310347,4,0,0,0,1.0
high_compressibility,9,smoothed,4,4,1.0,2.5517241379310347,4,0,0,0,1.0
high_compressibility,9,smoothed,4,5,1.0,2.5517241379310347,4,0,0,0,1.0
high_compressibility,9,smoothed,4,6,1.0,2.5517241379310347,4,0,0,0,1.0
high_compressibility,9,smoothed,4,7,1.0,2.5517241379310347,4,0,0,0,1.0
high_compressibility,9,smoothed,4,8,1.0,2.5517241379310347,4,0,0,0,1.0
high_compressibility,9,smoothed,4,9,1.0,2.5517241379310347,4,0,0,0,1.0
high_compressibility,9,smoothed,4,10,1.0,2.5517241379310347,4,0,0,0,1.0
high_compressibility,9,smoothed,4,11,1.0,2.5517241379310347,4,0,0,0,1.0
high_compressibility,9,smoothed,4,12,1.0,2.5517241379310347,4,0,0,0,1.0
high_compressibility,9,smoothed,4,13,1.0,2.5517241379310347,4,0,0,0,1.0
high_compressibility,9,smoothed,4,14,1.0,2.5517241379310347,4,0,0,0,1.0
high_compressibility,9,smoothed,4,15,1.0,2.5517241379310347,4,0,0,0,1.0
high_compressibility,9,smoothed,5,0,1.0,2.5517241379310347,4,0,0,0,1.0
high_compressibility,9,smoothed,5,1,1.0,2.5517241379310347,4,0,0,0,1.0
high_compressibility,9,smoothed,5,2,1.0,2.5517241379310347,4,0,0,0,1.0
high_compressibility,9,smoothed,5,3,1.0,2.5517241379310347,4,0,0,0,1.0
high_compressibility,9,smoothed,5,4,1.0,2.5517241379310347,4,0,0,0,1.0
high_compressibility,9,smoothed,5,5,1.0,2.5517241379310347,4,0,0,0,1.0
high_compressibility,9,smoothed,5,6,1.0,2.5517241379310347,4,0,0,0,1.0
high_compressibility,9,smoothed,5,7,1.0,2.5517241379310347,4,0,0,0,1.0
high_compressibility,9,smoothed,5,8,1.0,2.5517241379310347,4,0,0,0,1.0
high_compressibility,9,smoothed,5,9,1.0,2.5517241379310347,4,0,0,0,1.0
high_compressibility,9,smoothed,5,10,1.0,2.5517241379310347,4,0,0,0,1.0
high_compressibility,9,smoothed,5,11,1.0,2.5517241379310347,4,0,0,0,1.0
high_compressibility,9,smoothed,5,12,1.0,2.5517241379310347,4,0,0,0,1.0
high_compressibility,9,smoothed,5,13,1.0,2.5517241379310347,4,0,0,0,1.0
high_compressibility,9,smoothed,5,14,1.0,2.5517241379310347,4,0,0,0,1.0
high_compressibility,9,smoothed,5,15,1.0,2.5517241379310347,4,0,0,0,1.0
high_compressibility,9,smoothed,6,0,1.0,2.5517241379310347,4,0,0,0,1.0
high_compressibility,9,smoothed,6,1,1.0,2.5517241379310347,4,0,0,0,1.0
high_compressibility,9,smoothed,6,2,1.0,2.5517241379310347,4,0,0,0,1.0
high_compressibility,9,smoothed,6,3,1.0,2.5517241379310347,4,0,0,0,1.0
high_compressibility,9,smoothed,6,4,1.0,2.5517241379310347,4,0,0,0,1.0
high_compressibility,9,smoothed,6,5,1.0,2.5517241379310347,4,0,0,0,1.0
high_compressibility,9,smoothed,6,6,1.0,2.5517241379310347,4,0,0,0,1.0
high_compressibility,9,smoothed,6,7,1.0,2.5517241379310347,4,0,0,0,1.0
high_compressibility,9,smoothed,6,8,1.0,2.5517241379310347,4,0,0,0,1.0
high_compressibility,9,smoothed,6,9,1.0,2.5517241379310347,4,0,0,0,1.0
high_compressibility,9,smoothed,6,10,1.0,2.5517241379310347,4,0,0,0,1.0
high_compressibility,9,smoothed,6,11,1.0,2.5517241379310347,4,0,0,0,1.0
high_compressibility,9,smoothed,6,12,1.0,2.5517241379310347,4,0,0,0,1.0
high_compressibility,9,smoothed,6,13,1.0,2.5517241379310347,4,0,0,0,1.0
high_compressibility,9,smoothed,6,14,1.0,2.5517241379310347,4,0,0,0,1.0
high_compressibility,9,smoothed,6,15,1.0,2.5517241379310347,4,0,0,0,1.0
high_compressibility,9,smoothed,7,0,1.0,2.5517241379310347,4,0,0,0,1.0
high_compressibility,9,smoothed,7,1,1.0,2.5517241379310347,4,0,0,0,1.0
high_compressibility,9,smoothed,7,2,1.0,2.5517241379310347,4,0,0,0,1.0
high_compressibility,9,smoothed,7,3,1.0,2.5517241379310347,4,0,0,0,1.0
high_compressibility,9,smoothed,7,4,1.0,2.5517241379310347,4,0,0,0,1.0
high_compressibility,9,smoothed,7,5,1.0,2.5517241379310347,4,0,0,0,1.0
high_compressibility,9,smoothed,7,6,1.0,2.5517241379310347,4,0,0,0,1.0
high_compressibility,9,smoothed,7,7,1.0,2.5517241379310347,4,0,0,0,1.0
high_compressibility,9,smoothed,7,8,1.0,2.5517241379310347,4,0,0,0,1.0
high_compressibility,9,smoothed,7,9,1.0,2.5517241379310347,4,0,0,0,1.0
high_compressibility,9,smoothed,7,10,1.0,2.5517241379310347,4,0,0,0,1.0
high_compressibility,9,smoothed,7,11,1.0,2.5517241379310347,4,0,0,0,1.0
high_compressibility,9,smoothed,7,12,1.0,2.5517241379310347,4,0,0,0,1.0
high_compressibility,9,smoothed,7,13,1.0,2.5517241379310347,4,0,0,0,1.0
high_compressibility,9,smoothed,7,14,1.0,2.5517241379310347,4,0,0,0,1.0
high_compressibility,9,smoothed,7,15,1.0,2.5517241379310347,4,0,0,0,1.0
high_compressibility,9,static_min,1,0,1.0,2.5517241379310347,6,23,23,1,inf
high_compressibility,9,static_min,1,1,1.0,2.5517241379310347,6,23,23,1,inf
high_compressibility,9,static_min,1,2,1.0,2.5517241379310347,6,23,23,1,inf
high_compressibility,9,static_min,1,3,1.0,2.5517241379310347,6,23,23,1,inf
high_compressibility,9,static_min,1,4,1.0,2.5517241379310347,6,23,23,1,inf
high_compressibility,9,static_min,1,5,1.0,2.5517241379310347,6,23,23,1,3.875
high_compressibility,9,static_min,1,6,1.0,2.5517241379310347,6,23,23,1,3.875
high_compressibility,9,static_min,1,7,1.0,2.5517241379310347,6,23,23,1,3.875
high_compressibility,9,static_min,1,8,1.0,2.5517241379310347,6,23,23,1,3.875
high_compressibility,9,static_min,1,9,1.0,2.5517241379310347,6,23,23,1,3.875
high_compressibility,9,static_min,1,10,1.0,2.5517241379310347,6,23,23,1,3.875
high_compressibility,9,static_min,1,11,1.0,2.5517241379310347,6,23,23,1,3.875
high_compressibility,9,static_min,1,12,1.0,2.5517241379310347,6,23,23,1,3.875
high_compressibility,9,static_min,1,13,1.0,2.5517241379310347,6,23,23,1,3.875
high_compressibility,9,static_min,1,14,1.0,2.5517241379310347,6,23,23,1,3.875
high_compressibility,9,static_min,1,15,1.0,2.5517241379310347,6,23,23,1,3.875
high_compressibility,9,static_min,2,0,1.0,2.5517241379310347,6,17,17,1,inf
high_compressibility,9,static_min,2,1,1.0,2.5517241379310347,6,17,17,1,inf
high_compressibility,9,static_min,2,2,1.0,2.5517241379310347,6,17,17,1,inf
high_compressibility,9,static_min,2,3,1.0,2.5517241379310347,6,17,17,1,inf
high_compressibility,9,static_min,2,4,1.0,2.5517241379310347,6,17,17,1,2.125
high_compressibility,9,static_min,2,5,1.0,2.5517241379310347,6,17,17,1,2.125
high_compressibility,9,static_min,2,6,1.0,2.5517241379310347,6,17,17,1,2.125
high_compressibility,9,static_min,2,7,1.0,2.5517241379310347,6,17,17,1,2.125
high_compressibility,9,static_min,2,8,1.0,2.5517241379310347,6,17,17,1,2.125
high_compressibility,9,static_min,2,9,1.0,2.5517241379310347,6,17,17,1,2.125
high_compressibility,9,static_min,2,10,1.0,2.5517241379310347,6,17,17,1,2.125
high_compressibility,9,static_min,2,11,1.0,2.5517241379310347,6,17,17,1,2.125
high_compressibility,9,static_min,2,12,1.0,2.5517241379310347,6,17,17,1,2.125
high_compressibility,9,static_min,2,13,1.0,2.5517241379310347,6,17,17,1,2.125
high_compressibility,9,static_min,2,14,1.0,2.5517241379310347,6,17,17,1,2.125
high_compressibility,9,static_min,2,15,1.0,2.5517241379310347,6,17,17,1,2.125
high_compressibility,9,static_min,3,0,1.0,2.5517241379310347,6,12,12,1,inf
high_compressibility,9,static_min,3,1,1.0,2.5517241379310347,6,12,12,1,inf
high_compressibility,9,static_min,3,2,1.0,2.5517241379310347,6,12,12,1,inf
high_compressibility,9,static_min,3,3,1.0,2.5517241379310347,6,12,12,1,1.5
high_compressibility,9,static_min,3,4,1.0,2.5517241379310347,6,12,12,1,1.5
high_compressibility,9,static_min,3,5,1.0,2.5517241379310347,6,12,12,1,1.5
high_compressibility,9,static_min,3,6,1.0,2.5517241379310347,6,12,12,1,1.5
high_compressibility,9,static_min,3,7,1.0,2.5517241379310347,6,12,12,1,1.5
high_compressibility,9,static_min,3,8,1.0,2.5517241379310347,6,12,12,1,1.5
high_compressibility,9,static_min,3,9,1.0,2.5517241379310347,6,12,12,1,1.5
high_compressibility,9,static_min,3,10,1.0,2.5517241379310347,6,12,12,1,1.5
high_compressibility,9,static_min,3,11,1.0,2.5517241379310347,6,12,12,1,1.5
high_compressibility,9,static_min,3,12,1.0,2.5517241379310347,6,12,12,1,1.5
high_compressibility,9,static_min,3,13,1.0,2.5517241379310347,6,12,12,1,1.5
high_compressibility,9,static_min,3,14,1.0,2.5517241379310347,6,12,12,1,1.5
high_compressibility,9,static_min,3,15,1.0,2.5517241379310347,6,12,12,1,1.5
high_compressibility,9,static_min,4,0,1.0,2.5517241379310347,6,7,7,1,inf
high_compressibility,9,static_min,4,1,1.0,2.5517241379310347,6,7,7,1,inf
high_compressibility,9,static_min,4,2,1.0,2.5517241379310347,6,7,7,1,1.5
high_compressibility,9,static_min,4,3,1.0,2.5517241379310347,6,7,7,1,1.375
high_compressibility,9,static_min,4,4,1.0,2.5517241379310347,6,7,7,1,1.25
high_compressibility,9,static_min,4,5,1.0,2.5517241379310347,6,7,7,1,1.25
high_compressibility,9,static_min,4,6,1.0,2.5517241379310347,6,7,7,1,1.25
high_compressibility,9,static_min,4,7,1.0,2.5517241379310347,6,7,7,1,1.25
high_compressibility,9,static_min,4,8,1.0,2.5517241379310347,6,7,7,1,1.25
high_compressibility,9,static_min,4,9,1.0,2.5517241379310347,6,7,7,1,1.25
high_compressibility,9,static_min,4,10,1.0,2.5517241379310347,6,7,7,1,1.25
high_compressibility,9,static_min,4,11,1.0,2.5517241379310347,6,7,7,1,1.25
high_compressibility,9,static_min,4,12,1.0,2.5517241379310347,6,7,7,1,1.25
high_compressibility,9,static_min,4,13,1.0,2.5517241379310347,6,7,7,1,1.25
high_compressibility,9,static_min,4,14,1.0,2.5517241379310347,6,7,7,1,1.25
high_compressibility,9,static_min,4,15,1.0,2.5517241379310347,6,7,7,1,1.25
high_compressibility,9,static_min,5,0,1.0,2.5517241379310347,6,3,3,1,inf
high_compressibility,9,static_min,5,1,1.0,2.5517241379310347,6,3,3,1,1.375
high_compressibility,9,static_min,5,2,1.0,2.5517241379310347,6,3,3,1,1.25
high_compressibility,9,static_min,5,3,1.0,2.5517241379310347,6,3,3,1,1.125
high_compressibility,9,static_min,5,4,1.0,2.5517241379310347,6,3,3,1,1.125
high_compressibility,9,static_min,5,5,1.0,2.5517241379310347,6,3,3,1,1.125
high_compressibility,9,static_min,5,6,1.0,2.5517241379310347,6,3,3,1,1.125
high_compressibility,9,static_min,5,7,1.0,2.5517241379310347,6,3,3,1,1.125
high_compressibility,9,static_min,5,8,1.0,2.5517241379310347,6,3,3,1,1.125
high_compressibility,9,static_min,5,9,1.0,2.5517241379310347,6,3,3,1,1.125
high_compressibility,9,static_min,5,10,1.0,2.5517241379310347,6,3,3,1,1.125
high_compressibility,9,static_min,5,11,1.0,2.5517241379310347,6,3,3,1,1.125
high_compressibility,9,static_min,5,12,1.0,2.5517241379310347,6,3,3,1,1.125
high_compressibility,9,static_min,5,13,1.0,2.5517241379310347,6,3,3,1,1.125
high_compressibility,9,static_min,5,14,1.0,2.5517241379310347,6,3,3,1,1.125
high_compressibility,9,static_min,5,15,1.0,2.5517241379310347,6,3,3,1,1.125
high_compressibility,9,static_min,6,0,1.0,2.5517241379310347,6,0,0,0,1.0
high_compressibility,9,static_min,6,1,1.0,2.5517241379310347,6,0,0,0,1.0
high_compressibility,9,static_min,6,2,1.0,2.5517241379310347,6,0,0,0,1.0
high_compressibility,9,static_min,6,3,1.0,2.5517241379310347,6,0,0,0,1.0
high_compressibility,9,static_min,6,4,1.0,2.5517241379310347,6,0,0,0,1.0
high_compressibility,9,static_min,6,5,1.0,2.5517241379310347,6,0,0,0,1.0
high_compressibility,9,static_min,6,6,1.0,2.5517241379310347,6,0,0,0,1.0
high_compressibility,9,static_min,6,7,1.0,2.5517241379310347,6,0,0,0,1.0
high_compressibility,9,static_min,6,8,1.0,2.5517241379310347,6,0,0,0,1.0
high_compressibility,9,static_min,6,9,1.0,2.5517241379310347,6,0,0,0,1.0
high_compressibility,9,static_min,6,10,1.0,2.5517241379310347,6,0,0,0,1.0
high_compressibility,9,static_min,6,11,1.0,2.5517241379310347,6,0,0,0,1.0
high_compressibility,9,static_min,6,12,1.0,2.5517241379310347,6,0,0,0,1.0
high_compressibility,9,static_min,6,13,1.0,2.5517241379310347,6,0,0,0,1.0
high_compressibility,9,static_min,6,14,1.0,2.5517241379310347,6,0,0,0,1.0
high_compressibility,9,static_min,6,15,1.0,2.5517241379310347,6,0,0,0,1.0
high_compressibility,9,static_min,7,0,1.0,2.5517241379310347,6,0,0,0,1.0
high_compressibility,9,static_min,7,1,1.0,2.5517241379310347,6,0,0,0,1.0
high_compressibility,9,static_min,7,2,1.0,2.5517241379310347,6,0,0,0,1.0
high_compressibility,9,static_min,7,3,1.0,2.5517241379310347,6,0,0,0,1.0
high_compressibility,9,static_min,7,4,1.0,2.5517241379310347,6,0,0,0,1.0
high_compressibility,9,static_min,7,5,1.0,2.5517241379310347,6,0,0,0,1.0
high_compressibility,9,static_min,7,6,1.0,2.5517241379310347,6,0,0,0,1.0
high_compressibility,9,static_min,7,7,1.0,2.5517241379310347,6,0,0,0,1.0
high_compressibility,9,static_min,7,8,1.0,2.5517241379310347,6,0,0,0,1.0
high_compressibility,9,static_min,7,9,1.0,2.5517241379310347,6,0,0,0,1.0
high_compressibility,9,static_min,7,10,1.0,2.5517241379310347,6,0,0,0,1.0
high_compressibility,9,static_min,7,11,1.0,2.5517241379310347,6,0,0,0,1.0
high_compressibility,9,static_min,7,12,1.0,2.5517241379310347,6,0,0,0,1.0
high_compressibility,9,static_min,7,13,1.0,2.5517241379310347,6,0,0,0,1.0
high_compressibility,9,static_min,7,14,1.0,2.5517241379310347,6,0,0,0,1.0
high_compressibility,9,static_min,7,15,1.0,2.5517241379310347,6,0,0,0,1.0
low_compressibility,1,capacity_aware_static,1,0,0.0,0.0,1,0,0,0,1.0
low_compressibility,1,capacity_aware_static,1,1,0.0,0.0,1,0,0,0,1.0
low_compressibility,1,capacity_aware_static,1,2,0.0,0.0,1,0,0,0,1.0
low_compressibility,1,capacity_aware_static,1,3,0.0,0.0,1,0,0,0,1.0
low_compressibility,1,capacity_aware_static,1,4,0.0,0.0,1,0,0,0,1.0
low_compressibility,1,capacity_aware_static,1,5,0.0,0.0,1,0,0,0,1.0
low_compressibility,1,capacity_aware_static,1,6,0.0,0.0,1,0,0,0,1.0
low_compressibility,1,capacity_aware_static,1,7,0.0,0.0,1,0,0,0,1.0
low_compressibility,1,capacity_aware_static,1,8,0.0,0.0,1,0,0,0,1.0
low_compressibility,1,capacity_aware_static,1,9,0.0,0.0,1,0,0,0,1.0
low_compressibility,1,capacity_aware_static,1,10,0.0,0.0,1,0,0,0,1.0
low_compressibility,1,capacity_aware_static,1,11,0.0,0.0,1,0,0,0,1.0
low_compressibility,1,capacity_aware_static,1,12,0.0,0.0,1,0,0,0,1.0
low_compressibility,1,capacity_aware_static,1,13,0.0,0.0,1,0,0,0,1.0
low_compressibility,1,capacity_aware_static,1,14,0.0,0.0,1,0,0,0,1.0
low_compressibility,1,capacity_aware_static,1,15,0.0,0.0,1,0,0,0,1.0
low_compressibility,1,capacity_aware_static,2,0,0.0,0.0,1,0,0,0,1.0
low_compressibility,1,capacity_aware_static,2,1,0.0,0.0,1,0,0,0,1.0
low_compressibility,1,capacity_aware_static,2,2,0.0,0.0,1,0,0,0,1.0
low_compressibility,1,capacity_aware_static,2,3,0.0,0.0,1,0,0,0,1.0
low_compressibility,1,capacity_aware_static,2,4,0.0,0.0,1,0,0,0,1.0
low_compressibility,1,capacity_aware_static,2,5,0.0,0.0,1,0,0,0,1.0
low_compressibility,1,capacity_aware_static,2,6,0.0,0.0,1,0,0,0,1.0
low_compressibility,1,capacity_aware_static,2,7,0.0,0.0,1,0,0,0,1.0
low_compressibility,1,capacity_aware_static,2,8,0.0,0.0,1,0,0,0,1.0
low_compressibility,1,capacity_aware_static,2,9,0.0,0.0,1,0,0,0,1.0
low_compressibility,1,capacity_aware_static,2,10,0.0,0.0,1,0,0,0,1.0
low_compressibility,1,capacity_aware_static,2,11,0.0,0.0,1,0,0,0,1.0
low_compressibility,1,capacity_aware_static,2,12,0.0,0.0,1,0,0,0,1.0
low_compressibility,1,capacity_aware_static,2,13,0.0,0.0,1,0,0,0,1.0
low_compressibility,1,capacity_aware_static,2,14,0.0,0.0,1,0,0,0,1.0
low_compressibility,1,capacity_aware_static,2,15,0.0,0.0,1,0,0,0,1.0
low_compressibility,1,capacity_aware_static,3,0,0.0,0.0,1,0,0,0,1.0
low_compressibility,1,capacity_aware_static,3,1,0.0,0.0,1,0,0,0,1.0
low_compressibility,1,capacity_aware_static,3,2,0.0,0.0,1,0,0,0,1.0
low_compressibility,1,capacity_aware_static,3,3,0.0,0.0,1,0,0,0,1.0
low_compressibility,1,capacity_aware_static,3,4,0.0,0.0,1,0,0,0,1.0
low_compressibility,1,capacity_aware_static,3,5,0.0,0.0,1,0,0,0,1.0
low_compressibility,1,capacity_aware_static,3,6,0.0,0.0,1,0,0,0,1.0
low_compressibility,1,capacity_aware_static,3,7,0.0,0.0,1,0,0,0,1.0
low_compressibility,1,capacity_aware_static,3,8,0.0,0.0,1,0,0,0,1.0
low_compressibility,1,capacity_aware_static,3,9,0.0,0.0,1,0,0,0,1.0
low_compressibility,1,capacity_aware_static,3,10,0.0,0.0,1,0,0,0,1.0
low_compressibility,1,capacity_aware_static,3,11,0.0,0.0,1,0,0,0,1.0
low_compressibility,1,capacity_aware_static,3,12,0.0,0.0,1,0,0,0,1.0
low_compressibility,1,capacity_aware_static,3,13,0.0,0.0,1,0,0,0,1.0
low_compressibility,1,capacity_aware_static,3,14,0.0,0.0,1,0,0,0,1.0
low_compressibility,1,capacity_aware_static,3,15,0.0,0.0,1,0,0,0,1.0
low_compressibility,1,capacity_aware_static,4,0,0.0,0.0,1,0,0,0,1.0
low_compressibility,1,capacity_aware_static,4,1,0.0,0.0,1,0,0,0,1.0
low_compressibility,1,capacity_aware_static,4,2,0.0,0.0,1,0,0,0,1.0
low_compressibility,1,capacity_aware_static,4,3,0.0,0.0,1,0,0,0,1.0
low_compressibility,1,capacity_aware_static,4,4,0.0,0.0,1,0,0,0,1.0
low_compressibility,1,capacity_aware_static,4,5,0.0,0.0,1,0,0,0,1.0
low_compressibility,1,capacity_aware_static,4,6,0.0,0.0,1,0,0,0,1.0
low_compressibility,1,capacity_aware_static,4,7,0.0,0.0,1,0,0,0,1.0
low_compressibility,1,capacity_aware_static,4,8,0.0,0.0,1,0,0,0,1.0
low_compressibility,1,capacity_aware_static,4,9,0.0,0.0,1,0,0,0,1.0
low_compressibility,1,capacity_aware_static,4,10,0.0,0.0,1,0,0,0,1.0
low_compressibility,1,capacity_aware_static,4,11,0.0,0.0,1,0,0,0,1.0
low_compressibility,1,capacity_aware_static,4,12,0.0,0.0,1,0,0,0,1.0
low_compressibility,1,capacity_aware_static,4,13,0.0,0.0,1,0,0,0,1.0
low_compressibility,1,capacity_aware_static,4,14,0.0,0.0,1,0,0,0,1.0
low_compressibility,1,capacity_aware_static,4,15,0.0,0.0,1,0,0,0,1.0
low_compressibility,1,capacity_aware_static,5,0,0.0,0.0,1,0,0,0,1.0
low_compressibility,1,capacity_aware_static,5,1,0.0,0.0,1,0,0,0,1.0
low_compressibility,1,capacity_aware_static,5,2,0.0,0.0,1,0,0,0,1.0
low_compressibility,1,capacity_aware_static,5,3,0.0,0.0,1,0,0,0,1.0
low_compressibility,1,capacity_aware_static,5,4,0.0,0.0,1,0,0,0,1.0
low_compressibility,1,capacity_aware_static,5,5,0.0,0.0,1,0,0,0,1.0
low_compressibility,1,capacity_aware_static,5,6,0.0,0.0,1,0,0,0,1.0
low_compressibility,1,capacity_aware_static,5,7,0.0,0.0,1,0,0,0,1.0
low_compressibility,1,capacity_aware_static,5,8,0.0,0.0,1,0,0,0,1.0
low_compressibility,1,capacity_aware_static,5,9,0.0,0.0,1,0,0,0,1.0
low_compressibility,1,capacity_aware_static,5,10,0.0,0.0,1,0,0,0,1.0
low_compressibility,1,capacity_aware_static,5,11,0.0,0.0,1,0,0,0,1.0
low_compressibility,1,capacity_aware_static,5,12,0.0,0.0,1,0,0,0,1.0
low_compressibility,1,capacity_aware_static,5,13,0.0,0.0,1,0,0,0,1.0
low_compressibility,1,capacity_aware_static,5,14,0.0,0.0,1,0,0,0,1.0
low_compressibility,1,capacity_aware_static,5,15,0.0,0.0,1,0,0,0,1.0
low_compressibility,1,capacity_aware_static,6,0,0.0,0.0,1,0,0,0,1.0
low_compressibility,1,capacity_aware_static,6,1,0.0,0.0,1,0,0,0,1.0
low_compressibility,1,capacity_aware_static,6,2,0.0,0.0,1,0,0,0,1.0
low_compressibility,1,capacity_aware_static,6,3,0.0,0.0,1,0,0,0,1.0
low_compressibility,1,capacity_aware_static,6,4,0.0,0.0,1,0,0,0,1.0
low_compressibility,1,capacity_aware_static,6,5,0.0,0.0,1,0,0,0,1.0
low_compressibility,1,capacity_aware_static,6,6,0.0,0.0,1,0,0,0,1.0
low_compressibility,1,capacity_aware_static,6,7,0.0,0.0,1,0,0,0,1.0
low_compressibility,1,capacity_aware_static,6,8,0.0,0.0,1,0,0,0,1.0
low_compressibility,1,capacity_aware_static,6,9,0.0,0.0,1,0,0,0,1.0
low_compressibility,1,capacity_aware_static,6,10,0.0,0.0,1,0,0,0,1.0
low_compressibility,1,capacity_aware_static,6,11,0.0,0.0,1,0,0,0,1.0
low_compressibility,1,capacity_aware_static,6,12,0.0,0.0,1,0,0,0,1.0
low_compressibility,1,capacity_aware_static,6,13,0.0,0.0,1,0,0,0,1.0
low_compressibility,1,capacity_aware_static,6,14,0.0,0.0,1,0,0,0,1.0
low_compressibility,1,capacity_aware_static,6,15,0.0,0.0,1,0,0,0,1.0
low_compressibility,1,capacity_aware_static,7,0,0.0,0.0,1,0,0,0,1.0
low_compressibility,1,capacity_aware_static,7,1,0.0,0.0,1,0,0,0,1.0
low_compressibility,1,capacity_aware_static,7,2,0.0,0.0,1,0,0,0,1.0
low_compressibility,1,capacity_aware_static,7,3,0.0,0.0,1,0,0,0,1.0
low_compressibility,1,capacity_aware_static,7,4,0.0,0.0,1,0,0,0,1.0
low_compressibility,1,capacity_aware_static,7,5,0.0,0.0,1,0,0,0,1.0
low_compressibility,1,capacity_aware_static,7,6,0.0,0.0,1,0,0,0,1.0
low_compressibility,1,capacity_aware_static,7,7,0.0,0.0,1,0,0,0,1.0
low_compressibility,1,capacity_aware_static,7,8,0.0,0.0,1,0,0,0,1.0
low_compressibility,1,capacity_aware_static,7,9,0.0,0.0,1,0,0,0,1.0
low_compressibility,1,capacity_aware_static,7,10,0.0,0.0,1,0,0,0,1.0
low_compressibility,1,capacity_aware_static,7,11,0.0,0.0,1,0,0,0,1.0
low_compressibility,1,capacity_aware_static,7,12,0.0,0.0,1,0,0,0,1.0
low_compressibility,1,capacity_aware_static,7,13,0.0,0.0,1,0,0,0,1.0
low_compressibility,1,capacity_aware_static,7,14,0.0,0.0,1,0,0,0,1.0
low_compressibility,1,capacity_aware_static,7,15,0.0,0.0,1,0,0,0,1.0
low_compressibility,1,smoothed,1,0,0.0,0.0,1,0,0,0,1.0
low_compressibility,1,smoothed,1,1,0.0,0.0,1,0,0,0,1.0
low_compressibility,1,smoothed,1,2,0.0,0.0,1,0,0,0,1.0
low_compressibility,1,smoothed,1,3,0.0,0.0,1,0,0,0,1.0
low_compressibility,1,smoothed,1,4,0.0,0.0,1,0,0,0,1.0
low_compressibility,1,smoothed,1,5,0.0,0.0,1,0,0,0,1.0
low_compressibility,1,smoothed,1,6,0.0,0.0,1,0,0,0,1.0
low_compressibility,1,smoothed,1,7,0.0,0.0,1,0,0,0,1.0
low_compressibility,1,smoothed,1,8,0.0,0.0,1,0,0,0,1.0
low_compressibility,1,smoothed,1,9,0.0,0.0,1,0,0,0,1.0
low_compressibility,1,smoothed,1,10,0.0,0.0,1,0,0,0,1.0
low_compressibility,1,smoothed,1,11,0.0,0.0,1,0,0,0,1.0
low_compressibility,1,smoothed,1,12,0.0,0.0,1,0,0,0,1.0
low_compressibility,1,smoothed,1,13,0.0,0.0,1,0,0,0,1.0
low_compressibility,1,smoothed,1,14,0.0,0.0,1,0,0,0,1.0
low_compressibility,1,smoothed,1,15,0.0,0.0,1,0,0,0,1.0
low_compressibility,1,smoothed,2,0,0.0,0.0,1,0,0,0,1.0
low_compressibility,1,smoothed,2,1,0.0,0.0,1,0,0,0,1.0
low_compressibility,1,smoothed,2,2,0.0,0.0,1,0,0,0,1.0
low_compressibility,1,smoothed,2,3,0.0,0.0,1,0,0,0,1.0
low_compressibility,1,smoothed,2,4,0.0,0.0,1,0,0,0,1.0
low_compressibility,1,smoothed,2,5,0.0,0.0,1,0,0,0,1.0
low_compressibility,1,smoothed,2,6,0.0,0.0,1,0,0,0,1.0
low_compressibility,1,smoothed,2,7,0.0,0.0,1,0,0,0,1.0
low_compressibility,1,smoothed,2,8,0.0,0.0,1,0,0,0,1.0
low_compressibility,1,smoothed,2,9,0.0,0.0,1,0,0,0,1.0
low_compressibility,1,smoothed,2,10,0.0,0.0,1,0,0,0,1.0
low_compressibility,1,smoothed,2,11,0.0,0.0,1,0,0,0,1.0
low_compressibility,1,smoothed,2,12,0.0,0.0,1,0,0,0,1.0
low_compressibility,1,smoothed,2,13,0.0,0.0,1,0,0,0,1.0
low_compressibility,1,smoothed,2,14,0.0,0.0,1,0,0,0,1.0
low_compressibility,1,smoothed,2,15,0.0,0.0,1,0,0,0,1.0
low_compressibility,1,smoothed,3,0,0.0,0.0,1,0,0,0,1.0
low_compressibility,1,smoothed,3,1,0.0,0.0,1,0,0,0,1.0
low_compressibility,1,smoothed,3,2,0.0,0.0,1,0,0,0,1.0
low_compressibility,1,smoothed,3,3,0.0,0.0,1,0,0,0,1.0
low_compressibility,1,smoothed,3,4,0.0,0.0,1,0,0,0,1.0
low_compressibility,1,smoothed,3,5,0.0,0.0,1,0,0,0,1.0
low_compressibility,1,smoothed,3,6,0.0,0.0,1,0,0,0,1.0
low_compressibility,1,smoothed,3,7,0.0,0.0,1,0,0,0,1.0
low_compressibility,1,smoothed,3,8,0.0,0.0,1,0,0,0,1.0
low_compressibility,1,smoothed,3,9,0.0,0.0,1,0,0,0,1.0
low_compressibility,1,smoothed,3,10,0.0,0.0,1,0,0,0,1.0
low_compressibility,1,smoothed,3,11,0.0,0.0,1,0,0,0,1.0
low_compressibility,1,smoothed,3,12,0.0,0.0,1,0,0,0,1.0
low_compressibility,1,smoothed,3,13,0.0,0.0,1,0,0,0,1.0
low_compressibility,1,smoothed,3,14,0.0,0.0,1,0,0,0,1.0
low_compressibility,1,smoothed,3,15,0.0,0.0,1,0,0,0,1.0
low_compressibility,1,smoothed,4,0,0.0,0.0,1,0,0,0,1.0
low_compressibility,1,smoothed,4,1,0.0,0.0,1,0,0,0,1.0
low_compressibility,1,smoothed,4,2,0.0,0.0,1,0,0,0,1.0
low_compressibility,1,smoothed,4,3,0.0,0.0,1,0,0,0,1.0
low_compressibility,1,smoothed,4,4,0.0,0.0,1,0,0,0,1.0
low_compressibility,1,smoothed,4,5,0.0,0.0,1,0,0,0,1.0
low_compressibility,1,smoothed,4,6,0.0,0.0,1,0,0,0,1.0
low_compressibility,1,smoothed,4,7,0.0,0.0,1,0,0,0,1.0
low_compressibility,1,smoothed,4,8,0.0,0.0,1,0,0,0,1.0
low_compressibility,1,smoothed,4,9,0.0,0.0,1,0,0,0,1.0
low_compressibility,1,smoothed,4,10,0.0,0.0,1,0,0,0,1.0
low_compressibility,1,smoothed,4,11,0.0,0.0,1,0,0,0,1.0
low_compressibility,1,smoothed,4,12,0.0,0.0,1,0,0,0,1.0
low_compressibility,1,smoothed,4,13,0.0,0.0,1,0,0,0,1.0
low_compressibility,1,smoothed,4,14,0.0,0.0,1,0,0,0,1.0
low_compressibility,1,smoothed,4,15,0.0,0.0,1,0,0,0,1.0
low_compressibility,1,smoothed,5,0,0.0,0.0,1,0,0,0,1.0
low_compressibility,1,smoothed,5,1,0.0,0.0,1,0,0,0,1.0
low_compressibility,1,smoothed,5,2,0.0,0.0,1,0,0,0,1.0
low_compressibility,1,smoothed,5,3,0.0,0.0,1,0,0,0,1.0
low_compressibility,1,smoothed,5,4,0.0,0.0,1,0,0,0,1.0
low_compressibility,1,smoothed,5,5,0.0,0.0,1,0,0,0,1.0
low_compressibility,1,smoothed,5,6,0.0,0.0,1,0,0,0,1.0
low_compressibility,1,smoothed,5,7,0.0,0.0,1,0,0,0,1.0
low_compressibility,1,smoothed,5,8,0.0,0.0,1,0,0,0,1.0
low_compressibility,1,smoothed,5,9,0.0,0.0,1,0,0,0,1.0
low_compressibility,1,smoothed,5,10,0.0,0.0,1,0,0,0,1.0
low_compressibility,1,smoothed,5,11,0.0,0.0,1,0,0,0,1.0
low_compressibility,1,smoothed,5,12,0.0,0.0,1,0,0,0,1.0
low_compressibility,1,smoothed,5,13,0.0,0.0,1,0,0,0,1.0
low_compressibility,1,smoothed,5,14,0.0,0.0,1,0,0,0,1.0
low_compressibility,1,smoothed,5,15,0.0,0.0,1,0,0,0,1.0
low_compressibility,1,smoothed,6,0,0.0,0.0,1,0,0,0,1.0
low_compressibility,1,smoothed,6,1,0.0,0.0,1,0,0,0,1.0
low_compressibility,1,smoothed,6,2,0.0,0.0,1,0,0,0,1.0
low_compressibility,1,smoothed,6,3,0.0,0.0,1,0,0,0,1.0
low_compressibility,1,smoothed,6,4,0.0,0.0,1,0,0,0,1.0
low_compressibility,1,smoothed,6,5,0.0,0.0,1,0,0,0,1.0
low_compressibility,1,smoothed,6,6,0.0,0.0,1,0,0,0,1.0
low_compressibility,1,smoothed,6,7,0.0,0.0,1,0,0,0,1.0
low_compressibility,1,smoothed,6,8,0.0,0.0,1,0,0,0,1.0
low_compressibility,1,smoothed,6,9,0.0,0.0,1,0,0,0,1.0
low_compressibility,1,smoothed,6,10,0.0,0.0,1,0,0,0,1.0
low_compressibility,1,smoothed,6,11,0.0,0.0,1,0,0,0,1.0
low_compressibility,1,smoothed,6,12,0.0,0.0,1,0,0,0,1.0
low_compressibility,1,smoothed,6,13,0.0,0.0,1,0,0,0,1.0
low_compressibility,1,smoothed,6,14,0.0,0.0,1,0,0,0,1.0
low_compressibility,1,smoothed,6,15,0.0,0.0,1,0,0,0,1.0
low_compressibility,1,smoothed,7,0,0.0,0.0,1,0,0,0,1.0
low_compressibility,1,smoothed,7,1,0.0,0.0,1,0,0,0,1.0
low_compressibility,1,smoothed,7,2,0.0,0.0,1,0,0,0,1.0
low_compressibility,1,smoothed,7,3,0.0,0.0,1,0,0,0,1.0
low_compressibility,1,smoothed,7,4,0.0,0.0,1,0,0,0,1.0
low_compressibility,1,smoothed,7,5,0.0,0.0,1,0,0,0,1.0
low_compressibility,1,smoothed,7,6,0.0,0.0,1,0,0,0,1.0
low_compressibility,1,smoothed,7,7,0.0,0.0,1,0,0,0,1.0
low_compressibility,1,smoothed,7,8,0.0,0.0,1,0,0,0,1.0
low_compressibility,1,smoothed,7,9,0.0,0.0,1,0,0,0,1.0
low_compressibility,1,smoothed,7,10,0.0,0.0,1,0,0,0,1.0
low_compressibility,1,smoothed,7,11,0.0,0.0,1,0,0,0,1.0
low_compressibility,1,smoothed,7,12,0.0,0.0,1,0,0,0,1.0
low_compressibility,1,smoothed,7,13,0.0,0.0,1,0,0,0,1.0
low_compressibility,1,smoothed,7,14,0.0,0.0,1,0,0,0,1.0
low_compressibility,1,smoothed,7,15,0.0,0.0,1,0,0,0,1.0
low_compressibility,1,static_min,1,0,0.0,0.0,1,0,0,0,1.0
low_compressibility,1,static_min,1,1,0.0,0.0,1,0,0,0,1.0
low_compressibility,1,static_min,1,2,0.0,0.0,1,0,0,0,1.0
low_compressibility,1,static_min,1,3,0.0,0.0,1,0,0,0,1.0
low_compressibility,1,static_min,1,4,0.0,0.0,1,0,0,0,1.0
low_compressibility,1,static_min,1,5,0.0,0.0,1,0,0,0,1.0
low_compressibility,1,static_min,1,6,0.0,0.0,1,0,0,0,1.0
low_compressibility,1,static_min,1,7,0.0,0.0,1,0,0,0,1.0
low_compressibility,1,static_min,1,8,0.0,0.0,1,0,0,0,1.0
low_compressibility,1,static_min,1,9,0.0,0.0,1,0,0,0,1.0
low_compressibility,1,static_min,1,10,0.0,0.0,1,0,0,0,1.0
low_compressibility,1,static_min,1,11,0.0,0.0,1,0,0,0,1.0
low_compressibility,1,static_min,1,12,0.0,0.0,1,0,0,0,1.0
low_compressibility,1,static_min,1,13,0.0,0.0,1,0,0,0,1.0
low_compressibility,1,static_min,1,14,0.0,0.0,1,0,0,0,1.0
low_compressibility,1,static_min,1,15,0.0,0.0,1,0,0,0,1.0
low_compressibility,1,static_min,2,0,0.0,0.0,1,0,0,0,1.0
low_compressibility,1,static_min,2,1,0.0,0.0,1,0,0,0,1.0
low_compressibility,1,static_min,2,2,0.0,0.0,1,0,0,0,1.0
low_compressibility,1,static_min,2,3,0.0,0.0,1,0,0,0,1.0
low_compressibility,1,static_min,2,4,0.0,0.0,1,0,0,0,1.0
low_compressibility,1,static_min,2,5,0.0,0.0,1,0,0,0,1.0
low_compressibility,1,static_min,2,6,0.0,0.0,1,0,0,0,1.0
low_compressibility,1,static_min,2,7,0.0,0.0,1,0,0,0,1.0
low_compressibility,1,static_min,2,8,0.0,0.0,1,0,0,0,1.0
low_compressibility,1,static_min,2,9,0.0,0.0,1,0,0,0,1.0
low_compressibility,1,static_min,2,10,0.0,0.0,1,0,0,0,1.0
low_compressibility,1,static_min,2,11,0.0,0.0,1,0,0,0,1.0
low_compressibility,1,static_min,2,12,0.0,0.0,1,0,0,0,1.0
low_compressibility,1,static_min,2,13,0.0,0.0,1,0,0,0,1.0
low_compressibility,1,static_min,2,14,0.0,0.0,1,0,0,0,1.0
low_compressibility,1,static_min,2,15,0.0,0.0,1,0,0,0,1.0
low_compressibility,1,static_min,3,0,0.0,0.0,1,0,0,0,1.0
low_compressibility,1,static_min,3,1,0.0,0.0,1,0,0,0,1.0
low_compressibility,1,static_min,3,2,0.0,0.0,1,0,0,0,1.0
low_compressibility,1,static_min,3,3,0.0,0.0,1,0,0,0,1.0
low_compressibility,1,static_min,3,4,0.0,0.0,1,0,0,0,1.0
low_compressibility,1,static_min,3,5,0.0,0.0,1,0,0,0,1.0
low_compressibility,1,static_min,3,6,0.0,0.0,1,0,0,0,1.0
low_compressibility,1,static_min,3,7,0.0,0.0,1,0,0,0,1.0
low_compressibility,1,static_min,3,8,0.0,0.0,1,0,0,0,1.0
low_compressibility,1,static_min,3,9,0.0,0.0,1,0,0,0,1.0
low_compressibility,1,static_min,3,10,0.0,0.0,1,0,0,0,1.0
low_compressibility,1,static_min,3,11,0.0,0.0,1,0,0,0,1.0
low_compressibility,1,static_min,3,12,0.0,0.0,1,0,0,0,1.0
low_compressibility,1,static_min,3,13,0.0,0.0,1,0,0,0,1.0
low_compressibility,1,static_min,3,14,0.0,0.0,1,0,0,0,1.0
low_compressibility,1,static_min,3,15,0.0,0.0,1,0,0,0,1.0
low_compressibility,1,static_min,4,0,0.0,0.0,1,0,0,0,1.0
low_compressibility,1,static_min,4,1,0.0,0.0,1,0,0,0,1.0
low_compressibility,1,static_min,4,2,0.0,0.0,1,0,0,0,1.0
low_compressibility,1,static_min,4,3,0.0,0.0,1,0,0,0,1.0
low_compressibility,1,static_min,4,4,0.0,0.0,1,0,0,0,1.0
low_compressibility,1,static_min,4,5,0.0,0.0,1,0,0,0,1.0
low_compressibility,1,static_min,4,6,0.0,0.0,1,0,0,0,1.0
low_compressibility,1,static_min,4,7,0.0,0.0,1,0,0,0,1.0
low_compressibility,1,static_min,4,8,0.0,0.0,1,0,0,0,1.0
low_compressibility,1,static_min,4,9,0.0,0.0,1,0,0,0,1.0
low_compressibility,1,static_min,4,10,0.0,0.0,1,0,0,0,1.0
low_compressibility,1,static_min,4,11,0.0,0.0,1,0,0,0,1.0
low_compressibility,1,static_min,4,12,0.0,0.0,1,0,0,0,1.0
low_compressibility,1,static_min,4,13,0.0,0.0,1,0,0,0,1.0
low_compressibility,1,static_min,4,14,0.0,0.0,1,0,0,0,1.0
low_compressibility,1,static_min,4,15,0.0,0.0,1,0,0,0,1.0
low_compressibility,1,static_min,5,0,0.0,0.0,1,0,0,0,1.0
low_compressibility,1,static_min,5,1,0.0,0.0,1,0,0,0,1.0
low_compressibility,1,static_min,5,2,0.0,0.0,1,0,0,0,1.0
low_compressibility,1,static_min,5,3,0.0,0.0,1,0,0,0,1.0
low_compressibility,1,static_min,5,4,0.0,0.0,1,0,0,0,1.0
low_compressibility,1,static_min,5,5,0.0,0.0,1,0,0,0,1.0
low_compressibility,1,static_min,5,6,0.0,0.0,1,0,0,0,1.0
low_compressibility,1,static_min,5,7,0.0,0.0,1,0,0,0,1.0
low_compressibility,1,static_min,5,8,0.0,0.0,1,0,0,0,1.0
low_compressibility,1,static_min,5,9,0.0,0.0,1,0,0,0,1.0
low_compressibility,1,static_min,5,10,0.0,0.0,1,0,0,0,1.0
low_compressibility,1,static_min,5,11,0.0,0.0,1,0,0,0,1.0
low_compressibility,1,static_min,5,12,0.0,0.0,1,0,0,0,1.0
low_compressibility,1,static_min,5,13,0.0,0.0,1,0,0,0,1.0
low_compressibility,1,static_min,5,14,0.0,0.0,1,0,0,0,1.0
low_compressibility,1,static_min,5,15,0.0,0.0,1,0,0,0,1.0
low_compressibility,1,static_min,6,0,0.0,0.0,1,0,0,0,1.0
low_compressibility,1,static_min,6,1,0.0,0.0,1,0,0,0,1.0
low_compressibility,1,static_min,6,2,0.0,0.0,1,0,0,0,1.0
low_compressibility,1,static_min,6,3,0.0,0.0,1,0,0,0,1.0
low_compressibility,1,static_min,6,4,0.0,0.0,1,0,0,0,1.0
low_compressibility,1,static_min,6,5,0.0,0.0,1,0,0,0,1.0
low_compressibility,1,static_min,6,6,0.0,0.0,1,0,0,0,1.0
low_compressibility,1,static_min,6,7,0.0,0.0,1,0,0,0,1.0
low_compressibility,1,static_min,6,8,0.0,0.0,1,0,0,0,1.0
low_compressibility,1,static_min,6,9,0.0,0.0,1,0,0,0,1.0
low_compressibility,1,static_min,6,10,0.0,0.0,1,0,0,0,1.0
low_compressibility,1,static_min,6,11,0.0,0.0,1,0,0,0,1.0
low_compressibility,1,static_min,6,12,0.0,0.0,1,0,0,0,1.0
low_compressibility,1,static_min,6,13,0.0,0.0,1,0,0,0,1.0
low_compressibility,1,static_min,6,14,0.0,0.0,1,0,0,0,1.0
low_compressibility,1,static_min,6,15,0.0,0.0,1,0,0,0,1.0
low_compressibility,1,static_min,7,0,0.0,0.0,1,0,0,0,1.0
low_compressibility,1,static_min,7,1,0.0,0.0,1,0,0,0,1.0
low_compressibility,1,static_min,7,2,0.0,0.0,1,0,0,0,1.0
low_compressibility,1,static_min,7,3,0.0,0.0,1,0,0,0,1.0
low_compressibility,1,static_min,7,4,0.0,0.0,1,0,0,0,1.0
low_compressibility,1,static_min,7,5,0.0,0.0,1,0,0,0,1.0
low_compressibility,1,static_min,7,6,0.0,0.0,1,0,0,0,1.0
low_compressibility,1,static_min,7,7,0.0,0.0,1,0,0,0,1.0
low_compressibility,1,static_min,7,8,0.0,0.0,1,0,0,0,1.0
low_compressibility,1,static_min,7,9,0.0,0.0,1,0,0,0,1.0
low_compressibility,1,static_min,7,10,0.0,0.0,1,0,0,0,1.0
low_compressibility,1,static_min,7,11,0.0,0.0,1,0,0,0,1.0
low_compressibility,1,static_min,7,12,0.0,0.0,1,0,0,0,1.0
low_compressibility,1,static_min,7,13,0.0,0.0,1,0,0,0,1.0
low_compressibility,1,static_min,7,14,0.0,0.0,1,0,0,0,1.0
low_compressibility,1,static_min,7,15,0.0,0.0,1,0,0,0,1.0
low_compressibility,3,capacity_aware_static,1,0,0.0,0.0,1,0,0,0,1.0
low_compressibility,3,capacity_aware_static,1,1,0.0,0.0,1,0,0,0,1.0
low_compressibility,3,capacity_aware_static,1,2,0.0,0.0,1,0,0,0,1.0
low_compressibility,3,capacity_aware_static,1,3,0.0,0.0,1,0,0,0,1.0
low_compressibility,3,capacity_aware_static,1,4,0.0,0.0,1,0,0,0,1.0
low_compressibility,3,capacity_aware_static,1,5,0.0,0.0,1,0,0,0,1.0
low_compressibility,3,capacity_aware_static,1,6,0.0,0.0,1,0,0,0,1.0
low_compressibility,3,capacity_aware_static,1,7,0.0,0.0,1,0,0,0,1.0
low_compressibility,3,capacity_aware_static,1,8,0.0,0.0,1,0,0,0,1.0
low_compressibility,3,capacity_aware_static,1,9,0.0,0.0,1,0,0,0,1.0
low_compressibility,3,capacity_aware_static,1,10,0.0,0.0,1,0,0,0,1.0
low_compressibility,3,capacity_aware_static,1,11,0.0,0.0,1,0,0,0,1.0
low_compressibility,3,capacity_aware_static,1,12,0.0,0.0,1,0,0,0,1.0
low_compressibility,3,capacity_aware_static,1,13,0.0,0.0,1,0,0,0,1.0
low_compressibility,3,capacity_aware_static,1,14,0.0,0.0,1,0,0,0,1.0
low_compressibility,3,capacity_aware_static,1,15,0.0,0.0,1,0,0,0,1.0
low_compressibility,3,capacity_aware_static,2,0,0.0,0.0,1,0,0,0,1.0
low_compressibility,3,capacity_aware_static,2,1,0.0,0.0,1,0,0,0,1.0
low_compressibility,3,capacity_aware_static,2,2,0.0,0.0,1,0,0,0,1.0
low_compressibility,3,capacity_aware_static,2,3,0.0,0.0,1,0,0,0,1.0
low_compressibility,3,capacity_aware_static,2,4,0.0,0.0,1,0,0,0,1.0
low_compressibility,3,capacity_aware_static,2,5,0.0,0.0,1,0,0,0,1.0
low_compressibility,3,capacity_aware_static,2,6,0.0,0.0,1,0,0,0,1.0
low_compressibility,3,capacity_aware_static,2,7,0.0,0.0,1,0,0,0,1.0
low_compressibility,3,capacity_aware_static,2,8,0.0,0.0,1,0,0,0,1.0
low_compressibility,3,capacity_aware_static,2,9,0.0,0.0,1,0,0,0,1.0
low_compressibility,3,capacity_aware_static,2,10,0.0,0.0,1,0,0,0,1.0
low_compressibility,3,capacity_aware_static,2,11,0.0,0.0,1,0,0,0,1.0
low_compressibility,3,capacity_aware_static,2,12,0.0,0.0,1,0,0,0,1.0
low_compressibility,3,capacity_aware_static,2,13,0.0,0.0,1,0,0,0,1.0
low_compressibility,3,capacity_aware_static,2,14,0.0,0.0,1,0,0,0,1.0
low_compressibility,3,capacity_aware_static,2,15,0.0,0.0,1,0,0,0,1.0
low_compressibility,3,capacity_aware_static,3,0,0.0,0.0,1,0,0,0,1.0
low_compressibility,3,capacity_aware_static,3,1,0.0,0.0,1,0,0,0,1.0
low_compressibility,3,capacity_aware_static,3,2,0.0,0.0,1,0,0,0,1.0
low_compressibility,3,capacity_aware_static,3,3,0.0,0.0,1,0,0,0,1.0
low_compressibility,3,capacity_aware_static,3,4,0.0,0.0,1,0,0,0,1.0
low_compressibility,3,capacity_aware_static,3,5,0.0,0.0,1,0,0,0,1.0
low_compressibility,3,capacity_aware_static,3,6,0.0,0.0,1,0,0,0,1.0
low_compressibility,3,capacity_aware_static,3,7,0.0,0.0,1,0,0,0,1.0
low_compressibility,3,capacity_aware_static,3,8,0.0,0.0,1,0,0,0,1.0
low_compressibility,3,capacity_aware_static,3,9,0.0,0.0,1,0,0,0,1.0
low_compressibility,3,capacity_aware_static,3,10,0.0,0.0,1,0,0,0,1.0
low_compressibility,3,capacity_aware_static,3,11,0.0,0.0,1,0,0,0,1.0
low_compressibility,3,capacity_aware_static,3,12,0.0,0.0,1,0,0,0,1.0
low_compressibility,3,capacity_aware_static,3,13,0.0,0.0,1,0,0,0,1.0
low_compressibility,3,capacity_aware_static,3,14,0.0,0.0,1,0,0,0,1.0
low_compressibility,3,capacity_aware_static,3,15,0.0,0.0,1,0,0,0,1.0
low_compressibility,3,capacity_aware_static,4,0,0.0,0.0,1,0,0,0,1.0
low_compressibility,3,capacity_aware_static,4,1,0.0,0.0,1,0,0,0,1.0
low_compressibility,3,capacity_aware_static,4,2,0.0,0.0,1,0,0,0,1.0
low_compressibility,3,capacity_aware_static,4,3,0.0,0.0,1,0,0,0,1.0
low_compressibility,3,capacity_aware_static,4,4,0.0,0.0,1,0,0,0,1.0
low_compressibility,3,capacity_aware_static,4,5,0.0,0.0,1,0,0,0,1.0
low_compressibility,3,capacity_aware_static,4,6,0.0,0.0,1,0,0,0,1.0
low_compressibility,3,capacity_aware_static,4,7,0.0,0.0,1,0,0,0,1.0
low_compressibility,3,capacity_aware_static,4,8,0.0,0.0,1,0,0,0,1.0
low_compressibility,3,capacity_aware_static,4,9,0.0,0.0,1,0,0,0,1.0
low_compressibility,3,capacity_aware_static,4,10,0.0,0.0,1,0,0,0,1.0
low_compressibility,3,capacity_aware_static,4,11,0.0,0.0,1,0,0,0,1.0
low_compressibility,3,capacity_aware_static,4,12,0.0,0.0,1,0,0,0,1.0
low_compressibility,3,capacity_aware_static,4,13,0.0,0.0,1,0,0,0,1.0
low_compressibility,3,capacity_aware_static,4,14,0.0,0.0,1,0,0,0,1.0
low_compressibility,3,capacity_aware_static,4,15,0.0,0.0,1,0,0,0,1.0
low_compressibility,3,capacity_aware_static,5,0,0.0,0.0,1,0,0,0,1.0
low_compressibility,3,capacity_aware_static,5,1,0.0,0.0,1,0,0,0,1.0
low_compressibility,3,capacity_aware_static,5,2,0.0,0.0,1,0,0,0,1.0
low_compressibility,3,capacity_aware_static,5,3,0.0,0.0,1,0,0,0,1.0
low_compressibility,3,capacity_aware_static,5,4,0.0,0.0,1,0,0,0,1.0
low_compressibility,3,capacity_aware_static,5,5,0.0,0.0,1,0,0,0,1.0
low_compressibility,3,capacity_aware_static,5,6,0.0,0.0,1,0,0,0,1.0
low_compressibility,3,capacity_aware_static,5,7,0.0,0.0,1,0,0,0,1.0
low_compressibility,3,capacity_aware_static,5,8,0.0,0.0,1,0,0,0,1.0
low_compressibility,3,capacity_aware_static,5,9,0.0,0.0,1,0,0,0,1.0
low_compressibility,3,capacity_aware_static,5,10,0.0,0.0,1,0,0,0,1.0
low_compressibility,3,capacity_aware_static,5,11,0.0,0.0,1,0,0,0,1.0
low_compressibility,3,capacity_aware_static,5,12,0.0,0.0,1,0,0,0,1.0
low_compressibility,3,capacity_aware_static,5,13,0.0,0.0,1,0,0,0,1.0
low_compressibility,3,capacity_aware_static,5,14,0.0,0.0,1,0,0,0,1.0
low_compressibility,3,capacity_aware_static,5,15,0.0,0.0,1,0,0,0,1.0
low_compressibility,3,capacity_aware_static,6,0,0.0,0.0,1,0,0,0,1.0
low_compressibility,3,capacity_aware_static,6,1,0.0,0.0,1,0,0,0,1.0
low_compressibility,3,capacity_aware_static,6,2,0.0,0.0,1,0,0,0,1.0
low_compressibility,3,capacity_aware_static,6,3,0.0,0.0,1,0,0,0,1.0
low_compressibility,3,capacity_aware_static,6,4,0.0,0.0,1,0,0,0,1.0
low_compressibility,3,capacity_aware_static,6,5,0.0,0.0,1,0,0,0,1.0
low_compressibility,3,capacity_aware_static,6,6,0.0,0.0,1,0,0,0,1.0
low_compressibility,3,capacity_aware_static,6,7,0.0,0.0,1,0,0,0,1.0
low_compressibility,3,capacity_aware_static,6,8,0.0,0.0,1,0,0,0,1.0
low_compressibility,3,capacity_aware_static,6,9,0.0,0.0,1,0,0,0,1.0
low_compressibility,3,capacity_aware_static,6,10,0.0,0.0,1,0,0,0,1.0
low_compressibility,3,capacity_aware_static,6,11,0.0,0.0,1,0,0,0,1.0
low_compressibility,3,capacity_aware_static,6,12,0.0,0.0,1,0,0,0,1.0
low_compressibility,3,capacity_aware_static,6,13,0.0,0.0,1,0,0,0,1.0
low_compressibility,3,capacity_aware_static,6,14,0.0,0.0,1,0,0,0,1.0
low_compressibility,3,capacity_aware_static,6,15,0.0,0.0,1,0,0,0,1.0
low_compressibility,3,capacity_aware_static,7,0,0.0,0.0,1,0,0,0,1.0
low_compressibility,3,capacity_aware_static,7,1,0.0,0.0,1,0,0,0,1.0
low_compressibility,3,capacity_aware_static,7,2,0.0,0.0,1,0,0,0,1.0
low_compressibility,3,capacity_aware_static,7,3,0.0,0.0,1,0,0,0,1.0
low_compressibility,3,capacity_aware_static,7,4,0.0,0.0,1,0,0,0,1.0
low_compressibility,3,capacity_aware_static,7,5,0.0,0.0,1,0,0,0,1.0
low_compressibility,3,capacity_aware_static,7,6,0.0,0.0,1,0,0,0,1.0
low_compressibility,3,capacity_aware_static,7,7,0.0,0.0,1,0,0,0,1.0
low_compressibility,3,capacity_aware_static,7,8,0.0,0.0,1,0,0,0,1.0
low_compressibility,3,capacity_aware_static,7,9,0.0,0.0,1,0,0,0,1.0
low_compressibility,3,capacity_aware_static,7,10,0.0,0.0,1,0,0,0,1.0
low_compressibility,3,capacity_aware_static,7,11,0.0,0.0,1,0,0,0,1.0
low_compressibility,3,capacity_aware_static,7,12,0.0,0.0,1,0,0,0,1.0
low_compressibility,3,capacity_aware_static,7,13,0.0,0.0,1,0,0,0,1.0
low_compressibility,3,capacity_aware_static,7,14,0.0,0.0,1,0,0,0,1.0
low_compressibility,3,capacity_aware_static,7,15,0.0,0.0,1,0,0,0,1.0
low_compressibility,3,smoothed,1,0,0.0,0.0,1,0,0,0,1.0
low_compressibility,3,smoothed,1,1,0.0,0.0,1,0,0,0,1.0
low_compressibility,3,smoothed,1,2,0.0,0.0,1,0,0,0,1.0
low_compressibility,3,smoothed,1,3,0.0,0.0,1,0,0,0,1.0
low_compressibility,3,smoothed,1,4,0.0,0.0,1,0,0,0,1.0
low_compressibility,3,smoothed,1,5,0.0,0.0,1,0,0,0,1.0
low_compressibility,3,smoothed,1,6,0.0,0.0,1,0,0,0,1.0
low_compressibility,3,smoothed,1,7,0.0,0.0,1,0,0,0,1.0
low_compressibility,3,smoothed,1,8,0.0,0.0,1,0,0,0,1.0
low_compressibility,3,smoothed,1,9,0.0,0.0,1,0,0,0,1.0
low_compressibility,3,smoothed,1,10,0.0,0.0,1,0,0,0,1.0
low_compressibility,3,smoothed,1,11,0.0,0.0,1,0,0,0,1.0
low_compressibility,3,smoothed,1,12,0.0,0.0,1,0,0,0,1.0
low_compressibility,3,smoothed,1,13,0.0,0.0,1,0,0,0,1.0
low_compressibility,3,smoothed,1,14,0.0,0.0,1,0,0,0,1.0
low_compressibility,3,smoothed,1,15,0.0,0.0,1,0,0,0,1.0
low_compressibility,3,smoothed,2,0,0.0,0.0,1,0,0,0,1.0
low_compressibility,3,smoothed,2,1,0.0,0.0,1,0,0,0,1.0
low_compressibility,3,smoothed,2,2,0.0,0.0,1,0,0,0,1.0
low_compressibility,3,smoothed,2,3,0.0,0.0,1,0,0,0,1.0
low_compressibility,3,smoothed,2,4,0.0,0.0,1,0,0,0,1.0
low_compressibility,3,smoothed,2,5,0.0,0.0,1,0,0,0,1.0
low_compressibility,3,smoothed,2,6,0.0,0.0,1,0,0,0,1.0
low_compressibility,3,smoothed,2,7,0.0,0.0,1,0,0,0,1.0
low_compressibility,3,smoothed,2,8,0.0,0.0,1,0,0,0,1.0
low_compressibility,3,smoothed,2,9,0.0,0.0,1,0,0,0,1.0
low_compressibility,3,smoothed,2,10,0.0,0.0,1,0,0,0,1.0
low_compressibility,3,smoothed,2,11,0.0,0.0,1,0,0,0,1.0
low_compressibility,3,smoothed,2,12,0.0,0.0,1,0,0,0,1.0
low_compressibility,3,smoothed,2,13,0.0,0.0,1,0,0,0,1.0
low_compressibility,3,smoothed,2,14,0.0,0.0,1,0,0,0,1.0
low_compressibility,3,smoothed,2,15,0.0,0.0,1,0,0,0,1.0
low_compressibility,3,smoothed,3,0,0.0,0.0,1,0,0,0,1.0
low_compressibility,3,smoothed,3,1,0.0,0.0,1,0,0,0,1.0
low_compressibility,3,smoothed,3,2,0.0,0.0,1,0,0,0,1.0
low_compressibility,3,smoothed,3,3,0.0,0.0,1,0,0,0,1.0
low_compressibility,3,smoothed,3,4,0.0,0.0,1,0,0,0,1.0
low_compressibility,3,smoothed,3,5,0.0,0.0,1,0,0,0,1.0
low_compressibility,3,smoothed,3,6,0.0,0.0,1,0,0,0,1.0
low_compressibility,3,smoothed,3,7,0.0,0.0,1,0,0,0,1.0
low_compressibility,3,smoothed,3,8,0.0,0.0,1,0,0,0,1.0
low_compressibility,3,smoothed,3,9,0.0,0.0,1,0,0,0,1.0
low_compressibility,3,smoothed,3,10,0.0,0.0,1,0,0,0,1.0
low_compressibility,3,smoothed,3,11,0.0,0.0,1,0,0,0,1.0
low_compressibility,3,smoothed,3,12,0.0,0.0,1,0,0,0,1.0
low_compressibility,3,smoothed,3,13,0.0,0.0,1,0,0,0,1.0
low_compressibility,3,smoothed,3,14,0.0,0.0,1,0,0,0,1.0
low_compressibility,3,smoothed,3,15,0.0,0.0,1,0,0,0,1.0
low_compressibility,3,smoothed,4,0,0.0,0.0,1,0,0,0,1.0
low_compressibility,3,smoothed,4,1,0.0,0.0,1,0,0,0,1.0
low_compressibility,3,smoothed,4,2,0.0,0.0,1,0,0,0,1.0
low_compressibility,3,smoothed,4,3,0.0,0.0,1,0,0,0,1.0
low_compressibility,3,smoothed,4,4,0.0,0.0,1,0,0,0,1.0
low_compressibility,3,smoothed,4,5,0.0,0.0,1,0,0,0,1.0
low_compressibility,3,smoothed,4,6,0.0,0.0,1,0,0,0,1.0
low_compressibility,3,smoothed,4,7,0.0,0.0,1,0,0,0,1.0
low_compressibility,3,smoothed,4,8,0.0,0.0,1,0,0,0,1.0
low_compressibility,3,smoothed,4,9,0.0,0.0,1,0,0,0,1.0
low_compressibility,3,smoothed,4,10,0.0,0.0,1,0,0,0,1.0
low_compressibility,3,smoothed,4,11,0.0,0.0,1,0,0,0,1.0
low_compressibility,3,smoothed,4,12,0.0,0.0,1,0,0,0,1.0
low_compressibility,3,smoothed,4,13,0.0,0.0,1,0,0,0,1.0
low_compressibility,3,smoothed,4,14,0.0,0.0,1,0,0,0,1.0
low_compressibility,3,smoothed,4,15,0.0,0.0,1,0,0,0,1.0
low_compressibility,3,smoothed,5,0,0.0,0.0,1,0,0,0,1.0
low_compressibility,3,smoothed,5,1,0.0,0.0,1,0,0,0,1.0
low_compressibility,3,smoothed,5,2,0.0,0.0,1,0,0,0,1.0
low_compressibility,3,smoothed,5,3,0.0,0.0,1,0,0,0,1.0
low_compressibility,3,smoothed,5,4,0.0,0.0,1,0,0,0,1.0
low_compressibility,3,smoothed,5,5,0.0,0.0,1,0,0,0,1.0
low_compressibility,3,smoothed,5,6,0.0,0.0,1,0,0,0,1.0
low_compressibility,3,smoothed,5,7,0.0,0.0,1,0,0,0,1.0
low_compressibility,3,smoothed,5,8,0.0,0.0,1,0,0,0,1.0
low_compressibility,3,smoothed,5,9,0.0,0.0,1,0,0,0,1.0
low_compressibility,3,smoothed,5,10,0.0,0.0,1,0,0,0,1.0
low_compressibility,3,smoothed,5,11,0.0,0.0,1,0,0,0,1.0
low_compressibility,3,smoothed,5,12,0.0,0.0,1,0,0,0,1.0
low_compressibility,3,smoothed,5,13,0.0,0.0,1,0,0,0,1.0
low_compressibility,3,smoothed,5,14,0.0,0.0,1,0,0,0,1.0
low_compressibility,3,smoothed,5,15,0.0,0.0,1,0,0,0,1.0
low_compressibility,3,smoothed,6,0,0.0,0.0,1,0,0,0,1.0
low_compressibility,3,smoothed,6,1,0.0,0.0,1,0,0,0,1.0
low_compressibility,3,smoothed,6,2,0.0,0.0,1,0,0,0,1.0
low_compressibility,3,smoothed,6,3,0.0,0.0,1,0,0,0,1.0
low_compressibility,3,smoothed,6,4,0.0,0.0,1,0,0,0,1.0
low_compressibility,3,smoothed,6,5,0.0,0.0,1,0,0,0,1.0
low_compressibility,3,smoothed,6,6,0.0,0.0,1,0,0,0,1.0
low_compressibility,3,smoothed,6,7,0.0,0.0,1,0,0,0,1.0
low_compressibility,3,smoothed,6,8,0.0,0.0,1,0,0,0,1.0
low_compressibility,3,smoothed,6,9,0.0,0.0,1,0,0,0,1.0
low_compressibility,3,smoothed,6,10,0.0,0.0,1,0,0,0,1.0
low_compressibility,3,smoothed,6,11,0.0,0.0,1,0,0,0,1.0
low_compressibility,3,smoothed,6,12,0.0,0.0,1,0,0,0,1.0
low_compressibility,3,smoothed,6,13,0.0,0.0,1,0,0,0,1.0
low_compressibility,3,smoothed,6,14,0.0,0.0,1,0,0,0,1.0
low_compressibility,3,smoothed,6,15,0.0,0.0,1,0,0,0,1.0
low_compressibility,3,smoothed,7,0,0.0,0.0,1,0,0,0,1.0
low_compressibility,3,smoothed,7,1,0.0,0.0,1,0,0,0,1.0
low_compressibility,3,smoothed,7,2,0.0,0.0,1,0,0,0,1.0
low_compressibility,3,smoothed,7,3,0.0,0.0,1,0,0,0,1.0
low_compressibility,3,smoothed,7,4,0.0,0.0,1,0,0,0,1.0
low_compressibility,3,smoothed,7,5,0.0,0.0,1,0,0,0,1.0
low_compressibility,3,smoothed,7,6,0.0,0.0,1,0,0,0,1.0
low_compressibility,3,smoothed,7,7,0.0,0.0,1,0,0,0,1.0
low_compressibility,3,smoothed,7,8,0.0,0.0,1,0,0,0,1.0
low_compressibility,3,smoothed,7,9,0.0,0.0,1,0,0,0,1.0
low_compressibility,3,smoothed,7,10,0.0,0.0,1,0,0,0,1.0
low_compressibility,3,smoothed,7,11,0.0,0.0,1,0,0,0,1.0
low_compressibility,3,smoothed,7,12,0.0,0.0,1,0,0,0,1.0
low_compressibility,3,smoothed,7,13,0.0,0.0,1,0,0,0,1.0
low_compressibility,3,smoothed,7,14,0.0,0.0,1,0,0,0,1.0
low_compressibility,3,smoothed,7,15,0.0,0.0,1,0,0,0,1.0
low_compressibility,3,static_min,1,0,0.0,0.0,1,0,0,0,1.0
low_compressibility,3,static_min,1,1,0.0,0.0,1,0,0,0,1.0
low_compressibility,3,static_min,1,2,0.0,0.0,1,0,0,0,1.0
low_compressibility,3,static_min,1,3,0.0,0.0,1,0,0,0,1.0
low_compressibility,3,static_min,1,4,0.0,0.0,1,0,0,0,1.0
low_compressibility,3,static_min,1,5,0.0,0.0,1,0,0,0,1.0
low_compressibility,3,static_min,1,6,0.0,0.0,1,0,0,0,1.0
low_compressibility,3,static_min,1,7,0.0,0.0,1,0,0,0,1.0
low_compressibility,3,static_min,1,8,0.0,0.0,1,0,0,0,1.0
low_compressibility,3,static_min,1,9,0.0,0.0,1,0,0,0,1.0
low_compressibility,3,static_min,1,10,0.0,0.0,1,0,0,0,1.0
low_compressibility,3,static_min,1,11,0.0,0.0,1,0,0,0,1.0
low_compressibility,3,static_min,1,12,0.0,0.0,1,0,0,0,1.0
low_compressibility,3,static_min,1,13,0.0,0.0,1,0,0,0,1.0
low_compressibility,3,static_min,1,14,0.0,0.0,1,0,0,0,1.0
low_compressibility,3,static_min,1,15,0.0,0.0,1,0,0,0,1.0
low_compressibility,3,static_min,2,0,0.0,0.0,1,0,0,0,1.0
low_compressibility,3,static_min,2,1,0.0,0.0,1,0,0,0,1.0
low_compressibility,3,static_min,2,2,0.0,0.0,1,0,0,0,1.0
low_compressibility,3,static_min,2,3,0.0,0.0,1,0,0,0,1.0
low_compressibility,3,static_min,2,4,0.0,0.0,1,0,0,0,1.0
low_compressibility,3,static_min,2,5,0.0,0.0,1,0,0,0,1.0
low_compressibility,3,static_min,2,6,0.0,0.0,1,0,0,0,1.0
low_compressibility,3,static_min,2,7,0.0,0.0,1,0,0,0,1.0
low_compressibility,3,static_min,2,8,0.0,0.0,1,0,0,0,1.0
low_compressibility,3,static_min,2,9,0.0,0.0,1,0,0,0,1.0
low_compressibility,3,static_min,2,10,0.0,0.0,1,0,0,0,1.0
low_compressibility,3,static_min,2,11,0.0,0.0,1,0,0,0,1.0
low_compressibility,3,static_min,2,12,0.0,0.0,1,0,0,0,1.0
low_compressibility,3,static_min,2,13,0.0,0.0,1,0,0,0,1.0
low_compressibility,3,static_min,2,14,0.0,0.0,1,0,0,0,1.0
low_compressibility,3,static_min,2,15,0.0,0.0,1,0,0,0,1.0
low_compressibility,3,static_min,3,0,0.0,0.0,1,0,0,0,1.0
low_compressibility,3,static_min,3,1,0.0,0.0,1,0,0,0,1.0
low_compressibility,3,static_min,3,2,0.0,0.0,1,0,0,0,1.0
low_compressibility,3,static_min,3,3,0.0,0.0,1,0,0,0,1.0
low_compressibility,3,static_min,3,4,0.0,0.0,1,0,0,0,1.0
low_compressibility,3,static_min,3,5,0.0,0.0,1,0,0,0,1.0
low_compressibility,3,static_min,3,6,0.0,0.0,1,0,0,0,1.0
low_compressibility,3,static_min,3,7,0.0,0.0,1,0,0,0,1.0
low_compressibility,3,static_min,3,8,0.0,0.0,1,0,0,0,1.0
low_compressibility,3,static_min,3,9,0.0,0.0,1,0,0,0,1.0
low_compressibility,3,static_min,3,10,0.0,0.0,1,0,0,0,1.0
low_compressibility,3,static_min,3,11,0.0,0.0,1,0,0,0,1.0
low_compressibility,3,static_min,3,12,0.0,0.0,1,0,0,0,1.0
low_compressibility,3,static_min,3,13,0.0,0.0,1,0,0,0,1.0
low_compressibility,3,static_min,3,14,0.0,0.0,1,0,0,0,1.0
low_compressibility,3,static_min,3,15,0.0,0.0,1,0,0,0,1.0
low_compressibility,3,static_min,4,0,0.0,0.0,1,0,0,0,1.0
low_compressibility,3,static_min,4,1,0.0,0.0,1,0,0,0,1.0
low_compressibility,3,static_min,4,2,0.0,0.0,1,0,0,0,1.0
low_compressibility,3,static_min,4,3,0.0,0.0,1,0,0,0,1.0
low_compressibility,3,static_min,4,4,0.0,0.0,1,0,0,0,1.0
low_compressibility,3,static_min,4,5,0.0,0.0,1,0,0,0,1.0
low_compressibility,3,static_min,4,6,0.0,0.0,1,0,0,0,1.0
low_compressibility,3,static_min,4,7,0.0,0.0,1,0,0,0,1.0
low_compressibility,3,static_min,4,8,0.0,0.0,1,0,0,0,1.0
low_compressibility,3,static_min,4,9,0.0,0.0,1,0,0,0,1.0
low_compressibility,3,static_min,4,10,0.0,0.0,1,0,0,0,1.0
low_compressibility,3,static_min,4,11,0.0,0.0,1,0,0,0,1.0
low_compressibility,3,static_min,4,12,0.0,0.0,1,0,0,0,1.0
low_compressibility,3,static_min,4,13,0.0,0.0,1,0,0,0,1.0
low_compressibility,3,static_min,4,14,0.0,0.0,1,0,0,0,1.0
low_compressibility,3,static_min,4,15,0.0,0.0,1,0,0,0,1.0
low_compressibility,3,static_min,5,0,0.0,0.0,1,0,0,0,1.0
low_compressibility,3,static_min,5,1,0.0,0.0,1,0,0,0,1.0
low_compressibility,3,static_min,5,2,0.0,0.0,1,0,0,0,1.0
low_compressibility,3,static_min,5,3,0.0,0.0,1,0,0,0,1.0
low_compressibility,3,static_min,5,4,0.0,0.0,1,0,0,0,1.0
low_compressibility,3,static_min,5,5,0.0,0.0,1,0,0,0,1.0
low_compressibility,3,static_min,5,6,0.0,0.0,1,0,0,0,1.0
low_compressibility,3,static_min,5,7,0.0,0.0,1,0,0,0,1.0
low_compressibility,3,static_min,5,8,0.0,0.0,1,0,0,0,1.0
low_compressibility,3,static_min,5,9,0.0,0.0,1,0,0,0,1.0
low_compressibility,3,static_min,5,10,0.0,0.0,1,0,0,0,1.0
low_compressibility,3,static_min,5,11,0.0,0.0,1,0,0,0,1.0
low_compressibility,3,static_min,5,12,0.0,0.0,1,0,0,0,1.0
low_compressibility,3,static_min,5,13,0.0,0.0,1,0,0,0,1.0
low_compressibility,3,static_min,5,14,0.0,0.0,1,0,0,0,1.0
low_compressibility,3,static_min,5,15,0.0,0.0,1,0,0,0,1.0
low_compressibility,3,static_min,6,0,0.0,0.0,1,0,0,0,1.0
low_compressibility,3,static_min,6,1,0.0,0.0,1,0,0,0,1.0
low_compressibility,3,static_min,6,2,0.0,0.0,1,0,0,0,1.0
low_compressibility,3,static_min,6,3,0.0,0.0,1,0,0,0,1.0
low_compressibility,3,static_min,6,4,0.0,0.0,1,0,0,0,1.0
low_compressibility,3,static_min,6,5,0.0,0.0,1,0,0,0,1.0
low_compressibility,3,static_min,6,6,0.0,0.0,1,0,0,0,1.0
low_compressibility,3,static_min,6,7,0.0,0.0,1,0,0,0,1.0
low_compressibility,3,static_min,6,8,0.0,0.0,1,0,0,0,1.0
low_compressibility,3,static_min,6,9,0.0,0.0,1,0,0,0,1.0
low_compressibility,3,static_min,6,10,0.0,0.0,1,0,0,0,1.0
low_compressibility,3,static_min,6,11,0.0,0.0,1,0,0,0,1.0
low_compressibility,3,static_min,6,12,0.0,0.0,1,0,0,0,1.0
low_compressibility,3,static_min,6,13,0.0,0.0,1,0,0,0,1.0
low_compressibility,3,static_min,6,14,0.0,0.0,1,0,0,0,1.0
low_compressibility,3,static_min,6,15,0.0,0.0,1,0,0,0,1.0
low_compressibility,3,static_min,7,0,0.0,0.0,1,0,0,0,1.0
low_compressibility,3,static_min,7,1,0.0,0.0,1,0,0,0,1.0
low_compressibility,3,static_min,7,2,0.0,0.0,1,0,0,0,1.0
low_compressibility,3,static_min,7,3,0.0,0.0,1,0,0,0,1.0
low_compressibility,3,static_min,7,4,0.0,0.0,1,0,0,0,1.0
low_compressibility,3,static_min,7,5,0.0,0.0,1,0,0,0,1.0
low_compressibility,3,static_min,7,6,0.0,0.0,1,0,0,0,1.0
low_compressibility,3,static_min,7,7,0.0,0.0,1,0,0,0,1.0
low_compressibility,3,static_min,7,8,0.0,0.0,1,0,0,0,1.0
low_compressibility,3,static_min,7,9,0.0,0.0,1,0,0,0,1.0
low_compressibility,3,static_min,7,10,0.0,0.0,1,0,0,0,1.0
low_compressibility,3,static_min,7,11,0.0,0.0,1,0,0,0,1.0
low_compressibility,3,static_min,7,12,0.0,0.0,1,0,0,0,1.0
low_compressibility,3,static_min,7,13,0.0,0.0,1,0,0,0,1.0
low_compressibility,3,static_min,7,14,0.0,0.0,1,0,0,0,1.0
low_compressibility,3,static_min,7,15,0.0,0.0,1,0,0,0,1.0
low_compressibility,5,capacity_aware_static,1,0,0.0,0.0,1,0,0,0,1.0
low_compressibility,5,capacity_aware_static,1,1,0.0,0.0,1,0,0,0,1.0
low_compressibility,5,capacity_aware_static,1,2,0.0,0.0,1,0,0,0,1.0
low_compressibility,5,capacity_aware_static,1,3,0.0,0.0,1,0,0,0,1.0
low_compressibility,5,capacity_aware_static,1,4,0.0,0.0,1,0,0,0,1.0
low_compressibility,5,capacity_aware_static,1,5,0.0,0.0,1,0,0,0,1.0
low_compressibility,5,capacity_aware_static,1,6,0.0,0.0,1,0,0,0,1.0
low_compressibility,5,capacity_aware_static,1,7,0.0,0.0,1,0,0,0,1.0
low_compressibility,5,capacity_aware_static,1,8,0.0,0.0,1,0,0,0,1.0
low_compressibility,5,capacity_aware_static,1,9,0.0,0.0,1,0,0,0,1.0
low_compressibility,5,capacity_aware_static,1,10,0.0,0.0,1,0,0,0,1.0
low_compressibility,5,capacity_aware_static,1,11,0.0,0.0,1,0,0,0,1.0
low_compressibility,5,capacity_aware_static,1,12,0.0,0.0,1,0,0,0,1.0
low_compressibility,5,capacity_aware_static,1,13,0.0,0.0,1,0,0,0,1.0
low_compressibility,5,capacity_aware_static,1,14,0.0,0.0,1,0,0,0,1.0
low_compressibility,5,capacity_aware_static,1,15,0.0,0.0,1,0,0,0,1.0
low_compressibility,5,capacity_aware_static,2,0,0.0,0.0,1,0,0,0,1.0
low_compressibility,5,capacity_aware_static,2,1,0.0,0.0,1,0,0,0,1.0
low_compressibility,5,capacity_aware_static,2,2,0.0,0.0,1,0,0,0,1.0
low_compressibility,5,capacity_aware_static,2,3,0.0,0.0,1,0,0,0,1.0
low_compressibility,5,capacity_aware_static,2,4,0.0,0.0,1,0,0,0,1.0
low_compressibility,5,capacity_aware_static,2,5,0.0,0.0,1,0,0,0,1.0
low_compressibility,5,capacity_aware_static,2,6,0.0,0.0,1,0,0,0,1.0
low_compressibility,5,capacity_aware_static,2,7,0.0,0.0,1,0,0,0,1.0
low_compressibility,5,capacity_aware_static,2,8,0.0,0.0,1,0,0,0,1.0
low_compressibility,5,capacity_aware_static,2,9,0.0,0.0,1,0,0,0,1.0
low_compressibility,5,capacity_aware_static,2,10,0.0,0.0,1,0,0,0,1.0
low_compressibility,5,capacity_aware_static,2,11,0.0,0.0,1,0,0,0,1.0
low_compressibility,5,capacity_aware_static,2,12,0.0,0.0,1,0,0,0,1.0
low_compressibility,5,capacity_aware_static,2,13,0.0,0.0,1,0,0,0,1.0
low_compressibility,5,capacity_aware_static,2,14,0.0,0.0,1,0,0,0,1.0
low_compressibility,5,capacity_aware_static,2,15,0.0,0.0,1,0,0,0,1.0
low_compressibility,5,capacity_aware_static,3,0,0.0,0.0,1,0,0,0,1.0
low_compressibility,5,capacity_aware_static,3,1,0.0,0.0,1,0,0,0,1.0
low_compressibility,5,capacity_aware_static,3,2,0.0,0.0,1,0,0,0,1.0
low_compressibility,5,capacity_aware_static,3,3,0.0,0.0,1,0,0,0,1.0
low_compressibility,5,capacity_aware_static,3,4,0.0,0.0,1,0,0,0,1.0
low_compressibility,5,capacity_aware_static,3,5,0.0,0.0,1,0,0,0,1.0
low_compressibility,5,capacity_aware_static,3,6,0.0,0.0,1,0,0,0,1.0
low_compressibility,5,capacity_aware_static,3,7,0.0,0.0,1,0,0,0,1.0
low_compressibility,5,capacity_aware_static,3,8,0.0,0.0,1,0,0,0,1.0
low_compressibility,5,capacity_aware_static,3,9,0.0,0.0,1,0,0,0,1.0
low_compressibility,5,capacity_aware_static,3,10,0.0,0.0,1,0,0,0,1.0
low_compressibility,5,capacity_aware_static,3,11,0.0,0.0,1,0,0,0,1.0
low_compressibility,5,capacity_aware_static,3,12,0.0,0.0,1,0,0,0,1.0
low_compressibility,5,capacity_aware_static,3,13,0.0,0.0,1,0,0,0,1.0
low_compressibility,5,capacity_aware_static,3,14,0.0,0.0,1,0,0,0,1.0
low_compressibility,5,capacity_aware_static,3,15,0.0,0.0,1,0,0,0,1.0
low_compressibility,5,capacity_aware_static,4,0,0.0,0.0,1,0,0,0,1.0
low_compressibility,5,capacity_aware_static,4,1,0.0,0.0,1,0,0,0,1.0
low_compressibility,5,capacity_aware_static,4,2,0.0,0.0,1,0,0,0,1.0
low_compressibility,5,capacity_aware_static,4,3,0.0,0.0,1,0,0,0,1.0
low_compressibility,5,capacity_aware_static,4,4,0.0,0.0,1,0,0,0,1.0
low_compressibility,5,capacity_aware_static,4,5,0.0,0.0,1,0,0,0,1.0
low_compressibility,5,capacity_aware_static,4,6,0.0,0.0,1,0,0,0,1.0
low_compressibility,5,capacity_aware_static,4,7,0.0,0.0,1,0,0,0,1.0
low_compressibility,5,capacity_aware_static,4,8,0.0,0.0,1,0,0,0,1.0
low_compressibility,5,capacity_aware_static,4,9,0.0,0.0,1,0,0,0,1.0
low_compressibility,5,capacity_aware_static,4,10,0.0,0.0,1,0,0,0,1.0
low_compressibility,5,capacity_aware_static,4,11,0.0,0.0,1,0,0,0,1.0
low_compressibility,5,capacity_aware_static,4,12,0.0,0.0,1,0,0,0,1.0
low_compressibility,5,capacity_aware_static,4,13,0.0,0.0,1,0,0,0,1.0
low_compressibility,5,capacity_aware_static,4,14,0.0,0.0,1,0,0,0,1.0
low_compressibility,5,capacity_aware_static,4,15,0.0,0.0,1,0,0,0,1.0
low_compressibility,5,capacity_aware_static,5,0,0.0,0.0,1,0,0,0,1.0
low_compressibility,5,capacity_aware_static,5,1,0.0,0.0,1,0,0,0,1.0
low_compressibility,5,capacity_aware_static,5,2,0.0,0.0,1,0,0,0,1.0
low_compressibility,5,capacity_aware_static,5,3,0.0,0.0,1,0,0,0,1.0
low_compressibility,5,capacity_aware_static,5,4,0.0,0.0,1,0,0,0,1.0
low_compressibility,5,capacity_aware_static,5,5,0.0,0.0,1,0,0,0,1.0
low_compressibility,5,capacity_aware_static,5,6,0.0,0.0,1,0,0,0,1.0
low_compressibility,5,capacity_aware_static,5,7,0.0,0.0,1,0,0,0,1.0
low_compressibility,5,capacity_aware_static,5,8,0.0,0.0,1,0,0,0,1.0
low_compressibility,5,capacity_aware_static,5,9,0.0,0.0,1,0,0,0,1.0
low_compressibility,5,capacity_aware_static,5,10,0.0,0.0,1,0,0,0,1.0
low_compressibility,5,capacity_aware_static,5,11,0.0,0.0,1,0,0,0,1.0
low_compressibility,5,capacity_aware_static,5,12,0.0,0.0,1,0,0,0,1.0
low_compressibility,5,capacity_aware_static,5,13,0.0,0.0,1,0,0,0,1.0
low_compressibility,5,capacity_aware_static,5,14,0.0,0.0,1,0,0,0,1.0
low_compressibility,5,capacity_aware_static,5,15,0.0,0.0,1,0,0,0,1.0
low_compressibility,5,capacity_aware_static,6,0,0.0,0.0,1,0,0,0,1.0
low_compressibility,5,capacity_aware_static,6,1,0.0,0.0,1,0,0,0,1.0
low_compressibility,5,capacity_aware_static,6,2,0.0,0.0,1,0,0,0,1.0
low_compressibility,5,capacity_aware_static,6,3,0.0,0.0,1,0,0,0,1.0
low_compressibility,5,capacity_aware_static,6,4,0.0,0.0,1,0,0,0,1.0
low_compressibility,5,capacity_aware_static,6,5,0.0,0.0,1,0,0,0,1.0
low_compressibility,5,capacity_aware_static,6,6,0.0,0.0,1,0,0,0,1.0
low_compressibility,5,capacity_aware_static,6,7,0.0,0.0,1,0,0,0,1.0
low_compressibility,5,capacity_aware_static,6,8,0.0,0.0,1,0,0,0,1.0
low_compressibility,5,capacity_aware_static,6,9,0.0,0.0,1,0,0,0,1.0
low_compressibility,5,capacity_aware_static,6,10,0.0,0.0,1,0,0,0,1.0
low_compressibility,5,capacity_aware_static,6,11,0.0,0.0,1,0,0,0,1.0
low_compressibility,5,capacity_aware_static,6,12,0.0,0.0,1,0,0,0,1.0
low_compressibility,5,capacity_aware_static,6,13,0.0,0.0,1,0,0,0,1.0
low_compressibility,5,capacity_aware_static,6,14,0.0,0.0,1,0,0,0,1.0
low_compressibility,5,capacity_aware_static,6,15,0.0,0.0,1,0,0,0,1.0
low_compressibility,5,capacity_aware_static,7,0,0.0,0.0,1,0,0,0,1.0
low_compressibility,5,capacity_aware_static,7,1,0.0,0.0,1,0,0,0,1.0
low_compressibility,5,capacity_aware_static,7,2,0.0,0.0,1,0,0,0,1.0
low_compressibility,5,capacity_aware_static,7,3,0.0,0.0,1,0,0,0,1.0
low_compressibility,5,capacity_aware_static,7,4,0.0,0.0,1,0,0,0,1.0
low_compressibility,5,capacity_aware_static,7,5,0.0,0.0,1,0,0,0,1.0
low_compressibility,5,capacity_aware_static,7,6,0.0,0.0,1,0,0,0,1.0
low_compressibility,5,capacity_aware_static,7,7,0.0,0.0,1,0,0,0,1.0
low_compressibility,5,capacity_aware_static,7,8,0.0,0.0,1,0,0,0,1.0
low_compressibility,5,capacity_aware_static,7,9,0.0,0.0,1,0,0,0,1.0
low_compressibility,5,capacity_aware_static,7,10,0.0,0.0,1,0,0,0,1.0
low_compressibility,5,capacity_aware_static,7,11,0.0,0.0,1,0,0,0,1.0
low_compressibility,5,capacity_aware_static,7,12,0.0,0.0,1,0,0,0,1.0
low_compressibility,5,capacity_aware_static,7,13,0.0,0.0,1,0,0,0,1.0
low_compressibility,5,capacity_aware_static,7,14,0.0,0.0,1,0,0,0,1.0
low_compressibility,5,capacity_aware_static,7,15,0.0,0.0,1,0,0,0,1.0
low_compressibility,5,smoothed,1,0,0.0,0.0,1,0,0,0,1.0
low_compressibility,5,smoothed,1,1,0.0,0.0,1,0,0,0,1.0
low_compressibility,5,smoothed,1,2,0.0,0.0,1,0,0,0,1.0
low_compressibility,5,smoothed,1,3,0.0,0.0,1,0,0,0,1.0
low_compressibility,5,smoothed,1,4,0.0,0.0,1,0,0,0,1.0
low_compressibility,5,smoothed,1,5,0.0,0.0,1,0,0,0,1.0
low_compressibility,5,smoothed,1,6,0.0,0.0,1,0,0,0,1.0
low_compressibility,5,smoothed,1,7,0.0,0.0,1,0,0,0,1.0
low_compressibility,5,smoothed,1,8,0.0,0.0,1,0,0,0,1.0
low_compressibility,5,smoothed,1,9,0.0,0.0,1,0,0,0,1.0
low_compressibility,5,smoothed,1,10,0.0,0.0,1,0,0,0,1.0
low_compressibility,5,smoothed,1,11,0.0,0.0,1,0,0,0,1.0
low_compressibility,5,smoothed,1,12,0.0,0.0,1,0,0,0,1.0
low_compressibility,5,smoothed,1,13,0.0,0.0,1,0,0,0,1.0
low_compressibility,5,smoothed,1,14,0.0,0.0,1,0,0,0,1.0
low_compressibility,5,smoothed,1,15,0.0,0.0,1,0,0,0,1.0
low_compressibility,5,smoothed,2,0,0.0,0.0,1,0,0,0,1.0
low_compressibility,5,smoothed,2,1,0.0,0.0,1,0,0,0,1.0
low_compressibility,5,smoothed,2,2,0.0,0.0,1,0,0,0,1.0
low_compressibility,5,smoothed,2,3,0.0,0.0,1,0,0,0,1.0
low_compressibility,5,smoothed,2,4,0.0,0.0,1,0,0,0,1.0
low_compressibility,5,smoothed,2,5,0.0,0.0,1,0,0,0,1.0
low_compressibility,5,smoothed,2,6,0.0,0.0,1,0,0,0,1.0
low_compressibility,5,smoothed,2,7,0.0,0.0,1,0,0,0,1.0
low_compressibility,5,smoothed,2,8,0.0,0.0,1,0,0,0,1.0
low_compressibility,5,smoothed,2,9,0.0,0.0,1,0,0,0,1.0
low_compressibility,5,smoothed,2,10,0.0,0.0,1,0,0,0,1.0
low_compressibility,5,smoothed,2,11,0.0,0.0,1,0,0,0,1.0
low_compressibility,5,smoothed,2,12,0.0,0.0,1,0,0,0,1.0
low_compressibility,5,smoothed,2,13,0.0,0.0,1,0,0,0,1.0
low_compressibility,5,smoothed,2,14,0.0,0.0,1,0,0,0,1.0
low_compressibility,5,smoothed,2,15,0.0,0.0,1,0,0,0,1.0
low_compressibility,5,smoothed,3,0,0.0,0.0,1,0,0,0,1.0
low_compressibility,5,smoothed,3,1,0.0,0.0,1,0,0,0,1.0
low_compressibility,5,smoothed,3,2,0.0,0.0,1,0,0,0,1.0
low_compressibility,5,smoothed,3,3,0.0,0.0,1,0,0,0,1.0
low_compressibility,5,smoothed,3,4,0.0,0.0,1,0,0,0,1.0
low_compressibility,5,smoothed,3,5,0.0,0.0,1,0,0,0,1.0
low_compressibility,5,smoothed,3,6,0.0,0.0,1,0,0,0,1.0
low_compressibility,5,smoothed,3,7,0.0,0.0,1,0,0,0,1.0
low_compressibility,5,smoothed,3,8,0.0,0.0,1,0,0,0,1.0
low_compressibility,5,smoothed,3,9,0.0,0.0,1,0,0,0,1.0
low_compressibility,5,smoothed,3,10,0.0,0.0,1,0,0,0,1.0
low_compressibility,5,smoothed,3,11,0.0,0.0,1,0,0,0,1.0
low_compressibility,5,smoothed,3,12,0.0,0.0,1,0,0,0,1.0
low_compressibility,5,smoothed,3,13,0.0,0.0,1,0,0,0,1.0
low_compressibility,5,smoothed,3,14,0.0,0.0,1,0,0,0,1.0
low_compressibility,5,smoothed,3,15,0.0,0.0,1,0,0,0,1.0
low_compressibility,5,smoothed,4,0,0.0,0.0,1,0,0,0,1.0
low_compressibility,5,smoothed,4,1,0.0,0.0,1,0,0,0,1.0
low_compressibility,5,smoothed,4,2,0.0,0.0,1,0,0,0,1.0
low_compressibility,5,smoothed,4,3,0.0,0.0,1,0,0,0,1.0
low_compressibility,5,smoothed,4,4,0.0,0.0,1,0,0,0,1.0
low_compressibility,5,smoothed,4,5,0.0,0.0,1,0,0,0,1.0
low_compressibility,5,smoothed,4,6,0.0,0.0,1,0,0,0,1.0
low_compressibility,5,smoothed,4,7,0.0,0.0,1,0,0,0,1.0
low_compressibility,5,smoothed,4,8,0.0,0.0,1,0,0,0,1.0
low_compressibility,5,smoothed,4,9,0.0,0.0,1,0,0,0,1.0
low_compressibility,5,smoothed,4,10,0.0,0.0,1,0,0,0,1.0
low_compressibility,5,smoothed,4,11,0.0,0.0,1,0,0,0,1.0
low_compressibility,5,smoothed,4,12,0.0,0.0,1,0,0,0,1.0
low_compressibility,5,smoothed,4,13,0.0,0.0,1,0,0,0,1.0
low_compressibility,5,smoothed,4,14,0.0,0.0,1,0,0,0,1.0
low_compressibility,5,smoothed,4,15,0.0,0.0,1,0,0,0,1.0
low_compressibility,5,smoothed,5,0,0.0,0.0,1,0,0,0,1.0
low_compressibility,5,smoothed,5,1,0.0,0.0,1,0,0,0,1.0
low_compressibility,5,smoothed,5,2,0.0,0.0,1,0,0,0,1.0
low_compressibility,5,smoothed,5,3,0.0,0.0,1,0,0,0,1.0
low_compressibility,5,smoothed,5,4,0.0,0.0,1,0,0,0,1.0
low_compressibility,5,smoothed,5,5,0.0,0.0,1,0,0,0,1.0
low_compressibility,5,smoothed,5,6,0.0,0.0,1,0,0,0,1.0
low_compressibility,5,smoothed,5,7,0.0,0.0,1,0,0,0,1.0
low_compressibility,5,smoothed,5,8,0.0,0.0,1,0,0,0,1.0
low_compressibility,5,smoothed,5,9,0.0,0.0,1,0,0,0,1.0
low_compressibility,5,smoothed,5,10,0.0,0.0,1,0,0,0,1.0
low_compressibility,5,smoothed,5,11,0.0,0.0,1,0,0,0,1.0
low_compressibility,5,smoothed,5,12,0.0,0.0,1,0,0,0,1.0
low_compressibility,5,smoothed,5,13,0.0,0.0,1,0,0,0,1.0
low_compressibility,5,smoothed,5,14,0.0,0.0,1,0,0,0,1.0
low_compressibility,5,smoothed,5,15,0.0,0.0,1,0,0,0,1.0
low_compressibility,5,smoothed,6,0,0.0,0.0,1,0,0,0,1.0
low_compressibility,5,smoothed,6,1,0.0,0.0,1,0,0,0,1.0
low_compressibility,5,smoothed,6,2,0.0,0.0,1,0,0,0,1.0
low_compressibility,5,smoothed,6,3,0.0,0.0,1,0,0,0,1.0
low_compressibility,5,smoothed,6,4,0.0,0.0,1,0,0,0,1.0
low_compressibility,5,smoothed,6,5,0.0,0.0,1,0,0,0,1.0
low_compressibility,5,smoothed,6,6,0.0,0.0,1,0,0,0,1.0
low_compressibility,5,smoothed,6,7,0.0,0.0,1,0,0,0,1.0
low_compressibility,5,smoothed,6,8,0.0,0.0,1,0,0,0,1.0
low_compressibility,5,smoothed,6,9,0.0,0.0,1,0,0,0,1.0
low_compressibility,5,smoothed,6,10,0.0,0.0,1,0,0,0,1.0
low_compressibility,5,smoothed,6,11,0.0,0.0,1,0,0,0,1.0
low_compressibility,5,smoothed,6,12,0.0,0.0,1,0,0,0,1.0
low_compressibility,5,smoothed,6,13,0.0,0.0,1,0,0,0,1.0
low_compressibility,5,smoothed,6,14,0.0,0.0,1,0,0,0,1.0
low_compressibility,5,smoothed,6,15,0.0,0.0,1,0,0,0,1.0
low_compressibility,5,smoothed,7,0,0.0,0.0,1,0,0,0,1.0
low_compressibility,5,smoothed,7,1,0.0,0.0,1,0,0,0,1.0
low_compressibility,5,smoothed,7,2,0.0,0.0,1,0,0,0,1.0
low_compressibility,5,smoothed,7,3,0.0,0.0,1,0,0,0,1.0
low_compressibility,5,smoothed,7,4,0.0,0.0,1,0,0,0,1.0
low_compressibility,5,smoothed,7,5,0.0,0.0,1,0,0,0,1.0
low_compressibility,5,smoothed,7,6,0.0,0.0,1,0,0,0,1.0
low_compressibility,5,smoothed,7,7,0.0,0.0,1,0,0,0,1.0
low_compressibility,5,smoothed,7,8,0.0,0.0,1,0,0,0,1.0
low_compressibility,5,smoothed,7,9,0.0,0.0,1,0,0,0,1.0
low_compressibility,5,smoothed,7,10,0.0,0.0,1,0,0,0,1.0
low_compressibility,5,smoothed,7,11,0.0,0.0,1,0,0,0,1.0
low_compressibility,5,smoothed,7,12,0.0,0.0,1,0,0,0,1.0
low_compressibility,5,smoothed,7,13,0.0,0.0,1,0,0,0,1.0
low_compressibility,5,smoothed,7,14,0.0,0.0,1,0,0,0,1.0
low_compressibility,5,smoothed,7,15,0.0,0.0,1,0,0,0,1.0
low_compressibility,5,static_min,1,0,0.0,0.0,1,0,0,0,1.0
low_compressibility,5,static_min,1,1,0.0,0.0,1,0,0,0,1.0
low_compressibility,5,static_min,1,2,0.0,0.0,1,0,0,0,1.0
low_compressibility,5,static_min,1,3,0.0,0.0,1,0,0,0,1.0
low_compressibility,5,static_min,1,4,0.0,0.0,1,0,0,0,1.0
low_compressibility,5,static_min,1,5,0.0,0.0,1,0,0,0,1.0
low_compressibility,5,static_min,1,6,0.0,0.0,1,0,0,0,1.0
low_compressibility,5,static_min,1,7,0.0,0.0,1,0,0,0,1.0
low_compressibility,5,static_min,1,8,0.0,0.0,1,0,0,0,1.0
low_compressibility,5,static_min,1,9,0.0,0.0,1,0,0,0,1.0
low_compressibility,5,static_min,1,10,0.0,0.0,1,0,0,0,1.0
low_compressibility,5,static_min,1,11,0.0,0.0,1,0,0,0,1.0
low_compressibility,5,static_min,1,12,0.0,0.0,1,0,0,0,1.0
low_compressibility,5,static_min,1,13,0.0,0.0,1,0,0,0,1.0
low_compressibility,5,static_min,1,14,0.0,0.0,1,0,0,0,1.0
low_compressibility,5,static_min,1,15,0.0,0.0,1,0,0,0,1.0
low_compressibility,5,static_min,2,0,0.0,0.0,1,0,0,0,1.0
low_compressibility,5,static_min,2,1,0.0,0.0,1,0,0,0,1.0
low_compressibility,5,static_min,2,2,0.0,0.0,1,0,0,0,1.0
low_compressibility,5,static_min,2,3,0.0,0.0,1,0,0,0,1.0
low_compressibility,5,static_min,2,4,0.0,0.0,1,0,0,0,1.0
low_compressibility,5,static_min,2,5,0.0,0.0,1,0,0,0,1.0
low_compressibility,5,static_min,2,6,0.0,0.0,1,0,0,0,1.0
low_compressibility,5,static_min,2,7,0.0,0.0,1,0,0,0,1.0
low_compressibility,5,static_min,2,8,0.0,0.0,1,0,0,0,1.0
low_compressibility,5,static_min,2,9,0.0,0.0,1,0,0,0,1.0
low_compressibility,5,static_min,2,10,0.0,0.0,1,0,0,0,1.0
low_compressibility,5,static_min,2,11,0.0,0.0,1,0,0,0,1.0
low_compressibility,5,static_min,2,12,0.0,0.0,1,0,0,0,1.0
low_compressibility,5,static_min,2,13,0.0,0.0,1,0,0,0,1.0
low_compressibility,5,static_min,2,14,0.0,0.0,1,0,0,0,1.0
low_compressibility,5,static_min,2,15,0.0,0.0,1,0,0,0,1.0
low_compressibility,5,static_min,3,0,0.0,0.0,1,0,0,0,1.0
low_compressibility,5,static_min,3,1,0.0,0.0,1,0,0,0,1.0
low_compressibility,5,static_min,3,2,0.0,0.0,1,0,0,0,1.0
low_compressibility,5,static_min,3,3,0.0,0.0,1,0,0,0,1.0
low_compressibility,5,static_min,3,4,0.0,0.0,1,0,0,0,1.0
low_compressibility,5,static_min,3,5,0.0,0.0,1,0,0,0,1.0
low_compressibility,5,static_min,3,6,0.0,0.0,1,0,0,0,1.0
low_compressibility,5,static_min,3,7,0.0,0.0,1,0,0,0,1.0
low_compressibility,5,static_min,3,8,0.0,0.0,1,0,0,0,1.0
low_compressibility,5,static_min,3,9,0.0,0.0,1,0,0,0,1.0
low_compressibility,5,static_min,3,10,0.0,0.0,1,0,0,0,1.0
low_compressibility,5,static_min,3,11,0.0,0.0,1,0,0,0,1.0
low_compressibility,5,static_min,3,12,0.0,0.0,1,0,0,0,1.0
low_compressibility,5,static_min,3,13,0.0,0.0,1,0,0,0,1.0
low_compressibility,5,static_min,3,14,0.0,0.0,1,0,0,0,1.0
low_compressibility,5,static_min,3,15,0.0,0.0,1,0,0,0,1.0
low_compressibility,5,static_min,4,0,0.0,0.0,1,0,0,0,1.0
low_compressibility,5,static_min,4,1,0.0,0.0,1,0,0,0,1.0
low_compressibility,5,static_min,4,2,0.0,0.0,1,0,0,0,1.0
low_compressibility,5,static_min,4,3,0.0,0.0,1,0,0,0,1.0
low_compressibility,5,static_min,4,4,0.0,0.0,1,0,0,0,1.0
low_compressibility,5,static_min,4,5,0.0,0.0,1,0,0,0,1.0
low_compressibility,5,static_min,4,6,0.0,0.0,1,0,0,0,1.0
low_compressibility,5,static_min,4,7,0.0,0.0,1,0,0,0,1.0
low_compressibility,5,static_min,4,8,0.0,0.0,1,0,0,0,1.0
low_compressibility,5,static_min,4,9,0.0,0.0,1,0,0,0,1.0
low_compressibility,5,static_min,4,10,0.0,0.0,1,0,0,0,1.0
low_compressibility,5,static_min,4,11,0.0,0.0,1,0,0,0,1.0
low_compressibility,5,static_min,4,12,0.0,0.0,1,0,0,0,1.0
low_compressibility,5,static_min,4,13,0.0,0.0,1,0,0,0,1.0
low_compressibility,5,static_min,4,14,0.0,0.0,1,0,0,0,1.0
low_compressibility,5,static_min,4,15,0.0,0.0,1,0,0,0,1.0
low_compressibility,5,static_min,5,0,0.0,0.0,1,0,0,0,1.0
low_compressibility,5,static_min,5,1,0.0,0.0,1,0,0,0,1.0
low_compressibility,5,static_min,5,2,0.0,0.0,1,0,0,0,1.0
low_compressibility,5,static_min,5,3,0.0,0.0,1,0,0,0,1.0
low_compressibility,5,static_min,5,4,0.0,0.0,1,0,0,0,1.0
low_compressibility,5,static_min,5,5,0.0,0.0,1,0,0,0,1.0
low_compressibility,5,static_min,5,6,0.0,0.0,1,0,0,0,1.0
low_compressibility,5,static_min,5,7,0.0,0.0,1,0,0,0,1.0
low_compressibility,5,static_min,5,8,0.0,0.0,1,0,0,0,1.0
low_compressibility,5,static_min,5,9,0.0,0.0,1,0,0,0,1.0
low_compressibility,5,static_min,5,10,0.0,0.0,1,0,0,0,1.0
low_compressibility,5,static_min,5,11,0.0,0.0,1,0,0,0,1.0
low_compressibility,5,static_min,5,12,0.0,0.0,1,0,0,0,1.0
low_compressibility,5,static_min,5,13,0.0,0.0,1,0,0,0,1.0
low_compressibility,5,static_min,5,14,0.0,0.0,1,0,0,0,1.0
low_compressibility,5,static_min,5,15,0.0,0.0,1,0,0,0,1.0
low_compressibility,5,static_min,6,0,0.0,0.0,1,0,0,0,1.0
low_compressibility,5,static_min,6,1,0.0,0.0,1,0,0,0,1.0
low_compressibility,5,static_min,6,2,0.0,0.0,1,0,0,0,1.0
low_compressibility,5,static_min,6,3,0.0,0.0,1,0,0,0,1.0
low_compressibility,5,static_min,6,4,0.0,0.0,1,0,0,0,1.0
low_compressibility,5,static_min,6,5,0.0,0.0,1,0,0,0,1.0
low_compressibility,5,static_min,6,6,0.0,0.0,1,0,0,0,1.0
low_compressibility,5,static_min,6,7,0.0,0.0,1,0,0,0,1.0
low_compressibility,5,static_min,6,8,0.0,0.0,1,0,0,0,1.0
low_compressibility,5,static_min,6,9,0.0,0.0,1,0,0,0,1.0
low_compressibility,5,static_min,6,10,0.0,0.0,1,0,0,0,1.0
low_compressibility,5,static_min,6,11,0.0,0.0,1,0,0,0,1.0
low_compressibility,5,static_min,6,12,0.0,0.0,1,0,0,0,1.0
low_compressibility,5,static_min,6,13,0.0,0.0,1,0,0,0,1.0
low_compressibility,5,static_min,6,14,0.0,0.0,1,0,0,0,1.0
low_compressibility,5,static_min,6,15,0.0,0.0,1,0,0,0,1.0
low_compressibility,5,static_min,7,0,0.0,0.0,1,0,0,0,1.0
low_compressibility,5,static_min,7,1,0.0,0.0,1,0,0,0,1.0
low_compressibility,5,static_min,7,2,0.0,0.0,1,0,0,0,1.0
low_compressibility,5,static_min,7,3,0.0,0.0,1,0,0,0,1.0
low_compressibility,5,static_min,7,4,0.0,0.0,1,0,0,0,1.0
low_compressibility,5,static_min,7,5,0.0,0.0,1,0,0,0,1.0
low_compressibility,5,static_min,7,6,0.0,0.0,1,0,0,0,1.0
low_compressibility,5,static_min,7,7,0.0,0.0,1,0,0,0,1.0
low_compressibility,5,static_min,7,8,0.0,0.0,1,0,0,0,1.0
low_compressibility,5,static_min,7,9,0.0,0.0,1,0,0,0,1.0
low_compressibility,5,static_min,7,10,0.0,0.0,1,0,0,0,1.0
low_compressibility,5,static_min,7,11,0.0,0.0,1,0,0,0,1.0
low_compressibility,5,static_min,7,12,0.0,0.0,1,0,0,0,1.0
low_compressibility,5,static_min,7,13,0.0,0.0,1,0,0,0,1.0
low_compressibility,5,static_min,7,14,0.0,0.0,1,0,0,0,1.0
low_compressibility,5,static_min,7,15,0.0,0.0,1,0,0,0,1.0
low_compressibility,7,capacity_aware_static,1,0,0.0,0.0,1,0,0,0,1.0
low_compressibility,7,capacity_aware_static,1,1,0.0,0.0,1,0,0,0,1.0
low_compressibility,7,capacity_aware_static,1,2,0.0,0.0,1,0,0,0,1.0
low_compressibility,7,capacity_aware_static,1,3,0.0,0.0,1,0,0,0,1.0
low_compressibility,7,capacity_aware_static,1,4,0.0,0.0,1,0,0,0,1.0
low_compressibility,7,capacity_aware_static,1,5,0.0,0.0,1,0,0,0,1.0
low_compressibility,7,capacity_aware_static,1,6,0.0,0.0,1,0,0,0,1.0
low_compressibility,7,capacity_aware_static,1,7,0.0,0.0,1,0,0,0,1.0
low_compressibility,7,capacity_aware_static,1,8,0.0,0.0,1,0,0,0,1.0
low_compressibility,7,capacity_aware_static,1,9,0.0,0.0,1,0,0,0,1.0
low_compressibility,7,capacity_aware_static,1,10,0.0,0.0,1,0,0,0,1.0
low_compressibility,7,capacity_aware_static,1,11,0.0,0.0,1,0,0,0,1.0
low_compressibility,7,capacity_aware_static,1,12,0.0,0.0,1,0,0,0,1.0
low_compressibility,7,capacity_aware_static,1,13,0.0,0.0,1,0,0,0,1.0
low_compressibility,7,capacity_aware_static,1,14,0.0,0.0,1,0,0,0,1.0
low_compressibility,7,capacity_aware_static,1,15,0.0,0.0,1,0,0,0,1.0
low_compressibility,7,capacity_aware_static,2,0,0.0,0.0,1,0,0,0,1.0
low_compressibility,7,capacity_aware_static,2,1,0.0,0.0,1,0,0,0,1.0
low_compressibility,7,capacity_aware_static,2,2,0.0,0.0,1,0,0,0,1.0
low_compressibility,7,capacity_aware_static,2,3,0.0,0.0,1,0,0,0,1.0
low_compressibility,7,capacity_aware_static,2,4,0.0,0.0,1,0,0,0,1.0
low_compressibility,7,capacity_aware_static,2,5,0.0,0.0,1,0,0,0,1.0
low_compressibility,7,capacity_aware_static,2,6,0.0,0.0,1,0,0,0,1.0
low_compressibility,7,capacity_aware_static,2,7,0.0,0.0,1,0,0,0,1.0
low_compressibility,7,capacity_aware_static,2,8,0.0,0.0,1,0,0,0,1.0
low_compressibility,7,capacity_aware_static,2,9,0.0,0.0,1,0,0,0,1.0
low_compressibility,7,capacity_aware_static,2,10,0.0,0.0,1,0,0,0,1.0
low_compressibility,7,capacity_aware_static,2,11,0.0,0.0,1,0,0,0,1.0
low_compressibility,7,capacity_aware_static,2,12,0.0,0.0,1,0,0,0,1.0
low_compressibility,7,capacity_aware_static,2,13,0.0,0.0,1,0,0,0,1.0
low_compressibility,7,capacity_aware_static,2,14,0.0,0.0,1,0,0,0,1.0
low_compressibility,7,capacity_aware_static,2,15,0.0,0.0,1,0,0,0,1.0
low_compressibility,7,capacity_aware_static,3,0,0.0,0.0,1,0,0,0,1.0
low_compressibility,7,capacity_aware_static,3,1,0.0,0.0,1,0,0,0,1.0
low_compressibility,7,capacity_aware_static,3,2,0.0,0.0,1,0,0,0,1.0
low_compressibility,7,capacity_aware_static,3,3,0.0,0.0,1,0,0,0,1.0
low_compressibility,7,capacity_aware_static,3,4,0.0,0.0,1,0,0,0,1.0
low_compressibility,7,capacity_aware_static,3,5,0.0,0.0,1,0,0,0,1.0
low_compressibility,7,capacity_aware_static,3,6,0.0,0.0,1,0,0,0,1.0
low_compressibility,7,capacity_aware_static,3,7,0.0,0.0,1,0,0,0,1.0
low_compressibility,7,capacity_aware_static,3,8,0.0,0.0,1,0,0,0,1.0
low_compressibility,7,capacity_aware_static,3,9,0.0,0.0,1,0,0,0,1.0
low_compressibility,7,capacity_aware_static,3,10,0.0,0.0,1,0,0,0,1.0
low_compressibility,7,capacity_aware_static,3,11,0.0,0.0,1,0,0,0,1.0
low_compressibility,7,capacity_aware_static,3,12,0.0,0.0,1,0,0,0,1.0
low_compressibility,7,capacity_aware_static,3,13,0.0,0.0,1,0,0,0,1.0
low_compressibility,7,capacity_aware_static,3,14,0.0,0.0,1,0,0,0,1.0
low_compressibility,7,capacity_aware_static,3,15,0.0,0.0,1,0,0,0,1.0
low_compressibility,7,capacity_aware_static,4,0,0.0,0.0,1,0,0,0,1.0
low_compressibility,7,capacity_aware_static,4,1,0.0,0.0,1,0,0,0,1.0
low_compressibility,7,capacity_aware_static,4,2,0.0,0.0,1,0,0,0,1.0
low_compressibility,7,capacity_aware_static,4,3,0.0,0.0,1,0,0,0,1.0
low_compressibility,7,capacity_aware_static,4,4,0.0,0.0,1,0,0,0,1.0
low_compressibility,7,capacity_aware_static,4,5,0.0,0.0,1,0,0,0,1.0
low_compressibility,7,capacity_aware_static,4,6,0.0,0.0,1,0,0,0,1.0
low_compressibility,7,capacity_aware_static,4,7,0.0,0.0,1,0,0,0,1.0
low_compressibility,7,capacity_aware_static,4,8,0.0,0.0,1,0,0,0,1.0
low_compressibility,7,capacity_aware_static,4,9,0.0,0.0,1,0,0,0,1.0
low_compressibility,7,capacity_aware_static,4,10,0.0,0.0,1,0,0,0,1.0
low_compressibility,7,capacity_aware_static,4,11,0.0,0.0,1,0,0,0,1.0
low_compressibility,7,capacity_aware_static,4,12,0.0,0.0,1,0,0,0,1.0
low_compressibility,7,capacity_aware_static,4,13,0.0,0.0,1,0,0,0,1.0
low_compressibility,7,capacity_aware_static,4,14,0.0,0.0,1,0,0,0,1.0
low_compressibility,7,capacity_aware_static,4,15,0.0,0.0,1,0,0,0,1.0
low_compressibility,7,capacity_aware_static,5,0,0.0,0.0,1,0,0,0,1.0
low_compressibility,7,capacity_aware_static,5,1,0.0,0.0,1,0,0,0,1.0
low_compressibility,7,capacity_aware_static,5,2,0.0,0.0,1,0,0,0,1.0
low_compressibility,7,capacity_aware_static,5,3,0.0,0.0,1,0,0,0,1.0
low_compressibility,7,capacity_aware_static,5,4,0.0,0.0,1,0,0,0,1.0
low_compressibility,7,capacity_aware_static,5,5,0.0,0.0,1,0,0,0,1.0
low_compressibility,7,capacity_aware_static,5,6,0.0,0.0,1,0,0,0,1.0
low_compressibility,7,capacity_aware_static,5,7,0.0,0.0,1,0,0,0,1.0
low_compressibility,7,capacity_aware_static,5,8,0.0,0.0,1,0,0,0,1.0
low_compressibility,7,capacity_aware_static,5,9,0.0,0.0,1,0,0,0,1.0
low_compressibility,7,capacity_aware_static,5,10,0.0,0.0,1,0,0,0,1.0
low_compressibility,7,capacity_aware_static,5,11,0.0,0.0,1,0,0,0,1.0
low_compressibility,7,capacity_aware_static,5,12,0.0,0.0,1,0,0,0,1.0
low_compressibility,7,capacity_aware_static,5,13,0.0,0.0,1,0,0,0,1.0
low_compressibility,7,capacity_aware_static,5,14,0.0,0.0,1,0,0,0,1.0
low_compressibility,7,capacity_aware_static,5,15,0.0,0.0,1,0,0,0,1.0
low_compressibility,7,capacity_aware_static,6,0,0.0,0.0,1,0,0,0,1.0
low_compressibility,7,capacity_aware_static,6,1,0.0,0.0,1,0,0,0,1.0
low_compressibility,7,capacity_aware_static,6,2,0.0,0.0,1,0,0,0,1.0
low_compressibility,7,capacity_aware_static,6,3,0.0,0.0,1,0,0,0,1.0
low_compressibility,7,capacity_aware_static,6,4,0.0,0.0,1,0,0,0,1.0
low_compressibility,7,capacity_aware_static,6,5,0.0,0.0,1,0,0,0,1.0
low_compressibility,7,capacity_aware_static,6,6,0.0,0.0,1,0,0,0,1.0
low_compressibility,7,capacity_aware_static,6,7,0.0,0.0,1,0,0,0,1.0
low_compressibility,7,capacity_aware_static,6,8,0.0,0.0,1,0,0,0,1.0
low_compressibility,7,capacity_aware_static,6,9,0.0,0.0,1,0,0,0,1.0
low_compressibility,7,capacity_aware_static,6,10,0.0,0.0,1,0,0,0,1.0
low_compressibility,7,capacity_aware_static,6,11,0.0,0.0,1,0,0,0,1.0
low_compressibility,7,capacity_aware_static,6,12,0.0,0.0,1,0,0,0,1.0
low_compressibility,7,capacity_aware_static,6,13,0.0,0.0,1,0,0,0,1.0
low_compressibility,7,capacity_aware_static,6,14,0.0,0.0,1,0,0,0,1.0
low_compressibility,7,capacity_aware_static,6,15,0.0,0.0,1,0,0,0,1.0
low_compressibility,7,capacity_aware_static,7,0,0.0,0.0,1,0,0,0,1.0
low_compressibility,7,capacity_aware_static,7,1,0.0,0.0,1,0,0,0,1.0
low_compressibility,7,capacity_aware_static,7,2,0.0,0.0,1,0,0,0,1.0
low_compressibility,7,capacity_aware_static,7,3,0.0,0.0,1,0,0,0,1.0
low_compressibility,7,capacity_aware_static,7,4,0.0,0.0,1,0,0,0,1.0
low_compressibility,7,capacity_aware_static,7,5,0.0,0.0,1,0,0,0,1.0
low_compressibility,7,capacity_aware_static,7,6,0.0,0.0,1,0,0,0,1.0
low_compressibility,7,capacity_aware_static,7,7,0.0,0.0,1,0,0,0,1.0
low_compressibility,7,capacity_aware_static,7,8,0.0,0.0,1,0,0,0,1.0
low_compressibility,7,capacity_aware_static,7,9,0.0,0.0,1,0,0,0,1.0
low_compressibility,7,capacity_aware_static,7,10,0.0,0.0,1,0,0,0,1.0
low_compressibility,7,capacity_aware_static,7,11,0.0,0.0,1,0,0,0,1.0
low_compressibility,7,capacity_aware_static,7,12,0.0,0.0,1,0,0,0,1.0
low_compressibility,7,capacity_aware_static,7,13,0.0,0.0,1,0,0,0,1.0
low_compressibility,7,capacity_aware_static,7,14,0.0,0.0,1,0,0,0,1.0
low_compressibility,7,capacity_aware_static,7,15,0.0,0.0,1,0,0,0,1.0
low_compressibility,7,smoothed,1,0,0.0,0.0,1,0,0,0,1.0
low_compressibility,7,smoothed,1,1,0.0,0.0,1,0,0,0,1.0
low_compressibility,7,smoothed,1,2,0.0,0.0,1,0,0,0,1.0
low_compressibility,7,smoothed,1,3,0.0,0.0,1,0,0,0,1.0
low_compressibility,7,smoothed,1,4,0.0,0.0,1,0,0,0,1.0
low_compressibility,7,smoothed,1,5,0.0,0.0,1,0,0,0,1.0
low_compressibility,7,smoothed,1,6,0.0,0.0,1,0,0,0,1.0
low_compressibility,7,smoothed,1,7,0.0,0.0,1,0,0,0,1.0
low_compressibility,7,smoothed,1,8,0.0,0.0,1,0,0,0,1.0
low_compressibility,7,smoothed,1,9,0.0,0.0,1,0,0,0,1.0
low_compressibility,7,smoothed,1,10,0.0,0.0,1,0,0,0,1.0
low_compressibility,7,smoothed,1,11,0.0,0.0,1,0,0,0,1.0
low_compressibility,7,smoothed,1,12,0.0,0.0,1,0,0,0,1.0
low_compressibility,7,smoothed,1,13,0.0,0.0,1,0,0,0,1.0
low_compressibility,7,smoothed,1,14,0.0,0.0,1,0,0,0,1.0
low_compressibility,7,smoothed,1,15,0.0,0.0,1,0,0,0,1.0
low_compressibility,7,smoothed,2,0,0.0,0.0,1,0,0,0,1.0
low_compressibility,7,smoothed,2,1,0.0,0.0,1,0,0,0,1.0
low_compressibility,7,smoothed,2,2,0.0,0.0,1,0,0,0,1.0
low_compressibility,7,smoothed,2,3,0.0,0.0,1,0,0,0,1.0
low_compressibility,7,smoothed,2,4,0.0,0.0,1,0,0,0,1.0
low_compressibility,7,smoothed,2,5,0.0,0.0,1,0,0,0,1.0
low_compressibility,7,smoothed,2,6,0.0,0.0,1,0,0,0,1.0
low_compressibility,7,smoothed,2,7,0.0,0.0,1,0,0,0,1.0
low_compressibility,7,smoothed,2,8,0.0,0.0,1,0,0,0,1.0
low_compressibility,7,smoothed,2,9,0.0,0.0,1,0,0,0,1.0
low_compressibility,7,smoothed,2,10,0.0,0.0,1,0,0,0,1.0
low_compressibility,7,smoothed,2,11,0.0,0.0,1,0,0,0,1.0
low_compressibility,7,smoothed,2,12,0.0,0.0,1,0,0,0,1.0
low_compressibility,7,smoothed,2,13,0.0,0.0,1,0,0,0,1.0
low_compressibility,7,smoothed,2,14,0.0,0.0,1,0,0,0,1.0
low_compressibility,7,smoothed,2,15,0.0,0.0,1,0,0,0,1.0
low_compressibility,7,smoothed,3,0,0.0,0.0,1,0,0,0,1.0
low_compressibility,7,smoothed,3,1,0.0,0.0,1,0,0,0,1.0
low_compressibility,7,smoothed,3,2,0.0,0.0,1,0,0,0,1.0
low_compressibility,7,smoothed,3,3,0.0,0.0,1,0,0,0,1.0
low_compressibility,7,smoothed,3,4,0.0,0.0,1,0,0,0,1.0
low_compressibility,7,smoothed,3,5,0.0,0.0,1,0,0,0,1.0
low_compressibility,7,smoothed,3,6,0.0,0.0,1,0,0,0,1.0
low_compressibility,7,smoothed,3,7,0.0,0.0,1,0,0,0,1.0
low_compressibility,7,smoothed,3,8,0.0,0.0,1,0,0,0,1.0
low_compressibility,7,smoothed,3,9,0.0,0.0,1,0,0,0,1.0
low_compressibility,7,smoothed,3,10,0.0,0.0,1,0,0,0,1.0
low_compressibility,7,smoothed,3,11,0.0,0.0,1,0,0,0,1.0
low_compressibility,7,smoothed,3,12,0.0,0.0,1,0,0,0,1.0
low_compressibility,7,smoothed,3,13,0.0,0.0,1,0,0,0,1.0
low_compressibility,7,smoothed,3,14,0.0,0.0,1,0,0,0,1.0
low_compressibility,7,smoothed,3,15,0.0,0.0,1,0,0,0,1.0
low_compressibility,7,smoothed,4,0,0.0,0.0,1,0,0,0,1.0
low_compressibility,7,smoothed,4,1,0.0,0.0,1,0,0,0,1.0
low_compressibility,7,smoothed,4,2,0.0,0.0,1,0,0,0,1.0
low_compressibility,7,smoothed,4,3,0.0,0.0,1,0,0,0,1.0
low_compressibility,7,smoothed,4,4,0.0,0.0,1,0,0,0,1.0
low_compressibility,7,smoothed,4,5,0.0,0.0,1,0,0,0,1.0
low_compressibility,7,smoothed,4,6,0.0,0.0,1,0,0,0,1.0
low_compressibility,7,smoothed,4,7,0.0,0.0,1,0,0,0,1.0
low_compressibility,7,smoothed,4,8,0.0,0.0,1,0,0,0,1.0
low_compressibility,7,smoothed,4,9,0.0,0.0,1,0,0,0,1.0
low_compressibility,7,smoothed,4,10,0.0,0.0,1,0,0,0,1.0
low_compressibility,7,smoothed,4,11,0.0,0.0,1,0,0,0,1.0
low_compressibility,7,smoothed,4,12,0.0,0.0,1,0,0,0,1.0
low_compressibility,7,smoothed,4,13,0.0,0.0,1,0,0,0,1.0
low_compressibility,7,smoothed,4,14,0.0,0.0,1,0,0,0,1.0
low_compressibility,7,smoothed,4,15,0.0,0.0,1,0,0,0,1.0
low_compressibility,7,smoothed,5,0,0.0,0.0,1,0,0,0,1.0
low_compressibility,7,smoothed,5,1,0.0,0.0,1,0,0,0,1.0
low_compressibility,7,smoothed,5,2,0.0,0.0,1,0,0,0,1.0
low_compressibility,7,smoothed,5,3,0.0,0.0,1,0,0,0,1.0
low_compressibility,7,smoothed,5,4,0.0,0.0,1,0,0,0,1.0
low_compressibility,7,smoothed,5,5,0.0,0.0,1,0,0,0,1.0
low_compressibility,7,smoothed,5,6,0.0,0.0,1,0,0,0,1.0
low_compressibility,7,smoothed,5,7,0.0,0.0,1,0,0,0,1.0
low_compressibility,7,smoothed,5,8,0.0,0.0,1,0,0,0,1.0
low_compressibility,7,smoothed,5,9,0.0,0.0,1,0,0,0,1.0
low_compressibility,7,smoothed,5,10,0.0,0.0,1,0,0,0,1.0
low_compressibility,7,smoothed,5,11,0.0,0.0,1,0,0,0,1.0
low_compressibility,7,smoothed,5,12,0.0,0.0,1,0,0,0,1.0
low_compressibility,7,smoothed,5,13,0.0,0.0,1,0,0,0,1.0
low_compressibility,7,smoothed,5,14,0.0,0.0,1,0,0,0,1.0
low_compressibility,7,smoothed,5,15,0.0,0.0,1,0,0,0,1.0
low_compressibility,7,smoothed,6,0,0.0,0.0,1,0,0,0,1.0
low_compressibility,7,smoothed,6,1,0.0,0.0,1,0,0,0,1.0
low_compressibility,7,smoothed,6,2,0.0,0.0,1,0,0,0,1.0
low_compressibility,7,smoothed,6,3,0.0,0.0,1,0,0,0,1.0
low_compressibility,7,smoothed,6,4,0.0,0.0,1,0,0,0,1.0
low_compressibility,7,smoothed,6,5,0.0,0.0,1,0,0,0,1.0
low_compressibility,7,smoothed,6,6,0.0,0.0,1,0,0,0,1.0
low_compressibility,7,smoothed,6,7,0.0,0.0,1,0,0,0,1.0
low_compressibility,7,smoothed,6,8,0.0,0.0,1,0,0,0,1.0
low_compressibility,7,smoothed,6,9,0.0,0.0,1,0,0,0,1.0
low_compressibility,7,smoothed,6,10,0.0,0.0,1,0,0,0,1.0
low_compressibility,7,smoothed,6,11,0.0,0.0,1,0,0,0,1.0
low_compressibility,7,smoothed,6,12,0.0,0.0,1,0,0,0,1.0
low_compressibility,7,smoothed,6,13,0.0,0.0,1,0,0,0,1.0
low_compressibility,7,smoothed,6,14,0.0,0.0,1,0,0,0,1.0
low_compressibility,7,smoothed,6,15,0.0,0.0,1,0,0,0,1.0
low_compressibility,7,smoothed,7,0,0.0,0.0,1,0,0,0,1.0
low_compressibility,7,smoothed,7,1,0.0,0.0,1,0,0,0,1.0
low_compressibility,7,smoothed,7,2,0.0,0.0,1,0,0,0,1.0
low_compressibility,7,smoothed,7,3,0.0,0.0,1,0,0,0,1.0
low_compressibility,7,smoothed,7,4,0.0,0.0,1,0,0,0,1.0
low_compressibility,7,smoothed,7,5,0.0,0.0,1,0,0,0,1.0
low_compressibility,7,smoothed,7,6,0.0,0.0,1,0,0,0,1.0
low_compressibility,7,smoothed,7,7,0.0,0.0,1,0,0,0,1.0
low_compressibility,7,smoothed,7,8,0.0,0.0,1,0,0,0,1.0
low_compressibility,7,smoothed,7,9,0.0,0.0,1,0,0,0,1.0
low_compressibility,7,smoothed,7,10,0.0,0.0,1,0,0,0,1.0
low_compressibility,7,smoothed,7,11,0.0,0.0,1,0,0,0,1.0
low_compressibility,7,smoothed,7,12,0.0,0.0,1,0,0,0,1.0
low_compressibility,7,smoothed,7,13,0.0,0.0,1,0,0,0,1.0
low_compressibility,7,smoothed,7,14,0.0,0.0,1,0,0,0,1.0
low_compressibility,7,smoothed,7,15,0.0,0.0,1,0,0,0,1.0
low_compressibility,7,static_min,1,0,0.0,0.0,1,0,0,0,1.0
low_compressibility,7,static_min,1,1,0.0,0.0,1,0,0,0,1.0
low_compressibility,7,static_min,1,2,0.0,0.0,1,0,0,0,1.0
low_compressibility,7,static_min,1,3,0.0,0.0,1,0,0,0,1.0
low_compressibility,7,static_min,1,4,0.0,0.0,1,0,0,0,1.0
low_compressibility,7,static_min,1,5,0.0,0.0,1,0,0,0,1.0
low_compressibility,7,static_min,1,6,0.0,0.0,1,0,0,0,1.0
low_compressibility,7,static_min,1,7,0.0,0.0,1,0,0,0,1.0
low_compressibility,7,static_min,1,8,0.0,0.0,1,0,0,0,1.0
low_compressibility,7,static_min,1,9,0.0,0.0,1,0,0,0,1.0
low_compressibility,7,static_min,1,10,0.0,0.0,1,0,0,0,1.0
low_compressibility,7,static_min,1,11,0.0,0.0,1,0,0,0,1.0
low_compressibility,7,static_min,1,12,0.0,0.0,1,0,0,0,1.0
low_compressibility,7,static_min,1,13,0.0,0.0,1,0,0,0,1.0
low_compressibility,7,static_min,1,14,0.0,0.0,1,0,0,0,1.0
low_compressibility,7,static_min,1,15,0.0,0.0,1,0,0,0,1.0
low_compressibility,7,static_min,2,0,0.0,0.0,1,0,0,0,1.0
low_compressibility,7,static_min,2,1,0.0,0.0,1,0,0,0,1.0
low_compressibility,7,static_min,2,2,0.0,0.0,1,0,0,0,1.0
low_compressibility,7,static_min,2,3,0.0,0.0,1,0,0,0,1.0
low_compressibility,7,static_min,2,4,0.0,0.0,1,0,0,0,1.0
low_compressibility,7,static_min,2,5,0.0,0.0,1,0,0,0,1.0
low_compressibility,7,static_min,2,6,0.0,0.0,1,0,0,0,1.0
low_compressibility,7,static_min,2,7,0.0,0.0,1,0,0,0,1.0
low_compressibility,7,static_min,2,8,0.0,0.0,1,0,0,0,1.0
low_compressibility,7,static_min,2,9,0.0,0.0,1,0,0,0,1.0
low_compressibility,7,static_min,2,10,0.0,0.0,1,0,0,0,1.0
low_compressibility,7,static_min,2,11,0.0,0.0,1,0,0,0,1.0
low_compressibility,7,static_min,2,12,0.0,0.0,1,0,0,0,1.0
low_compressibility,7,static_min,2,13,0.0,0.0,1,0,0,0,1.0
low_compressibility,7,static_min,2,14,0.0,0.0,1,0,0,0,1.0
low_compressibility,7,static_min,2,15,0.0,0.0,1,0,0,0,1.0
low_compressibility,7,static_min,3,0,0.0,0.0,1,0,0,0,1.0
low_compressibility,7,static_min,3,1,0.0,0.0,1,0,0,0,1.0
low_compressibility,7,static_min,3,2,0.0,0.0,1,0,0,0,1.0
low_compressibility,7,static_min,3,3,0.0,0.0,1,0,0,0,1.0
low_compressibility,7,static_min,3,4,0.0,0.0,1,0,0,0,1.0
low_compressibility,7,static_min,3,5,0.0,0.0,1,0,0,0,1.0
low_compressibility,7,static_min,3,6,0.0,0.0,1,0,0,0,1.0
low_compressibility,7,static_min,3,7,0.0,0.0,1,0,0,0,1.0
low_compressibility,7,static_min,3,8,0.0,0.0,1,0,0,0,1.0
low_compressibility,7,static_min,3,9,0.0,0.0,1,0,0,0,1.0
low_compressibility,7,static_min,3,10,0.0,0.0,1,0,0,0,1.0
low_compressibility,7,static_min,3,11,0.0,0.0,1,0,0,0,1.0
low_compressibility,7,static_min,3,12,0.0,0.0,1,0,0,0,1.0
low_compressibility,7,static_min,3,13,0.0,0.0,1,0,0,0,1.0
low_compressibility,7,static_min,3,14,0.0,0.0,1,0,0,0,1.0
low_compressibility,7,static_min,3,15,0.0,0.0,1,0,0,0,1.0
low_compressibility,7,static_min,4,0,0.0,0.0,1,0,0,0,1.0
low_compressibility,7,static_min,4,1,0.0,0.0,1,0,0,0,1.0
low_compressibility,7,static_min,4,2,0.0,0.0,1,0,0,0,1.0
low_compressibility,7,static_min,4,3,0.0,0.0,1,0,0,0,1.0
low_compressibility,7,static_min,4,4,0.0,0.0,1,0,0,0,1.0
low_compressibility,7,static_min,4,5,0.0,0.0,1,0,0,0,1.0
low_compressibility,7,static_min,4,6,0.0,0.0,1,0,0,0,1.0
low_compressibility,7,static_min,4,7,0.0,0.0,1,0,0,0,1.0
low_compressibility,7,static_min,4,8,0.0,0.0,1,0,0,0,1.0
low_compressibility,7,static_min,4,9,0.0,0.0,1,0,0,0,1.0
low_compressibility,7,static_min,4,10,0.0,0.0,1,0,0,0,1.0
low_compressibility,7,static_min,4,11,0.0,0.0,1,0,0,0,1.0
low_compressibility,7,static_min,4,12,0.0,0.0,1,0,0,0,1.0
low_compressibility,7,static_min,4,13,0.0,0.0,1,0,0,0,1.0
low_compressibility,7,static_min,4,14,0.0,0.0,1,0,0,0,1.0
low_compressibility,7,static_min,4,15,0.0,0.0,1,0,0,0,1.0
low_compressibility,7,static_min,5,0,0.0,0.0,1,0,0,0,1.0
low_compressibility,7,static_min,5,1,0.0,0.0,1,0,0,0,1.0
low_compressibility,7,static_min,5,2,0.0,0.0,1,0,0,0,1.0
low_compressibility,7,static_min,5,3,0.0,0.0,1,0,0,0,1.0
low_compressibility,7,static_min,5,4,0.0,0.0,1,0,0,0,1.0
low_compressibility,7,static_min,5,5,0.0,0.0,1,0,0,0,1.0
low_compressibility,7,static_min,5,6,0.0,0.0,1,0,0,0,1.0
low_compressibility,7,static_min,5,7,0.0,0.0,1,0,0,0,1.0
low_compressibility,7,static_min,5,8,0.0,0.0,1,0,0,0,1.0
low_compressibility,7,static_min,5,9,0.0,0.0,1,0,0,0,1.0
low_compressibility,7,static_min,5,10,0.0,0.0,1,0,0,0,1.0
low_compressibility,7,static_min,5,11,0.0,0.0,1,0,0,0,1.0
low_compressibility,7,static_min,5,12,0.0,0.0,1,0,0,0,1.0
low_compressibility,7,static_min,5,13,0.0,0.0,1,0,0,0,1.0
low_compressibility,7,static_min,5,14,0.0,0.0,1,0,0,0,1.0
low_compressibility,7,static_min,5,15,0.0,0.0,1,0,0,0,1.0
low_compressibility,7,static_min,6,0,0.0,0.0,1,0,0,0,1.0
low_compressibility,7,static_min,6,1,0.0,0.0,1,0,0,0,1.0
low_compressibility,7,static_min,6,2,0.0,0.0,1,0,0,0,1.0
low_compressibility,7,static_min,6,3,0.0,0.0,1,0,0,0,1.0
low_compressibility,7,static_min,6,4,0.0,0.0,1,0,0,0,1.0
low_compressibility,7,static_min,6,5,0.0,0.0,1,0,0,0,1.0
low_compressibility,7,static_min,6,6,0.0,0.0,1,0,0,0,1.0
low_compressibility,7,static_min,6,7,0.0,0.0,1,0,0,0,1.0
low_compressibility,7,static_min,6,8,0.0,0.0,1,0,0,0,1.0
low_compressibility,7,static_min,6,9,0.0,0.0,1,0,0,0,1.0
low_compressibility,7,static_min,6,10,0.0,0.0,1,0,0,0,1.0
low_compressibility,7,static_min,6,11,0.0,0.0,1,0,0,0,1.0
low_compressibility,7,static_min,6,12,0.0,0.0,1,0,0,0,1.0
low_compressibility,7,static_min,6,13,0.0,0.0,1,0,0,0,1.0
low_compressibility,7,static_min,6,14,0.0,0.0,1,0,0,0,1.0
low_compressibility,7,static_min,6,15,0.0,0.0,1,0,0,0,1.0
low_compressibility,7,static_min,7,0,0.0,0.0,1,0,0,0,1.0
low_compressibility,7,static_min,7,1,0.0,0.0,1,0,0,0,1.0
low_compressibility,7,static_min,7,2,0.0,0.0,1,0,0,0,1.0
low_compressibility,7,static_min,7,3,0.0,0.0,1,0,0,0,1.0
low_compressibility,7,static_min,7,4,0.0,0.0,1,0,0,0,1.0
low_compressibility,7,static_min,7,5,0.0,0.0,1,0,0,0,1.0
low_compressibility,7,static_min,7,6,0.0,0.0,1,0,0,0,1.0
low_compressibility,7,static_min,7,7,0.0,0.0,1,0,0,0,1.0
low_compressibility,7,static_min,7,8,0.0,0.0,1,0,0,0,1.0
low_compressibility,7,static_min,7,9,0.0,0.0,1,0,0,0,1.0
low_compressibility,7,static_min,7,10,0.0,0.0,1,0,0,0,1.0
low_compressibility,7,static_min,7,11,0.0,0.0,1,0,0,0,1.0
low_compressibility,7,static_min,7,12,0.0,0.0,1,0,0,0,1.0
low_compressibility,7,static_min,7,13,0.0,0.0,1,0,0,0,1.0
low_compressibility,7,static_min,7,14,0.0,0.0,1,0,0,0,1.0
low_compressibility,7,static_min,7,15,0.0,0.0,1,0,0,0,1.0
low_compressibility,9,capacity_aware_static,1,0,0.0,0.0,1,0,0,0,1.0
low_compressibility,9,capacity_aware_static,1,1,0.0,0.0,1,0,0,0,1.0
low_compressibility,9,capacity_aware_static,1,2,0.0,0.0,1,0,0,0,1.0
low_compressibility,9,capacity_aware_static,1,3,0.0,0.0,1,0,0,0,1.0
low_compressibility,9,capacity_aware_static,1,4,0.0,0.0,1,0,0,0,1.0
low_compressibility,9,capacity_aware_static,1,5,0.0,0.0,1,0,0,0,1.0
low_compressibility,9,capacity_aware_static,1,6,0.0,0.0,1,0,0,0,1.0
low_compressibility,9,capacity_aware_static,1,7,0.0,0.0,1,0,0,0,1.0
low_compressibility,9,capacity_aware_static,1,8,0.0,0.0,1,0,0,0,1.0
low_compressibility,9,capacity_aware_static,1,9,0.0,0.0,1,0,0,0,1.0
low_compressibility,9,capacity_aware_static,1,10,0.0,0.0,1,0,0,0,1.0
low_compressibility,9,capacity_aware_static,1,11,0.0,0.0,1,0,0,0,1.0
low_compressibility,9,capacity_aware_static,1,12,0.0,0.0,1,0,0,0,1.0
low_compressibility,9,capacity_aware_static,1,13,0.0,0.0,1,0,0,0,1.0
low_compressibility,9,capacity_aware_static,1,14,0.0,0.0,1,0,0,0,1.0
low_compressibility,9,capacity_aware_static,1,15,0.0,0.0,1,0,0,0,1.0
low_compressibility,9,capacity_aware_static,2,0,0.0,0.0,1,0,0,0,1.0
low_compressibility,9,capacity_aware_static,2,1,0.0,0.0,1,0,0,0,1.0
low_compressibility,9,capacity_aware_static,2,2,0.0,0.0,1,0,0,0,1.0
low_compressibility,9,capacity_aware_static,2,3,0.0,0.0,1,0,0,0,1.0
low_compressibility,9,capacity_aware_static,2,4,0.0,0.0,1,0,0,0,1.0
low_compressibility,9,capacity_aware_static,2,5,0.0,0.0,1,0,0,0,1.0
low_compressibility,9,capacity_aware_static,2,6,0.0,0.0,1,0,0,0,1.0
low_compressibility,9,capacity_aware_static,2,7,0.0,0.0,1,0,0,0,1.0
low_compressibility,9,capacity_aware_static,2,8,0.0,0.0,1,0,0,0,1.0
low_compressibility,9,capacity_aware_static,2,9,0.0,0.0,1,0,0,0,1.0
low_compressibility,9,capacity_aware_static,2,10,0.0,0.0,1,0,0,0,1.0
low_compressibility,9,capacity_aware_static,2,11,0.0,0.0,1,0,0,0,1.0
low_compressibility,9,capacity_aware_static,2,12,0.0,0.0,1,0,0,0,1.0
low_compressibility,9,capacity_aware_static,2,13,0.0,0.0,1,0,0,0,1.0
low_compressibility,9,capacity_aware_static,2,14,0.0,0.0,1,0,0,0,1.0
low_compressibility,9,capacity_aware_static,2,15,0.0,0.0,1,0,0,0,1.0
low_compressibility,9,capacity_aware_static,3,0,0.0,0.0,1,0,0,0,1.0
low_compressibility,9,capacity_aware_static,3,1,0.0,0.0,1,0,0,0,1.0
low_compressibility,9,capacity_aware_static,3,2,0.0,0.0,1,0,0,0,1.0
low_compressibility,9,capacity_aware_static,3,3,0.0,0.0,1,0,0,0,1.0
low_compressibility,9,capacity_aware_static,3,4,0.0,0.0,1,0,0,0,1.0
low_compressibility,9,capacity_aware_static,3,5,0.0,0.0,1,0,0,0,1.0
low_compressibility,9,capacity_aware_static,3,6,0.0,0.0,1,0,0,0,1.0
low_compressibility,9,capacity_aware_static,3,7,0.0,0.0,1,0,0,0,1.0
low_compressibility,9,capacity_aware_static,3,8,0.0,0.0,1,0,0,0,1.0
low_compressibility,9,capacity_aware_static,3,9,0.0,0.0,1,0,0,0,1.0
low_compressibility,9,capacity_aware_static,3,10,0.0,0.0,1,0,0,0,1.0
low_compressibility,9,capacity_aware_static,3,11,0.0,0.0,1,0,0,0,1.0
low_compressibility,9,capacity_aware_static,3,12,0.0,0.0,1,0,0,0,1.0
low_compressibility,9,capacity_aware_static,3,13,0.0,0.0,1,0,0,0,1.0
low_compressibility,9,capacity_aware_static,3,14,0.0,0.0,1,0,0,0,1.0
low_compressibility,9,capacity_aware_static,3,15,0.0,0.0,1,0,0,0,1.0
low_compressibility,9,capacity_aware_static,4,0,0.0,0.0,1,0,0,0,1.0
low_compressibility,9,capacity_aware_static,4,1,0.0,0.0,1,0,0,0,1.0
low_compressibility,9,capacity_aware_static,4,2,0.0,0.0,1,0,0,0,1.0
low_compressibility,9,capacity_aware_static,4,3,0.0,0.0,1,0,0,0,1.0
low_compressibility,9,capacity_aware_static,4,4,0.0,0.0,1,0,0,0,1.0
low_compressibility,9,capacity_aware_static,4,5,0.0,0.0,1,0,0,0,1.0
low_compressibility,9,capacity_aware_static,4,6,0.0,0.0,1,0,0,0,1.0
low_compressibility,9,capacity_aware_static,4,7,0.0,0.0,1,0,0,0,1.0
low_compressibility,9,capacity_aware_static,4,8,0.0,0.0,1,0,0,0,1.0
low_compressibility,9,capacity_aware_static,4,9,0.0,0.0,1,0,0,0,1.0
low_compressibility,9,capacity_aware_static,4,10,0.0,0.0,1,0,0,0,1.0
low_compressibility,9,capacity_aware_static,4,11,0.0,0.0,1,0,0,0,1.0
low_compressibility,9,capacity_aware_static,4,12,0.0,0.0,1,0,0,0,1.0
low_compressibility,9,capacity_aware_static,4,13,0.0,0.0,1,0,0,0,1.0
low_compressibility,9,capacity_aware_static,4,14,0.0,0.0,1,0,0,0,1.0
low_compressibility,9,capacity_aware_static,4,15,0.0,0.0,1,0,0,0,1.0
low_compressibility,9,capacity_aware_static,5,0,0.0,0.0,1,0,0,0,1.0
low_compressibility,9,capacity_aware_static,5,1,0.0,0.0,1,0,0,0,1.0
low_compressibility,9,capacity_aware_static,5,2,0.0,0.0,1,0,0,0,1.0
low_compressibility,9,capacity_aware_static,5,3,0.0,0.0,1,0,0,0,1.0
low_compressibility,9,capacity_aware_static,5,4,0.0,0.0,1,0,0,0,1.0
low_compressibility,9,capacity_aware_static,5,5,0.0,0.0,1,0,0,0,1.0
low_compressibility,9,capacity_aware_static,5,6,0.0,0.0,1,0,0,0,1.0
low_compressibility,9,capacity_aware_static,5,7,0.0,0.0,1,0,0,0,1.0
low_compressibility,9,capacity_aware_static,5,8,0.0,0.0,1,0,0,0,1.0
low_compressibility,9,capacity_aware_static,5,9,0.0,0.0,1,0,0,0,1.0
low_compressibility,9,capacity_aware_static,5,10,0.0,0.0,1,0,0,0,1.0
low_compressibility,9,capacity_aware_static,5,11,0.0,0.0,1,0,0,0,1.0
low_compressibility,9,capacity_aware_static,5,12,0.0,0.0,1,0,0,0,1.0
low_compressibility,9,capacity_aware_static,5,13,0.0,0.0,1,0,0,0,1.0
low_compressibility,9,capacity_aware_static,5,14,0.0,0.0,1,0,0,0,1.0
low_compressibility,9,capacity_aware_static,5,15,0.0,0.0,1,0,0,0,1.0
low_compressibility,9,capacity_aware_static,6,0,0.0,0.0,1,0,0,0,1.0
low_compressibility,9,capacity_aware_static,6,1,0.0,0.0,1,0,0,0,1.0
low_compressibility,9,capacity_aware_static,6,2,0.0,0.0,1,0,0,0,1.0
low_compressibility,9,capacity_aware_static,6,3,0.0,0.0,1,0,0,0,1.0
low_compressibility,9,capacity_aware_static,6,4,0.0,0.0,1,0,0,0,1.0
low_compressibility,9,capacity_aware_static,6,5,0.0,0.0,1,0,0,0,1.0
low_compressibility,9,capacity_aware_static,6,6,0.0,0.0,1,0,0,0,1.0
low_compressibility,9,capacity_aware_static,6,7,0.0,0.0,1,0,0,0,1.0
low_compressibility,9,capacity_aware_static,6,8,0.0,0.0,1,0,0,0,1.0
low_compressibility,9,capacity_aware_static,6,9,0.0,0.0,1,0,0,0,1.0
low_compressibility,9,capacity_aware_static,6,10,0.0,0.0,1,0,0,0,1.0
low_compressibility,9,capacity_aware_static,6,11,0.0,0.0,1,0,0,0,1.0
low_compressibility,9,capacity_aware_static,6,12,0.0,0.0,1,0,0,0,1.0
low_compressibility,9,capacity_aware_static,6,13,0.0,0.0,1,0,0,0,1.0
low_compressibility,9,capacity_aware_static,6,14,0.0,0.0,1,0,0,0,1.0
low_compressibility,9,capacity_aware_static,6,15,0.0,0.0,1,0,0,0,1.0
low_compressibility,9,capacity_aware_static,7,0,0.0,0.0,1,0,0,0,1.0
low_compressibility,9,capacity_aware_static,7,1,0.0,0.0,1,0,0,0,1.0
low_compressibility,9,capacity_aware_static,7,2,0.0,0.0,1,0,0,0,1.0
low_compressibility,9,capacity_aware_static,7,3,0.0,0.0,1,0,0,0,1.0
low_compressibility,9,capacity_aware_static,7,4,0.0,0.0,1,0,0,0,1.0
low_compressibility,9,capacity_aware_static,7,5,0.0,0.0,1,0,0,0,1.0
low_compressibility,9,capacity_aware_static,7,6,0.0,0.0,1,0,0,0,1.0
low_compressibility,9,capacity_aware_static,7,7,0.0,0.0,1,0,0,0,1.0
low_compressibility,9,capacity_aware_static,7,8,0.0,0.0,1,0,0,0,1.0
low_compressibility,9,capacity_aware_static,7,9,0.0,0.0,1,0,0,0,1.0
low_compressibility,9,capacity_aware_static,7,10,0.0,0.0,1,0,0,0,1.0
low_compressibility,9,capacity_aware_static,7,11,0.0,0.0,1,0,0,0,1.0
low_compressibility,9,capacity_aware_static,7,12,0.0,0.0,1,0,0,0,1.0
low_compressibility,9,capacity_aware_static,7,13,0.0,0.0,1,0,0,0,1.0
low_compressibility,9,capacity_aware_static,7,14,0.0,0.0,1,0,0,0,1.0
low_compressibility,9,capacity_aware_static,7,15,0.0,0.0,1,0,0,0,1.0
low_compressibility,9,smoothed,1,0,0.0,0.0,1,0,0,0,1.0
low_compressibility,9,smoothed,1,1,0.0,0.0,1,0,0,0,1.0
low_compressibility,9,smoothed,1,2,0.0,0.0,1,0,0,0,1.0
low_compressibility,9,smoothed,1,3,0.0,0.0,1,0,0,0,1.0
low_compressibility,9,smoothed,1,4,0.0,0.0,1,0,0,0,1.0
low_compressibility,9,smoothed,1,5,0.0,0.0,1,0,0,0,1.0
low_compressibility,9,smoothed,1,6,0.0,0.0,1,0,0,0,1.0
low_compressibility,9,smoothed,1,7,0.0,0.0,1,0,0,0,1.0
low_compressibility,9,smoothed,1,8,0.0,0.0,1,0,0,0,1.0
low_compressibility,9,smoothed,1,9,0.0,0.0,1,0,0,0,1.0
low_compressibility,9,smoothed,1,10,0.0,0.0,1,0,0,0,1.0
low_compressibility,9,smoothed,1,11,0.0,0.0,1,0,0,0,1.0
low_compressibility,9,smoothed,1,12,0.0,0.0,1,0,0,0,1.0
low_compressibility,9,smoothed,1,13,0.0,0.0,1,0,0,0,1.0
low_compressibility,9,smoothed,1,14,0.0,0.0,1,0,0,0,1.0
low_compressibility,9,smoothed,1,15,0.0,0.0,1,0,0,0,1.0
low_compressibility,9,smoothed,2,0,0.0,0.0,1,0,0,0,1.0
low_compressibility,9,smoothed,2,1,0.0,0.0,1,0,0,0,1.0
low_compressibility,9,smoothed,2,2,0.0,0.0,1,0,0,0,1.0
low_compressibility,9,smoothed,2,3,0.0,0.0,1,0,0,0,1.0
low_compressibility,9,smoothed,2,4,0.0,0.0,1,0,0,0,1.0
low_compressibility,9,smoothed,2,5,0.0,0.0,1,0,0,0,1.0
low_compressibility,9,smoothed,2,6,0.0,0.0,1,0,0,0,1.0
low_compressibility,9,smoothed,2,7,0.0,0.0,1,0,0,0,1.0
low_compressibility,9,smoothed,2,8,0.0,0.0,1,0,0,0,1.0
low_compressibility,9,smoothed,2,9,0.0,0.0,1,0,0,0,1.0
low_compressibility,9,smoothed,2,10,0.0,0.0,1,0,0,0,1.0
low_compressibility,9,smoothed,2,11,0.0,0.0,1,0,0,0,1.0
low_compressibility,9,smoothed,2,12,0.0,0.0,1,0,0,0,1.0
low_compressibility,9,smoothed,2,13,0.0,0.0,1,0,0,0,1.0
low_compressibility,9,smoothed,2,14,0.0,0.0,1,0,0,0,1.0
low_compressibility,9,smoothed,2,15,0.0,0.0,1,0,0,0,1.0
low_compressibility,9,smoothed,3,0,0.0,0.0,1,0,0,0,1.0
low_compressibility,9,smoothed,3,1,0.0,0.0,1,0,0,0,1.0
low_compressibility,9,smoothed,3,2,0.0,0.0,1,0,0,0,1.0
low_compressibility,9,smoothed,3,3,0.0,0.0,1,0,0,0,1.0
low_compressibility,9,smoothed,3,4,0.0,0.0,1,0,0,0,1.0
low_compressibility,9,smoothed,3,5,0.0,0.0,1,0,0,0,1.0
low_compressibility,9,smoothed,3,6,0.0,0.0,1,0,0,0,1.0
low_compressibility,9,smoothed,3,7,0.0,0.0,1,0,0,0,1.0
low_compressibility,9,smoothed,3,8,0.0,0.0,1,0,0,0,1.0
low_compressibility,9,smoothed,3,9,0.0,0.0,1,0,0,0,1.0
low_compressibility,9,smoothed,3,10,0.0,0.0,1,0,0,0,1.0
low_compressibility,9,smoothed,3,11,0.0,0.0,1,0,0,0,1.0
low_compressibility,9,smoothed,3,12,0.0,0.0,1,0,0,0,1.0
low_compressibility,9,smoothed,3,13,0.0,0.0,1,0,0,0,1.0
low_compressibility,9,smoothed,3,14,0.0,0.0,1,0,0,0,1.0
low_compressibility,9,smoothed,3,15,0.0,0.0,1,0,0,0,1.0
low_compressibility,9,smoothed,4,0,0.0,0.0,1,0,0,0,1.0
low_compressibility,9,smoothed,4,1,0.0,0.0,1,0,0,0,1.0
low_compressibility,9,smoothed,4,2,0.0,0.0,1,0,0,0,1.0
low_compressibility,9,smoothed,4,3,0.0,0.0,1,0,0,0,1.0
low_compressibility,9,smoothed,4,4,0.0,0.0,1,0,0,0,1.0
low_compressibility,9,smoothed,4,5,0.0,0.0,1,0,0,0,1.0
low_compressibility,9,smoothed,4,6,0.0,0.0,1,0,0,0,1.0
low_compressibility,9,smoothed,4,7,0.0,0.0,1,0,0,0,1.0
low_compressibility,9,smoothed,4,8,0.0,0.0,1,0,0,0,1.0
low_compressibility,9,smoothed,4,9,0.0,0.0,1,0,0,0,1.0
low_compressibility,9,smoothed,4,10,0.0,0.0,1,0,0,0,1.0
low_compressibility,9,smoothed,4,11,0.0,0.0,1,0,0,0,1.0
low_compressibility,9,smoothed,4,12,0.0,0.0,1,0,0,0,1.0
low_compressibility,9,smoothed,4,13,0.0,0.0,1,0,0,0,1.0
low_compressibility,9,smoothed,4,14,0.0,0.0,1,0,0,0,1.0
low_compressibility,9,smoothed,4,15,0.0,0.0,1,0,0,0,1.0
low_compressibility,9,smoothed,5,0,0.0,0.0,1,0,0,0,1.0
low_compressibility,9,smoothed,5,1,0.0,0.0,1,0,0,0,1.0
low_compressibility,9,smoothed,5,2,0.0,0.0,1,0,0,0,1.0
low_compressibility,9,smoothed,5,3,0.0,0.0,1,0,0,0,1.0
low_compressibility,9,smoothed,5,4,0.0,0.0,1,0,0,0,1.0
low_compressibility,9,smoothed,5,5,0.0,0.0,1,0,0,0,1.0
low_compressibility,9,smoothed,5,6,0.0,0.0,1,0,0,0,1.0
low_compressibility,9,smoothed,5,7,0.0,0.0,1,0,0,0,1.0
low_compressibility,9,smoothed,5,8,0.0,0.0,1,0,0,0,1.0
low_compressibility,9,smoothed,5,9,0.0,0.0,1,0,0,0,1.0
low_compressibility,9,smoothed,5,10,0.0,0.0,1,0,0,0,1.0
low_compressibility,9,smoothed,5,11,0.0,0.0,1,0,0,0,1.0
low_compressibility,9,smoothed,5,12,0.0,0.0,1,0,0,0,1.0
low_compressibility,9,smoothed,5,13,0.0,0.0,1,0,0,0,1.0
low_compressibility,9,smoothed,5,14,0.0,0.0,1,0,0,0,1.0
low_compressibility,9,smoothed,5,15,0.0,0.0,1,0,0,0,1.0
low_compressibility,9,smoothed,6,0,0.0,0.0,1,0,0,0,1.0
low_compressibility,9,smoothed,6,1,0.0,0.0,1,0,0,0,1.0
low_compressibility,9,smoothed,6,2,0.0,0.0,1,0,0,0,1.0
low_compressibility,9,smoothed,6,3,0.0,0.0,1,0,0,0,1.0
low_compressibility,9,smoothed,6,4,0.0,0.0,1,0,0,0,1.0
low_compressibility,9,smoothed,6,5,0.0,0.0,1,0,0,0,1.0
low_compressibility,9,smoothed,6,6,0.0,0.0,1,0,0,0,1.0
low_compressibility,9,smoothed,6,7,0.0,0.0,1,0,0,0,1.0
low_compressibility,9,smoothed,6,8,0.0,0.0,1,0,0,0,1.0
low_compressibility,9,smoothed,6,9,0.0,0.0,1,0,0,0,1.0
low_compressibility,9,smoothed,6,10,0.0,0.0,1,0,0,0,1.0
low_compressibility,9,smoothed,6,11,0.0,0.0,1,0,0,0,1.0
low_compressibility,9,smoothed,6,12,0.0,0.0,1,0,0,0,1.0
low_compressibility,9,smoothed,6,13,0.0,0.0,1,0,0,0,1.0
low_compressibility,9,smoothed,6,14,0.0,0.0,1,0,0,0,1.0
low_compressibility,9,smoothed,6,15,0.0,0.0,1,0,0,0,1.0
low_compressibility,9,smoothed,7,0,0.0,0.0,1,0,0,0,1.0
low_compressibility,9,smoothed,7,1,0.0,0.0,1,0,0,0,1.0
low_compressibility,9,smoothed,7,2,0.0,0.0,1,0,0,0,1.0
low_compressibility,9,smoothed,7,3,0.0,0.0,1,0,0,0,1.0
low_compressibility,9,smoothed,7,4,0.0,0.0,1,0,0,0,1.0
low_compressibility,9,smoothed,7,5,0.0,0.0,1,0,0,0,1.0
low_compressibility,9,smoothed,7,6,0.0,0.0,1,0,0,0,1.0
low_compressibility,9,smoothed,7,7,0.0,0.0,1,0,0,0,1.0
low_compressibility,9,smoothed,7,8,0.0,0.0,1,0,0,0,1.0
low_compressibility,9,smoothed,7,9,0.0,0.0,1,0,0,0,1.0
low_compressibility,9,smoothed,7,10,0.0,0.0,1,0,0,0,1.0
low_compressibility,9,smoothed,7,11,0.0,0.0,1,0,0,0,1.0
low_compressibility,9,smoothed,7,12,0.0,0.0,1,0,0,0,1.0
low_compressibility,9,smoothed,7,13,0.0,0.0,1,0,0,0,1.0
low_compressibility,9,smoothed,7,14,0.0,0.0,1,0,0,0,1.0
low_compressibility,9,smoothed,7,15,0.0,0.0,1,0,0,0,1.0
low_compressibility,9,static_min,1,0,0.0,0.0,1,0,0,0,1.0
low_compressibility,9,static_min,1,1,0.0,0.0,1,0,0,0,1.0
low_compressibility,9,static_min,1,2,0.0,0.0,1,0,0,0,1.0
low_compressibility,9,static_min,1,3,0.0,0.0,1,0,0,0,1.0
low_compressibility,9,static_min,1,4,0.0,0.0,1,0,0,0,1.0
low_compressibility,9,static_min,1,5,0.0,0.0,1,0,0,0,1.0
low_compressibility,9,static_min,1,6,0.0,0.0,1,0,0,0,1.0
low_compressibility,9,static_min,1,7,0.0,0.0,1,0,0,0,1.0
low_compressibility,9,static_min,1,8,0.0,0.0,1,0,0,0,1.0
low_compressibility,9,static_min,1,9,0.0,0.0,1,0,0,0,1.0
low_compressibility,9,static_min,1,10,0.0,0.0,1,0,0,0,1.0
low_compressibility,9,static_min,1,11,0.0,0.0,1,0,0,0,1.0
low_compressibility,9,static_min,1,12,0.0,0.0,1,0,0,0,1.0
low_compressibility,9,static_min,1,13,0.0,0.0,1,0,0,0,1.0
low_compressibility,9,static_min,1,14,0.0,0.0,1,0,0,0,1.0
low_compressibility,9,static_min,1,15,0.0,0.0,1,0,0,0,1.0
low_compressibility,9,static_min,2,0,0.0,0.0,1,0,0,0,1.0
low_compressibility,9,static_min,2,1,0.0,0.0,1,0,0,0,1.0
low_compressibility,9,static_min,2,2,0.0,0.0,1,0,0,0,1.0
low_compressibility,9,static_min,2,3,0.0,0.0,1,0,0,0,1.0
low_compressibility,9,static_min,2,4,0.0,0.0,1,0,0,0,1.0
low_compressibility,9,static_min,2,5,0.0,0.0,1,0,0,0,1.0
low_compressibility,9,static_min,2,6,0.0,0.0,1,0,0,0,1.0
low_compressibility,9,static_min,2,7,0.0,0.0,1,0,0,0,1.0
low_compressibility,9,static_min,2,8,0.0,0.0,1,0,0,0,1.0
low_compressibility,9,static_min,2,9,0.0,0.0,1,0,0,0,1.0
low_compressibility,9,static_min,2,10,0.0,0.0,1,0,0,0,1.0
low_compressibility,9,static_min,2,11,0.0,0.0,1,0,0,0,1.0
low_compressibility,9,static_min,2,12,0.0,0.0,1,0,0,0,1.0
low_compressibility,9,static_min,2,13,0.0,0.0,1,0,0,0,1.0
low_compressibility,9,static_min,2,14,0.0,0.0,1,0,0,0,1.0
low_compressibility,9,static_min,2,15,0.0,0.0,1,0,0,0,1.0
low_compressibility,9,static_min,3,0,0.0,0.0,1,0,0,0,1.0
low_compressibility,9,static_min,3,1,0.0,0.0,1,0,0,0,1.0
low_compressibility,9,static_min,3,2,0.0,0.0,1,0,0,0,1.0
low_compressibility,9,static_min,3,3,0.0,0.0,1,0,0,0,1.0
low_compressibility,9,static_min,3,4,0.0,0.0,1,0,0,0,1.0
low_compressibility,9,static_min,3,5,0.0,0.0,1,0,0,0,1.0
low_compressibility,9,static_min,3,6,0.0,0.0,1,0,0,0,1.0
low_compressibility,9,static_min,3,7,0.0,0.0,1,0,0,0,1.0
low_compressibility,9,static_min,3,8,0.0,0.0,1,0,0,0,1.0
low_compressibility,9,static_min,3,9,0.0,0.0,1,0,0,0,1.0
low_compressibility,9,static_min,3,10,0.0,0.0,1,0,0,0,1.0
low_compressibility,9,static_min,3,11,0.0,0.0,1,0,0,0,1.0
low_compressibility,9,static_min,3,12,0.0,0.0,1,0,0,0,1.0
low_compressibility,9,static_min,3,13,0.0,0.0,1,0,0,0,1.0
low_compressibility,9,static_min,3,14,0.0,0.0,1,0,0,0,1.0
low_compressibility,9,static_min,3,15,0.0,0.0,1,0,0,0,1.0
low_compressibility,9,static_min,4,0,0.0,0.0,1,0,0,0,1.0
low_compressibility,9,static_min,4,1,0.0,0.0,1,0,0,0,1.0
low_compressibility,9,static_min,4,2,0.0,0.0,1,0,0,0,1.0
low_compressibility,9,static_min,4,3,0.0,0.0,1,0,0,0,1.0
low_compressibility,9,static_min,4,4,0.0,0.0,1,0,0,0,1.0
low_compressibility,9,static_min,4,5,0.0,0.0,1,0,0,0,1.0
low_compressibility,9,static_min,4,6,0.0,0.0,1,0,0,0,1.0
low_compressibility,9,static_min,4,7,0.0,0.0,1,0,0,0,1.0
low_compressibility,9,static_min,4,8,0.0,0.0,1,0,0,0,1.0
low_compressibility,9,static_min,4,9,0.0,0.0,1,0,0,0,1.0
low_compressibility,9,static_min,4,10,0.0,0.0,1,0,0,0,1.0
low_compressibility,9,static_min,4,11,0.0,0.0,1,0,0,0,1.0
low_compressibility,9,static_min,4,12,0.0,0.0,1,0,0,0,1.0
low_compressibility,9,static_min,4,13,0.0,0.0,1,0,0,0,1.0
low_compressibility,9,static_min,4,14,0.0,0.0,1,0,0,0,1.0
low_compressibility,9,static_min,4,15,0.0,0.0,1,0,0,0,1.0
low_compressibility,9,static_min,5,0,0.0,0.0,1,0,0,0,1.0
low_compressibility,9,static_min,5,1,0.0,0.0,1,0,0,0,1.0
low_compressibility,9,static_min,5,2,0.0,0.0,1,0,0,0,1.0
low_compressibility,9,static_min,5,3,0.0,0.0,1,0,0,0,1.0
low_compressibility,9,static_min,5,4,0.0,0.0,1,0,0,0,1.0
low_compressibility,9,static_min,5,5,0.0,0.0,1,0,0,0,1.0
low_compressibility,9,static_min,5,6,0.0,0.0,1,0,0,0,1.0
low_compressibility,9,static_min,5,7,0.0,0.0,1,0,0,0,1.0
low_compressibility,9,static_min,5,8,0.0,0.0,1,0,0,0,1.0
low_compressibility,9,static_min,5,9,0.0,0.0,1,0,0,0,1.0
low_compressibility,9,static_min,5,10,0.0,0.0,1,0,0,0,1.0
low_compressibility,9,static_min,5,11,0.0,0.0,1,0,0,0,1.0
low_compressibility,9,static_min,5,12,0.0,0.0,1,0,0,0,1.0
low_compressibility,9,static_min,5,13,0.0,0.0,1,0,0,0,1.0
low_compressibility,9,static_min,5,14,0.0,0.0,1,0,0,0,1.0
low_compressibility,9,static_min,5,15,0.0,0.0,1,0,0,0,1.0
low_compressibility,9,static_min,6,0,0.0,0.0,1,0,0,0,1.0
low_compressibility,9,static_min,6,1,0.0,0.0,1,0,0,0,1.0
low_compressibility,9,static_min,6,2,0.0,0.0,1,0,0,0,1.0
low_compressibility,9,static_min,6,3,0.0,0.0,1,0,0,0,1.0
low_compressibility,9,static_min,6,4,0.0,0.0,1,0,0,0,1.0
low_compressibility,9,static_min,6,5,0.0,0.0,1,0,0,0,1.0
low_compressibility,9,static_min,6,6,0.0,0.0,1,0,0,0,1.0
low_compressibility,9,static_min,6,7,0.0,0.0,1,0,0,0,1.0
low_compressibility,9,static_min,6,8,0.0,0.0,1,0,0,0,1.0
low_compressibility,9,static_min,6,9,0.0,0.0,1,0,0,0,1.0
low_compressibility,9,static_min,6,10,0.0,0.0,1,0,0,0,1.0
low_compressibility,9,static_min,6,11,0.0,0.0,1,0,0,0,1.0
low_compressibility,9,static_min,6,12,0.0,0.0,1,0,0,0,1.0
low_compressibility,9,static_min,6,13,0.0,0.0,1,0,0,0,1.0
low_compressibility,9,static_min,6,14,0.0,0.0,1,0,0,0,1.0
low_compressibility,9,static_min,6,15,0.0,0.0,1,0,0,0,1.0
low_compressibility,9,static_min,7,0,0.0,0.0,1,0,0,0,1.0
low_compressibility,9,static_min,7,1,0.0,0.0,1,0,0,0,1.0
low_compressibility,9,static_min,7,2,0.0,0.0,1,0,0,0,1.0
low_compressibility,9,static_min,7,3,0.0,0.0,1,0,0,0,1.0
low_compressibility,9,static_min,7,4,0.0,0.0,1,0,0,0,1.0
low_compressibility,9,static_min,7,5,0.0,0.0,1,0,0,0,1.0
low_compressibility,9,static_min,7,6,0.0,0.0,1,0,0,0,1.0
low_compressibility,9,static_min,7,7,0.0,0.0,1,0,0,0,1.0
low_compressibility,9,static_min,7,8,0.0,0.0,1,0,0,0,1.0
low_compressibility,9,static_min,7,9,0.0,0.0,1,0,0,0,1.0
low_compressibility,9,static_min,7,10,0.0,0.0,1,0,0,0,1.0
low_compressibility,9,static_min,7,11,0.0,0.0,1,0,0,0,1.0
low_compressibility,9,static_min,7,12,0.0,0.0,1,0,0,0,1.0
low_compressibility,9,static_min,7,13,0.0,0.0,1,0,0,0,1.0
low_compressibility,9,static_min,7,14,0.0,0.0,1,0,0,0,1.0
low_compressibility,9,static_min,7,15,0.0,0.0,1,0,0,0,1.0
medium_compressibility,1,capacity_aware_static,1,0,0.68,3.4,1,0,0,0,1.0
medium_compressibility,1,capacity_aware_static,1,1,0.68,3.4,1,0,0,0,1.0
medium_compressibility,1,capacity_aware_static,1,2,0.68,3.4,1,0,0,0,1.0
medium_compressibility,1,capacity_aware_static,1,3,0.68,3.4,1,0,0,0,1.0
medium_compressibility,1,capacity_aware_static,1,4,0.68,3.4,1,0,0,0,1.0
medium_compressibility,1,capacity_aware_static,1,5,0.68,3.4,1,0,0,0,1.0
medium_compressibility,1,capacity_aware_static,1,6,0.68,3.4,1,0,0,0,1.0
medium_compressibility,1,capacity_aware_static,1,7,0.68,3.4,1,0,0,0,1.0
medium_compressibility,1,capacity_aware_static,1,8,0.68,3.4,1,0,0,0,1.0
medium_compressibility,1,capacity_aware_static,1,9,0.68,3.4,1,0,0,0,1.0
medium_compressibility,1,capacity_aware_static,1,10,0.68,3.4,1,0,0,0,1.0
medium_compressibility,1,capacity_aware_static,1,11,0.68,3.4,1,0,0,0,1.0
medium_compressibility,1,capacity_aware_static,1,12,0.68,3.4,1,0,0,0,1.0
medium_compressibility,1,capacity_aware_static,1,13,0.68,3.4,1,0,0,0,1.0
medium_compressibility,1,capacity_aware_static,1,14,0.68,3.4,1,0,0,0,1.0
medium_compressibility,1,capacity_aware_static,1,15,0.68,3.4,1,0,0,0,1.0
medium_compressibility,1,capacity_aware_static,2,0,0.68,3.4,2,0,0,0,1.0
medium_compressibility,1,capacity_aware_static,2,1,0.68,3.4,2,0,0,0,1.0
medium_compressibility,1,capacity_aware_static,2,2,0.68,3.4,2,0,0,0,1.0
medium_compressibility,1,capacity_aware_static,2,3,0.68,3.4,2,0,0,0,1.0
medium_compressibility,1,capacity_aware_static,2,4,0.68,3.4,2,0,0,0,1.0
medium_compressibility,1,capacity_aware_static,2,5,0.68,3.4,2,0,0,0,1.0
medium_compressibility,1,capacity_aware_static,2,6,0.68,3.4,2,0,0,0,1.0
medium_compressibility,1,capacity_aware_static,2,7,0.68,3.4,2,0,0,0,1.0
medium_compressibility,1,capacity_aware_static,2,8,0.68,3.4,2,0,0,0,1.0
medium_compressibility,1,capacity_aware_static,2,9,0.68,3.4,2,0,0,0,1.0
medium_compressibility,1,capacity_aware_static,2,10,0.68,3.4,2,0,0,0,1.0
medium_compressibility,1,capacity_aware_static,2,11,0.68,3.4,2,0,0,0,1.0
medium_compressibility,1,capacity_aware_static,2,12,0.68,3.4,2,0,0,0,1.0
medium_compressibility,1,capacity_aware_static,2,13,0.68,3.4,2,0,0,0,1.0
medium_compressibility,1,capacity_aware_static,2,14,0.68,3.4,2,0,0,0,1.0
medium_compressibility,1,capacity_aware_static,2,15,0.68,3.4,2,0,0,0,1.0
medium_compressibility,1,capacity_aware_static,3,0,0.68,3.4,3,0,0,0,1.0
medium_compressibility,1,capacity_aware_static,3,1,0.68,3.4,3,0,0,0,1.0
medium_compressibility,1,capacity_aware_static,3,2,0.68,3.4,3,0,0,0,1.0
medium_compressibility,1,capacity_aware_static,3,3,0.68,3.4,3,0,0,0,1.0
medium_compressibility,1,capacity_aware_static,3,4,0.68,3.4,3,0,0,0,1.0
medium_compressibility,1,capacity_aware_static,3,5,0.68,3.4,3,0,0,0,1.0
medium_compressibility,1,capacity_aware_static,3,6,0.68,3.4,3,0,0,0,1.0
medium_compressibility,1,capacity_aware_static,3,7,0.68,3.4,3,0,0,0,1.0
medium_compressibility,1,capacity_aware_static,3,8,0.68,3.4,3,0,0,0,1.0
medium_compressibility,1,capacity_aware_static,3,9,0.68,3.4,3,0,0,0,1.0
medium_compressibility,1,capacity_aware_static,3,10,0.68,3.4,3,0,0,0,1.0
medium_compressibility,1,capacity_aware_static,3,11,0.68,3.4,3,0,0,0,1.0
medium_compressibility,1,capacity_aware_static,3,12,0.68,3.4,3,0,0,0,1.0
medium_compressibility,1,capacity_aware_static,3,13,0.68,3.4,3,0,0,0,1.0
medium_compressibility,1,capacity_aware_static,3,14,0.68,3.4,3,0,0,0,1.0
medium_compressibility,1,capacity_aware_static,3,15,0.68,3.4,3,0,0,0,1.0
medium_compressibility,1,capacity_aware_static,4,0,0.68,3.4,3,0,0,0,1.0
medium_compressibility,1,capacity_aware_static,4,1,0.68,3.4,3,0,0,0,1.0
medium_compressibility,1,capacity_aware_static,4,2,0.68,3.4,3,0,0,0,1.0
medium_compressibility,1,capacity_aware_static,4,3,0.68,3.4,3,0,0,0,1.0
medium_compressibility,1,capacity_aware_static,4,4,0.68,3.4,3,0,0,0,1.0
medium_compressibility,1,capacity_aware_static,4,5,0.68,3.4,3,0,0,0,1.0
medium_compressibility,1,capacity_aware_static,4,6,0.68,3.4,3,0,0,0,1.0
medium_compressibility,1,capacity_aware_static,4,7,0.68,3.4,3,0,0,0,1.0
medium_compressibility,1,capacity_aware_static,4,8,0.68,3.4,3,0,0,0,1.0
medium_compressibility,1,capacity_aware_static,4,9,0.68,3.4,3,0,0,0,1.0
medium_compressibility,1,capacity_aware_static,4,10,0.68,3.4,3,0,0,0,1.0
medium_compressibility,1,capacity_aware_static,4,11,0.68,3.4,3,0,0,0,1.0
medium_compressibility,1,capacity_aware_static,4,12,0.68,3.4,3,0,0,0,1.0
medium_compressibility,1,capacity_aware_static,4,13,0.68,3.4,3,0,0,0,1.0
medium_compressibility,1,capacity_aware_static,4,14,0.68,3.4,3,0,0,0,1.0
medium_compressibility,1,capacity_aware_static,4,15,0.68,3.4,3,0,0,0,1.0
medium_compressibility,1,capacity_aware_static,5,0,0.68,3.4,3,0,0,0,1.0
medium_compressibility,1,capacity_aware_static,5,1,0.68,3.4,3,0,0,0,1.0
medium_compressibility,1,capacity_aware_static,5,2,0.68,3.4,3,0,0,0,1.0
medium_compressibility,1,capacity_aware_static,5,3,0.68,3.4,3,0,0,0,1.0
medium_compressibility,1,capacity_aware_static,5,4,0.68,3.4,3,0,0,0,1.0
medium_compressibility,1,capacity_aware_static,5,5,0.68,3.4,3,0,0,0,1.0
medium_compressibility,1,capacity_aware_static,5,6,0.68,3.4,3,0,0,0,1.0
medium_compressibility,1,capacity_aware_static,5,7,0.68,3.4,3,0,0,0,1.0
medium_compressibility,1,capacity_aware_static,5,8,0.68,3.4,3,0,0,0,1.0
medium_compressibility,1,capacity_aware_static,5,9,0.68,3.4,3,0,0,0,1.0
medium_compressibility,1,capacity_aware_static,5,10,0.68,3.4,3,0,0,0,1.0
medium_compressibility,1,capacity_aware_static,5,11,0.68,3.4,3,0,0,0,1.0
medium_compressibility,1,capacity_aware_static,5,12,0.68,3.4,3,0,0,0,1.0
medium_compressibility,1,capacity_aware_static,5,13,0.68,3.4,3,0,0,0,1.0
medium_compressibility,1,capacity_aware_static,5,14,0.68,3.4,3,0,0,0,1.0
medium_compressibility,1,capacity_aware_static,5,15,0.68,3.4,3,0,0,0,1.0
medium_compressibility,1,capacity_aware_static,6,0,0.68,3.4,3,0,0,0,1.0
medium_compressibility,1,capacity_aware_static,6,1,0.68,3.4,3,0,0,0,1.0
medium_compressibility,1,capacity_aware_static,6,2,0.68,3.4,3,0,0,0,1.0
medium_compressibility,1,capacity_aware_static,6,3,0.68,3.4,3,0,0,0,1.0
medium_compressibility,1,capacity_aware_static,6,4,0.68,3.4,3,0,0,0,1.0
medium_compressibility,1,capacity_aware_static,6,5,0.68,3.4,3,0,0,0,1.0
medium_compressibility,1,capacity_aware_static,6,6,0.68,3.4,3,0,0,0,1.0
medium_compressibility,1,capacity_aware_static,6,7,0.68,3.4,3,0,0,0,1.0
medium_compressibility,1,capacity_aware_static,6,8,0.68,3.4,3,0,0,0,1.0
medium_compressibility,1,capacity_aware_static,6,9,0.68,3.4,3,0,0,0,1.0
medium_compressibility,1,capacity_aware_static,6,10,0.68,3.4,3,0,0,0,1.0
medium_compressibility,1,capacity_aware_static,6,11,0.68,3.4,3,0,0,0,1.0
medium_compressibility,1,capacity_aware_static,6,12,0.68,3.4,3,0,0,0,1.0
medium_compressibility,1,capacity_aware_static,6,13,0.68,3.4,3,0,0,0,1.0
medium_compressibility,1,capacity_aware_static,6,14,0.68,3.4,3,0,0,0,1.0
medium_compressibility,1,capacity_aware_static,6,15,0.68,3.4,3,0,0,0,1.0
medium_compressibility,1,capacity_aware_static,7,0,0.68,3.4,3,0,0,0,1.0
medium_compressibility,1,capacity_aware_static,7,1,0.68,3.4,3,0,0,0,1.0
medium_compressibility,1,capacity_aware_static,7,2,0.68,3.4,3,0,0,0,1.0
medium_compressibility,1,capacity_aware_static,7,3,0.68,3.4,3,0,0,0,1.0
medium_compressibility,1,capacity_aware_static,7,4,0.68,3.4,3,0,0,0,1.0
medium_compressibility,1,capacity_aware_static,7,5,0.68,3.4,3,0,0,0,1.0
medium_compressibility,1,capacity_aware_static,7,6,0.68,3.4,3,0,0,0,1.0
medium_compressibility,1,capacity_aware_static,7,7,0.68,3.4,3,0,0,0,1.0
medium_compressibility,1,capacity_aware_static,7,8,0.68,3.4,3,0,0,0,1.0
medium_compressibility,1,capacity_aware_static,7,9,0.68,3.4,3,0,0,0,1.0
medium_compressibility,1,capacity_aware_static,7,10,0.68,3.4,3,0,0,0,1.0
medium_compressibility,1,capacity_aware_static,7,11,0.68,3.4,3,0,0,0,1.0
medium_compressibility,1,capacity_aware_static,7,12,0.68,3.4,3,0,0,0,1.0
medium_compressibility,1,capacity_aware_static,7,13,0.68,3.4,3,0,0,0,1.0
medium_compressibility,1,capacity_aware_static,7,14,0.68,3.4,3,0,0,0,1.0
medium_compressibility,1,capacity_aware_static,7,15,0.68,3.4,3,0,0,0,1.0
medium_compressibility,1,smoothed,1,0,0.68,3.4,2,6,6,1,inf
medium_compressibility,1,smoothed,1,1,0.68,3.4,2,6,6,1,1.3157894736842106
medium_compressibility,1,smoothed,1,2,0.68,3.4,2,6,6,1,1.3157894736842106
medium_compressibility,1,smoothed,1,3,0.68,3.4,2,6,6,1,1.3157894736842106
medium_compressibility,1,smoothed,1,4,0.68,3.4,2,6,6,1,1.3157894736842106
medium_compressibility,1,smoothed,1,5,0.68,3.4,2,6,6,1,1.3157894736842106
medium_compressibility,1,smoothed,1,6,0.68,3.4,2,6,6,1,1.3157894736842106
medium_compressibility,1,smoothed,1,7,0.68,3.4,2,6,6,1,1.3157894736842106
medium_compressibility,1,smoothed,1,8,0.68,3.4,2,6,6,1,1.3157894736842106
medium_compressibility,1,smoothed,1,9,0.68,3.4,2,6,6,1,1.3157894736842106
medium_compressibility,1,smoothed,1,10,0.68,3.4,2,6,6,1,1.3157894736842106
medium_compressibility,1,smoothed,1,11,0.68,3.4,2,6,6,1,1.3157894736842106
medium_compressibility,1,smoothed,1,12,0.68,3.4,2,6,6,1,1.3157894736842106
medium_compressibility,1,smoothed,1,13,0.68,3.4,2,6,6,1,1.3157894736842106
medium_compressibility,1,smoothed,1,14,0.68,3.4,2,6,6,1,1.3157894736842106
medium_compressibility,1,smoothed,1,15,0.68,3.4,2,6,6,1,1.3157894736842106
medium_compressibility,1,smoothed,2,0,0.68,3.4,2,0,0,0,1.0
medium_compressibility,1,smoothed,2,1,0.68,3.4,2,0,0,0,1.0
medium_compressibility,1,smoothed,2,2,0.68,3.4,2,0,0,0,1.0
medium_compressibility,1,smoothed,2,3,0.68,3.4,2,0,0,0,1.0
medium_compressibility,1,smoothed,2,4,0.68,3.4,2,0,0,0,1.0
medium_compressibility,1,smoothed,2,5,0.68,3.4,2,0,0,0,1.0
medium_compressibility,1,smoothed,2,6,0.68,3.4,2,0,0,0,1.0
medium_compressibility,1,smoothed,2,7,0.68,3.4,2,0,0,0,1.0
medium_compressibility,1,smoothed,2,8,0.68,3.4,2,0,0,0,1.0
medium_compressibility,1,smoothed,2,9,0.68,3.4,2,0,0,0,1.0
medium_compressibility,1,smoothed,2,10,0.68,3.4,2,0,0,0,1.0
medium_compressibility,1,smoothed,2,11,0.68,3.4,2,0,0,0,1.0
medium_compressibility,1,smoothed,2,12,0.68,3.4,2,0,0,0,1.0
medium_compressibility,1,smoothed,2,13,0.68,3.4,2,0,0,0,1.0
medium_compressibility,1,smoothed,2,14,0.68,3.4,2,0,0,0,1.0
medium_compressibility,1,smoothed,2,15,0.68,3.4,2,0,0,0,1.0
medium_compressibility,1,smoothed,3,0,0.68,3.4,2,0,0,0,1.0
medium_compressibility,1,smoothed,3,1,0.68,3.4,2,0,0,0,1.0
medium_compressibility,1,smoothed,3,2,0.68,3.4,2,0,0,0,1.0
medium_compressibility,1,smoothed,3,3,0.68,3.4,2,0,0,0,1.0
medium_compressibility,1,smoothed,3,4,0.68,3.4,2,0,0,0,1.0
medium_compressibility,1,smoothed,3,5,0.68,3.4,2,0,0,0,1.0
medium_compressibility,1,smoothed,3,6,0.68,3.4,2,0,0,0,1.0
medium_compressibility,1,smoothed,3,7,0.68,3.4,2,0,0,0,1.0
medium_compressibility,1,smoothed,3,8,0.68,3.4,2,0,0,0,1.0
medium_compressibility,1,smoothed,3,9,0.68,3.4,2,0,0,0,1.0
medium_compressibility,1,smoothed,3,10,0.68,3.4,2,0,0,0,1.0
medium_compressibility,1,smoothed,3,11,0.68,3.4,2,0,0,0,1.0
medium_compressibility,1,smoothed,3,12,0.68,3.4,2,0,0,0,1.0
medium_compressibility,1,smoothed,3,13,0.68,3.4,2,0,0,0,1.0
medium_compressibility,1,smoothed,3,14,0.68,3.4,2,0,0,0,1.0
medium_compressibility,1,smoothed,3,15,0.68,3.4,2,0,0,0,1.0
medium_compressibility,1,smoothed,4,0,0.68,3.4,2,0,0,0,1.0
medium_compressibility,1,smoothed,4,1,0.68,3.4,2,0,0,0,1.0
medium_compressibility,1,smoothed,4,2,0.68,3.4,2,0,0,0,1.0
medium_compressibility,1,smoothed,4,3,0.68,3.4,2,0,0,0,1.0
medium_compressibility,1,smoothed,4,4,0.68,3.4,2,0,0,0,1.0
medium_compressibility,1,smoothed,4,5,0.68,3.4,2,0,0,0,1.0
medium_compressibility,1,smoothed,4,6,0.68,3.4,2,0,0,0,1.0
medium_compressibility,1,smoothed,4,7,0.68,3.4,2,0,0,0,1.0
medium_compressibility,1,smoothed,4,8,0.68,3.4,2,0,0,0,1.0
medium_compressibility,1,smoothed,4,9,0.68,3.4,2,0,0,0,1.0
medium_compressibility,1,smoothed,4,10,0.68,3.4,2,0,0,0,1.0
medium_compressibility,1,smoothed,4,11,0.68,3.4,2,0,0,0,1.0
medium_compressibility,1,smoothed,4,12,0.68,3.4,2,0,0,0,1.0
medium_compressibility,1,smoothed,4,13,0.68,3.4,2,0,0,0,1.0
medium_compressibility,1,smoothed,4,14,0.68,3.4,2,0,0,0,1.0
medium_compressibility,1,smoothed,4,15,0.68,3.4,2,0,0,0,1.0
medium_compressibility,1,smoothed,5,0,0.68,3.4,2,0,0,0,1.0
medium_compressibility,1,smoothed,5,1,0.68,3.4,2,0,0,0,1.0
medium_compressibility,1,smoothed,5,2,0.68,3.4,2,0,0,0,1.0
medium_compressibility,1,smoothed,5,3,0.68,3.4,2,0,0,0,1.0
medium_compressibility,1,smoothed,5,4,0.68,3.4,2,0,0,0,1.0
medium_compressibility,1,smoothed,5,5,0.68,3.4,2,0,0,0,1.0
medium_compressibility,1,smoothed,5,6,0.68,3.4,2,0,0,0,1.0
medium_compressibility,1,smoothed,5,7,0.68,3.4,2,0,0,0,1.0
medium_compressibility,1,smoothed,5,8,0.68,3.4,2,0,0,0,1.0
medium_compressibility,1,smoothed,5,9,0.68,3.4,2,0,0,0,1.0
medium_compressibility,1,smoothed,5,10,0.68,3.4,2,0,0,0,1.0
medium_compressibility,1,smoothed,5,11,0.68,3.4,2,0,0,0,1.0
medium_compressibility,1,smoothed,5,12,0.68,3.4,2,0,0,0,1.0
medium_compressibility,1,smoothed,5,13,0.68,3.4,2,0,0,0,1.0
medium_compressibility,1,smoothed,5,14,0.68,3.4,2,0,0,0,1.0
medium_compressibility,1,smoothed,5,15,0.68,3.4,2,0,0,0,1.0
medium_compressibility,1,smoothed,6,0,0.68,3.4,2,0,0,0,1.0
medium_compressibility,1,smoothed,6,1,0.68,3.4,2,0,0,0,1.0
medium_compressibility,1,smoothed,6,2,0.68,3.4,2,0,0,0,1.0
medium_compressibility,1,smoothed,6,3,0.68,3.4,2,0,0,0,1.0
medium_compressibility,1,smoothed,6,4,0.68,3.4,2,0,0,0,1.0
medium_compressibility,1,smoothed,6,5,0.68,3.4,2,0,0,0,1.0
medium_compressibility,1,smoothed,6,6,0.68,3.4,2,0,0,0,1.0
medium_compressibility,1,smoothed,6,7,0.68,3.4,2,0,0,0,1.0
medium_compressibility,1,smoothed,6,8,0.68,3.4,2,0,0,0,1.0
medium_compressibility,1,smoothed,6,9,0.68,3.4,2,0,0,0,1.0
medium_compressibility,1,smoothed,6,10,0.68,3.4,2,0,0,0,1.0
medium_compressibility,1,smoothed,6,11,0.68,3.4,2,0,0,0,1.0
medium_compressibility,1,smoothed,6,12,0.68,3.4,2,0,0,0,1.0
medium_compressibility,1,smoothed,6,13,0.68,3.4,2,0,0,0,1.0
medium_compressibility,1,smoothed,6,14,0.68,3.4,2,0,0,0,1.0
medium_compressibility,1,smoothed,6,15,0.68,3.4,2,0,0,0,1.0
medium_compressibility,1,smoothed,7,0,0.68,3.4,2,0,0,0,1.0
medium_compressibility,1,smoothed,7,1,0.68,3.4,2,0,0,0,1.0
medium_compressibility,1,smoothed,7,2,0.68,3.4,2,0,0,0,1.0
medium_compressibility,1,smoothed,7,3,0.68,3.4,2,0,0,0,1.0
medium_compressibility,1,smoothed,7,4,0.68,3.4,2,0,0,0,1.0
medium_compressibility,1,smoothed,7,5,0.68,3.4,2,0,0,0,1.0
medium_compressibility,1,smoothed,7,6,0.68,3.4,2,0,0,0,1.0
medium_compressibility,1,smoothed,7,7,0.68,3.4,2,0,0,0,1.0
medium_compressibility,1,smoothed,7,8,0.68,3.4,2,0,0,0,1.0
medium_compressibility,1,smoothed,7,9,0.68,3.4,2,0,0,0,1.0
medium_compressibility,1,smoothed,7,10,0.68,3.4,2,0,0,0,1.0
medium_compressibility,1,smoothed,7,11,0.68,3.4,2,0,0,0,1.0
medium_compressibility,1,smoothed,7,12,0.68,3.4,2,0,0,0,1.0
medium_compressibility,1,smoothed,7,13,0.68,3.4,2,0,0,0,1.0
medium_compressibility,1,smoothed,7,14,0.68,3.4,2,0,0,0,1.0
medium_compressibility,1,smoothed,7,15,0.68,3.4,2,0,0,0,1.0
medium_compressibility,1,static_min,1,0,0.68,3.4,3,9,10,1,inf
medium_compressibility,1,static_min,1,1,0.68,3.4,3,9,10,1,inf
medium_compressibility,1,static_min,1,2,0.68,3.4,3,9,10,1,1.5294117647058822
medium_compressibility,1,static_min,1,3,0.68,3.4,3,9,10,1,1.5294117647058822
medium_compressibility,1,static_min,1,4,0.68,3.4,3,9,10,1,1.5294117647058822
medium_compressibility,1,static_min,1,5,0.68,3.4,3,9,10,1,1.5294117647058822
medium_compressibility,1,static_min,1,6,0.68,3.4,3,9,10,1,1.5294117647058822
medium_compressibility,1,static_min,1,7,0.68,3.4,3,9,10,1,1.5294117647058822
medium_compressibility,1,static_min,1,8,0.68,3.4,3,9,10,1,1.5294117647058822
medium_compressibility,1,static_min,1,9,0.68,3.4,3,9,10,1,1.5294117647058822
medium_compressibility,1,static_min,1,10,0.68,3.4,3,9,10,1,1.5294117647058822
medium_compressibility,1,static_min,1,11,0.68,3.4,3,9,10,1,1.5294117647058822
medium_compressibility,1,static_min,1,12,0.68,3.4,3,9,10,1,1.5294117647058822
medium_compressibility,1,static_min,1,13,0.68,3.4,3,9,10,1,1.5294117647058822
medium_compressibility,1,static_min,1,14,0.68,3.4,3,9,10,1,1.5294117647058822
medium_compressibility,1,static_min,1,15,0.68,3.4,3,9,10,1,1.5294117647058822
medium_compressibility,1,static_min,2,0,0.68,3.4,3,2,3,1,inf
medium_compressibility,1,static_min,2,1,0.68,3.4,3,2,3,1,1.1176470588235294
medium_compressibility,1,static_min,2,2,0.68,3.4,3,2,3,1,1.0588235294117647
medium_compressibility,1,static_min,2,3,0.68,3.4,3,2,3,1,1.0588235294117647
medium_compressibility,1,static_min,2,4,0.68,3.4,3,2,3,1,1.0588235294117647
medium_compressibility,1,static_min,2,5,0.68,3.4,3,2,3,1,1.0588235294117647
medium_compressibility,1,static_min,2,6,0.68,3.4,3,2,3,1,1.0588235294117647
medium_compressibility,1,static_min,2,7,0.68,3.4,3,2,3,1,1.0588235294117647
medium_compressibility,1,static_min,2,8,0.68,3.4,3,2,3,1,1.0588235294117647
medium_compressibility,1,static_min,2,9,0.68,3.4,3,2,3,1,1.0588235294117647
medium_compressibility,1,static_min,2,10,0.68,3.4,3,2,3,1,1.0588235294117647
medium_compressibility,1,static_min,2,11,0.68,3.4,3,2,3,1,1.0588235294117647
medium_compressibility,1,static_min,2,12,0.68,3.4,3,2,3,1,1.0588235294117647
medium_compressibility,1,static_min,2,13,0.68,3.4,3,2,3,1,1.0588235294117647
medium_compressibility,1,static_min,2,14,0.68,3.4,3,2,3,1,1.0588235294117647
medium_compressibility,1,static_min,2,15,0.68,3.4,3,2,3,1,1.0588235294117647
medium_compressibility,1,static_min,3,0,0.68,3.4,3,0,0,0,1.0
medium_compressibility,1,static_min,3,1,0.68,3.4,3,0,0,0,1.0
medium_compressibility,1,static_min,3,2,0.68,3.4,3,0,0,0,1.0
medium_compressibility,1,static_min,3,3,0.68,3.4,3,0,0,0,1.0
medium_compressibility,1,static_min,3,4,0.68,3.4,3,0,0,0,1.0
medium_compressibility,1,static_min,3,5,0.68,3.4,3,0,0,0,1.0
medium_compressibility,1,static_min,3,6,0.68,3.4,3,0,0,0,1.0
medium_compressibility,1,static_min,3,7,0.68,3.4,3,0,0,0,1.0
medium_compressibility,1,static_min,3,8,0.68,3.4,3,0,0,0,1.0
medium_compressibility,1,static_min,3,9,0.68,3.4,3,0,0,0,1.0
medium_compressibility,1,static_min,3,10,0.68,3.4,3,0,0,0,1.0
medium_compressibility,1,static_min,3,11,0.68,3.4,3,0,0,0,1.0
medium_compressibility,1,static_min,3,12,0.68,3.4,3,0,0,0,1.0
medium_compressibility,1,static_min,3,13,0.68,3.4,3,0,0,0,1.0
medium_compressibility,1,static_min,3,14,0.68,3.4,3,0,0,0,1.0
medium_compressibility,1,static_min,3,15,0.68,3.4,3,0,0,0,1.0
medium_compressibility,1,static_min,4,0,0.68,3.4,3,0,0,0,1.0
medium_compressibility,1,static_min,4,1,0.68,3.4,3,0,0,0,1.0
medium_compressibility,1,static_min,4,2,0.68,3.4,3,0,0,0,1.0
medium_compressibility,1,static_min,4,3,0.68,3.4,3,0,0,0,1.0
medium_compressibility,1,static_min,4,4,0.68,3.4,3,0,0,0,1.0
medium_compressibility,1,static_min,4,5,0.68,3.4,3,0,0,0,1.0
medium_compressibility,1,static_min,4,6,0.68,3.4,3,0,0,0,1.0
medium_compressibility,1,static_min,4,7,0.68,3.4,3,0,0,0,1.0
medium_compressibility,1,static_min,4,8,0.68,3.4,3,0,0,0,1.0
medium_compressibility,1,static_min,4,9,0.68,3.4,3,0,0,0,1.0
medium_compressibility,1,static_min,4,10,0.68,3.4,3,0,0,0,1.0
medium_compressibility,1,static_min,4,11,0.68,3.4,3,0,0,0,1.0
medium_compressibility,1,static_min,4,12,0.68,3.4,3,0,0,0,1.0
medium_compressibility,1,static_min,4,13,0.68,3.4,3,0,0,0,1.0
medium_compressibility,1,static_min,4,14,0.68,3.4,3,0,0,0,1.0
medium_compressibility,1,static_min,4,15,0.68,3.4,3,0,0,0,1.0
medium_compressibility,1,static_min,5,0,0.68,3.4,3,0,0,0,1.0
medium_compressibility,1,static_min,5,1,0.68,3.4,3,0,0,0,1.0
medium_compressibility,1,static_min,5,2,0.68,3.4,3,0,0,0,1.0
medium_compressibility,1,static_min,5,3,0.68,3.4,3,0,0,0,1.0
medium_compressibility,1,static_min,5,4,0.68,3.4,3,0,0,0,1.0
medium_compressibility,1,static_min,5,5,0.68,3.4,3,0,0,0,1.0
medium_compressibility,1,static_min,5,6,0.68,3.4,3,0,0,0,1.0
medium_compressibility,1,static_min,5,7,0.68,3.4,3,0,0,0,1.0
medium_compressibility,1,static_min,5,8,0.68,3.4,3,0,0,0,1.0
medium_compressibility,1,static_min,5,9,0.68,3.4,3,0,0,0,1.0
medium_compressibility,1,static_min,5,10,0.68,3.4,3,0,0,0,1.0
medium_compressibility,1,static_min,5,11,0.68,3.4,3,0,0,0,1.0
medium_compressibility,1,static_min,5,12,0.68,3.4,3,0,0,0,1.0
medium_compressibility,1,static_min,5,13,0.68,3.4,3,0,0,0,1.0
medium_compressibility,1,static_min,5,14,0.68,3.4,3,0,0,0,1.0
medium_compressibility,1,static_min,5,15,0.68,3.4,3,0,0,0,1.0
medium_compressibility,1,static_min,6,0,0.68,3.4,3,0,0,0,1.0
medium_compressibility,1,static_min,6,1,0.68,3.4,3,0,0,0,1.0
medium_compressibility,1,static_min,6,2,0.68,3.4,3,0,0,0,1.0
medium_compressibility,1,static_min,6,3,0.68,3.4,3,0,0,0,1.0
medium_compressibility,1,static_min,6,4,0.68,3.4,3,0,0,0,1.0
medium_compressibility,1,static_min,6,5,0.68,3.4,3,0,0,0,1.0
medium_compressibility,1,static_min,6,6,0.68,3.4,3,0,0,0,1.0
medium_compressibility,1,static_min,6,7,0.68,3.4,3,0,0,0,1.0
medium_compressibility,1,static_min,6,8,0.68,3.4,3,0,0,0,1.0
medium_compressibility,1,static_min,6,9,0.68,3.4,3,0,0,0,1.0
medium_compressibility,1,static_min,6,10,0.68,3.4,3,0,0,0,1.0
medium_compressibility,1,static_min,6,11,0.68,3.4,3,0,0,0,1.0
medium_compressibility,1,static_min,6,12,0.68,3.4,3,0,0,0,1.0
medium_compressibility,1,static_min,6,13,0.68,3.4,3,0,0,0,1.0
medium_compressibility,1,static_min,6,14,0.68,3.4,3,0,0,0,1.0
medium_compressibility,1,static_min,6,15,0.68,3.4,3,0,0,0,1.0
medium_compressibility,1,static_min,7,0,0.68,3.4,3,0,0,0,1.0
medium_compressibility,1,static_min,7,1,0.68,3.4,3,0,0,0,1.0
medium_compressibility,1,static_min,7,2,0.68,3.4,3,0,0,0,1.0
medium_compressibility,1,static_min,7,3,0.68,3.4,3,0,0,0,1.0
medium_compressibility,1,static_min,7,4,0.68,3.4,3,0,0,0,1.0
medium_compressibility,1,static_min,7,5,0.68,3.4,3,0,0,0,1.0
medium_compressibility,1,static_min,7,6,0.68,3.4,3,0,0,0,1.0
medium_compressibility,1,static_min,7,7,0.68,3.4,3,0,0,0,1.0
medium_compressibility,1,static_min,7,8,0.68,3.4,3,0,0,0,1.0
medium_compressibility,1,static_min,7,9,0.68,3.4,3,0,0,0,1.0
medium_compressibility,1,static_min,7,10,0.68,3.4,3,0,0,0,1.0
medium_compressibility,1,static_min,7,11,0.68,3.4,3,0,0,0,1.0
medium_compressibility,1,static_min,7,12,0.68,3.4,3,0,0,0,1.0
medium_compressibility,1,static_min,7,13,0.68,3.4,3,0,0,0,1.0
medium_compressibility,1,static_min,7,14,0.68,3.4,3,0,0,0,1.0
medium_compressibility,1,static_min,7,15,0.68,3.4,3,0,0,0,1.0
medium_compressibility,3,capacity_aware_static,1,0,0.88,4.12,1,0,0,0,1.0
medium_compressibility,3,capacity_aware_static,1,1,0.88,4.12,1,0,0,0,1.0
medium_compressibility,3,capacity_aware_static,1,2,0.88,4.12,1,0,0,0,1.0
medium_compressibility,3,capacity_aware_static,1,3,0.88,4.12,1,0,0,0,1.0
medium_compressibility,3,capacity_aware_static,1,4,0.88,4.12,1,0,0,0,1.0
medium_compressibility,3,capacity_aware_static,1,5,0.88,4.12,1,0,0,0,1.0
medium_compressibility,3,capacity_aware_static,1,6,0.88,4.12,1,0,0,0,1.0
medium_compressibility,3,capacity_aware_static,1,7,0.88,4.12,1,0,0,0,1.0
medium_compressibility,3,capacity_aware_static,1,8,0.88,4.12,1,0,0,0,1.0
medium_compressibility,3,capacity_aware_static,1,9,0.88,4.12,1,0,0,0,1.0
medium_compressibility,3,capacity_aware_static,1,10,0.88,4.12,1,0,0,0,1.0
medium_compressibility,3,capacity_aware_static,1,11,0.88,4.12,1,0,0,0,1.0
medium_compressibility,3,capacity_aware_static,1,12,0.88,4.12,1,0,0,0,1.0
medium_compressibility,3,capacity_aware_static,1,13,0.88,4.12,1,0,0,0,1.0
medium_compressibility,3,capacity_aware_static,1,14,0.88,4.12,1,0,0,0,1.0
medium_compressibility,3,capacity_aware_static,1,15,0.88,4.12,1,0,0,0,1.0
medium_compressibility,3,capacity_aware_static,2,0,0.88,4.12,2,0,0,0,1.0
medium_compressibility,3,capacity_aware_static,2,1,0.88,4.12,2,0,0,0,1.0
medium_compressibility,3,capacity_aware_static,2,2,0.88,4.12,2,0,0,0,1.0
medium_compressibility,3,capacity_aware_static,2,3,0.88,4.12,2,0,0,0,1.0
medium_compressibility,3,capacity_aware_static,2,4,0.88,4.12,2,0,0,0,1.0
medium_compressibility,3,capacity_aware_static,2,5,0.88,4.12,2,0,0,0,1.0
medium_compressibility,3,capacity_aware_static,2,6,0.88,4.12,2,0,0,0,1.0
medium_compressibility,3,capacity_aware_static,2,7,0.88,4.12,2,0,0,0,1.0
medium_compressibility,3,capacity_aware_static,2,8,0.88,4.12,2,0,0,0,1.0
medium_compressibility,3,capacity_aware_static,2,9,0.88,4.12,2,0,0,0,1.0
medium_compressibility,3,capacity_aware_static,2,10,0.88,4.12,2,0,0,0,1.0
medium_compressibility,3,capacity_aware_static,2,11,0.88,4.12,2,0,0,0,1.0
medium_compressibility,3,capacity_aware_static,2,12,0.88,4.12,2,0,0,0,1.0
medium_compressibility,3,capacity_aware_static,2,13,0.88,4.12,2,0,0,0,1.0
medium_compressibility,3,capacity_aware_static,2,14,0.88,4.12,2,0,0,0,1.0
medium_compressibility,3,capacity_aware_static,2,15,0.88,4.12,2,0,0,0,1.0
medium_compressibility,3,capacity_aware_static,3,0,0.88,4.12,3,0,0,0,1.0
medium_compressibility,3,capacity_aware_static,3,1,0.88,4.12,3,0,0,0,1.0
medium_compressibility,3,capacity_aware_static,3,2,0.88,4.12,3,0,0,0,1.0
medium_compressibility,3,capacity_aware_static,3,3,0.88,4.12,3,0,0,0,1.0
medium_compressibility,3,capacity_aware_static,3,4,0.88,4.12,3,0,0,0,1.0
medium_compressibility,3,capacity_aware_static,3,5,0.88,4.12,3,0,0,0,1.0
medium_compressibility,3,capacity_aware_static,3,6,0.88,4.12,3,0,0,0,1.0
medium_compressibility,3,capacity_aware_static,3,7,0.88,4.12,3,0,0,0,1.0
medium_compressibility,3,capacity_aware_static,3,8,0.88,4.12,3,0,0,0,1.0
medium_compressibility,3,capacity_aware_static,3,9,0.88,4.12,3,0,0,0,1.0
medium_compressibility,3,capacity_aware_static,3,10,0.88,4.12,3,0,0,0,1.0
medium_compressibility,3,capacity_aware_static,3,11,0.88,4.12,3,0,0,0,1.0
medium_compressibility,3,capacity_aware_static,3,12,0.88,4.12,3,0,0,0,1.0
medium_compressibility,3,capacity_aware_static,3,13,0.88,4.12,3,0,0,0,1.0
medium_compressibility,3,capacity_aware_static,3,14,0.88,4.12,3,0,0,0,1.0
medium_compressibility,3,capacity_aware_static,3,15,0.88,4.12,3,0,0,0,1.0
medium_compressibility,3,capacity_aware_static,4,0,0.88,4.12,4,0,0,0,1.0
medium_compressibility,3,capacity_aware_static,4,1,0.88,4.12,4,0,0,0,1.0
medium_compressibility,3,capacity_aware_static,4,2,0.88,4.12,4,0,0,0,1.0
medium_compressibility,3,capacity_aware_static,4,3,0.88,4.12,4,0,0,0,1.0
medium_compressibility,3,capacity_aware_static,4,4,0.88,4.12,4,0,0,0,1.0
medium_compressibility,3,capacity_aware_static,4,5,0.88,4.12,4,0,0,0,1.0
medium_compressibility,3,capacity_aware_static,4,6,0.88,4.12,4,0,0,0,1.0
medium_compressibility,3,capacity_aware_static,4,7,0.88,4.12,4,0,0,0,1.0
medium_compressibility,3,capacity_aware_static,4,8,0.88,4.12,4,0,0,0,1.0
medium_compressibility,3,capacity_aware_static,4,9,0.88,4.12,4,0,0,0,1.0
medium_compressibility,3,capacity_aware_static,4,10,0.88,4.12,4,0,0,0,1.0
medium_compressibility,3,capacity_aware_static,4,11,0.88,4.12,4,0,0,0,1.0
medium_compressibility,3,capacity_aware_static,4,12,0.88,4.12,4,0,0,0,1.0
medium_compressibility,3,capacity_aware_static,4,13,0.88,4.12,4,0,0,0,1.0
medium_compressibility,3,capacity_aware_static,4,14,0.88,4.12,4,0,0,0,1.0
medium_compressibility,3,capacity_aware_static,4,15,0.88,4.12,4,0,0,0,1.0
medium_compressibility,3,capacity_aware_static,5,0,0.88,4.12,5,0,0,0,1.0
medium_compressibility,3,capacity_aware_static,5,1,0.88,4.12,5,0,0,0,1.0
medium_compressibility,3,capacity_aware_static,5,2,0.88,4.12,5,0,0,0,1.0
medium_compressibility,3,capacity_aware_static,5,3,0.88,4.12,5,0,0,0,1.0
medium_compressibility,3,capacity_aware_static,5,4,0.88,4.12,5,0,0,0,1.0
medium_compressibility,3,capacity_aware_static,5,5,0.88,4.12,5,0,0,0,1.0
medium_compressibility,3,capacity_aware_static,5,6,0.88,4.12,5,0,0,0,1.0
medium_compressibility,3,capacity_aware_static,5,7,0.88,4.12,5,0,0,0,1.0
medium_compressibility,3,capacity_aware_static,5,8,0.88,4.12,5,0,0,0,1.0
medium_compressibility,3,capacity_aware_static,5,9,0.88,4.12,5,0,0,0,1.0
medium_compressibility,3,capacity_aware_static,5,10,0.88,4.12,5,0,0,0,1.0
medium_compressibility,3,capacity_aware_static,5,11,0.88,4.12,5,0,0,0,1.0
medium_compressibility,3,capacity_aware_static,5,12,0.88,4.12,5,0,0,0,1.0
medium_compressibility,3,capacity_aware_static,5,13,0.88,4.12,5,0,0,0,1.0
medium_compressibility,3,capacity_aware_static,5,14,0.88,4.12,5,0,0,0,1.0
medium_compressibility,3,capacity_aware_static,5,15,0.88,4.12,5,0,0,0,1.0
medium_compressibility,3,capacity_aware_static,6,0,0.88,4.12,5,0,0,0,1.0
medium_compressibility,3,capacity_aware_static,6,1,0.88,4.12,5,0,0,0,1.0
medium_compressibility,3,capacity_aware_static,6,2,0.88,4.12,5,0,0,0,1.0
medium_compressibility,3,capacity_aware_static,6,3,0.88,4.12,5,0,0,0,1.0
medium_compressibility,3,capacity_aware_static,6,4,0.88,4.12,5,0,0,0,1.0
medium_compressibility,3,capacity_aware_static,6,5,0.88,4.12,5,0,0,0,1.0
medium_compressibility,3,capacity_aware_static,6,6,0.88,4.12,5,0,0,0,1.0
medium_compressibility,3,capacity_aware_static,6,7,0.88,4.12,5,0,0,0,1.0
medium_compressibility,3,capacity_aware_static,6,8,0.88,4.12,5,0,0,0,1.0
medium_compressibility,3,capacity_aware_static,6,9,0.88,4.12,5,0,0,0,1.0
medium_compressibility,3,capacity_aware_static,6,10,0.88,4.12,5,0,0,0,1.0
medium_compressibility,3,capacity_aware_static,6,11,0.88,4.12,5,0,0,0,1.0
medium_compressibility,3,capacity_aware_static,6,12,0.88,4.12,5,0,0,0,1.0
medium_compressibility,3,capacity_aware_static,6,13,0.88,4.12,5,0,0,0,1.0
medium_compressibility,3,capacity_aware_static,6,14,0.88,4.12,5,0,0,0,1.0
medium_compressibility,3,capacity_aware_static,6,15,0.88,4.12,5,0,0,0,1.0
medium_compressibility,3,capacity_aware_static,7,0,0.88,4.12,5,0,0,0,1.0
medium_compressibility,3,capacity_aware_static,7,1,0.88,4.12,5,0,0,0,1.0
medium_compressibility,3,capacity_aware_static,7,2,0.88,4.12,5,0,0,0,1.0
medium_compressibility,3,capacity_aware_static,7,3,0.88,4.12,5,0,0,0,1.0
medium_compressibility,3,capacity_aware_static,7,4,0.88,4.12,5,0,0,0,1.0
medium_compressibility,3,capacity_aware_static,7,5,0.88,4.12,5,0,0,0,1.0
medium_compressibility,3,capacity_aware_static,7,6,0.88,4.12,5,0,0,0,1.0
medium_compressibility,3,capacity_aware_static,7,7,0.88,4.12,5,0,0,0,1.0
medium_compressibility,3,capacity_aware_static,7,8,0.88,4.12,5,0,0,0,1.0
medium_compressibility,3,capacity_aware_static,7,9,0.88,4.12,5,0,0,0,1.0
medium_compressibility,3,capacity_aware_static,7,10,0.88,4.12,5,0,0,0,1.0
medium_compressibility,3,capacity_aware_static,7,11,0.88,4.12,5,0,0,0,1.0
medium_compressibility,3,capacity_aware_static,7,12,0.88,4.12,5,0,0,0,1.0
medium_compressibility,3,capacity_aware_static,7,13,0.88,4.12,5,0,0,0,1.0
medium_compressibility,3,capacity_aware_static,7,14,0.88,4.12,5,0,0,0,1.0
medium_compressibility,3,capacity_aware_static,7,15,0.88,4.12,5,0,0,0,1.0
medium_compressibility,3,smoothed,1,0,0.88,4.12,2,12,12,1,inf
medium_compressibility,3,smoothed,1,1,0.88,4.12,2,12,12,1,1.8571428571428572
medium_compressibility,3,smoothed,1,2,0.88,4.12,2,12,12,1,1.8571428571428572
medium_compressibility,3,smoothed,1,3,0.88,4.12,2,12,12,1,1.8571428571428572
medium_compressibility,3,smoothed,1,4,0.88,4.12,2,12,12,1,1.8571428571428572
medium_compressibility,3,smoothed,1,5,0.88,4.12,2,12,12,1,1.8571428571428572
medium_compressibility,3,smoothed,1,6,0.88,4.12,2,12,12,1,1.8571428571428572
medium_compressibility,3,smoothed,1,7,0.88,4.12,2,12,12,1,1.8571428571428572
medium_compressibility,3,smoothed,1,8,0.88,4.12,2,12,12,1,1.8571428571428572
medium_compressibility,3,smoothed,1,9,0.88,4.12,2,12,12,1,1.8571428571428572
medium_compressibility,3,smoothed,1,10,0.88,4.12,2,12,12,1,1.8571428571428572
medium_compressibility,3,smoothed,1,11,0.88,4.12,2,12,12,1,1.8571428571428572
medium_compressibility,3,smoothed,1,12,0.88,4.12,2,12,12,1,1.8571428571428572
medium_compressibility,3,smoothed,1,13,0.88,4.12,2,12,12,1,1.8571428571428572
medium_compressibility,3,smoothed,1,14,0.88,4.12,2,12,12,1,1.8571428571428572
medium_compressibility,3,smoothed,1,15,0.88,4.12,2,12,12,1,1.8571428571428572
medium_compressibility,3,smoothed,2,0,0.88,4.12,2,0,0,0,1.0
medium_compressibility,3,smoothed,2,1,0.88,4.12,2,0,0,0,1.0
medium_compressibility,3,smoothed,2,2,0.88,4.12,2,0,0,0,1.0
medium_compressibility,3,smoothed,2,3,0.88,4.12,2,0,0,0,1.0
medium_compressibility,3,smoothed,2,4,0.88,4.12,2,0,0,0,1.0
medium_compressibility,3,smoothed,2,5,0.88,4.12,2,0,0,0,1.0
medium_compressibility,3,smoothed,2,6,0.88,4.12,2,0,0,0,1.0
medium_compressibility,3,smoothed,2,7,0.88,4.12,2,0,0,0,1.0
medium_compressibility,3,smoothed,2,8,0.88,4.12,2,0,0,0,1.0
medium_compressibility,3,smoothed,2,9,0.88,4.12,2,0,0,0,1.0
medium_compressibility,3,smoothed,2,10,0.88,4.12,2,0,0,0,1.0
medium_compressibility,3,smoothed,2,11,0.88,4.12,2,0,0,0,1.0
medium_compressibility,3,smoothed,2,12,0.88,4.12,2,0,0,0,1.0
medium_compressibility,3,smoothed,2,13,0.88,4.12,2,0,0,0,1.0
medium_compressibility,3,smoothed,2,14,0.88,4.12,2,0,0,0,1.0
medium_compressibility,3,smoothed,2,15,0.88,4.12,2,0,0,0,1.0
medium_compressibility,3,smoothed,3,0,0.88,4.12,2,0,0,0,1.0
medium_compressibility,3,smoothed,3,1,0.88,4.12,2,0,0,0,1.0
medium_compressibility,3,smoothed,3,2,0.88,4.12,2,0,0,0,1.0
medium_compressibility,3,smoothed,3,3,0.88,4.12,2,0,0,0,1.0
medium_compressibility,3,smoothed,3,4,0.88,4.12,2,0,0,0,1.0
medium_compressibility,3,smoothed,3,5,0.88,4.12,2,0,0,0,1.0
medium_compressibility,3,smoothed,3,6,0.88,4.12,2,0,0,0,1.0
medium_compressibility,3,smoothed,3,7,0.88,4.12,2,0,0,0,1.0
medium_compressibility,3,smoothed,3,8,0.88,4.12,2,0,0,0,1.0
medium_compressibility,3,smoothed,3,9,0.88,4.12,2,0,0,0,1.0
medium_compressibility,3,smoothed,3,10,0.88,4.12,2,0,0,0,1.0
medium_compressibility,3,smoothed,3,11,0.88,4.12,2,0,0,0,1.0
medium_compressibility,3,smoothed,3,12,0.88,4.12,2,0,0,0,1.0
medium_compressibility,3,smoothed,3,13,0.88,4.12,2,0,0,0,1.0
medium_compressibility,3,smoothed,3,14,0.88,4.12,2,0,0,0,1.0
medium_compressibility,3,smoothed,3,15,0.88,4.12,2,0,0,0,1.0
medium_compressibility,3,smoothed,4,0,0.88,4.12,2,0,0,0,1.0
medium_compressibility,3,smoothed,4,1,0.88,4.12,2,0,0,0,1.0
medium_compressibility,3,smoothed,4,2,0.88,4.12,2,0,0,0,1.0
medium_compressibility,3,smoothed,4,3,0.88,4.12,2,0,0,0,1.0
medium_compressibility,3,smoothed,4,4,0.88,4.12,2,0,0,0,1.0
medium_compressibility,3,smoothed,4,5,0.88,4.12,2,0,0,0,1.0
medium_compressibility,3,smoothed,4,6,0.88,4.12,2,0,0,0,1.0
medium_compressibility,3,smoothed,4,7,0.88,4.12,2,0,0,0,1.0
medium_compressibility,3,smoothed,4,8,0.88,4.12,2,0,0,0,1.0
medium_compressibility,3,smoothed,4,9,0.88,4.12,2,0,0,0,1.0
medium_compressibility,3,smoothed,4,10,0.88,4.12,2,0,0,0,1.0
medium_compressibility,3,smoothed,4,11,0.88,4.12,2,0,0,0,1.0
medium_compressibility,3,smoothed,4,12,0.88,4.12,2,0,0,0,1.0
medium_compressibility,3,smoothed,4,13,0.88,4.12,2,0,0,0,1.0
medium_compressibility,3,smoothed,4,14,0.88,4.12,2,0,0,0,1.0
medium_compressibility,3,smoothed,4,15,0.88,4.12,2,0,0,0,1.0
medium_compressibility,3,smoothed,5,0,0.88,4.12,2,0,0,0,1.0
medium_compressibility,3,smoothed,5,1,0.88,4.12,2,0,0,0,1.0
medium_compressibility,3,smoothed,5,2,0.88,4.12,2,0,0,0,1.0
medium_compressibility,3,smoothed,5,3,0.88,4.12,2,0,0,0,1.0
medium_compressibility,3,smoothed,5,4,0.88,4.12,2,0,0,0,1.0
medium_compressibility,3,smoothed,5,5,0.88,4.12,2,0,0,0,1.0
medium_compressibility,3,smoothed,5,6,0.88,4.12,2,0,0,0,1.0
medium_compressibility,3,smoothed,5,7,0.88,4.12,2,0,0,0,1.0
medium_compressibility,3,smoothed,5,8,0.88,4.12,2,0,0,0,1.0
medium_compressibility,3,smoothed,5,9,0.88,4.12,2,0,0,0,1.0
medium_compressibility,3,smoothed,5,10,0.88,4.12,2,0,0,0,1.0
medium_compressibility,3,smoothed,5,11,0.88,4.12,2,0,0,0,1.0
medium_compressibility,3,smoothed,5,12,0.88,4.12,2,0,0,0,1.0
medium_compressibility,3,smoothed,5,13,0.88,4.12,2,0,0,0,1.0
medium_compressibility,3,smoothed,5,14,0.88,4.12,2,0,0,0,1.0
medium_compressibility,3,smoothed,5,15,0.88,4.12,2,0,0,0,1.0
medium_compressibility,3,smoothed,6,0,0.88,4.12,2,0,0,0,1.0
medium_compressibility,3,smoothed,6,1,0.88,4.12,2,0,0,0,1.0
medium_compressibility,3,smoothed,6,2,0.88,4.12,2,0,0,0,1.0
medium_compressibility,3,smoothed,6,3,0.88,4.12,2,0,0,0,1.0
medium_compressibility,3,smoothed,6,4,0.88,4.12,2,0,0,0,1.0
medium_compressibility,3,smoothed,6,5,0.88,4.12,2,0,0,0,1.0
medium_compressibility,3,smoothed,6,6,0.88,4.12,2,0,0,0,1.0
medium_compressibility,3,smoothed,6,7,0.88,4.12,2,0,0,0,1.0
medium_compressibility,3,smoothed,6,8,0.88,4.12,2,0,0,0,1.0
medium_compressibility,3,smoothed,6,9,0.88,4.12,2,0,0,0,1.0
medium_compressibility,3,smoothed,6,10,0.88,4.12,2,0,0,0,1.0
medium_compressibility,3,smoothed,6,11,0.88,4.12,2,0,0,0,1.0
medium_compressibility,3,smoothed,6,12,0.88,4.12,2,0,0,0,1.0
medium_compressibility,3,smoothed,6,13,0.88,4.12,2,0,0,0,1.0
medium_compressibility,3,smoothed,6,14,0.88,4.12,2,0,0,0,1.0
medium_compressibility,3,smoothed,6,15,0.88,4.12,2,0,0,0,1.0
medium_compressibility,3,smoothed,7,0,0.88,4.12,2,0,0,0,1.0
medium_compressibility,3,smoothed,7,1,0.88,4.12,2,0,0,0,1.0
medium_compressibility,3,smoothed,7,2,0.88,4.12,2,0,0,0,1.0
medium_compressibility,3,smoothed,7,3,0.88,4.12,2,0,0,0,1.0
medium_compressibility,3,smoothed,7,4,0.88,4.12,2,0,0,0,1.0
medium_compressibility,3,smoothed,7,5,0.88,4.12,2,0,0,0,1.0
medium_compressibility,3,smoothed,7,6,0.88,4.12,2,0,0,0,1.0
medium_compressibility,3,smoothed,7,7,0.88,4.12,2,0,0,0,1.0
medium_compressibility,3,smoothed,7,8,0.88,4.12,2,0,0,0,1.0
medium_compressibility,3,smoothed,7,9,0.88,4.12,2,0,0,0,1.0
medium_compressibility,3,smoothed,7,10,0.88,4.12,2,0,0,0,1.0
medium_compressibility,3,smoothed,7,11,0.88,4.12,2,0,0,0,1.0
medium_compressibility,3,smoothed,7,12,0.88,4.12,2,0,0,0,1.0
medium_compressibility,3,smoothed,7,13,0.88,4.12,2,0,0,0,1.0
medium_compressibility,3,smoothed,7,14,0.88,4.12,2,0,0,0,1.0
medium_compressibility,3,smoothed,7,15,0.88,4.12,2,0,0,0,1.0
medium_compressibility,3,static_min,1,0,0.88,4.12,5,13,13,1,inf
medium_compressibility,3,static_min,1,1,0.88,4.12,5,13,13,1,inf
medium_compressibility,3,static_min,1,2,0.88,4.12,5,13,13,1,inf
medium_compressibility,3,static_min,1,3,0.88,4.12,5,13,13,1,inf
medium_compressibility,3,static_min,1,4,0.88,4.12,5,13,13,1,1.9285714285714286
medium_compressibility,3,static_min,1,5,0.88,4.12,5,13,13,1,1.9285714285714286
medium_compressibility,3,static_min,1,6,0.88,4.12,5,13,13,1,1.9285714285714286
medium_compressibility,3,static_min,1,7,0.88,4.12,5,13,13,1,1.9285714285714286
medium_compressibility,3,static_min,1,8,0.88,4.12,5,13,13,1,1.9285714285714286
medium_compressibility,3,static_min,1,9,0.88,4.12,5,13,13,1,1.9285714285714286
medium_compressibility,3,static_min,1,10,0.88,4.12,5,13,13,1,1.9285714285714286
medium_compressibility,3,static_min,1,11,0.88,4.12,5,13,13,1,1.9285714285714286
medium_compressibility,3,static_min,1,12,0.88,4.12,5,13,13,1,1.9285714285714286
medium_compressibility,3,static_min,1,13,0.88,4.12,5,13,13,1,1.9285714285714286
medium_compressibility,3,static_min,1,14,0.88,4.12,5,13,13,1,1.9285714285714286
medium_compressibility,3,static_min,1,15,0.88,4.12,5,13,13,1,1.9285714285714286
medium_compressibility,3,static_min,2,0,0.88,4.12,5,5,6,1,inf
medium_compressibility,3,static_min,2,1,0.88,4.12,5,5,6,1,inf
medium_compressibility,3,static_min,2,2,0.88,4.12,5,5,6,1,inf
medium_compressibility,3,static_min,2,3,0.88,4.12,5,5,6,1,1.2142857142857142
medium_compressibility,3,static_min,2,4,0.88,4.12,5,5,6,1,1.2142857142857142
medium_compressibility,3,static_min,2,5,0.88,4.12,5,5,6,1,1.2142857142857142
medium_compressibility,3,static_min,2,6,0.88,4.12,5,5,6,1,1.2142857142857142
medium_compressibility,3,static_min,2,7,0.88,4.12,5,5,6,1,1.2142857142857142
medium_compressibility,3,static_min,2,8,0.88,4.12,5,5,6,1,1.2142857142857142
medium_compressibility,3,static_min,2,9,0.88,4.12,5,5,6,1,1.2142857142857142
medium_compressibility,3,static_min,2,10,0.88,4.12,5,5,6,1,1.2142857142857142
medium_compressibility,3,static_min,2,11,0.88,4.12,5,5,6,1,1.2142857142857142
medium_compressibility,3,static_min,2,12,0.88,4.12,5,5,6,1,1.2142857142857142
medium_compressibility,3,static_min,2,13,0.88,4.12,5,5,6,1,1.2142857142857142
medium_compressibility,3,static_min,2,14,0.88,4.12,5,5,6,1,1.2142857142857142
medium_compressibility,3,static_min,2,15,0.88,4.12,5,5,6,1,1.2142857142857142
medium_compressibility,3,static_min,3,0,0.88,4.12,5,2,3,1,inf
medium_compressibility,3,static_min,3,1,0.88,4.12,5,2,3,1,inf
medium_compressibility,3,static_min,3,2,0.88,4.12,5,2,3,1,1.1428571428571428
medium_compressibility,3,static_min,3,3,0.88,4.12,5,2,3,1,1.0714285714285714
medium_compressibility,3,static_min,3,4,0.88,4.12,5,2,3,1,1.0714285714285714
medium_compressibility,3,static_min,3,5,0.88,4.12,5,2,3,1,1.0714285714285714
medium_compressibility,3,static_min,3,6,0.88,4.12,5,2,3,1,1.0714285714285714
medium_compressibility,3,static_min,3,7,0.88,4.12,5,2,3,1,1.0714285714285714
medium_compressibility,3,static_min,3,8,0.88,4.12,5,2,3,1,1.0714285714285714
medium_compressibility,3,static_min,3,9,0.88,4.12,5,2,3,1,1.0714285714285714
medium_compressibility,3,static_min,3,10,0.88,4.12,5,2,3,1,1.0714285714285714
medium_compressibility,3,static_min,3,11,0.88,4.12,5,2,3,1,1.0714285714285714
medium_compressibility,3,static_min,3,12,0.88,4.12,5,2,3,1,1.0714285714285714
medium_compressibility,3,static_min,3,13,0.88,4.12,5,2,3,1,1.0714285714285714
medium_compressibility,3,static_min,3,14,0.88,4.12,5,2,3,1,1.0714285714285714
medium_compressibility,3,static_min,3,15,0.88,4.12,5,2,3,1,1.0714285714285714
medium_compressibility,3,static_min,4,0,0.88,4.12,5,0,1,1,inf
medium_compressibility,3,static_min,4,1,0.88,4.12,5,0,1,0,1.0
medium_compressibility,3,static_min,4,2,0.88,4.12,5,0,1,0,1.0
medium_compressibility,3,static_min,4,3,0.88,4.12,5,0,1,0,1.0
medium_compressibility,3,static_min,4,4,0.88,4.12,5,0,1,0,1.0
medium_compressibility,3,static_min,4,5,0.88,4.12,5,0,1,0,1.0
medium_compressibility,3,static_min,4,6,0.88,4.12,5,0,1,0,1.0
medium_compressibility,3,static_min,4,7,0.88,4.12,5,0,1,0,1.0
medium_compressibility,3,static_min,4,8,0.88,4.12,5,0,1,0,1.0
medium_compressibility,3,static_min,4,9,0.88,4.12,5,0,1,0,1.0
medium_compressibility,3,static_min,4,10,0.88,4.12,5,0,1,0,1.0
medium_compressibility,3,static_min,4,11,0.88,4.12,5,0,1,0,1.0
medium_compressibility,3,static_min,4,12,0.88,4.12,5,0,1,0,1.0
medium_compressibility,3,static_min,4,13,0.88,4.12,5,0,1,0,1.0
medium_compressibility,3,static_min,4,14,0.88,4.12,5,0,1,0,1.0
medium_compressibility,3,static_min,4,15,0.88,4.12,5,0,1,0,1.0
medium_compressibility,3,static_min,5,0,0.88,4.12,5,0,0,0,1.0
medium_compressibility,3,static_min,5,1,0.88,4.12,5,0,0,0,1.0
medium_compressibility,3,static_min,5,2,0.88,4.12,5,0,0,0,1.0
medium_compressibility,3,static_min,5,3,0.88,4.12,5,0,0,0,1.0
medium_compressibility,3,static_min,5,4,0.88,4.12,5,0,0,0,1.0
medium_compressibility,3,static_min,5,5,0.88,4.12,5,0,0,0,1.0
medium_compressibility,3,static_min,5,6,0.88,4.12,5,0,0,0,1.0
medium_compressibility,3,static_min,5,7,0.88,4.12,5,0,0,0,1.0
medium_compressibility,3,static_min,5,8,0.88,4.12,5,0,0,0,1.0
medium_compressibility,3,static_min,5,9,0.88,4.12,5,0,0,0,1.0
medium_compressibility,3,static_min,5,10,0.88,4.12,5,0,0,0,1.0
medium_compressibility,3,static_min,5,11,0.88,4.12,5,0,0,0,1.0
medium_compressibility,3,static_min,5,12,0.88,4.12,5,0,0,0,1.0
medium_compressibility,3,static_min,5,13,0.88,4.12,5,0,0,0,1.0
medium_compressibility,3,static_min,5,14,0.88,4.12,5,0,0,0,1.0
medium_compressibility,3,static_min,5,15,0.88,4.12,5,0,0,0,1.0
medium_compressibility,3,static_min,6,0,0.88,4.12,5,0,0,0,1.0
medium_compressibility,3,static_min,6,1,0.88,4.12,5,0,0,0,1.0
medium_compressibility,3,static_min,6,2,0.88,4.12,5,0,0,0,1.0
medium_compressibility,3,static_min,6,3,0.88,4.12,5,0,0,0,1.0
medium_compressibility,3,static_min,6,4,0.88,4.12,5,0,0,0,1.0
medium_compressibility,3,static_min,6,5,0.88,4.12,5,0,0,0,1.0
medium_compressibility,3,static_min,6,6,0.88,4.12,5,0,0,0,1.0
medium_compressibility,3,static_min,6,7,0.88,4.12,5,0,0,0,1.0
medium_compressibility,3,static_min,6,8,0.88,4.12,5,0,0,0,1.0
medium_compressibility,3,static_min,6,9,0.88,4.12,5,0,0,0,1.0
medium_compressibility,3,static_min,6,10,0.88,4.12,5,0,0,0,1.0
medium_compressibility,3,static_min,6,11,0.88,4.12,5,0,0,0,1.0
medium_compressibility,3,static_min,6,12,0.88,4.12,5,0,0,0,1.0
medium_compressibility,3,static_min,6,13,0.88,4.12,5,0,0,0,1.0
medium_compressibility,3,static_min,6,14,0.88,4.12,5,0,0,0,1.0
medium_compressibility,3,static_min,6,15,0.88,4.12,5,0,0,0,1.0
medium_compressibility,3,static_min,7,0,0.88,4.12,5,0,0,0,1.0
medium_compressibility,3,static_min,7,1,0.88,4.12,5,0,0,0,1.0
medium_compressibility,3,static_min,7,2,0.88,4.12,5,0,0,0,1.0
medium_compressibility,3,static_min,7,3,0.88,4.12,5,0,0,0,1.0
medium_compressibility,3,static_min,7,4,0.88,4.12,5,0,0,0,1.0
medium_compressibility,3,static_min,7,5,0.88,4.12,5,0,0,0,1.0
medium_compressibility,3,static_min,7,6,0.88,4.12,5,0,0,0,1.0
medium_compressibility,3,static_min,7,7,0.88,4.12,5,0,0,0,1.0
medium_compressibility,3,static_min,7,8,0.88,4.12,5,0,0,0,1.0
medium_compressibility,3,static_min,7,9,0.88,4.12,5,0,0,0,1.0
medium_compressibility,3,static_min,7,10,0.88,4.12,5,0,0,0,1.0
medium_compressibility,3,static_min,7,11,0.88,4.12,5,0,0,0,1.0
medium_compressibility,3,static_min,7,12,0.88,4.12,5,0,0,0,1.0
medium_compressibility,3,static_min,7,13,0.88,4.12,5,0,0,0,1.0
medium_compressibility,3,static_min,7,14,0.88,4.12,5,0,0,0,1.0
medium_compressibility,3,static_min,7,15,0.88,4.12,5,0,0,0,1.0
medium_compressibility,5,capacity_aware_static,1,0,0.72,1.72,1,0,0,0,1.0
medium_compressibility,5,capacity_aware_static,1,1,0.72,1.72,1,0,0,0,1.0
medium_compressibility,5,capacity_aware_static,1,2,0.72,1.72,1,0,0,0,1.0
medium_compressibility,5,capacity_aware_static,1,3,0.72,1.72,1,0,0,0,1.0
medium_compressibility,5,capacity_aware_static,1,4,0.72,1.72,1,0,0,0,1.0
medium_compressibility,5,capacity_aware_static,1,5,0.72,1.72,1,0,0,0,1.0
medium_compressibility,5,capacity_aware_static,1,6,0.72,1.72,1,0,0,0,1.0
medium_compressibility,5,capacity_aware_static,1,7,0.72,1.72,1,0,0,0,1.0
medium_compressibility,5,capacity_aware_static,1,8,0.72,1.72,1,0,0,0,1.0
medium_compressibility,5,capacity_aware_static,1,9,0.72,1.72,1,0,0,0,1.0
medium_compressibility,5,capacity_aware_static,1,10,0.72,1.72,1,0,0,0,1.0
medium_compressibility,5,capacity_aware_static,1,11,0.72,1.72,1,0,0,0,1.0
medium_compressibility,5,capacity_aware_static,1,12,0.72,1.72,1,0,0,0,1.0
medium_compressibility,5,capacity_aware_static,1,13,0.72,1.72,1,0,0,0,1.0
medium_compressibility,5,capacity_aware_static,1,14,0.72,1.72,1,0,0,0,1.0
medium_compressibility,5,capacity_aware_static,1,15,0.72,1.72,1,0,0,0,1.0
medium_compressibility,5,capacity_aware_static,2,0,0.72,1.72,2,0,0,0,1.0
medium_compressibility,5,capacity_aware_static,2,1,0.72,1.72,2,0,0,0,1.0
medium_compressibility,5,capacity_aware_static,2,2,0.72,1.72,2,0,0,0,1.0
medium_compressibility,5,capacity_aware_static,2,3,0.72,1.72,2,0,0,0,1.0
medium_compressibility,5,capacity_aware_static,2,4,0.72,1.72,2,0,0,0,1.0
medium_compressibility,5,capacity_aware_static,2,5,0.72,1.72,2,0,0,0,1.0
medium_compressibility,5,capacity_aware_static,2,6,0.72,1.72,2,0,0,0,1.0
medium_compressibility,5,capacity_aware_static,2,7,0.72,1.72,2,0,0,0,1.0
medium_compressibility,5,capacity_aware_static,2,8,0.72,1.72,2,0,0,0,1.0
medium_compressibility,5,capacity_aware_static,2,9,0.72,1.72,2,0,0,0,1.0
medium_compressibility,5,capacity_aware_static,2,10,0.72,1.72,2,0,0,0,1.0
medium_compressibility,5,capacity_aware_static,2,11,0.72,1.72,2,0,0,0,1.0
medium_compressibility,5,capacity_aware_static,2,12,0.72,1.72,2,0,0,0,1.0
medium_compressibility,5,capacity_aware_static,2,13,0.72,1.72,2,0,0,0,1.0
medium_compressibility,5,capacity_aware_static,2,14,0.72,1.72,2,0,0,0,1.0
medium_compressibility,5,capacity_aware_static,2,15,0.72,1.72,2,0,0,0,1.0
medium_compressibility,5,capacity_aware_static,3,0,0.72,1.72,3,0,0,0,1.0
medium_compressibility,5,capacity_aware_static,3,1,0.72,1.72,3,0,0,0,1.0
medium_compressibility,5,capacity_aware_static,3,2,0.72,1.72,3,0,0,0,1.0
medium_compressibility,5,capacity_aware_static,3,3,0.72,1.72,3,0,0,0,1.0
medium_compressibility,5,capacity_aware_static,3,4,0.72,1.72,3,0,0,0,1.0
medium_compressibility,5,capacity_aware_static,3,5,0.72,1.72,3,0,0,0,1.0
medium_compressibility,5,capacity_aware_static,3,6,0.72,1.72,3,0,0,0,1.0
medium_compressibility,5,capacity_aware_static,3,7,0.72,1.72,3,0,0,0,1.0
medium_compressibility,5,capacity_aware_static,3,8,0.72,1.72,3,0,0,0,1.0
medium_compressibility,5,capacity_aware_static,3,9,0.72,1.72,3,0,0,0,1.0
medium_compressibility,5,capacity_aware_static,3,10,0.72,1.72,3,0,0,0,1.0
medium_compressibility,5,capacity_aware_static,3,11,0.72,1.72,3,0,0,0,1.0
medium_compressibility,5,capacity_aware_static,3,12,0.72,1.72,3,0,0,0,1.0
medium_compressibility,5,capacity_aware_static,3,13,0.72,1.72,3,0,0,0,1.0
medium_compressibility,5,capacity_aware_static,3,14,0.72,1.72,3,0,0,0,1.0
medium_compressibility,5,capacity_aware_static,3,15,0.72,1.72,3,0,0,0,1.0
medium_compressibility,5,capacity_aware_static,4,0,0.72,1.72,3,0,0,0,1.0
medium_compressibility,5,capacity_aware_static,4,1,0.72,1.72,3,0,0,0,1.0
medium_compressibility,5,capacity_aware_static,4,2,0.72,1.72,3,0,0,0,1.0
medium_compressibility,5,capacity_aware_static,4,3,0.72,1.72,3,0,0,0,1.0
medium_compressibility,5,capacity_aware_static,4,4,0.72,1.72,3,0,0,0,1.0
medium_compressibility,5,capacity_aware_static,4,5,0.72,1.72,3,0,0,0,1.0
medium_compressibility,5,capacity_aware_static,4,6,0.72,1.72,3,0,0,0,1.0
medium_compressibility,5,capacity_aware_static,4,7,0.72,1.72,3,0,0,0,1.0
medium_compressibility,5,capacity_aware_static,4,8,0.72,1.72,3,0,0,0,1.0
medium_compressibility,5,capacity_aware_static,4,9,0.72,1.72,3,0,0,0,1.0
medium_compressibility,5,capacity_aware_static,4,10,0.72,1.72,3,0,0,0,1.0
medium_compressibility,5,capacity_aware_static,4,11,0.72,1.72,3,0,0,0,1.0
medium_compressibility,5,capacity_aware_static,4,12,0.72,1.72,3,0,0,0,1.0
medium_compressibility,5,capacity_aware_static,4,13,0.72,1.72,3,0,0,0,1.0
medium_compressibility,5,capacity_aware_static,4,14,0.72,1.72,3,0,0,0,1.0
medium_compressibility,5,capacity_aware_static,4,15,0.72,1.72,3,0,0,0,1.0
medium_compressibility,5,capacity_aware_static,5,0,0.72,1.72,3,0,0,0,1.0
medium_compressibility,5,capacity_aware_static,5,1,0.72,1.72,3,0,0,0,1.0
medium_compressibility,5,capacity_aware_static,5,2,0.72,1.72,3,0,0,0,1.0
medium_compressibility,5,capacity_aware_static,5,3,0.72,1.72,3,0,0,0,1.0
medium_compressibility,5,capacity_aware_static,5,4,0.72,1.72,3,0,0,0,1.0
medium_compressibility,5,capacity_aware_static,5,5,0.72,1.72,3,0,0,0,1.0
medium_compressibility,5,capacity_aware_static,5,6,0.72,1.72,3,0,0,0,1.0
medium_compressibility,5,capacity_aware_static,5,7,0.72,1.72,3,0,0,0,1.0
medium_compressibility,5,capacity_aware_static,5,8,0.72,1.72,3,0,0,0,1.0
medium_compressibility,5,capacity_aware_static,5,9,0.72,1.72,3,0,0,0,1.0
medium_compressibility,5,capacity_aware_static,5,10,0.72,1.72,3,0,0,0,1.0
medium_compressibility,5,capacity_aware_static,5,11,0.72,1.72,3,0,0,0,1.0
medium_compressibility,5,capacity_aware_static,5,12,0.72,1.72,3,0,0,0,1.0
medium_compressibility,5,capacity_aware_static,5,13,0.72,1.72,3,0,0,0,1.0
medium_compressibility,5,capacity_aware_static,5,14,0.72,1.72,3,0,0,0,1.0
medium_compressibility,5,capacity_aware_static,5,15,0.72,1.72,3,0,0,0,1.0
medium_compressibility,5,capacity_aware_static,6,0,0.72,1.72,3,0,0,0,1.0
medium_compressibility,5,capacity_aware_static,6,1,0.72,1.72,3,0,0,0,1.0
medium_compressibility,5,capacity_aware_static,6,2,0.72,1.72,3,0,0,0,1.0
medium_compressibility,5,capacity_aware_static,6,3,0.72,1.72,3,0,0,0,1.0
medium_compressibility,5,capacity_aware_static,6,4,0.72,1.72,3,0,0,0,1.0
medium_compressibility,5,capacity_aware_static,6,5,0.72,1.72,3,0,0,0,1.0
medium_compressibility,5,capacity_aware_static,6,6,0.72,1.72,3,0,0,0,1.0
medium_compressibility,5,capacity_aware_static,6,7,0.72,1.72,3,0,0,0,1.0
medium_compressibility,5,capacity_aware_static,6,8,0.72,1.72,3,0,0,0,1.0
medium_compressibility,5,capacity_aware_static,6,9,0.72,1.72,3,0,0,0,1.0
medium_compressibility,5,capacity_aware_static,6,10,0.72,1.72,3,0,0,0,1.0
medium_compressibility,5,capacity_aware_static,6,11,0.72,1.72,3,0,0,0,1.0
medium_compressibility,5,capacity_aware_static,6,12,0.72,1.72,3,0,0,0,1.0
medium_compressibility,5,capacity_aware_static,6,13,0.72,1.72,3,0,0,0,1.0
medium_compressibility,5,capacity_aware_static,6,14,0.72,1.72,3,0,0,0,1.0
medium_compressibility,5,capacity_aware_static,6,15,0.72,1.72,3,0,0,0,1.0
medium_compressibility,5,capacity_aware_static,7,0,0.72,1.72,3,0,0,0,1.0
medium_compressibility,5,capacity_aware_static,7,1,0.72,1.72,3,0,0,0,1.0
medium_compressibility,5,capacity_aware_static,7,2,0.72,1.72,3,0,0,0,1.0
medium_compressibility,5,capacity_aware_static,7,3,0.72,1.72,3,0,0,0,1.0
medium_compressibility,5,capacity_aware_static,7,4,0.72,1.72,3,0,0,0,1.0
medium_compressibility,5,capacity_aware_static,7,5,0.72,1.72,3,0,0,0,1.0
medium_compressibility,5,capacity_aware_static,7,6,0.72,1.72,3,0,0,0,1.0
medium_compressibility,5,capacity_aware_static,7,7,0.72,1.72,3,0,0,0,1.0
medium_compressibility,5,capacity_aware_static,7,8,0.72,1.72,3,0,0,0,1.0
medium_compressibility,5,capacity_aware_static,7,9,0.72,1.72,3,0,0,0,1.0
medium_compressibility,5,capacity_aware_static,7,10,0.72,1.72,3,0,0,0,1.0
medium_compressibility,5,capacity_aware_static,7,11,0.72,1.72,3,0,0,0,1.0
medium_compressibility,5,capacity_aware_static,7,12,0.72,1.72,3,0,0,0,1.0
medium_compressibility,5,capacity_aware_static,7,13,0.72,1.72,3,0,0,0,1.0
medium_compressibility,5,capacity_aware_static,7,14,0.72,1.72,3,0,0,0,1.0
medium_compressibility,5,capacity_aware_static,7,15,0.72,1.72,3,0,0,0,1.0
medium_compressibility,5,smoothed,1,0,0.72,1.72,2,12,12,1,inf
medium_compressibility,5,smoothed,1,1,0.72,1.72,2,12,12,1,1.8571428571428572
medium_compressibility,5,smoothed,1,2,0.72,1.72,2,12,12,1,1.8571428571428572
medium_compressibility,5,smoothed,1,3,0.72,1.72,2,12,12,1,1.8571428571428572
medium_compressibility,5,smoothed,1,4,0.72,1.72,2,12,12,1,1.8571428571428572
medium_compressibility,5,smoothed,1,5,0.72,1.72,2,12,12,1,1.8571428571428572
medium_compressibility,5,smoothed,1,6,0.72,1.72,2,12,12,1,1.8571428571428572
medium_compressibility,5,smoothed,1,7,0.72,1.72,2,12,12,1,1.8571428571428572
medium_compressibility,5,smoothed,1,8,0.72,1.72,2,12,12,1,1.8571428571428572
medium_compressibility,5,smoothed,1,9,0.72,1.72,2,12,12,1,1.8571428571428572
medium_compressibility,5,smoothed,1,10,0.72,1.72,2,12,12,1,1.8571428571428572
medium_compressibility,5,smoothed,1,11,0.72,1.72,2,12,12,1,1.8571428571428572
medium_compressibility,5,smoothed,1,12,0.72,1.72,2,12,12,1,1.8571428571428572
medium_compressibility,5,smoothed,1,13,0.72,1.72,2,12,12,1,1.8571428571428572
medium_compressibility,5,smoothed,1,14,0.72,1.72,2,12,12,1,1.8571428571428572
medium_compressibility,5,smoothed,1,15,0.72,1.72,2,12,12,1,1.8571428571428572
medium_compressibility,5,smoothed,2,0,0.72,1.72,2,0,0,0,1.0
medium_compressibility,5,smoothed,2,1,0.72,1.72,2,0,0,0,1.0
medium_compressibility,5,smoothed,2,2,0.72,1.72,2,0,0,0,1.0
medium_compressibility,5,smoothed,2,3,0.72,1.72,2,0,0,0,1.0
medium_compressibility,5,smoothed,2,4,0.72,1.72,2,0,0,0,1.0
medium_compressibility,5,smoothed,2,5,0.72,1.72,2,0,0,0,1.0
medium_compressibility,5,smoothed,2,6,0.72,1.72,2,0,0,0,1.0
medium_compressibility,5,smoothed,2,7,0.72,1.72,2,0,0,0,1.0
medium_compressibility,5,smoothed,2,8,0.72,1.72,2,0,0,0,1.0
medium_compressibility,5,smoothed,2,9,0.72,1.72,2,0,0,0,1.0
medium_compressibility,5,smoothed,2,10,0.72,1.72,2,0,0,0,1.0
medium_compressibility,5,smoothed,2,11,0.72,1.72,2,0,0,0,1.0
medium_compressibility,5,smoothed,2,12,0.72,1.72,2,0,0,0,1.0
medium_compressibility,5,smoothed,2,13,0.72,1.72,2,0,0,0,1.0
medium_compressibility,5,smoothed,2,14,0.72,1.72,2,0,0,0,1.0
medium_compressibility,5,smoothed,2,15,0.72,1.72,2,0,0,0,1.0
medium_compressibility,5,smoothed,3,0,0.72,1.72,2,0,0,0,1.0
medium_compressibility,5,smoothed,3,1,0.72,1.72,2,0,0,0,1.0
medium_compressibility,5,smoothed,3,2,0.72,1.72,2,0,0,0,1.0
medium_compressibility,5,smoothed,3,3,0.72,1.72,2,0,0,0,1.0
medium_compressibility,5,smoothed,3,4,0.72,1.72,2,0,0,0,1.0
medium_compressibility,5,smoothed,3,5,0.72,1.72,2,0,0,0,1.0
medium_compressibility,5,smoothed,3,6,0.72,1.72,2,0,0,0,1.0
medium_compressibility,5,smoothed,3,7,0.72,1.72,2,0,0,0,1.0
medium_compressibility,5,smoothed,3,8,0.72,1.72,2,0,0,0,1.0
medium_compressibility,5,smoothed,3,9,0.72,1.72,2,0,0,0,1.0
medium_compressibility,5,smoothed,3,10,0.72,1.72,2,0,0,0,1.0
medium_compressibility,5,smoothed,3,11,0.72,1.72,2,0,0,0,1.0
medium_compressibility,5,smoothed,3,12,0.72,1.72,2,0,0,0,1.0
medium_compressibility,5,smoothed,3,13,0.72,1.72,2,0,0,0,1.0
medium_compressibility,5,smoothed,3,14,0.72,1.72,2,0,0,0,1.0
medium_compressibility,5,smoothed,3,15,0.72,1.72,2,0,0,0,1.0
medium_compressibility,5,smoothed,4,0,0.72,1.72,2,0,0,0,1.0
medium_compressibility,5,smoothed,4,1,0.72,1.72,2,0,0,0,1.0
medium_compressibility,5,smoothed,4,2,0.72,1.72,2,0,0,0,1.0
medium_compressibility,5,smoothed,4,3,0.72,1.72,2,0,0,0,1.0
medium_compressibility,5,smoothed,4,4,0.72,1.72,2,0,0,0,1.0
medium_compressibility,5,smoothed,4,5,0.72,1.72,2,0,0,0,1.0
medium_compressibility,5,smoothed,4,6,0.72,1.72,2,0,0,0,1.0
medium_compressibility,5,smoothed,4,7,0.72,1.72,2,0,0,0,1.0
medium_compressibility,5,smoothed,4,8,0.72,1.72,2,0,0,0,1.0
medium_compressibility,5,smoothed,4,9,0.72,1.72,2,0,0,0,1.0
medium_compressibility,5,smoothed,4,10,0.72,1.72,2,0,0,0,1.0
medium_compressibility,5,smoothed,4,11,0.72,1.72,2,0,0,0,1.0
medium_compressibility,5,smoothed,4,12,0.72,1.72,2,0,0,0,1.0
medium_compressibility,5,smoothed,4,13,0.72,1.72,2,0,0,0,1.0
medium_compressibility,5,smoothed,4,14,0.72,1.72,2,0,0,0,1.0
medium_compressibility,5,smoothed,4,15,0.72,1.72,2,0,0,0,1.0
medium_compressibility,5,smoothed,5,0,0.72,1.72,2,0,0,0,1.0
medium_compressibility,5,smoothed,5,1,0.72,1.72,2,0,0,0,1.0
medium_compressibility,5,smoothed,5,2,0.72,1.72,2,0,0,0,1.0
medium_compressibility,5,smoothed,5,3,0.72,1.72,2,0,0,0,1.0
medium_compressibility,5,smoothed,5,4,0.72,1.72,2,0,0,0,1.0
medium_compressibility,5,smoothed,5,5,0.72,1.72,2,0,0,0,1.0
medium_compressibility,5,smoothed,5,6,0.72,1.72,2,0,0,0,1.0
medium_compressibility,5,smoothed,5,7,0.72,1.72,2,0,0,0,1.0
medium_compressibility,5,smoothed,5,8,0.72,1.72,2,0,0,0,1.0
medium_compressibility,5,smoothed,5,9,0.72,1.72,2,0,0,0,1.0
medium_compressibility,5,smoothed,5,10,0.72,1.72,2,0,0,0,1.0
medium_compressibility,5,smoothed,5,11,0.72,1.72,2,0,0,0,1.0
medium_compressibility,5,smoothed,5,12,0.72,1.72,2,0,0,0,1.0
medium_compressibility,5,smoothed,5,13,0.72,1.72,2,0,0,0,1.0
medium_compressibility,5,smoothed,5,14,0.72,1.72,2,0,0,0,1.0
medium_compressibility,5,smoothed,5,15,0.72,1.72,2,0,0,0,1.0
medium_compressibility,5,smoothed,6,0,0.72,1.72,2,0,0,0,1.0
medium_compressibility,5,smoothed,6,1,0.72,1.72,2,0,0,0,1.0
medium_compressibility,5,smoothed,6,2,0.72,1.72,2,0,0,0,1.0
medium_compressibility,5,smoothed,6,3,0.72,1.72,2,0,0,0,1.0
medium_compressibility,5,smoothed,6,4,0.72,1.72,2,0,0,0,1.0
medium_compressibility,5,smoothed,6,5,0.72,1.72,2,0,0,0,1.0
medium_compressibility,5,smoothed,6,6,0.72,1.72,2,0,0,0,1.0
medium_compressibility,5,smoothed,6,7,0.72,1.72,2,0,0,0,1.0
medium_compressibility,5,smoothed,6,8,0.72,1.72,2,0,0,0,1.0
medium_compressibility,5,smoothed,6,9,0.72,1.72,2,0,0,0,1.0
medium_compressibility,5,smoothed,6,10,0.72,1.72,2,0,0,0,1.0
medium_compressibility,5,smoothed,6,11,0.72,1.72,2,0,0,0,1.0
medium_compressibility,5,smoothed,6,12,0.72,1.72,2,0,0,0,1.0
medium_compressibility,5,smoothed,6,13,0.72,1.72,2,0,0,0,1.0
medium_compressibility,5,smoothed,6,14,0.72,1.72,2,0,0,0,1.0
medium_compressibility,5,smoothed,6,15,0.72,1.72,2,0,0,0,1.0
medium_compressibility,5,smoothed,7,0,0.72,1.72,2,0,0,0,1.0
medium_compressibility,5,smoothed,7,1,0.72,1.72,2,0,0,0,1.0
medium_compressibility,5,smoothed,7,2,0.72,1.72,2,0,0,0,1.0
medium_compressibility,5,smoothed,7,3,0.72,1.72,2,0,0,0,1.0
medium_compressibility,5,smoothed,7,4,0.72,1.72,2,0,0,0,1.0
medium_compressibility,5,smoothed,7,5,0.72,1.72,2,0,0,0,1.0
medium_compressibility,5,smoothed,7,6,0.72,1.72,2,0,0,0,1.0
medium_compressibility,5,smoothed,7,7,0.72,1.72,2,0,0,0,1.0
medium_compressibility,5,smoothed,7,8,0.72,1.72,2,0,0,0,1.0
medium_compressibility,5,smoothed,7,9,0.72,1.72,2,0,0,0,1.0
medium_compressibility,5,smoothed,7,10,0.72,1.72,2,0,0,0,1.0
medium_compressibility,5,smoothed,7,11,0.72,1.72,2,0,0,0,1.0
medium_compressibility,5,smoothed,7,12,0.72,1.72,2,0,0,0,1.0
medium_compressibility,5,smoothed,7,13,0.72,1.72,2,0,0,0,1.0
medium_compressibility,5,smoothed,7,14,0.72,1.72,2,0,0,0,1.0
medium_compressibility,5,smoothed,7,15,0.72,1.72,2,0,0,0,1.0
medium_compressibility,5,static_min,1,0,0.72,1.72,3,13,13,1,inf
medium_compressibility,5,static_min,1,1,0.72,1.72,3,13,13,1,inf
medium_compressibility,5,static_min,1,2,0.72,1.72,3,13,13,1,1.9285714285714286
medium_compressibility,5,static_min,1,3,0.72,1.72,3,13,13,1,1.9285714285714286
medium_compressibility,5,static_min,1,4,0.72,1.72,3,13,13,1,1.9285714285714286
medium_compressibility,5,static_min,1,5,0.72,1.72,3,13,13,1,1.9285714285714286
medium_compressibility,5,static_min,1,6,0.72,1.72,3,13,13,1,1.9285714285714286
medium_compressibility,5,static_min,1,7,0.72,1.72,3,13,13,1,1.9285714285714286
medium_compressibility,5,static_min,1,8,0.72,1.72,3,13,13,1,1.9285714285714286
medium_compressibility,5,static_min,1,9,0.72,1.72,3,13,13,1,1.9285714285714286
medium_compressibility,5,static_min,1,10,0.72,1.72,3,13,13,1,1.9285714285714286
medium_compressibility,5,static_min,1,11,0.72,1.72,3,13,13,1,1.9285714285714286
medium_compressibility,5,static_min,1,12,0.72,1.72,3,13,13,1,1.9285714285714286
medium_compressibility,5,static_min,1,13,0.72,1.72,3,13,13,1,1.9285714285714286
medium_compressibility,5,static_min,1,14,0.72,1.72,3,13,13,1,1.9285714285714286
medium_compressibility,5,static_min,1,15,0.72,1.72,3,13,13,1,1.9285714285714286
medium_compressibility,5,static_min,2,0,0.72,1.72,3,1,3,1,inf
medium_compressibility,5,static_min,2,1,0.72,1.72,3,1,3,1,1.0714285714285714
medium_compressibility,5,static_min,2,2,0.72,1.72,3,1,3,1,1.0714285714285714
medium_compressibility,5,static_min,2,3,0.72,1.72,3,1,3,1,1.0714285714285714
medium_compressibility,5,static_min,2,4,0.72,1.72,3,1,3,1,1.0714285714285714
medium_compressibility,5,static_min,2,5,0.72,1.72,3,1,3,1,1.0714285714285714
medium_compressibility,5,static_min,2,6,0.72,1.72,3,1,3,1,1.0714285714285714
medium_compressibility,5,static_min,2,7,0.72,1.72,3,1,3,1,1.0714285714285714
medium_compressibility,5,static_min,2,8,0.72,1.72,3,1,3,1,1.0714285714285714
medium_compressibility,5,static_min,2,9,0.72,1.72,3,1,3,1,1.0714285714285714
medium_compressibility,5,static_min,2,10,0.72,1.72,3,1,3,1,1.0714285714285714
medium_compressibility,5,static_min,2,11,0.72,1.72,3,1,3,1,1.0714285714285714
medium_compressibility,5,static_min,2,12,0.72,1.72,3,1,3,1,1.0714285714285714
medium_compressibility,5,static_min,2,13,0.72,1.72,3,1,3,1,1.0714285714285714
medium_compressibility,5,static_min,2,14,0.72,1.72,3,1,3,1,1.0714285714285714
medium_compressibility,5,static_min,2,15,0.72,1.72,3,1,3,1,1.0714285714285714
medium_compressibility,5,static_min,3,0,0.72,1.72,3,0,0,0,1.0
medium_compressibility,5,static_min,3,1,0.72,1.72,3,0,0,0,1.0
medium_compressibility,5,static_min,3,2,0.72,1.72,3,0,0,0,1.0
medium_compressibility,5,static_min,3,3,0.72,1.72,3,0,0,0,1.0
medium_compressibility,5,static_min,3,4,0.72,1.72,3,0,0,0,1.0
medium_compressibility,5,static_min,3,5,0.72,1.72,3,0,0,0,1.0
medium_compressibility,5,static_min,3,6,0.72,1.72,3,0,0,0,1.0
medium_compressibility,5,static_min,3,7,0.72,1.72,3,0,0,0,1.0
medium_compressibility,5,static_min,3,8,0.72,1.72,3,0,0,0,1.0
medium_compressibility,5,static_min,3,9,0.72,1.72,3,0,0,0,1.0
medium_compressibility,5,static_min,3,10,0.72,1.72,3,0,0,0,1.0
medium_compressibility,5,static_min,3,11,0.72,1.72,3,0,0,0,1.0
medium_compressibility,5,static_min,3,12,0.72,1.72,3,0,0,0,1.0
medium_compressibility,5,static_min,3,13,0.72,1.72,3,0,0,0,1.0
medium_compressibility,5,static_min,3,14,0.72,1.72,3,0,0,0,1.0
medium_compressibility,5,static_min,3,15,0.72,1.72,3,0,0,0,1.0
medium_compressibility,5,static_min,4,0,0.72,1.72,3,0,0,0,1.0
medium_compressibility,5,static_min,4,1,0.72,1.72,3,0,0,0,1.0
medium_compressibility,5,static_min,4,2,0.72,1.72,3,0,0,0,1.0
medium_compressibility,5,static_min,4,3,0.72,1.72,3,0,0,0,1.0
medium_compressibility,5,static_min,4,4,0.72,1.72,3,0,0,0,1.0
medium_compressibility,5,static_min,4,5,0.72,1.72,3,0,0,0,1.0
medium_compressibility,5,static_min,4,6,0.72,1.72,3,0,0,0,1.0
medium_compressibility,5,static_min,4,7,0.72,1.72,3,0,0,0,1.0
medium_compressibility,5,static_min,4,8,0.72,1.72,3,0,0,0,1.0
medium_compressibility,5,static_min,4,9,0.72,1.72,3,0,0,0,1.0
medium_compressibility,5,static_min,4,10,0.72,1.72,3,0,0,0,1.0
medium_compressibility,5,static_min,4,11,0.72,1.72,3,0,0,0,1.0
medium_compressibility,5,static_min,4,12,0.72,1.72,3,0,0,0,1.0
medium_compressibility,5,static_min,4,13,0.72,1.72,3,0,0,0,1.0
medium_compressibility,5,static_min,4,14,0.72,1.72,3,0,0,0,1.0
medium_compressibility,5,static_min,4,15,0.72,1.72,3,0,0,0,1.0
medium_compressibility,5,static_min,5,0,0.72,1.72,3,0,0,0,1.0
medium_compressibility,5,static_min,5,1,0.72,1.72,3,0,0,0,1.0
medium_compressibility,5,static_min,5,2,0.72,1.72,3,0,0,0,1.0
medium_compressibility,5,static_min,5,3,0.72,1.72,3,0,0,0,1.0
medium_compressibility,5,static_min,5,4,0.72,1.72,3,0,0,0,1.0
medium_compressibility,5,static_min,5,5,0.72,1.72,3,0,0,0,1.0
medium_compressibility,5,static_min,5,6,0.72,1.72,3,0,0,0,1.0
medium_compressibility,5,static_min,5,7,0.72,1.72,3,0,0,0,1.0
medium_compressibility,5,static_min,5,8,0.72,1.72,3,0,0,0,1.0
medium_compressibility,5,static_min,5,9,0.72,1.72,3,0,0,0,1.0
medium_compressibility,5,static_min,5,10,0.72,1.72,3,0,0,0,1.0
medium_compressibility,5,static_min,5,11,0.72,1.72,3,0,0,0,1.0
medium_compressibility,5,static_min,5,12,0.72,1.72,3,0,0,0,1.0
medium_compressibility,5,static_min,5,13,0.72,1.72,3,0,0,0,1.0
medium_compressibility,5,static_min,5,14,0.72,1.72,3,0,0,0,1.0
medium_compressibility,5,static_min,5,15,0.72,1.72,3,0,0,0,1.0
medium_compressibility,5,static_min,6,0,0.72,1.72,3,0,0,0,1.0
medium_compressibility,5,static_min,6,1,0.72,1.72,3,0,0,0,1.0
medium_compressibility,5,static_min,6,2,0.72,1.72,3,0,0,0,1.0
medium_compressibility,5,static_min,6,3,0.72,1.72,3,0,0,0,1.0
medium_compressibility,5,static_min,6,4,0.72,1.72,3,0,0,0,1.0
medium_compressibility,5,static_min,6,5,0.72,1.72,3,0,0,0,1.0
medium_compressibility,5,static_min,6,6,0.72,1.72,3,0,0,0,1.0
medium_compressibility,5,static_min,6,7,0.72,1.72,3,0,0,0,1.0
medium_compressibility,5,static_min,6,8,0.72,1.72,3,0,0,0,1.0
medium_compressibility,5,static_min,6,9,0.72,1.72,3,0,0,0,1.0
medium_compressibility,5,static_min,6,10,0.72,1.72,3,0,0,0,1.0
medium_compressibility,5,static_min,6,11,0.72,1.72,3,0,0,0,1.0
medium_compressibility,5,static_min,6,12,0.72,1.72,3,0,0,0,1.0
medium_compressibility,5,static_min,6,13,0.72,1.72,3,0,0,0,1.0
medium_compressibility,5,static_min,6,14,0.72,1.72,3,0,0,0,1.0
medium_compressibility,5,static_min,6,15,0.72,1.72,3,0,0,0,1.0
medium_compressibility,5,static_min,7,0,0.72,1.72,3,0,0,0,1.0
medium_compressibility,5,static_min,7,1,0.72,1.72,3,0,0,0,1.0
medium_compressibility,5,static_min,7,2,0.72,1.72,3,0,0,0,1.0
medium_compressibility,5,static_min,7,3,0.72,1.72,3,0,0,0,1.0
medium_compressibility,5,static_min,7,4,0.72,1.72,3,0,0,0,1.0
medium_compressibility,5,static_min,7,5,0.72,1.72,3,0,0,0,1.0
medium_compressibility,5,static_min,7,6,0.72,1.72,3,0,0,0,1.0
medium_compressibility,5,static_min,7,7,0.72,1.72,3,0,0,0,1.0
medium_compressibility,5,static_min,7,8,0.72,1.72,3,0,0,0,1.0
medium_compressibility,5,static_min,7,9,0.72,1.72,3,0,0,0,1.0
medium_compressibility,5,static_min,7,10,0.72,1.72,3,0,0,0,1.0
medium_compressibility,5,static_min,7,11,0.72,1.72,3,0,0,0,1.0
medium_compressibility,5,static_min,7,12,0.72,1.72,3,0,0,0,1.0
medium_compressibility,5,static_min,7,13,0.72,1.72,3,0,0,0,1.0
medium_compressibility,5,static_min,7,14,0.72,1.72,3,0,0,0,1.0
medium_compressibility,5,static_min,7,15,0.72,1.72,3,0,0,0,1.0
medium_compressibility,7,capacity_aware_static,1,0,0.84,2.32,1,0,0,0,1.0
medium_compressibility,7,capacity_aware_static,1,1,0.84,2.32,1,0,0,0,1.0
medium_compressibility,7,capacity_aware_static,1,2,0.84,2.32,1,0,0,0,1.0
medium_compressibility,7,capacity_aware_static,1,3,0.84,2.32,1,0,0,0,1.0
medium_compressibility,7,capacity_aware_static,1,4,0.84,2.32,1,0,0,0,1.0
medium_compressibility,7,capacity_aware_static,1,5,0.84,2.32,1,0,0,0,1.0
medium_compressibility,7,capacity_aware_static,1,6,0.84,2.32,1,0,0,0,1.0
medium_compressibility,7,capacity_aware_static,1,7,0.84,2.32,1,0,0,0,1.0
medium_compressibility,7,capacity_aware_static,1,8,0.84,2.32,1,0,0,0,1.0
medium_compressibility,7,capacity_aware_static,1,9,0.84,2.32,1,0,0,0,1.0
medium_compressibility,7,capacity_aware_static,1,10,0.84,2.32,1,0,0,0,1.0
medium_compressibility,7,capacity_aware_static,1,11,0.84,2.32,1,0,0,0,1.0
medium_compressibility,7,capacity_aware_static,1,12,0.84,2.32,1,0,0,0,1.0
medium_compressibility,7,capacity_aware_static,1,13,0.84,2.32,1,0,0,0,1.0
medium_compressibility,7,capacity_aware_static,1,14,0.84,2.32,1,0,0,0,1.0
medium_compressibility,7,capacity_aware_static,1,15,0.84,2.32,1,0,0,0,1.0
medium_compressibility,7,capacity_aware_static,2,0,0.84,2.32,2,0,0,0,1.0
medium_compressibility,7,capacity_aware_static,2,1,0.84,2.32,2,0,0,0,1.0
medium_compressibility,7,capacity_aware_static,2,2,0.84,2.32,2,0,0,0,1.0
medium_compressibility,7,capacity_aware_static,2,3,0.84,2.32,2,0,0,0,1.0
medium_compressibility,7,capacity_aware_static,2,4,0.84,2.32,2,0,0,0,1.0
medium_compressibility,7,capacity_aware_static,2,5,0.84,2.32,2,0,0,0,1.0
medium_compressibility,7,capacity_aware_static,2,6,0.84,2.32,2,0,0,0,1.0
medium_compressibility,7,capacity_aware_static,2,7,0.84,2.32,2,0,0,0,1.0
medium_compressibility,7,capacity_aware_static,2,8,0.84,2.32,2,0,0,0,1.0
medium_compressibility,7,capacity_aware_static,2,9,0.84,2.32,2,0,0,0,1.0
medium_compressibility,7,capacity_aware_static,2,10,0.84,2.32,2,0,0,0,1.0
medium_compressibility,7,capacity_aware_static,2,11,0.84,2.32,2,0,0,0,1.0
medium_compressibility,7,capacity_aware_static,2,12,0.84,2.32,2,0,0,0,1.0
medium_compressibility,7,capacity_aware_static,2,13,0.84,2.32,2,0,0,0,1.0
medium_compressibility,7,capacity_aware_static,2,14,0.84,2.32,2,0,0,0,1.0
medium_compressibility,7,capacity_aware_static,2,15,0.84,2.32,2,0,0,0,1.0
medium_compressibility,7,capacity_aware_static,3,0,0.84,2.32,3,0,0,0,1.0
medium_compressibility,7,capacity_aware_static,3,1,0.84,2.32,3,0,0,0,1.0
medium_compressibility,7,capacity_aware_static,3,2,0.84,2.32,3,0,0,0,1.0
medium_compressibility,7,capacity_aware_static,3,3,0.84,2.32,3,0,0,0,1.0
medium_compressibility,7,capacity_aware_static,3,4,0.84,2.32,3,0,0,0,1.0
medium_compressibility,7,capacity_aware_static,3,5,0.84,2.32,3,0,0,0,1.0
medium_compressibility,7,capacity_aware_static,3,6,0.84,2.32,3,0,0,0,1.0
medium_compressibility,7,capacity_aware_static,3,7,0.84,2.32,3,0,0,0,1.0
medium_compressibility,7,capacity_aware_static,3,8,0.84,2.32,3,0,0,0,1.0
medium_compressibility,7,capacity_aware_static,3,9,0.84,2.32,3,0,0,0,1.0
medium_compressibility,7,capacity_aware_static,3,10,0.84,2.32,3,0,0,0,1.0
medium_compressibility,7,capacity_aware_static,3,11,0.84,2.32,3,0,0,0,1.0
medium_compressibility,7,capacity_aware_static,3,12,0.84,2.32,3,0,0,0,1.0
medium_compressibility,7,capacity_aware_static,3,13,0.84,2.32,3,0,0,0,1.0
medium_compressibility,7,capacity_aware_static,3,14,0.84,2.32,3,0,0,0,1.0
medium_compressibility,7,capacity_aware_static,3,15,0.84,2.32,3,0,0,0,1.0
medium_compressibility,7,capacity_aware_static,4,0,0.84,2.32,4,0,0,0,1.0
medium_compressibility,7,capacity_aware_static,4,1,0.84,2.32,4,0,0,0,1.0
medium_compressibility,7,capacity_aware_static,4,2,0.84,2.32,4,0,0,0,1.0
medium_compressibility,7,capacity_aware_static,4,3,0.84,2.32,4,0,0,0,1.0
medium_compressibility,7,capacity_aware_static,4,4,0.84,2.32,4,0,0,0,1.0
medium_compressibility,7,capacity_aware_static,4,5,0.84,2.32,4,0,0,0,1.0
medium_compressibility,7,capacity_aware_static,4,6,0.84,2.32,4,0,0,0,1.0
medium_compressibility,7,capacity_aware_static,4,7,0.84,2.32,4,0,0,0,1.0
medium_compressibility,7,capacity_aware_static,4,8,0.84,2.32,4,0,0,0,1.0
medium_compressibility,7,capacity_aware_static,4,9,0.84,2.32,4,0,0,0,1.0
medium_compressibility,7,capacity_aware_static,4,10,0.84,2.32,4,0,0,0,1.0
medium_compressibility,7,capacity_aware_static,4,11,0.84,2.32,4,0,0,0,1.0
medium_compressibility,7,capacity_aware_static,4,12,0.84,2.32,4,0,0,0,1.0
medium_compressibility,7,capacity_aware_static,4,13,0.84,2.32,4,0,0,0,1.0
medium_compressibility,7,capacity_aware_static,4,14,0.84,2.32,4,0,0,0,1.0
medium_compressibility,7,capacity_aware_static,4,15,0.84,2.32,4,0,0,0,1.0
medium_compressibility,7,capacity_aware_static,5,0,0.84,2.32,5,0,0,0,1.0
medium_compressibility,7,capacity_aware_static,5,1,0.84,2.32,5,0,0,0,1.0
medium_compressibility,7,capacity_aware_static,5,2,0.84,2.32,5,0,0,0,1.0
medium_compressibility,7,capacity_aware_static,5,3,0.84,2.32,5,0,0,0,1.0
medium_compressibility,7,capacity_aware_static,5,4,0.84,2.32,5,0,0,0,1.0
medium_compressibility,7,capacity_aware_static,5,5,0.84,2.32,5,0,0,0,1.0
medium_compressibility,7,capacity_aware_static,5,6,0.84,2.32,5,0,0,0,1.0
medium_compressibility,7,capacity_aware_static,5,7,0.84,2.32,5,0,0,0,1.0
medium_compressibility,7,capacity_aware_static,5,8,0.84,2.32,5,0,0,0,1.0
medium_compressibility,7,capacity_aware_static,5,9,0.84,2.32,5,0,0,0,1.0
medium_compressibility,7,capacity_aware_static,5,10,0.84,2.32,5,0,0,0,1.0
medium_compressibility,7,capacity_aware_static,5,11,0.84,2.32,5,0,0,0,1.0
medium_compressibility,7,capacity_aware_static,5,12,0.84,2.32,5,0,0,0,1.0
medium_compressibility,7,capacity_aware_static,5,13,0.84,2.32,5,0,0,0,1.0
medium_compressibility,7,capacity_aware_static,5,14,0.84,2.32,5,0,0,0,1.0
medium_compressibility,7,capacity_aware_static,5,15,0.84,2.32,5,0,0,0,1.0
medium_compressibility,7,capacity_aware_static,6,0,0.84,2.32,5,0,0,0,1.0
medium_compressibility,7,capacity_aware_static,6,1,0.84,2.32,5,0,0,0,1.0
medium_compressibility,7,capacity_aware_static,6,2,0.84,2.32,5,0,0,0,1.0
medium_compressibility,7,capacity_aware_static,6,3,0.84,2.32,5,0,0,0,1.0
medium_compressibility,7,capacity_aware_static,6,4,0.84,2.32,5,0,0,0,1.0
medium_compressibility,7,capacity_aware_static,6,5,0.84,2.32,5,0,0,0,1.0
medium_compressibility,7,capacity_aware_static,6,6,0.84,2.32,5,0,0,0,1.0
medium_compressibility,7,capacity_aware_static,6,7,0.84,2.32,5,0,0,0,1.0
medium_compressibility,7,capacity_aware_static,6,8,0.84,2.32,5,0,0,0,1.0
medium_compressibility,7,capacity_aware_static,6,9,0.84,2.32,5,0,0,0,1.0
medium_compressibility,7,capacity_aware_static,6,10,0.84,2.32,5,0,0,0,1.0
medium_compressibility,7,capacity_aware_static,6,11,0.84,2.32,5,0,0,0,1.0
medium_compressibility,7,capacity_aware_static,6,12,0.84,2.32,5,0,0,0,1.0
medium_compressibility,7,capacity_aware_static,6,13,0.84,2.32,5,0,0,0,1.0
medium_compressibility,7,capacity_aware_static,6,14,0.84,2.32,5,0,0,0,1.0
medium_compressibility,7,capacity_aware_static,6,15,0.84,2.32,5,0,0,0,1.0
medium_compressibility,7,capacity_aware_static,7,0,0.84,2.32,5,0,0,0,1.0
medium_compressibility,7,capacity_aware_static,7,1,0.84,2.32,5,0,0,0,1.0
medium_compressibility,7,capacity_aware_static,7,2,0.84,2.32,5,0,0,0,1.0
medium_compressibility,7,capacity_aware_static,7,3,0.84,2.32,5,0,0,0,1.0
medium_compressibility,7,capacity_aware_static,7,4,0.84,2.32,5,0,0,0,1.0
medium_compressibility,7,capacity_aware_static,7,5,0.84,2.32,5,0,0,0,1.0
medium_compressibility,7,capacity_aware_static,7,6,0.84,2.32,5,0,0,0,1.0
medium_compressibility,7,capacity_aware_static,7,7,0.84,2.32,5,0,0,0,1.0
medium_compressibility,7,capacity_aware_static,7,8,0.84,2.32,5,0,0,0,1.0
medium_compressibility,7,capacity_aware_static,7,9,0.84,2.32,5,0,0,0,1.0
medium_compressibility,7,capacity_aware_static,7,10,0.84,2.32,5,0,0,0,1.0
medium_compressibility,7,capacity_aware_static,7,11,0.84,2.32,5,0,0,0,1.0
medium_compressibility,7,capacity_aware_static,7,12,0.84,2.32,5,0,0,0,1.0
medium_compressibility,7,capacity_aware_static,7,13,0.84,2.32,5,0,0,0,1.0
medium_compressibility,7,capacity_aware_static,7,14,0.84,2.32,5,0,0,0,1.0
medium_compressibility,7,capacity_aware_static,7,15,0.84,2.32,5,0,0,0,1.0
medium_compressibility,7,smoothed,1,0,0.84,2.32,2,8,9,1,inf
medium_compressibility,7,smoothed,1,1,0.84,2.32,2,8,9,1,1.4705882352941178
medium_compressibility,7,smoothed,1,2,0.84,2.32,2,8,9,1,1.4705882352941178
medium_compressibility,7,smoothed,1,3,0.84,2.32,2,8,9,1,1.4705882352941178
medium_compressibility,7,smoothed,1,4,0.84,2.32,2,8,9,1,1.4705882352941178
medium_compressibility,7,smoothed,1,5,0.84,2.32,2,8,9,1,1.4705882352941178
medium_compressibility,7,smoothed,1,6,0.84,2.32,2,8,9,1,1.4705882352941178
medium_compressibility,7,smoothed,1,7,0.84,2.32,2,8,9,1,1.4705882352941178
medium_compressibility,7,smoothed,1,8,0.84,2.32,2,8,9,1,1.4705882352941178
medium_compressibility,7,smoothed,1,9,0.84,2.32,2,8,9,1,1.4705882352941178
medium_compressibility,7,smoothed,1,10,0.84,2.32,2,8,9,1,1.4705882352941178
medium_compressibility,7,smoothed,1,11,0.84,2.32,2,8,9,1,1.4705882352941178
medium_compressibility,7,smoothed,1,12,0.84,2.32,2,8,9,1,1.4705882352941178
medium_compressibility,7,smoothed,1,13,0.84,2.32,2,8,9,1,1.4705882352941178
medium_compressibility,7,smoothed,1,14,0.84,2.32,2,8,9,1,1.4705882352941178
medium_compressibility,7,smoothed,1,15,0.84,2.32,2,8,9,1,1.4705882352941178
medium_compressibility,7,smoothed,2,0,0.84,2.32,2,0,0,0,1.0
medium_compressibility,7,smoothed,2,1,0.84,2.32,2,0,0,0,1.0
medium_compressibility,7,smoothed,2,2,0.84,2.32,2,0,0,0,1.0
medium_compressibility,7,smoothed,2,3,0.84,2.32,2,0,0,0,1.0
medium_compressibility,7,smoothed,2,4,0.84,2.32,2,0,0,0,1.0
medium_compressibility,7,smoothed,2,5,0.84,2.32,2,0,0,0,1.0
medium_compressibility,7,smoothed,2,6,0.84,2.32,2,0,0,0,1.0
medium_compressibility,7,smoothed,2,7,0.84,2.32,2,0,0,0,1.0
medium_compressibility,7,smoothed,2,8,0.84,2.32,2,0,0,0,1.0
medium_compressibility,7,smoothed,2,9,0.84,2.32,2,0,0,0,1.0
medium_compressibility,7,smoothed,2,10,0.84,2.32,2,0,0,0,1.0
medium_compressibility,7,smoothed,2,11,0.84,2.32,2,0,0,0,1.0
medium_compressibility,7,smoothed,2,12,0.84,2.32,2,0,0,0,1.0
medium_compressibility,7,smoothed,2,13,0.84,2.32,2,0,0,0,1.0
medium_compressibility,7,smoothed,2,14,0.84,2.32,2,0,0,0,1.0
medium_compressibility,7,smoothed,2,15,0.84,2.32,2,0,0,0,1.0
medium_compressibility,7,smoothed,3,0,0.84,2.32,2,0,0,0,1.0
medium_compressibility,7,smoothed,3,1,0.84,2.32,2,0,0,0,1.0
medium_compressibility,7,smoothed,3,2,0.84,2.32,2,0,0,0,1.0
medium_compressibility,7,smoothed,3,3,0.84,2.32,2,0,0,0,1.0
medium_compressibility,7,smoothed,3,4,0.84,2.32,2,0,0,0,1.0
medium_compressibility,7,smoothed,3,5,0.84,2.32,2,0,0,0,1.0
medium_compressibility,7,smoothed,3,6,0.84,2.32,2,0,0,0,1.0
medium_compressibility,7,smoothed,3,7,0.84,2.32,2,0,0,0,1.0
medium_compressibility,7,smoothed,3,8,0.84,2.32,2,0,0,0,1.0
medium_compressibility,7,smoothed,3,9,0.84,2.32,2,0,0,0,1.0
medium_compressibility,7,smoothed,3,10,0.84,2.32,2,0,0,0,1.0
medium_compressibility,7,smoothed,3,11,0.84,2.32,2,0,0,0,1.0
medium_compressibility,7,smoothed,3,12,0.84,2.32,2,0,0,0,1.0
medium_compressibility,7,smoothed,3,13,0.84,2.32,2,0,0,0,1.0
medium_compressibility,7,smoothed,3,14,0.84,2.32,2,0,0,0,1.0
medium_compressibility,7,smoothed,3,15,0.84,2.32,2,0,0,0,1.0
medium_compressibility,7,smoothed,4,0,0.84,2.32,2,0,0,0,1.0
medium_compressibility,7,smoothed,4,1,0.84,2.32,2,0,0,0,1.0
medium_compressibility,7,smoothed,4,2,0.84,2.32,2,0,0,0,1.0
medium_compressibility,7,smoothed,4,3,0.84,2.32,2,0,0,0,1.0
medium_compressibility,7,smoothed,4,4,0.84,2.32,2,0,0,0,1.0
medium_compressibility,7,smoothed,4,5,0.84,2.32,2,0,0,0,1.0
medium_compressibility,7,smoothed,4,6,0.84,2.32,2,0,0,0,1.0
medium_compressibility,7,smoothed,4,7,0.84,2.32,2,0,0,0,1.0
medium_compressibility,7,smoothed,4,8,0.84,2.32,2,0,0,0,1.0
medium_compressibility,7,smoothed,4,9,0.84,2.32,2,0,0,0,1.0
medium_compressibility,7,smoothed,4,10,0.84,2.32,2,0,0,0,1.0
medium_compressibility,7,smoothed,4,11,0.84,2.32,2,0,0,0,1.0
medium_compressibility,7,smoothed,4,12,0.84,2.32,2,0,0,0,1.0
medium_compressibility,7,smoothed,4,13,0.84,2.32,2,0,0,0,1.0
medium_compressibility,7,smoothed,4,14,0.84,2.32,2,0,0,0,1.0
medium_compressibility,7,smoothed,4,15,0.84,2.32,2,0,0,0,1.0
medium_compressibility,7,smoothed,5,0,0.84,2.32,2,0,0,0,1.0
medium_compressibility,7,smoothed,5,1,0.84,2.32,2,0,0,0,1.0
medium_compressibility,7,smoothed,5,2,0.84,2.32,2,0,0,0,1.0
medium_compressibility,7,smoothed,5,3,0.84,2.32,2,0,0,0,1.0
medium_compressibility,7,smoothed,5,4,0.84,2.32,2,0,0,0,1.0
medium_compressibility,7,smoothed,5,5,0.84,2.32,2,0,0,0,1.0
medium_compressibility,7,smoothed,5,6,0.84,2.32,2,0,0,0,1.0
medium_compressibility,7,smoothed,5,7,0.84,2.32,2,0,0,0,1.0
medium_compressibility,7,smoothed,5,8,0.84,2.32,2,0,0,0,1.0
medium_compressibility,7,smoothed,5,9,0.84,2.32,2,0,0,0,1.0
medium_compressibility,7,smoothed,5,10,0.84,2.32,2,0,0,0,1.0
medium_compressibility,7,smoothed,5,11,0.84,2.32,2,0,0,0,1.0
medium_compressibility,7,smoothed,5,12,0.84,2.32,2,0,0,0,1.0
medium_compressibility,7,smoothed,5,13,0.84,2.32,2,0,0,0,1.0
medium_compressibility,7,smoothed,5,14,0.84,2.32,2,0,0,0,1.0
medium_compressibility,7,smoothed,5,15,0.84,2.32,2,0,0,0,1.0
medium_compressibility,7,smoothed,6,0,0.84,2.32,2,0,0,0,1.0
medium_compressibility,7,smoothed,6,1,0.84,2.32,2,0,0,0,1.0
medium_compressibility,7,smoothed,6,2,0.84,2.32,2,0,0,0,1.0
medium_compressibility,7,smoothed,6,3,0.84,2.32,2,0,0,0,1.0
medium_compressibility,7,smoothed,6,4,0.84,2.32,2,0,0,0,1.0
medium_compressibility,7,smoothed,6,5,0.84,2.32,2,0,0,0,1.0
medium_compressibility,7,smoothed,6,6,0.84,2.32,2,0,0,0,1.0
medium_compressibility,7,smoothed,6,7,0.84,2.32,2,0,0,0,1.0
medium_compressibility,7,smoothed,6,8,0.84,2.32,2,0,0,0,1.0
medium_compressibility,7,smoothed,6,9,0.84,2.32,2,0,0,0,1.0
medium_compressibility,7,smoothed,6,10,0.84,2.32,2,0,0,0,1.0
medium_compressibility,7,smoothed,6,11,0.84,2.32,2,0,0,0,1.0
medium_compressibility,7,smoothed,6,12,0.84,2.32,2,0,0,0,1.0
medium_compressibility,7,smoothed,6,13,0.84,2.32,2,0,0,0,1.0
medium_compressibility,7,smoothed,6,14,0.84,2.32,2,0,0,0,1.0
medium_compressibility,7,smoothed,6,15,0.84,2.32,2,0,0,0,1.0
medium_compressibility,7,smoothed,7,0,0.84,2.32,2,0,0,0,1.0
medium_compressibility,7,smoothed,7,1,0.84,2.32,2,0,0,0,1.0
medium_compressibility,7,smoothed,7,2,0.84,2.32,2,0,0,0,1.0
medium_compressibility,7,smoothed,7,3,0.84,2.32,2,0,0,0,1.0
medium_compressibility,7,smoothed,7,4,0.84,2.32,2,0,0,0,1.0
medium_compressibility,7,smoothed,7,5,0.84,2.32,2,0,0,0,1.0
medium_compressibility,7,smoothed,7,6,0.84,2.32,2,0,0,0,1.0
medium_compressibility,7,smoothed,7,7,0.84,2.32,2,0,0,0,1.0
medium_compressibility,7,smoothed,7,8,0.84,2.32,2,0,0,0,1.0
medium_compressibility,7,smoothed,7,9,0.84,2.32,2,0,0,0,1.0
medium_compressibility,7,smoothed,7,10,0.84,2.32,2,0,0,0,1.0
medium_compressibility,7,smoothed,7,11,0.84,2.32,2,0,0,0,1.0
medium_compressibility,7,smoothed,7,12,0.84,2.32,2,0,0,0,1.0
medium_compressibility,7,smoothed,7,13,0.84,2.32,2,0,0,0,1.0
medium_compressibility,7,smoothed,7,14,0.84,2.32,2,0,0,0,1.0
medium_compressibility,7,smoothed,7,15,0.84,2.32,2,0,0,0,1.0
medium_compressibility,7,static_min,1,0,0.84,2.32,5,11,14,1,inf
medium_compressibility,7,static_min,1,1,0.84,2.32,5,11,14,1,inf
medium_compressibility,7,static_min,1,2,0.84,2.32,5,11,14,1,inf
medium_compressibility,7,static_min,1,3,0.84,2.32,5,11,14,1,inf
medium_compressibility,7,static_min,1,4,0.84,2.32,5,11,14,1,1.6875
medium_compressibility,7,static_min,1,5,0.84,2.32,5,11,14,1,1.6875
medium_compressibility,7,static_min,1,6,0.84,2.32,5,11,14,1,1.6875
medium_compressibility,7,static_min,1,7,0.84,2.32,5,11,14,1,1.6875
medium_compressibility,7,static_min,1,8,0.84,2.32,5,11,14,1,1.6875
medium_compressibility,7,static_min,1,9,0.84,2.32,5,11,14,1,1.6875
medium_compressibility,7,static_min,1,10,0.84,2.32,5,11,14,1,1.6875
medium_compressibility,7,static_min,1,11,0.84,2.32,5,11,14,1,1.6875
medium_compressibility,7,static_min,1,12,0.84,2.32,5,11,14,1,1.6875
medium_compressibility,7,static_min,1,13,0.84,2.32,5,11,14,1,1.6875
medium_compressibility,7,static_min,1,14,0.84,2.32,5,11,14,1,1.6875
medium_compressibility,7,static_min,1,15,0.84,2.32,5,11,14,1,1.6875
medium_compressibility,7,static_min,2,0,0.84,2.32,5,3,8,1,inf
medium_compressibility,7,static_min,2,1,0.84,2.32,5,3,8,1,inf
medium_compressibility,7,static_min,2,2,0.84,2.32,5,3,8,1,inf
medium_compressibility,7,static_min,2,3,0.84,2.32,5,3,8,1,1.1875
medium_compressibility,7,static_min,2,4,0.84,2.32,5,3,8,1,1.1875
medium_compressibility,7,static_min,2,5,0.84,2.32,5,3,8,1,1.125
medium_compressibility,7,static_min,2,6,0.84,2.32,5,3,8,1,1.125
medium_compressibility,7,static_min,2,7,0.84,2.32,5,3,8,1,1.125
medium_compressibility,7,static_min,2,8,0.84,2.32,5,3,8,1,1.125
medium_compressibility,7,static_min,2,9,0.84,2.32,5,3,8,1,1.125
medium_compressibility,7,static_min,2,10,0.84,2.32,5,3,8,1,1.125
medium_compressibility,7,static_min,2,11,0.84,2.32,5,3,8,1,1.125
medium_compressibility,7,static_min,2,12,0.84,2.32,5,3,8,1,1.125
medium_compressibility,7,static_min,2,13,0.84,2.32,5,3,8,1,1.125
medium_compressibility,7,static_min,2,14,0.84,2.32,5,3,8,1,1.125
medium_compressibility,7,static_min,2,15,0.84,2.32,5,3,8,1,1.125
medium_compressibility,7,static_min,3,0,0.84,2.32,5,1,4,1,inf
medium_compressibility,7,static_min,3,1,0.84,2.32,5,1,4,1,inf
medium_compressibility,7,static_min,3,2,0.84,2.32,5,1,4,1,1.125
medium_compressibility,7,static_min,3,3,0.84,2.32,5,1,4,1,1.0625
medium_compressibility,7,static_min,3,4,0.84,2.32,5,1,4,1,1.0625
medium_compressibility,7,static_min,3,5,0.84,2.32,5,1,4,1,1.0625
medium_compressibility,7,static_min,3,6,0.84,2.32,5,1,4,1,1.0625
medium_compressibility,7,static_min,3,7,0.84,2.32,5,1,4,1,1.0625
medium_compressibility,7,static_min,3,8,0.84,2.32,5,1,4,1,1.0625
medium_compressibility,7,static_min,3,9,0.84,2.32,5,1,4,1,1.0625
medium_compressibility,7,static_min,3,10,0.84,2.32,5,1,4,1,1.0625
medium_compressibility,7,static_min,3,11,0.84,2.32,5,1,4,1,1.0625
medium_compressibility,7,static_min,3,12,0.84,2.32,5,1,4,1,1.0625
medium_compressibility,7,static_min,3,13,0.84,2.32,5,1,4,1,1.0625
medium_compressibility,7,static_min,3,14,0.84,2.32,5,1,4,1,1.0625
medium_compressibility,7,static_min,3,15,0.84,2.32,5,1,4,1,1.0625
medium_compressibility,7,static_min,4,0,0.84,2.32,5,0,1,1,inf
medium_compressibility,7,static_min,4,1,0.84,2.32,5,0,1,0,1.0
medium_compressibility,7,static_min,4,2,0.84,2.32,5,0,1,0,1.0
medium_compressibility,7,static_min,4,3,0.84,2.32,5,0,1,0,1.0
medium_compressibility,7,static_min,4,4,0.84,2.32,5,0,1,0,1.0
medium_compressibility,7,static_min,4,5,0.84,2.32,5,0,1,0,1.0
medium_compressibility,7,static_min,4,6,0.84,2.32,5,0,1,0,1.0
medium_compressibility,7,static_min,4,7,0.84,2.32,5,0,1,0,1.0
medium_compressibility,7,static_min,4,8,0.84,2.32,5,0,1,0,1.0
medium_compressibility,7,static_min,4,9,0.84,2.32,5,0,1,0,1.0
medium_compressibility,7,static_min,4,10,0.84,2.32,5,0,1,0,1.0
medium_compressibility,7,static_min,4,11,0.84,2.32,5,0,1,0,1.0
medium_compressibility,7,static_min,4,12,0.84,2.32,5,0,1,0,1.0
medium_compressibility,7,static_min,4,13,0.84,2.32,5,0,1,0,1.0
medium_compressibility,7,static_min,4,14,0.84,2.32,5,0,1,0,1.0
medium_compressibility,7,static_min,4,15,0.84,2.32,5,0,1,0,1.0
medium_compressibility,7,static_min,5,0,0.84,2.32,5,0,0,0,1.0
medium_compressibility,7,static_min,5,1,0.84,2.32,5,0,0,0,1.0
medium_compressibility,7,static_min,5,2,0.84,2.32,5,0,0,0,1.0
medium_compressibility,7,static_min,5,3,0.84,2.32,5,0,0,0,1.0
medium_compressibility,7,static_min,5,4,0.84,2.32,5,0,0,0,1.0
medium_compressibility,7,static_min,5,5,0.84,2.32,5,0,0,0,1.0
medium_compressibility,7,static_min,5,6,0.84,2.32,5,0,0,0,1.0
medium_compressibility,7,static_min,5,7,0.84,2.32,5,0,0,0,1.0
medium_compressibility,7,static_min,5,8,0.84,2.32,5,0,0,0,1.0
medium_compressibility,7,static_min,5,9,0.84,2.32,5,0,0,0,1.0
medium_compressibility,7,static_min,5,10,0.84,2.32,5,0,0,0,1.0
medium_compressibility,7,static_min,5,11,0.84,2.32,5,0,0,0,1.0
medium_compressibility,7,static_min,5,12,0.84,2.32,5,0,0,0,1.0
medium_compressibility,7,static_min,5,13,0.84,2.32,5,0,0,0,1.0
medium_compressibility,7,static_min,5,14,0.84,2.32,5,0,0,0,1.0
medium_compressibility,7,static_min,5,15,0.84,2.32,5,0,0,0,1.0
medium_compressibility,7,static_min,6,0,0.84,2.32,5,0,0,0,1.0
medium_compressibility,7,static_min,6,1,0.84,2.32,5,0,0,0,1.0
medium_compressibility,7,static_min,6,2,0.84,2.32,5,0,0,0,1.0
medium_compressibility,7,static_min,6,3,0.84,2.32,5,0,0,0,1.0
medium_compressibility,7,static_min,6,4,0.84,2.32,5,0,0,0,1.0
medium_compressibility,7,static_min,6,5,0.84,2.32,5,0,0,0,1.0
medium_compressibility,7,static_min,6,6,0.84,2.32,5,0,0,0,1.0
medium_compressibility,7,static_min,6,7,0.84,2.32,5,0,0,0,1.0
medium_compressibility,7,static_min,6,8,0.84,2.32,5,0,0,0,1.0
medium_compressibility,7,static_min,6,9,0.84,2.32,5,0,0,0,1.0
medium_compressibility,7,static_min,6,10,0.84,2.32,5,0,0,0,1.0
medium_compressibility,7,static_min,6,11,0.84,2.32,5,0,0,0,1.0
medium_compressibility,7,static_min,6,12,0.84,2.32,5,0,0,0,1.0
medium_compressibility,7,static_min,6,13,0.84,2.32,5,0,0,0,1.0
medium_compressibility,7,static_min,6,14,0.84,2.32,5,0,0,0,1.0
medium_compressibility,7,static_min,6,15,0.84,2.32,5,0,0,0,1.0
medium_compressibility,7,static_min,7,0,0.84,2.32,5,0,0,0,1.0
medium_compressibility,7,static_min,7,1,0.84,2.32,5,0,0,0,1.0
medium_compressibility,7,static_min,7,2,0.84,2.32,5,0,0,0,1.0
medium_compressibility,7,static_min,7,3,0.84,2.32,5,0,0,0,1.0
medium_compressibility,7,static_min,7,4,0.84,2.32,5,0,0,0,1.0
medium_compressibility,7,static_min,7,5,0.84,2.32,5,0,0,0,1.0
medium_compressibility,7,static_min,7,6,0.84,2.32,5,0,0,0,1.0
medium_compressibility,7,static_min,7,7,0.84,2.32,5,0,0,0,1.0
medium_compressibility,7,static_min,7,8,0.84,2.32,5,0,0,0,1.0
medium_compressibility,7,static_min,7,9,0.84,2.32,5,0,0,0,1.0
medium_compressibility,7,static_min,7,10,0.84,2.32,5,0,0,0,1.0
medium_compressibility,7,static_min,7,11,0.84,2.32,5,0,0,0,1.0
medium_compressibility,7,static_min,7,12,0.84,2.32,5,0,0,0,1.0
medium_compressibility,7,static_min,7,13,0.84,2.32,5,0,0,0,1.0
medium_compressibility,7,static_min,7,14,0.84,2.32,5,0,0,0,1.0
medium_compressibility,7,static_min,7,15,0.84,2.32,5,0,0,0,1.0
medium_compressibility,9,capacity_aware_static,1,0,0.84,4.28,1,0,0,0,1.0
medium_compressibility,9,capacity_aware_static,1,1,0.84,4.28,1,0,0,0,1.0
medium_compressibility,9,capacity_aware_static,1,2,0.84,4.28,1,0,0,0,1.0
medium_compressibility,9,capacity_aware_static,1,3,0.84,4.28,1,0,0,0,1.0
medium_compressibility,9,capacity_aware_static,1,4,0.84,4.28,1,0,0,0,1.0
medium_compressibility,9,capacity_aware_static,1,5,0.84,4.28,1,0,0,0,1.0
medium_compressibility,9,capacity_aware_static,1,6,0.84,4.28,1,0,0,0,1.0
medium_compressibility,9,capacity_aware_static,1,7,0.84,4.28,1,0,0,0,1.0
medium_compressibility,9,capacity_aware_static,1,8,0.84,4.28,1,0,0,0,1.0
medium_compressibility,9,capacity_aware_static,1,9,0.84,4.28,1,0,0,0,1.0
medium_compressibility,9,capacity_aware_static,1,10,0.84,4.28,1,0,0,0,1.0
medium_compressibility,9,capacity_aware_static,1,11,0.84,4.28,1,0,0,0,1.0
medium_compressibility,9,capacity_aware_static,1,12,0.84,4.28,1,0,0,0,1.0
medium_compressibility,9,capacity_aware_static,1,13,0.84,4.28,1,0,0,0,1.0
medium_compressibility,9,capacity_aware_static,1,14,0.84,4.28,1,0,0,0,1.0
medium_compressibility,9,capacity_aware_static,1,15,0.84,4.28,1,0,0,0,1.0
medium_compressibility,9,capacity_aware_static,2,0,0.84,4.28,2,0,0,0,1.0
medium_compressibility,9,capacity_aware_static,2,1,0.84,4.28,2,0,0,0,1.0
medium_compressibility,9,capacity_aware_static,2,2,0.84,4.28,2,0,0,0,1.0
medium_compressibility,9,capacity_aware_static,2,3,0.84,4.28,2,0,0,0,1.0
medium_compressibility,9,capacity_aware_static,2,4,0.84,4.28,2,0,0,0,1.0
medium_compressibility,9,capacity_aware_static,2,5,0.84,4.28,2,0,0,0,1.0
medium_compressibility,9,capacity_aware_static,2,6,0.84,4.28,2,0,0,0,1.0
medium_compressibility,9,capacity_aware_static,2,7,0.84,4.28,2,0,0,0,1.0
medium_compressibility,9,capacity_aware_static,2,8,0.84,4.28,2,0,0,0,1.0
medium_compressibility,9,capacity_aware_static,2,9,0.84,4.28,2,0,0,0,1.0
medium_compressibility,9,capacity_aware_static,2,10,0.84,4.28,2,0,0,0,1.0
medium_compressibility,9,capacity_aware_static,2,11,0.84,4.28,2,0,0,0,1.0
medium_compressibility,9,capacity_aware_static,2,12,0.84,4.28,2,0,0,0,1.0
medium_compressibility,9,capacity_aware_static,2,13,0.84,4.28,2,0,0,0,1.0
medium_compressibility,9,capacity_aware_static,2,14,0.84,4.28,2,0,0,0,1.0
medium_compressibility,9,capacity_aware_static,2,15,0.84,4.28,2,0,0,0,1.0
medium_compressibility,9,capacity_aware_static,3,0,0.84,4.28,3,0,0,0,1.0
medium_compressibility,9,capacity_aware_static,3,1,0.84,4.28,3,0,0,0,1.0
medium_compressibility,9,capacity_aware_static,3,2,0.84,4.28,3,0,0,0,1.0
medium_compressibility,9,capacity_aware_static,3,3,0.84,4.28,3,0,0,0,1.0
medium_compressibility,9,capacity_aware_static,3,4,0.84,4.28,3,0,0,0,1.0
medium_compressibility,9,capacity_aware_static,3,5,0.84,4.28,3,0,0,0,1.0
medium_compressibility,9,capacity_aware_static,3,6,0.84,4.28,3,0,0,0,1.0
medium_compressibility,9,capacity_aware_static,3,7,0.84,4.28,3,0,0,0,1.0
medium_compressibility,9,capacity_aware_static,3,8,0.84,4.28,3,0,0,0,1.0
medium_compressibility,9,capacity_aware_static,3,9,0.84,4.28,3,0,0,0,1.0
medium_compressibility,9,capacity_aware_static,3,10,0.84,4.28,3,0,0,0,1.0
medium_compressibility,9,capacity_aware_static,3,11,0.84,4.28,3,0,0,0,1.0
medium_compressibility,9,capacity_aware_static,3,12,0.84,4.28,3,0,0,0,1.0
medium_compressibility,9,capacity_aware_static,3,13,0.84,4.28,3,0,0,0,1.0
medium_compressibility,9,capacity_aware_static,3,14,0.84,4.28,3,0,0,0,1.0
medium_compressibility,9,capacity_aware_static,3,15,0.84,4.28,3,0,0,0,1.0
medium_compressibility,9,capacity_aware_static,4,0,0.84,4.28,4,0,0,0,1.0
medium_compressibility,9,capacity_aware_static,4,1,0.84,4.28,4,0,0,0,1.0
medium_compressibility,9,capacity_aware_static,4,2,0.84,4.28,4,0,0,0,1.0
medium_compressibility,9,capacity_aware_static,4,3,0.84,4.28,4,0,0,0,1.0
medium_compressibility,9,capacity_aware_static,4,4,0.84,4.28,4,0,0,0,1.0
medium_compressibility,9,capacity_aware_static,4,5,0.84,4.28,4,0,0,0,1.0
medium_compressibility,9,capacity_aware_static,4,6,0.84,4.28,4,0,0,0,1.0
medium_compressibility,9,capacity_aware_static,4,7,0.84,4.28,4,0,0,0,1.0
medium_compressibility,9,capacity_aware_static,4,8,0.84,4.28,4,0,0,0,1.0
medium_compressibility,9,capacity_aware_static,4,9,0.84,4.28,4,0,0,0,1.0
medium_compressibility,9,capacity_aware_static,4,10,0.84,4.28,4,0,0,0,1.0
medium_compressibility,9,capacity_aware_static,4,11,0.84,4.28,4,0,0,0,1.0
medium_compressibility,9,capacity_aware_static,4,12,0.84,4.28,4,0,0,0,1.0
medium_compressibility,9,capacity_aware_static,4,13,0.84,4.28,4,0,0,0,1.0
medium_compressibility,9,capacity_aware_static,4,14,0.84,4.28,4,0,0,0,1.0
medium_compressibility,9,capacity_aware_static,4,15,0.84,4.28,4,0,0,0,1.0
medium_compressibility,9,capacity_aware_static,5,0,0.84,4.28,4,0,0,0,1.0
medium_compressibility,9,capacity_aware_static,5,1,0.84,4.28,4,0,0,0,1.0
medium_compressibility,9,capacity_aware_static,5,2,0.84,4.28,4,0,0,0,1.0
medium_compressibility,9,capacity_aware_static,5,3,0.84,4.28,4,0,0,0,1.0
medium_compressibility,9,capacity_aware_static,5,4,0.84,4.28,4,0,0,0,1.0
medium_compressibility,9,capacity_aware_static,5,5,0.84,4.28,4,0,0,0,1.0
medium_compressibility,9,capacity_aware_static,5,6,0.84,4.28,4,0,0,0,1.0
medium_compressibility,9,capacity_aware_static,5,7,0.84,4.28,4,0,0,0,1.0
medium_compressibility,9,capacity_aware_static,5,8,0.84,4.28,4,0,0,0,1.0
medium_compressibility,9,capacity_aware_static,5,9,0.84,4.28,4,0,0,0,1.0
medium_compressibility,9,capacity_aware_static,5,10,0.84,4.28,4,0,0,0,1.0
medium_compressibility,9,capacity_aware_static,5,11,0.84,4.28,4,0,0,0,1.0
medium_compressibility,9,capacity_aware_static,5,12,0.84,4.28,4,0,0,0,1.0
medium_compressibility,9,capacity_aware_static,5,13,0.84,4.28,4,0,0,0,1.0
medium_compressibility,9,capacity_aware_static,5,14,0.84,4.28,4,0,0,0,1.0
medium_compressibility,9,capacity_aware_static,5,15,0.84,4.28,4,0,0,0,1.0
medium_compressibility,9,capacity_aware_static,6,0,0.84,4.28,4,0,0,0,1.0
medium_compressibility,9,capacity_aware_static,6,1,0.84,4.28,4,0,0,0,1.0
medium_compressibility,9,capacity_aware_static,6,2,0.84,4.28,4,0,0,0,1.0
medium_compressibility,9,capacity_aware_static,6,3,0.84,4.28,4,0,0,0,1.0
medium_compressibility,9,capacity_aware_static,6,4,0.84,4.28,4,0,0,0,1.0
medium_compressibility,9,capacity_aware_static,6,5,0.84,4.28,4,0,0,0,1.0
medium_compressibility,9,capacity_aware_static,6,6,0.84,4.28,4,0,0,0,1.0
medium_compressibility,9,capacity_aware_static,6,7,0.84,4.28,4,0,0,0,1.0
medium_compressibility,9,capacity_aware_static,6,8,0.84,4.28,4,0,0,0,1.0
medium_compressibility,9,capacity_aware_static,6,9,0.84,4.28,4,0,0,0,1.0
medium_compressibility,9,capacity_aware_static,6,10,0.84,4.28,4,0,0,0,1.0
medium_compressibility,9,capacity_aware_static,6,11,0.84,4.28,4,0,0,0,1.0
medium_compressibility,9,capacity_aware_static,6,12,0.84,4.28,4,0,0,0,1.0
medium_compressibility,9,capacity_aware_static,6,13,0.84,4.28,4,0,0,0,1.0
medium_compressibility,9,capacity_aware_static,6,14,0.84,4.28,4,0,0,0,1.0
medium_compressibility,9,capacity_aware_static,6,15,0.84,4.28,4,0,0,0,1.0
medium_compressibility,9,capacity_aware_static,7,0,0.84,4.28,4,0,0,0,1.0
medium_compressibility,9,capacity_aware_static,7,1,0.84,4.28,4,0,0,0,1.0
medium_compressibility,9,capacity_aware_static,7,2,0.84,4.28,4,0,0,0,1.0
medium_compressibility,9,capacity_aware_static,7,3,0.84,4.28,4,0,0,0,1.0
medium_compressibility,9,capacity_aware_static,7,4,0.84,4.28,4,0,0,0,1.0
medium_compressibility,9,capacity_aware_static,7,5,0.84,4.28,4,0,0,0,1.0
medium_compressibility,9,capacity_aware_static,7,6,0.84,4.28,4,0,0,0,1.0
medium_compressibility,9,capacity_aware_static,7,7,0.84,4.28,4,0,0,0,1.0
medium_compressibility,9,capacity_aware_static,7,8,0.84,4.28,4,0,0,0,1.0
medium_compressibility,9,capacity_aware_static,7,9,0.84,4.28,4,0,0,0,1.0
medium_compressibility,9,capacity_aware_static,7,10,0.84,4.28,4,0,0,0,1.0
medium_compressibility,9,capacity_aware_static,7,11,0.84,4.28,4,0,0,0,1.0
medium_compressibility,9,capacity_aware_static,7,12,0.84,4.28,4,0,0,0,1.0
medium_compressibility,9,capacity_aware_static,7,13,0.84,4.28,4,0,0,0,1.0
medium_compressibility,9,capacity_aware_static,7,14,0.84,4.28,4,0,0,0,1.0
medium_compressibility,9,capacity_aware_static,7,15,0.84,4.28,4,0,0,0,1.0
medium_compressibility,9,smoothed,1,0,0.84,4.28,2,11,11,1,inf
medium_compressibility,9,smoothed,1,1,0.84,4.28,2,11,11,1,1.7857142857142858
medium_compressibility,9,smoothed,1,2,0.84,4.28,2,11,11,1,1.7857142857142858
medium_compressibility,9,smoothed,1,3,0.84,4.28,2,11,11,1,1.7857142857142858
medium_compressibility,9,smoothed,1,4,0.84,4.28,2,11,11,1,1.7857142857142858
medium_compressibility,9,smoothed,1,5,0.84,4.28,2,11,11,1,1.7857142857142858
medium_compressibility,9,smoothed,1,6,0.84,4.28,2,11,11,1,1.7857142857142858
medium_compressibility,9,smoothed,1,7,0.84,4.28,2,11,11,1,1.7857142857142858
medium_compressibility,9,smoothed,1,8,0.84,4.28,2,11,11,1,1.7857142857142858
medium_compressibility,9,smoothed,1,9,0.84,4.28,2,11,11,1,1.7857142857142858
medium_compressibility,9,smoothed,1,10,0.84,4.28,2,11,11,1,1.7857142857142858
medium_compressibility,9,smoothed,1,11,0.84,4.28,2,11,11,1,1.7857142857142858
medium_compressibility,9,smoothed,1,12,0.84,4.28,2,11,11,1,1.7857142857142858
medium_compressibility,9,smoothed,1,13,0.84,4.28,2,11,11,1,1.7857142857142858
medium_compressibility,9,smoothed,1,14,0.84,4.28,2,11,11,1,1.7857142857142858
medium_compressibility,9,smoothed,1,15,0.84,4.28,2,11,11,1,1.7857142857142858
medium_compressibility,9,smoothed,2,0,0.84,4.28,2,0,0,0,1.0
medium_compressibility,9,smoothed,2,1,0.84,4.28,2,0,0,0,1.0
medium_compressibility,9,smoothed,2,2,0.84,4.28,2,0,0,0,1.0
medium_compressibility,9,smoothed,2,3,0.84,4.28,2,0,0,0,1.0
medium_compressibility,9,smoothed,2,4,0.84,4.28,2,0,0,0,1.0
medium_compressibility,9,smoothed,2,5,0.84,4.28,2,0,0,0,1.0
medium_compressibility,9,smoothed,2,6,0.84,4.28,2,0,0,0,1.0
medium_compressibility,9,smoothed,2,7,0.84,4.28,2,0,0,0,1.0
medium_compressibility,9,smoothed,2,8,0.84,4.28,2,0,0,0,1.0
medium_compressibility,9,smoothed,2,9,0.84,4.28,2,0,0,0,1.0
medium_compressibility,9,smoothed,2,10,0.84,4.28,2,0,0,0,1.0
medium_compressibility,9,smoothed,2,11,0.84,4.28,2,0,0,0,1.0
medium_compressibility,9,smoothed,2,12,0.84,4.28,2,0,0,0,1.0
medium_compressibility,9,smoothed,2,13,0.84,4.28,2,0,0,0,1.0
medium_compressibility,9,smoothed,2,14,0.84,4.28,2,0,0,0,1.0
medium_compressibility,9,smoothed,2,15,0.84,4.28,2,0,0,0,1.0
medium_compressibility,9,smoothed,3,0,0.84,4.28,2,0,0,0,1.0
medium_compressibility,9,smoothed,3,1,0.84,4.28,2,0,0,0,1.0
medium_compressibility,9,smoothed,3,2,0.84,4.28,2,0,0,0,1.0
medium_compressibility,9,smoothed,3,3,0.84,4.28,2,0,0,0,1.0
medium_compressibility,9,smoothed,3,4,0.84,4.28,2,0,0,0,1.0
medium_compressibility,9,smoothed,3,5,0.84,4.28,2,0,0,0,1.0
medium_compressibility,9,smoothed,3,6,0.84,4.28,2,0,0,0,1.0
medium_compressibility,9,smoothed,3,7,0.84,4.28,2,0,0,0,1.0
medium_compressibility,9,smoothed,3,8,0.84,4.28,2,0,0,0,1.0
medium_compressibility,9,smoothed,3,9,0.84,4.28,2,0,0,0,1.0
medium_compressibility,9,smoothed,3,10,0.84,4.28,2,0,0,0,1.0
medium_compressibility,9,smoothed,3,11,0.84,4.28,2,0,0,0,1.0
medium_compressibility,9,smoothed,3,12,0.84,4.28,2,0,0,0,1.0
medium_compressibility,9,smoothed,3,13,0.84,4.28,2,0,0,0,1.0
medium_compressibility,9,smoothed,3,14,0.84,4.28,2,0,0,0,1.0
medium_compressibility,9,smoothed,3,15,0.84,4.28,2,0,0,0,1.0
medium_compressibility,9,smoothed,4,0,0.84,4.28,2,0,0,0,1.0
medium_compressibility,9,smoothed,4,1,0.84,4.28,2,0,0,0,1.0
medium_compressibility,9,smoothed,4,2,0.84,4.28,2,0,0,0,1.0
medium_compressibility,9,smoothed,4,3,0.84,4.28,2,0,0,0,1.0
medium_compressibility,9,smoothed,4,4,0.84,4.28,2,0,0,0,1.0
medium_compressibility,9,smoothed,4,5,0.84,4.28,2,0,0,0,1.0
medium_compressibility,9,smoothed,4,6,0.84,4.28,2,0,0,0,1.0
medium_compressibility,9,smoothed,4,7,0.84,4.28,2,0,0,0,1.0
medium_compressibility,9,smoothed,4,8,0.84,4.28,2,0,0,0,1.0
medium_compressibility,9,smoothed,4,9,0.84,4.28,2,0,0,0,1.0
medium_compressibility,9,smoothed,4,10,0.84,4.28,2,0,0,0,1.0
medium_compressibility,9,smoothed,4,11,0.84,4.28,2,0,0,0,1.0
medium_compressibility,9,smoothed,4,12,0.84,4.28,2,0,0,0,1.0
medium_compressibility,9,smoothed,4,13,0.84,4.28,2,0,0,0,1.0
medium_compressibility,9,smoothed,4,14,0.84,4.28,2,0,0,0,1.0
medium_compressibility,9,smoothed,4,15,0.84,4.28,2,0,0,0,1.0
medium_compressibility,9,smoothed,5,0,0.84,4.28,2,0,0,0,1.0
medium_compressibility,9,smoothed,5,1,0.84,4.28,2,0,0,0,1.0
medium_compressibility,9,smoothed,5,2,0.84,4.28,2,0,0,0,1.0
medium_compressibility,9,smoothed,5,3,0.84,4.28,2,0,0,0,1.0
medium_compressibility,9,smoothed,5,4,0.84,4.28,2,0,0,0,1.0
medium_compressibility,9,smoothed,5,5,0.84,4.28,2,0,0,0,1.0
medium_compressibility,9,smoothed,5,6,0.84,4.28,2,0,0,0,1.0
medium_compressibility,9,smoothed,5,7,0.84,4.28,2,0,0,0,1.0
medium_compressibility,9,smoothed,5,8,0.84,4.28,2,0,0,0,1.0
medium_compressibility,9,smoothed,5,9,0.84,4.28,2,0,0,0,1.0
medium_compressibility,9,smoothed,5,10,0.84,4.28,2,0,0,0,1.0
medium_compressibility,9,smoothed,5,11,0.84,4.28,2,0,0,0,1.0
medium_compressibility,9,smoothed,5,12,0.84,4.28,2,0,0,0,1.0
medium_compressibility,9,smoothed,5,13,0.84,4.28,2,0,0,0,1.0
medium_compressibility,9,smoothed,5,14,0.84,4.28,2,0,0,0,1.0
medium_compressibility,9,smoothed,5,15,0.84,4.28,2,0,0,0,1.0
medium_compressibility,9,smoothed,6,0,0.84,4.28,2,0,0,0,1.0
medium_compressibility,9,smoothed,6,1,0.84,4.28,2,0,0,0,1.0
medium_compressibility,9,smoothed,6,2,0.84,4.28,2,0,0,0,1.0
medium_compressibility,9,smoothed,6,3,0.84,4.28,2,0,0,0,1.0
medium_compressibility,9,smoothed,6,4,0.84,4.28,2,0,0,0,1.0
medium_compressibility,9,smoothed,6,5,0.84,4.28,2,0,0,0,1.0
medium_compressibility,9,smoothed,6,6,0.84,4.28,2,0,0,0,1.0
medium_compressibility,9,smoothed,6,7,0.84,4.28,2,0,0,0,1.0
medium_compressibility,9,smoothed,6,8,0.84,4.28,2,0,0,0,1.0
medium_compressibility,9,smoothed,6,9,0.84,4.28,2,0,0,0,1.0
medium_compressibility,9,smoothed,6,10,0.84,4.28,2,0,0,0,1.0
medium_compressibility,9,smoothed,6,11,0.84,4.28,2,0,0,0,1.0
medium_compressibility,9,smoothed,6,12,0.84,4.28,2,0,0,0,1.0
medium_compressibility,9,smoothed,6,13,0.84,4.28,2,0,0,0,1.0
medium_compressibility,9,smoothed,6,14,0.84,4.28,2,0,0,0,1.0
medium_compressibility,9,smoothed,6,15,0.84,4.28,2,0,0,0,1.0
medium_compressibility,9,smoothed,7,0,0.84,4.28,2,0,0,0,1.0
medium_compressibility,9,smoothed,7,1,0.84,4.28,2,0,0,0,1.0
medium_compressibility,9,smoothed,7,2,0.84,4.28,2,0,0,0,1.0
medium_compressibility,9,smoothed,7,3,0.84,4.28,2,0,0,0,1.0
medium_compressibility,9,smoothed,7,4,0.84,4.28,2,0,0,0,1.0
medium_compressibility,9,smoothed,7,5,0.84,4.28,2,0,0,0,1.0
medium_compressibility,9,smoothed,7,6,0.84,4.28,2,0,0,0,1.0
medium_compressibility,9,smoothed,7,7,0.84,4.28,2,0,0,0,1.0
medium_compressibility,9,smoothed,7,8,0.84,4.28,2,0,0,0,1.0
medium_compressibility,9,smoothed,7,9,0.84,4.28,2,0,0,0,1.0
medium_compressibility,9,smoothed,7,10,0.84,4.28,2,0,0,0,1.0
medium_compressibility,9,smoothed,7,11,0.84,4.28,2,0,0,0,1.0
medium_compressibility,9,smoothed,7,12,0.84,4.28,2,0,0,0,1.0
medium_compressibility,9,smoothed,7,13,0.84,4.28,2,0,0,0,1.0
medium_compressibility,9,smoothed,7,14,0.84,4.28,2,0,0,0,1.0
medium_compressibility,9,smoothed,7,15,0.84,4.28,2,0,0,0,1.0
medium_compressibility,9,static_min,1,0,0.84,4.28,4,12,12,1,inf
medium_compressibility,9,static_min,1,1,0.84,4.28,4,12,12,1,inf
medium_compressibility,9,static_min,1,2,0.84,4.28,4,12,12,1,inf
medium_compressibility,9,static_min,1,3,0.84,4.28,4,12,12,1,1.8571428571428572
medium_compressibility,9,static_min,1,4,0.84,4.28,4,12,12,1,1.8571428571428572
medium_compressibility,9,static_min,1,5,0.84,4.28,4,12,12,1,1.8571428571428572
medium_compressibility,9,static_min,1,6,0.84,4.28,4,12,12,1,1.8571428571428572
medium_compressibility,9,static_min,1,7,0.84,4.28,4,12,12,1,1.8571428571428572
medium_compressibility,9,static_min,1,8,0.84,4.28,4,12,12,1,1.8571428571428572
medium_compressibility,9,static_min,1,9,0.84,4.28,4,12,12,1,1.8571428571428572
medium_compressibility,9,static_min,1,10,0.84,4.28,4,12,12,1,1.8571428571428572
medium_compressibility,9,static_min,1,11,0.84,4.28,4,12,12,1,1.8571428571428572
medium_compressibility,9,static_min,1,12,0.84,4.28,4,12,12,1,1.8571428571428572
medium_compressibility,9,static_min,1,13,0.84,4.28,4,12,12,1,1.8571428571428572
medium_compressibility,9,static_min,1,14,0.84,4.28,4,12,12,1,1.8571428571428572
medium_compressibility,9,static_min,1,15,0.84,4.28,4,12,12,1,1.8571428571428572
medium_compressibility,9,static_min,2,0,0.84,4.28,4,4,5,1,inf
medium_compressibility,9,static_min,2,1,0.84,4.28,4,4,5,1,inf
medium_compressibility,9,static_min,2,2,0.84,4.28,4,4,5,1,1.1428571428571428
medium_compressibility,9,static_min,2,3,0.84,4.28,4,4,5,1,1.1428571428571428
medium_compressibility,9,static_min,2,4,0.84,4.28,4,4,5,1,1.1428571428571428
medium_compressibility,9,static_min,2,5,0.84,4.28,4,4,5,1,1.1428571428571428
medium_compressibility,9,static_min,2,6,0.84,4.28,4,4,5,1,1.1428571428571428
medium_compressibility,9,static_min,2,7,0.84,4.28,4,4,5,1,1.1428571428571428
medium_compressibility,9,static_min,2,8,0.84,4.28,4,4,5,1,1.1428571428571428
medium_compressibility,9,static_min,2,9,0.84,4.28,4,4,5,1,1.1428571428571428
medium_compressibility,9,static_min,2,10,0.84,4.28,4,4,5,1,1.1428571428571428
medium_compressibility,9,static_min,2,11,0.84,4.28,4,4,5,1,1.1428571428571428
medium_compressibility,9,static_min,2,12,0.84,4.28,4,4,5,1,1.1428571428571428
medium_compressibility,9,static_min,2,13,0.84,4.28,4,4,5,1,1.1428571428571428
medium_compressibility,9,static_min,2,14,0.84,4.28,4,4,5,1,1.1428571428571428
medium_compressibility,9,static_min,2,15,0.84,4.28,4,4,5,1,1.1428571428571428
medium_compressibility,9,static_min,3,0,0.84,4.28,4,0,1,1,inf
medium_compressibility,9,static_min,3,1,0.84,4.28,4,0,1,0,1.0
medium_compressibility,9,static_min,3,2,0.84,4.28,4,0,1,0,1.0
medium_compressibility,9,static_min,3,3,0.84,4.28,4,0,1,0,1.0
medium_compressibility,9,static_min,3,4,0.84,4.28,4,0,1,0,1.0
medium_compressibility,9,static_min,3,5,0.84,4.28,4,0,1,0,1.0
medium_compressibility,9,static_min,3,6,0.84,4.28,4,0,1,0,1.0
medium_compressibility,9,static_min,3,7,0.84,4.28,4,0,1,0,1.0
medium_compressibility,9,static_min,3,8,0.84,4.28,4,0,1,0,1.0
medium_compressibility,9,static_min,3,9,0.84,4.28,4,0,1,0,1.0
medium_compressibility,9,static_min,3,10,0.84,4.28,4,0,1,0,1.0
medium_compressibility,9,static_min,3,11,0.84,4.28,4,0,1,0,1.0
medium_compressibility,9,static_min,3,12,0.84,4.28,4,0,1,0,1.0
medium_compressibility,9,static_min,3,13,0.84,4.28,4,0,1,0,1.0
medium_compressibility,9,static_min,3,14,0.84,4.28,4,0,1,0,1.0
medium_compressibility,9,static_min,3,15,0.84,4.28,4,0,1,0,1.0
medium_compressibility,9,static_min,4,0,0.84,4.28,4,0,0,0,1.0
medium_compressibility,9,static_min,4,1,0.84,4.28,4,0,0,0,1.0
medium_compressibility,9,static_min,4,2,0.84,4.28,4,0,0,0,1.0
medium_compressibility,9,static_min,4,3,0.84,4.28,4,0,0,0,1.0
medium_compressibility,9,static_min,4,4,0.84,4.28,4,0,0,0,1.0
medium_compressibility,9,static_min,4,5,0.84,4.28,4,0,0,0,1.0
medium_compressibility,9,static_min,4,6,0.84,4.28,4,0,0,0,1.0
medium_compressibility,9,static_min,4,7,0.84,4.28,4,0,0,0,1.0
medium_compressibility,9,static_min,4,8,0.84,4.28,4,0,0,0,1.0
medium_compressibility,9,static_min,4,9,0.84,4.28,4,0,0,0,1.0
medium_compressibility,9,static_min,4,10,0.84,4.28,4,0,0,0,1.0
medium_compressibility,9,static_min,4,11,0.84,4.28,4,0,0,0,1.0
medium_compressibility,9,static_min,4,12,0.84,4.28,4,0,0,0,1.0
medium_compressibility,9,static_min,4,13,0.84,4.28,4,0,0,0,1.0
medium_compressibility,9,static_min,4,14,0.84,4.28,4,0,0,0,1.0
medium_compressibility,9,static_min,4,15,0.84,4.28,4,0,0,0,1.0
medium_compressibility,9,static_min,5,0,0.84,4.28,4,0,0,0,1.0
medium_compressibility,9,static_min,5,1,0.84,4.28,4,0,0,0,1.0
medium_compressibility,9,static_min,5,2,0.84,4.28,4,0,0,0,1.0
medium_compressibility,9,static_min,5,3,0.84,4.28,4,0,0,0,1.0
medium_compressibility,9,static_min,5,4,0.84,4.28,4,0,0,0,1.0
medium_compressibility,9,static_min,5,5,0.84,4.28,4,0,0,0,1.0
medium_compressibility,9,static_min,5,6,0.84,4.28,4,0,0,0,1.0
medium_compressibility,9,static_min,5,7,0.84,4.28,4,0,0,0,1.0
medium_compressibility,9,static_min,5,8,0.84,4.28,4,0,0,0,1.0
medium_compressibility,9,static_min,5,9,0.84,4.28,4,0,0,0,1.0
medium_compressibility,9,static_min,5,10,0.84,4.28,4,0,0,0,1.0
medium_compressibility,9,static_min,5,11,0.84,4.28,4,0,0,0,1.0
medium_compressibility,9,static_min,5,12,0.84,4.28,4,0,0,0,1.0
medium_compressibility,9,static_min,5,13,0.84,4.28,4,0,0,0,1.0
medium_compressibility,9,static_min,5,14,0.84,4.28,4,0,0,0,1.0
medium_compressibility,9,static_min,5,15,0.84,4.28,4,0,0,0,1.0
medium_compressibility,9,static_min,6,0,0.84,4.28,4,0,0,0,1.0
medium_compressibility,9,static_min,6,1,0.84,4.28,4,0,0,0,1.0
medium_compressibility,9,static_min,6,2,0.84,4.28,4,0,0,0,1.0
medium_compressibility,9,static_min,6,3,0.84,4.28,4,0,0,0,1.0
medium_compressibility,9,static_min,6,4,0.84,4.28,4,0,0,0,1.0
medium_compressibility,9,static_min,6,5,0.84,4.28,4,0,0,0,1.0
medium_compressibility,9,static_min,6,6,0.84,4.28,4,0,0,0,1.0
medium_compressibility,9,static_min,6,7,0.84,4.28,4,0,0,0,1.0
medium_compressibility,9,static_min,6,8,0.84,4.28,4,0,0,0,1.0
medium_compressibility,9,static_min,6,9,0.84,4.28,4,0,0,0,1.0
medium_compressibility,9,static_min,6,10,0.84,4.28,4,0,0,0,1.0
medium_compressibility,9,static_min,6,11,0.84,4.28,4,0,0,0,1.0
medium_compressibility,9,static_min,6,12,0.84,4.28,4,0,0,0,1.0
medium_compressibility,9,static_min,6,13,0.84,4.28,4,0,0,0,1.0
medium_compressibility,9,static_min,6,14,0.84,4.28,4,0,0,0,1.0
medium_compressibility,9,static_min,6,15,0.84,4.28,4,0,0,0,1.0
medium_compressibility,9,static_min,7,0,0.84,4.28,4,0,0,0,1.0
medium_compressibility,9,static_min,7,1,0.84,4.28,4,0,0,0,1.0
medium_compressibility,9,static_min,7,2,0.84,4.28,4,0,0,0,1.0
medium_compressibility,9,static_min,7,3,0.84,4.28,4,0,0,0,1.0
medium_compressibility,9,static_min,7,4,0.84,4.28,4,0,0,0,1.0
medium_compressibility,9,static_min,7,5,0.84,4.28,4,0,0,0,1.0
medium_compressibility,9,static_min,7,6,0.84,4.28,4,0,0,0,1.0
medium_compressibility,9,static_min,7,7,0.84,4.28,4,0,0,0,1.0
medium_compressibility,9,static_min,7,8,0.84,4.28,4,0,0,0,1.0
medium_compressibility,9,static_min,7,9,0.84,4.28,4,0,0,0,1.0
medium_compressibility,9,static_min,7,10,0.84,4.28,4,0,0,0,1.0
medium_compressibility,9,static_min,7,11,0.84,4.28,4,0,0,0,1.0
medium_compressibility,9,static_min,7,12,0.84,4.28,4,0,0,0,1.0
medium_compressibility,9,static_min,7,13,0.84,4.28,4,0,0,0,1.0
medium_compressibility,9,static_min,7,14,0.84,4.28,4,0,0,0,1.0
medium_compressibility,9,static_min,7,15,0.84,4.28,4,0,0,0,1.0
