family,seed,C,B,gamma,T_count,T_depth,peak_demand,mean_demand,delta_max,slack_ratio,mean_t_slack,stall,slowdown_ratio,inversion,strong_baseline_inversion,shaping_gain,strong_baseline_shaping_gain,feasible
high_compressibility,1,1,0,23,29,8,6,3.625,23,1.0,3.9655172413793105,1,inf,0,0,0.0,0.0,0
high_compressibility,1,1,1,23,29,8,6,3.625,23,1.0,3.9655172413793105,1,inf,0,0,0.0,0.0,0
high_compressibility,1,1,2,23,29,8,6,3.625,23,1.0,3.9655172413793105,1,inf,0,0,0.0,0.0,0
high_compressibility,1,1,3,23,29,8,6,3.625,23,1.0,3.9655172413793105,1,inf,0,0,0.0,0.0,0
high_compressibility,1,1,4,23,29,8,6,3.625,23,1.0,3.9655172413793105,1,inf,0,0,0.0,0.0,0
high_compressibility,1,1,5,23,29,8,6,3.625,23,1.0,3.9655172413793105,1,3.875,1,0,0.06451612903225806,0.0,1
high_compressibility,1,1,6,23,29,8,6,3.625,23,1.0,3.9655172413793105,1,3.875,1,0,0.06451612903225806,0.0,1
high_compressibility,1,1,7,23,29,8,6,3.625,23,1.0,3.9655172413793105,1,3.875,1,0,0.06451612903225806,0.0,1
high_compressibility,1,1,8,23,29,8,6,3.625,23,1.0,3.9655172413793105,1,3.875,1,0,0.06451612903225806,0.0,1
high_compressibility,1,1,9,23,29,8,6,3.625,23,1.0,3.9655172413793105,1,3.875,1,0,0.06451612903225806,0.0,1
high_compressibility,1,1,10,23,29,8,6,3.625,23,1.0,3.9655172413793105,1,3.875,1,0,0.06451612903225806,0.0,1
high_compressibility,1,1,11,23,29,8,6,3.625,23,1.0,3.9655172413793105,1,3.875,1,0,0.06451612903225806,0.0,1
high_compressibility,1,1,12,23,29,8,6,3.625,23,1.0,3.9655172413793105,1,3.875,1,0,0.06451612903225806,0.0,1
high_compressibility,1,1,13,23,29,8,6,3.625,23,1.0,3.9655172413793105,1,3.875,1,0,0.06451612903225806,0.0,1
high_compressibility,1,1,14,23,29,8,6,3.625,23,1.0,3.9655172413793105,1,3.875,1,0,0.06451612903225806,0.0,1
high_compressibility,1,1,15,23,29,8,6,3.625,23,1.0,3.9655172413793105,1,3.875,1,0,0.06451612903225806,0.0,1
high_compressibility,1,2,0,17,29,8,6,3.625,17,1.0,3.9655172413793105,1,inf,0,0,0.0,0.0,0
high_compressibility,1,2,1,17,29,8,6,3.625,17,1.0,3.9655172413793105,1,inf,0,0,0.0,-0.26666666666666666,0
high_compressibility,1,2,2,17,29,8,6,3.625,17,1.0,3.9655172413793105,1,inf,0,0,0.0,0.0,0
high_compressibility,1,2,3,17,29,8,6,3.625,17,1.0,3.9655172413793105,1,inf,0,0,0.0,0.0,0
high_compressibility,1,2,4,17,29,8,6,3.625,17,1.0,3.9655172413793105,1,2.125,1,0,0.11764705882352941,0.0,1
high_compressibility,1,2,5,17,29,8,6,3.625,17,1.0,3.9655172413793105,1,2.125,1,0,0.11764705882352941,0.0,1
high_compressibility,1,2,6,17,29,8,6,3.625,17,1.0,3.9655172413793105,1,2.125,1,0,0.11764705882352941,0.0,1
high_compressibility,1,2,7,17,29,8,6,3.625,17,1.0,3.9655172413793105,1,2.125,1,0,0.11764705882352941,0.0,1
high_compressibility,1,2,8,17,29,8,6,3.625,17,1.0,3.9655172413793105,1,2.125,1,0,0.11764705882352941,0.0,1
high_compressibility,1,2,9,17,29,8,6,3.625,17,1.0,3.9655172413793105,1,2.125,1,0,0.11764705882352941,0.0,1
high_compressibility,1,2,10,17,29,8,6,3.625,17,1.0,3.9655172413793105,1,2.125,1,0,0.11764705882352941,0.0,1
high_compressibility,1,2,11,17,29,8,6,3.625,17,1.0,3.9655172413793105,1,2.125,1,0,0.11764705882352941,0.0,1
high_compressibility,1,2,12,17,29,8,6,3.625,17,1.0,3.9655172413793105,1,2.125,1,0,0.11764705882352941,0.0,1
high_compressibility,1,2,13,17,29,8,6,3.625,17,1.0,3.9655172413793105,1,2.125,1,0,0.11764705882352941,0.0,1
high_compressibility,1,2,14,17,29,8,6,3.625,17,1.0,3.9655172413793105,1,2.125,1,0,0.11764705882352941,0.0,1
high_compressibility,1,2,15,17,29,8,6,3.625,17,1.0,3.9655172413793105,1,2.125,1,0,0.11764705882352941,0.0,1
high_compressibility,1,3,0,11,29,8,6,3.625,11,1.0,3.9655172413793105,1,inf,0,0,0.0,0.0,0
high_compressibility,1,3,1,11,29,8,6,3.625,11,1.0,3.9655172413793105,1,inf,0,0,0.0,0.0,0
high_compressibility,1,3,2,11,29,8,6,3.625,11,1.0,3.9655172413793105,1,inf,0,0,0.0,0.0,0
high_compressibility,1,3,3,11,29,8,6,3.625,11,1.0,3.9655172413793105,1,1.5,1,0,0.16666666666666666,0.0,1
high_compressibility,1,3,4,11,29,8,6,3.625,11,1.0,3.9655172413793105,1,1.5,1,0,0.16666666666666666,0.0,1
high_compressibility,1,3,5,11,29,8,6,3.625,11,1.0,3.9655172413793105,1,1.5,1,0,0.16666666666666666,0.0,1
high_compressibility,1,3,6,11,29,8,6,3.625,11,1.0,3.9655172413793105,1,1.5,1,0,0.16666666666666666,0.0,1
high_compressibility,1,3,7,11,29,8,6,3.625,11,1.0,3.9655172413793105,1,1.5,1,0,0.16666666666666666,0.0,1
high_compressibility,1,3,8,11,29,8,6,3.625,11,1.0,3.9655172413793105,1,1.5,1,0,0.16666666666666666,0.0,1
high_compressibility,1,3,9,11,29,8,6,3.625,11,1.0,3.9655172413793105,1,1.5,1,0,0.16666666666666666,0.0,1
high_compressibility,1,3,10,11,29,8,6,3.625,11,1.0,3.9655172413793105,1,1.5,1,0,0.16666666666666666,0.0,1
high_compressibility,1,3,11,11,29,8,6,3.625,11,1.0,3.9655172413793105,1,1.5,1,0,0.16666666666666666,0.0,1
high_compressibility,1,3,12,11,29,8,6,3.625,11,1.0,3.9655172413793105,1,1.5,1,0,0.16666666666666666,0.0,1
high_compressibility,1,3,13,11,29,8,6,3.625,11,1.0,3.9655172413793105,1,1.5,1,0,0.16666666666666666,0.0,1
high_compressibility,1,3,14,11,29,8,6,3.625,11,1.0,3.9655172413793105,1,1.5,1,0,0.16666666666666666,0.0,1
high_compressibility,1,3,15,11,29,8,6,3.625,11,1.0,3.9655172413793105,1,1.5,1,0,0.16666666666666666,0.0,1
high_compressibility,1,4,0,7,29,8,6,3.625,7,1.0,3.9655172413793105,1,inf,0,0,0.0,-0.25,0
high_compressibility,1,4,1,7,29,8,6,3.625,7,1.0,3.9655172413793105,1,inf,0,0,0.0,-0.25,0
high_compressibility,1,4,2,7,29,8,6,3.625,7,1.0,3.9655172413793105,1,1.5,1,0,0.16666666666666666,-0.25,1
high_compressibility,1,4,3,7,29,8,6,3.625,7,1.0,3.9655172413793105,1,1.375,1,0,0.09090909090909091,-0.25,1
high_compressibility,1,4,4,7,29,8,6,3.625,7,1.0,3.9655172413793105,1,1.25,0,0,0.0,-0.25,1
high_compressibility,1,4,5,7,29,8,6,3.625,7,1.0,3.9655172413793105,1,1.25,0,0,0.0,-0.25,1
high_compressibility,1,4,6,7,29,8,6,3.625,7,1.0,3.9655172413793105,1,1.25,0,0,0.0,-0.25,1
high_compressibility,1,4,7,7,29,8,6,3.625,7,1.0,3.9655172413793105,1,1.25,0,0,0.0,-0.25,1
high_compressibility,1,4,8,7,29,8,6,3.625,7,1.0,3.9655172413793105,1,1.25,0,0,0.0,-0.25,1
high_compressibility,1,4,9,7,29,8,6,3.625,7,1.0,3.9655172413793105,1,1.25,0,0,0.0,-0.25,1
high_compressibility,1,4,10,7,29,8,6,3.625,7,1.0,3.9655172413793105,1,1.25,0,0,0.0,-0.25,1
high_compressibility,1,4,11,7,29,8,6,3.625,7,1.0,3.9655172413793105,1,1.25,0,0,0.0,-0.25,1
high_compressibility,1,4,12,7,29,8,6,3.625,7,1.0,3.9655172413793105,1,1.25,0,0,0.0,-0.25,1
high_compressibility,1,4,13,7,29,8,6,3.625,7,1.0,3.9655172413793105,1,1.25,0,0,0.0,-0.25,1
high_compressibility,1,4,14,7,29,8,6,3.625,7,1.0,3.9655172413793105,1,1.25,0,0,0.0,-0.25,1
high_compressibility,1,4,15,7,29,8,6,3.625,7,1.0,3.9655172413793105,1,1.25,0,0,0.0,-0.25,1
high_compressibility,1,5,0,3,29,8,6,3.625,3,1.0,3.9655172413793105,1,inf,0,0,0.0,-0.25,0
high_compressibility,1,5,1,3,29,8,6,3.625,3,1.0,3.9655172413793105,1,1.375,1,0,0.09090909090909091,-0.25,1
high_compressibility,1,5,2,3,29,8,6,3.625,3,1.0,3.9655172413793105,1,1.25,0,0,0.0,-0.25,1
high_compressibility,1,5,3,3,29,8,6,3.625,3,1.0,3.9655172413793105,1,1.125,0,0,-0.1111111111111111,-0.25,1
high_compressibility,1,5,4,3,29,8,6,3.625,3,1.0,3.9655172413793105,1,1.125,0,0,-0.1111111111111111,-0.25,1
high_compressibility,1,5,5,3,29,8,6,3.625,3,1.0,3.9655172413793105,1,1.125,0,0,-0.1111111111111111,-0.25,1
high_compressibility,1,5,6,3,29,8,6,3.625,3,1.0,3.9655172413793105,1,1.125,0,0,-0.1111111111111111,-0.25,1
high_compressibility,1,5,7,3,29,8,6,3.625,3,1.0,3.9655172413793105,1,1.125,0,0,-0.1111111111111111,-0.25,1
high_compressibility,1,5,8,3,29,8,6,3.625,3,1.0,3.9655172413793105,1,1.125,0,0,-0.1111111111111111,-0.25,1
high_compressibility,1,5,9,3,29,8,6,3.625,3,1.0,3.9655172413793105,1,1.125,0,0,-0.1111111111111111,-0.25,1
high_compressibility,1,5,10,3,29,8,6,3.625,3,1.0,3.9655172413793105,1,1.125,0,0,-0.1111111111111111,-0.25,1
high_compressibility,1,5,11,3,29,8,6,3.625,3,1.0,3.9655172413793105,1,1.125,0,0,-0.1111111111111111,-0.25,1
high_compressibility,1,5,12,3,29,8,6,3.625,3,1.0,3.9655172413793105,1,1.125,0,0,-0.1111111111111111,-0.25,1
high_compressibility,1,5,13,3,29,8,6,3.625,3,1.0,3.9655172413793105,1,1.125,0,0,-0.1111111111111111,-0.25,1
high_compressibility,1,5,14,3,29,8,6,3.625,3,1.0,3.9655172413793105,1,1.125,0,0,-0.1111111111111111,-0.25,1
high_compressibility,1,5,15,3,29,8,6,3.625,3,1.0,3.9655172413793105,1,1.125,0,0,-0.1111111111111111,-0.25,1
high_compressibility,1,6,0,0,29,8,6,3.625,0,1.0,3.9655172413793105,0,1.0,0,0,-0.25,-0.25,1
high_compressibility,1,6,1,0,29,8,6,3.625,0,1.0,3.9655172413793105,0,1.0,0,0,-0.25,-0.25,1
high_compressibility,1,6,2,0,29,8,6,3.625,0,1.0,3.9655172413793105,0,1.0,0,0,-0.25,-0.25,1
high_compressibility,1,6,3,0,29,8,6,3.625,0,1.0,3.9655172413793105,0,1.0,0,0,-0.25,-0.25,1
high_compressibility,1,6,4,0,29,8,6,3.625,0,1.0,3.9655172413793105,0,1.0,0,0,-0.25,-0.25,1
high_compressibility,1,6,5,0,29,8,6,3.625,0,1.0,3.9655172413793105,0,1.0,0,0,-0.25,-0.25,1
high_compressibility,1,6,6,0,29,8,6,3.625,0,1.0,3.9655172413793105,0,1.0,0,0,-0.25,-0.25,1
high_compressibility,1,6,7,0,29,8,6,3.625,0,1.0,3.9655172413793105,0,1.0,0,0,-0.25,-0.25,1
high_compressibility,1,6,8,0,29,8,6,3.625,0,1.0,3.9655172413793105,0,1.0,0,0,-0.25,-0.25,1
high_compressibility,1,6,9,0,29,8,6,3.625,0,1.0,3.9655172413793105,0,1.0,0,0,-0.25,-0.25,1
high_compressibility,1,6,10,0,29,8,6,3.625,0,1.0,3.9655172413793105,0,1.0,0,0,-0.25,-0.25,1
high_compressibility,1,6,11,0,29,8,6,3.625,0,1.0,3.9655172413793105,0,1.0,0,0,-0.25,-0.25,1
high_compressibility,1,6,12,0,29,8,6,3.625,0,1.0,3.9655172413793105,0,1.0,0,0,-0.25,-0.25,1
high_compressibility,1,6,13,0,29,8,6,3.625,0,1.0,3.9655172413793105,0,1.0,0,0,-0.25,-0.25,1
high_compressibility,1,6,14,0,29,8,6,3.625,0,1.0,3.9655172413793105,0,1.0,0,0,-0.25,-0.25,1
high_compressibility,1,6,15,0,29,8,6,3.625,0,1.0,3.9655172413793105,0,1.0,0,0,-0.25,-0.25,1
high_compressibility,1,7,0,0,29,8,6,3.625,0,1.0,3.9655172413793105,0,1.0,0,0,-0.25,-0.25,1
high_compressibility,1,7,1,0,29,8,6,3.625,0,1.0,3.9655172413793105,0,1.0,0,0,-0.25,-0.25,1
high_compressibility,1,7,2,0,29,8,6,3.625,0,1.0,3.9655172413793105,0,1.0,0,0,-0.25,-0.25,1
high_compressibility,1,7,3,0,29,8,6,3.625,0,1.0,3.9655172413793105,0,1.0,0,0,-0.25,-0.25,1
high_compressibility,1,7,4,0,29,8,6,3.625,0,1.0,3.9655172413793105,0,1.0,0,0,-0.25,-0.25,1
high_compressibility,1,7,5,0,29,8,6,3.625,0,1.0,3.9655172413793105,0,1.0,0,0,-0.25,-0.25,1
high_compressibility,1,7,6,0,29,8,6,3.625,0,1.0,3.9655172413793105,0,1.0,0,0,-0.25,-0.25,1
high_compressibility,1,7,7,0,29,8,6,3.625,0,1.0,3.9655172413793105,0,1.0,0,0,-0.25,-0.25,1
high_compressibility,1,7,8,0,29,8,6,3.625,0,1.0,3.9655172413793105,0,1.0,0,0,-0.25,-0.25,1
high_compressibility,1,7,9,0,29,8,6,3.625,0,1.0,3.9655172413793105,0,1.0,0,0,-0.25,-0.25,1
high_compressibility,1,7,10,0,29,8,6,3.625,0,1.0,3.9655172413793105,0,1.0,0,0,-0.25,-0.25,1
high_compressibility,1,7,11,0,29,8,6,3.625,0,1.0,3.9655172413793105,0,1.0,0,0,-0.25,-0.25,1
high_compressibility,1,7,12,0,29,8,6,3.625,0,1.0,3.9655172413793105,0,1.0,0,0,-0.25,-0.25,1
high_compressibility,1,7,13,0,29,8,6,3.625,0,1.0,3.9655172413793105,0,1.0,0,0,-0.25,-0.25,1
high_compressibility,1,7,14,0,29,8,6,3.625,0,1.0,3.9655172413793105,0,1.0,0,0,-0.25,-0.25,1
high_compressibility,1,7,15,0,29,8,6,3.625,0,1.0,3.9655172413793105,0,1.0,0,0,-0.25,-0.25,1
high_compressibility,3,1,0,23,29,8,6,3.625,23,1.0,3.3448275862068964,1,inf,0,0,0.0,0.0,0
high_compressibility,3,1,1,23,29,8,6,3.625,23,1.0,3.3448275862068964,1,inf,0,0,0.0,0.0,0
high_compressibility,3,1,2,23,29,8,6,3.625,23,1.0,3.3448275862068964,1,inf,0,0,0.0,0.0,0
high_compressibility,3,1,3,23,29,8,6,3.625,23,1.0,3.3448275862068964,1,inf,0,0,0.0,0.0,0
high_compressibility,3,1,4,23,29,8,6,3.625,23,1.0,3.3448275862068964,1,inf,0,0,0.0,0.0,0
high_compressibility,3,1,5,23,29,8,6,3.625,23,1.0,3.3448275862068964,1,3.875,1,0,0.06451612903225806,0.0,1
high_compressibility,3,1,6,23,29,8,6,3.625,23,1.0,3.3448275862068964,1,3.875,1,0,0.06451612903225806,0.0,1
high_compressibility,3,1,7,23,29,8,6,3.625,23,1.0,3.3448275862068964,1,3.875,1,0,0.06451612903225806,0.0,1
high_compressibility,3,1,8,23,29,8,6,3.625,23,1.0,3.3448275862068964,1,3.875,1,0,0.06451612903225806,0.0,1
high_compressibility,3,1,9,23,29,8,6,3.625,23,1.0,3.3448275862068964,1,3.875,1,0,0.06451612903225806,0.0,1
high_compressibility,3,1,10,23,29,8,6,3.625,23,1.0,3.3448275862068964,1,3.875,1,0,0.06451612903225806,0.0,1
high_compressibility,3,1,11,23,29,8,6,3.625,23,1.0,3.3448275862068964,1,3.875,1,0,0.06451612903225806,0.0,1
high_compressibility,3,1,12,23,29,8,6,3.625,23,1.0,3.3448275862068964,1,3.875,1,0,0.06451612903225806,0.0,1
high_compressibility,3,1,13,23,29,8,6,3.625,23,1.0,3.3448275862068964,1,3.875,1,0,0.06451612903225806,0.0,1
high_compressibility,3,1,14,23,29,8,6,3.625,23,1.0,3.3448275862068964,1,3.875,1,0,0.06451612903225806,0.0,1
high_compressibility,3,1,15,23,29,8,6,3.625,23,1.0,3.3448275862068964,1,3.875,1,0,0.06451612903225806,0.0,1
high_compressibility,3,2,0,17,29,8,6,3.625,17,1.0,3.3448275862068964,1,inf,0,0,0.0,0.0,0
high_compressibility,3,2,1,17,29,8,6,3.625,17,1.0,3.3448275862068964,1,inf,0,0,0.0,-0.26666666666666666,0
high_compressibility,3,2,2,17,29,8,6,3.625,17,1.0,3.3448275862068964,1,inf,0,0,0.0,0.0,0
high_compressibility,3,2,3,17,29,8,6,3.625,17,1.0,3.3448275862068964,1,inf,0,0,0.0,0.0,0
high_compressibility,3,2,4,17,29,8,6,3.625,17,1.0,3.3448275862068964,1,2.125,1,0,0.11764705882352941,0.0,1
high_compressibility,3,2,5,17,29,8,6,3.625,17,1.0,3.3448275862068964,1,2.125,1,0,0.11764705882352941,0.0,1
high_compressibility,3,2,6,17,29,8,6,3.625,17,1.0,3.3448275862068964,1,2.125,1,0,0.11764705882352941,0.0,1
high_compressibility,3,2,7,17,29,8,6,3.625,17,1.0,3.3448275862068964,1,2.125,1,0,0.11764705882352941,0.0,1
high_compressibility,3,2,8,17,29,8,6,3.625,17,1.0,3.3448275862068964,1,2.125,1,0,0.11764705882352941,0.0,1
high_compressibility,3,2,9,17,29,8,6,3.625,17,1.0,3.3448275862068964,1,2.125,1,0,0.11764705882352941,0.0,1
high_compressibility,3,2,10,17,29,8,6,3.625,17,1.0,3.3448275862068964,1,2.125,1,0,0.11764705882352941,0.0,1
high_compressibility,3,2,11,17,29,8,6,3.625,17,1.0,3.3448275862068964,1,2.125,1,0,0.11764705882352941,0.0,1
high_compressibility,3,2,12,17,29,8,6,3.625,17,1.0,3.3448275862068964,1,2.125,1,0,0.11764705882352941,0.0,1
high_compressibility,3,2,13,17,29,8,6,3.625,17,1.0,3.3448275862068964,1,2.125,1,0,0.11764705882352941,0.0,1
high_compressibility,3,2,14,17,29,8,6,3.625,17,1.0,3.3448275862068964,1,2.125,1,0,0.11764705882352941,0.0,1
high_compressibility,3,2,15,17,29,8,6,3.625,17,1.0,3.3448275862068964,1,2.125,1,0,0.11764705882352941,0.0,1
high_compressibility,3,3,0,11,29,8,6,3.625,11,1.0,3.3448275862068964,1,inf,0,0,0.0,0.09090909090909091,0
high_compressibility,3,3,1,11,29,8,6,3.625,11,1.0,3.3448275862068964,1,inf,0,0,0.0,0.09090909090909091,0
high_compressibility,3,3,2,11,29,8,6,3.625,11,1.0,3.3448275862068964,1,inf,0,0,0.0,0.09090909090909091,0
high_compressibility,3,3,3,11,29,8,6,3.625,11,1.0,3.3448275862068964,1,1.625,1,0,0.23076923076923078,0.09090909090909091,1
high_compressibility,3,3,4,11,29,8,6,3.625,11,1.0,3.3448275862068964,1,1.5,1,0,0.16666666666666666,0.09090909090909091,1
high_compressibility,3,3,5,11,29,8,6,3.625,11,1.0,3.3448275862068964,1,1.5,1,0,0.16666666666666666,0.09090909090909091,1
high_compressibility,3,3,6,11,29,8,6,3.625,11,1.0,3.3448275862068964,1,1.5,1,0,0.16666666666666666,0.09090909090909091,1
high_compressibility,3,3,7,11,29,8,6,3.625,11,1.0,3.3448275862068964,1,1.5,1,0,0.16666666666666666,0.09090909090909091,1
high_compressibility,3,3,8,11,29,8,6,3.625,11,1.0,3.3448275862068964,1,1.5,1,0,0.16666666666666666,0.09090909090909091,1
high_compressibility,3,3,9,11,29,8,6,3.625,11,1.0,3.3448275862068964,1,1.5,1,0,0.16666666666666666,0.09090909090909091,1
high_compressibility,3,3,10,11,29,8,6,3.625,11,1.0,3.3448275862068964,1,1.5,1,0,0.16666666666666666,0.09090909090909091,1
high_compressibility,3,3,11,11,29,8,6,3.625,11,1.0,3.3448275862068964,1,1.5,1,0,0.16666666666666666,0.09090909090909091,1
high_compressibility,3,3,12,11,29,8,6,3.625,11,1.0,3.3448275862068964,1,1.5,1,0,0.16666666666666666,0.09090909090909091,1
high_compressibility,3,3,13,11,29,8,6,3.625,11,1.0,3.3448275862068964,1,1.5,1,0,0.16666666666666666,0.09090909090909091,1
high_compressibility,3,3,14,11,29,8,6,3.625,11,1.0,3.3448275862068964,1,1.5,1,0,0.16666666666666666,0.09090909090909091,1
high_compressibility,3,3,15,11,29,8,6,3.625,11,1.0,3.3448275862068964,1,1.5,1,0,0.16666666666666666,0.09090909090909091,1
high_compressibility,3,4,0,5,29,8,6,3.625,5,1.0,3.3448275862068964,1,inf,0,0,0.0,-0.25,0
high_compressibility,3,4,1,5,29,8,6,3.625,5,1.0,3.3448275862068964,1,inf,0,0,0.0,-0.25,0
high_compressibility,3,4,2,5,29,8,6,3.625,5,1.0,3.3448275862068964,1,1.375,1,0,0.09090909090909091,-0.25,1
high_compressibility,3,4,3,5,29,8,6,3.625,5,1.0,3.3448275862068964,1,1.25,0,0,0.0,-0.25,1
high_compressibility,3,4,4,5,29,8,6,3.625,5,1.0,3.3448275862068964,1,1.25,0,0,0.0,-0.25,1
high_compressibility,3,4,5,5,29,8,6,3.625,5,1.0,3.3448275862068964,1,1.25,0,0,0.0,-0.25,1
high_compressibility,3,4,6,5,29,8,6,3.625,5,1.0,3.3448275862068964,1,1.25,0,0,0.0,-0.25,1
high_compressibility,3,4,7,5,29,8,6,3.625,5,1.0,3.3448275862068964,1,1.25,0,0,0.0,-0.25,1
high_compressibility,3,4,8,5,29,8,6,3.625,5,1.0,3.3448275862068964,1,1.25,0,0,0.0,-0.25,1
high_compressibility,3,4,9,5,29,8,6,3.625,5,1.0,3.3448275862068964,1,1.25,0,0,0.0,-0.25,1
high_compressibility,3,4,10,5,29,8,6,3.625,5,1.0,3.3448275862068964,1,1.25,0,0,0.0,-0.25,1
high_compressibility,3,4,11,5,29,8,6,3.625,5,1.0,3.3448275862068964,1,1.25,0,0,0.0,-0.25,1
high_compressibility,3,4,12,5,29,8,6,3.625,5,1.0,3.3448275862068964,1,1.25,0,0,0.0,-0.25,1
high_compressibility,3,4,13,5,29,8,6,3.625,5,1.0,3.3448275862068964,1,1.25,0,0,0.0,-0.25,1
high_compressibility,3,4,14,5,29,8,6,3.625,5,1.0,3.3448275862068964,1,1.25,0,0,0.0,-0.25,1
high_compressibility,3,4,15,5,29,8,6,3.625,5,1.0,3.3448275862068964,1,1.25,0,0,0.0,-0.25,1
high_compressibility,3,5,0,1,29,8,6,3.625,1,1.0,3.3448275862068964,1,inf,0,0,0.0,-0.25,0
high_compressibility,3,5,1,1,29,8,6,3.625,1,1.0,3.3448275862068964,1,1.125,0,0,-0.1111111111111111,-0.25,1
high_compressibility,3,5,2,1,29,8,6,3.625,1,1.0,3.3448275862068964,1,1.125,0,0,-0.1111111111111111,-0.25,1
high_compressibility,3,5,3,1,29,8,6,3.625,1,1.0,3.3448275862068964,1,1.125,0,0,-0.1111111111111111,-0.25,1
high_compressibility,3,5,4,1,29,8,6,3.625,1,1.0,3.3448275862068964,1,1.125,0,0,-0.1111111111111111,-0.25,1
high_compressibility,3,5,5,1,29,8,6,3.625,1,1.0,3.3448275862068964,1,1.125,0,0,-0.1111111111111111,-0.25,1
high_compressibility,3,5,6,1,29,8,6,3.625,1,1.0,3.3448275862068964,1,1.125,0,0,-0.1111111111111111,-0.25,1
high_compressibility,3,5,7,1,29,8,6,3.625,1,1.0,3.3448275862068964,1,1.125,0,0,-0.1111111111111111,-0.25,1
high_compressibility,3,5,8,1,29,8,6,3.625,1,1.0,3.3448275862068964,1,1.125,0,0,-0.1111111111111111,-0.25,1
high_compressibility,3,5,9,1,29,8,6,3.625,1,1.0,3.3448275862068964,1,1.125,0,0,-0.1111111111111111,-0.25,1
high_compressibility,3,5,10,1,29,8,6,3.625,1,1.0,3.3448275862068964,1,1.125,0,0,-0.1111111111111111,-0.25,1
high_compressibility,3,5,11,1,29,8,6,3.625,1,1.0,3.3448275862068964,1,1.125,0,0,-0.1111111111111111,-0.25,1
high_compressibility,3,5,12,1,29,8,6,3.625,1,1.0,3.3448275862068964,1,1.125,0,0,-0.1111111111111111,-0.25,1
high_compressibility,3,5,13,1,29,8,6,3.625,1,1.0,3.3448275862068964,1,1.125,0,0,-0.1111111111111111,-0.25,1
high_compressibility,3,5,14,1,29,8,6,3.625,1,1.0,3.3448275862068964,1,1.125,0,0,-0.1111111111111111,-0.25,1
high_compressibility,3,5,15,1,29,8,6,3.625,1,1.0,3.3448275862068964,1,1.125,0,0,-0.1111111111111111,-0.25,1
high_compressibility,3,6,0,0,29,8,6,3.625,0,1.0,3.3448275862068964,0,1.0,0,0,-0.25,-0.25,1
high_compressibility,3,6,1,0,29,8,6,3.625,0,1.0,3.3448275862068964,0,1.0,0,0,-0.25,-0.25,1
high_compressibility,3,6,2,0,29,8,6,3.625,0,1.0,3.3448275862068964,0,1.0,0,0,-0.25,-0.25,1
high_compressibility,3,6,3,0,29,8,6,3.625,0,1.0,3.3448275862068964,0,1.0,0,0,-0.25,-0.25,1
high_compressibility,3,6,4,0,29,8,6,3.625,0,1.0,3.3448275862068964,0,1.0,0,0,-0.25,-0.25,1
high_compressibility,3,6,5,0,29,8,6,3.625,0,1.0,3.3448275862068964,0,1.0,0,0,-0.25,-0.25,1
high_compressibility,3,6,6,0,29,8,6,3.625,0,1.0,3.3448275862068964,0,1.0,0,0,-0.25,-0.25,1
high_compressibility,3,6,7,0,29,8,6,3.625,0,1.0,3.3448275862068964,0,1.0,0,0,-0.25,-0.25,1
high_compressibility,3,6,8,0,29,8,6,3.625,0,1.0,3.3448275862068964,0,1.0,0,0,-0.25,-0.25,1
high_compressibility,3,6,9,0,29,8,6,3.625,0,1.0,3.3448275862068964,0,1.0,0,0,-0.25,-0.25,1
high_compressibility,3,6,10,0,29,8,6,3.625,0,1.0,3.3448275862068964,0,1.0,0,0,-0.25,-0.25,1
high_compressibility,3,6,11,0,29,8,6,3.625,0,1.0,3.3448275862068964,0,1.0,0,0,-0.25,-0.25,1
high_compressibility,3,6,12,0,29,8,6,3.625,0,1.0,3.3448275862068964,0,1.0,0,0,-0.25,-0.25,1
high_compressibility,3,6,13,0,29,8,6,3.625,0,1.0,3.3448275862068964,0,1.0,0,0,-0.25,-0.25,1
high_compressibility,3,6,14,0,29,8,6,3.625,0,1.0,3.3448275862068964,0,1.0,0,0,-0.25,-0.25,1
high_compressibility,3,6,15,0,29,8,6,3.625,0,1.0,3.3448275862068964,0,1.0,0,0,-0.25,-0.25,1
high_compressibility,3,7,0,0,29,8,6,3.625,0,1.0,3.3448275862068964,0,1.0,0,0,-0.25,-0.25,1
high_compressibility,3,7,1,0,29,8,6,3.625,0,1.0,3.3448275862068964,0,1.0,0,0,-0.25,-0.25,1
high_compressibility,3,7,2,0,29,8,6,3.625,0,1.0,3.3448275862068964,0,1.0,0,0,-0.25,-0.25,1
high_compressibility,3,7,3,0,29,8,6,3.625,0,1.0,3.3448275862068964,0,1.0,0,0,-0.25,-0.25,1
high_compressibility,3,7,4,0,29,8,6,3.625,0,1.0,3.3448275862068964,0,1.0,0,0,-0.25,-0.25,1
high_compressibility,3,7,5,0,29,8,6,3.625,0,1.0,3.3448275862068964,0,1.0,0,0,-0.25,-0.25,1
high_compressibility,3,7,6,0,29,8,6,3.625,0,1.0,3.3448275862068964,0,1.0,0,0,-0.25,-0.25,1
high_compressibility,3,7,7,0,29,8,6,3.625,0,1.0,3.3448275862068964,0,1.0,0,0,-0.25,-0.25,1
high_compressibility,3,7,8,0,29,8,6,3.625,0,1.0,3.3448275862068964,0,1.0,0,0,-0.25,-0.25,1
high_compressibility,3,7,9,0,29,8,6,3.625,0,1.0,3.3448275862068964,0,1.0,0,0,-0.25,-0.25,1
high_compressibility,3,7,10,0,29,8,6,3.625,0,1.0,3.3448275862068964,0,1.0,0,0,-0.25,-0.25,1
high_compressibility,3,7,11,0,29,8,6,3.625,0,1.0,3.3448275862068964,0,1.0,0,0,-0.25,-0.25,1
high_compressibility,3,7,12,0,29,8,6,3.625,0,1.0,3.3448275862068964,0,1.0,0,0,-0.25,-0.25,1
high_compressibility,3,7,13,0,29,8,6,3.625,0,1.0,3.3448275862068964,0,1.0,0,0,-0.25,-0.25,1
high_compressibility,3,7,14,0,29,8,6,3.625,0,1.0,3.3448275862068964,0,1.0,0,0,-0.25,-0.25,1
high_compressibility,3,7,15,0,29,8,6,3.625,0,1.0,3.3448275862068964,0,1.0,0,0,-0.25,-0.25,1
high_compressibility,5,1,0,23,29,8,7,3.625,23,1.0,3.3793103448275863,1,inf,0,0,0.0,0.0,0
high_compressibility,5,1,1,23,29,8,7,3.625,23,1.0,3.3793103448275863,1,inf,0,0,0.0,0.0,0
high_compressibility,5,1,2,23,29,8,7,3.625,23,1.0,3.3793103448275863,1,inf,0,0,0.0,0.0,0
high_compressibility,5,1,3,23,29,8,7,3.625,23,1.0,3.3793103448275863,1,inf,0,0,0.0,0.0,0
high_compressibility,5,1,4,23,29,8,7,3.625,23,1.0,3.3793103448275863,1,inf,0,0,0.0,0.0,0
high_compressibility,5,1,5,23,29,8,7,3.625,23,1.0,3.3793103448275863,1,inf,0,0,0.0,0.0,0
high_compressibility,5,1,6,23,29,8,7,3.625,23,1.0,3.3793103448275863,1,3.875,1,0,0.06451612903225806,0.0,1
high_compressibility,5,1,7,23,29,8,7,3.625,23,1.0,3.3793103448275863,1,3.875,1,0,0.06451612903225806,0.0,1
high_compressibility,5,1,8,23,29,8,7,3.625,23,1.0,3.3793103448275863,1,3.875,1,0,0.06451612903225806,0.0,1
high_compressibility,5,1,9,23,29,8,7,3.625,23,1.0,3.3793103448275863,1,3.875,1,0,0.06451612903225806,0.0,1
high_compressibility,5,1,10,23,29,8,7,3.625,23,1.0,3.3793103448275863,1,3.875,1,0,0.06451612903225806,0.0,1
high_compressibility,5,1,11,23,29,8,7,3.625,23,1.0,3.3793103448275863,1,3.875,1,0,0.06451612903225806,0.0,1
high_compressibility,5,1,12,23,29,8,7,3.625,23,1.0,3.3793103448275863,1,3.875,1,0,0.06451612903225806,0.0,1
high_compressibility,5,1,13,23,29,8,7,3.625,23,1.0,3.3793103448275863,1,3.875,1,0,0.06451612903225806,0.0,1
high_compressibility,5,1,14,23,29,8,7,3.625,23,1.0,3.3793103448275863,1,3.875,1,0,0.06451612903225806,0.0,1
high_compressibility,5,1,15,23,29,8,7,3.625,23,1.0,3.3793103448275863,1,3.875,1,0,0.06451612903225806,0.0,1
high_compressibility,5,2,0,17,29,8,7,3.625,17,1.0,3.3793103448275863,1,inf,0,0,0.0,0.0,0
high_compressibility,5,2,1,17,29,8,7,3.625,17,1.0,3.3793103448275863,1,inf,0,0,0.0,-0.26666666666666666,0
high_compressibility,5,2,2,17,29,8,7,3.625,17,1.0,3.3793103448275863,1,inf,0,0,0.0,0.0,0
high_compressibility,5,2,3,17,29,8,7,3.625,17,1.0,3.3793103448275863,1,inf,0,0,0.0,0.0,0
high_compressibility,5,2,4,17,29,8,7,3.625,17,1.0,3.3793103448275863,1,inf,0,0,0.0,0.0,0
high_compressibility,5,2,5,17,29,8,7,3.625,17,1.0,3.3793103448275863,1,2.125,1,0,0.11764705882352941,0.0,1
high_compressibility,5,2,6,17,29,8,7,3.625,17,1.0,3.3793103448275863,1,2.125,1,0,0.11764705882352941,0.0,1
high_compressibility,5,2,7,17,29,8,7,3.625,17,1.0,3.3793103448275863,1,2.125,1,0,0.11764705882352941,0.0,1
high_compressibility,5,2,8,17,29,8,7,3.625,17,1.0,3.3793103448275863,1,2.125,1,0,0.11764705882352941,0.0,1
high_compressibility,5,2,9,17,29,8,7,3.625,17,1.0,3.3793103448275863,1,2.125,1,0,0.11764705882352941,0.0,1
high_compressibility,5,2,10,17,29,8,7,3.625,17,1.0,3.3793103448275863,1,2.125,1,0,0.11764705882352941,0.0,1
high_compressibility,5,2,11,17,29,8,7,3.625,17,1.0,3.3793103448275863,1,2.125,1,0,0.11764705882352941,0.0,1
high_compressibility,5,2,12,17,29,8,7,3.625,17,1.0,3.3793103448275863,1,2.125,1,0,0.11764705882352941,0.0,1
high_compressibility,5,2,13,17,29,8,7,3.625,17,1.0,3.3793103448275863,1,2.125,1,0,0.11764705882352941,0.0,1
high_compressibility,5,2,14,17,29,8,7,3.625,17,1.0,3.3793103448275863,1,2.125,1,0,0.11764705882352941,0.0,1
high_compressibility,5,2,15,17,29,8,7,3.625,17,1.0,3.3793103448275863,1,2.125,1,0,0.11764705882352941,0.0,1
high_compressibility,5,3,0,11,29,8,7,3.625,11,1.0,3.3793103448275863,1,inf,0,0,0.0,0.0,0
high_compressibility,5,3,1,11,29,8,7,3.625,11,1.0,3.3793103448275863,1,inf,0,0,0.0,0.0,0
high_compressibility,5,3,2,11,29,8,7,3.625,11,1.0,3.3793103448275863,1,inf,0,0,0.0,0.0,0
high_compressibility,5,3,3,11,29,8,7,3.625,11,1.0,3.3793103448275863,1,inf,0,0,0.0,0.0,0
high_compressibility,5,3,4,11,29,8,7,3.625,11,1.0,3.3793103448275863,1,1.625,1,0,0.23076923076923078,0.0,1
high_compressibility,5,3,5,11,29,8,7,3.625,11,1.0,3.3793103448275863,1,1.5,1,0,0.16666666666666666,0.0,1
high_compressibility,5,3,6,11,29,8,7,3.625,11,1.0,3.3793103448275863,1,1.5,1,0,0.16666666666666666,0.0,1
high_compressibility,5,3,7,11,29,8,7,3.625,11,1.0,3.3793103448275863,1,1.5,1,0,0.16666666666666666,0.0,1
high_compressibility,5,3,8,11,29,8,7,3.625,11,1.0,3.3793103448275863,1,1.5,1,0,0.16666666666666666,0.0,1
high_compressibility,5,3,9,11,29,8,7,3.625,11,1.0,3.3793103448275863,1,1.5,1,0,0.16666666666666666,0.0,1
high_compressibility,5,3,10,11,29,8,7,3.625,11,1.0,3.3793103448275863,1,1.5,1,0,0.16666666666666666,0.0,1
high_compressibility,5,3,11,11,29,8,7,3.625,11,1.0,3.3793103448275863,1,1.5,1,0,0.16666666666666666,0.0,1
high_compressibility,5,3,12,11,29,8,7,3.625,11,1.0,3.3793103448275863,1,1.5,1,0,0.16666666666666666,0.0,1
high_compressibility,5,3,13,11,29,8,7,3.625,11,1.0,3.3793103448275863,1,1.5,1,0,0.16666666666666666,0.0,1
high_compressibility,5,3,14,11,29,8,7,3.625,11,1.0,3.3793103448275863,1,1.5,1,0,0.16666666666666666,0.0,1
high_compressibility,5,3,15,11,29,8,7,3.625,11,1.0,3.3793103448275863,1,1.5,1,0,0.16666666666666666,0.0,1
high_compressibility,5,4,0,6,29,8,7,3.625,5,1.0,3.3793103448275863,1,inf,0,0,0.0,-0.1111111111111111,0
high_compressibility,5,4,1,6,29,8,7,3.625,5,1.0,3.3793103448275863,1,inf,0,0,0.0,-0.1111111111111111,0
high_compressibility,5,4,2,6,29,8,7,3.625,5,1.0,3.3793103448275863,1,inf,0,0,0.0,-0.1111111111111111,0
high_compressibility,5,4,3,6,29,8,7,3.625,5,1.0,3.3793103448275863,1,1.25,0,0,0.0,-0.1111111111111111,1
high_compressibility,5,4,4,6,29,8,7,3.625,5,1.0,3.3793103448275863,1,1.25,0,0,0.0,-0.1111111111111111,1
high_compressibility,5,4,5,6,29,8,7,3.625,5,1.0,3.3793103448275863,1,1.25,0,0,0.0,-0.1111111111111111,1
high_compressibility,5,4,6,6,29,8,7,3.625,5,1.0,3.3793103448275863,1,1.25,0,0,0.0,-0.1111111111111111,1
high_compressibility,5,4,7,6,29,8,7,3.625,5,1.0,3.3793103448275863,1,1.25,0,0,0.0,-0.1111111111111111,1
high_compressibility,5,4,8,6,29,8,7,3.625,5,1.0,3.3793103448275863,1,1.25,0,0,0.0,-0.1111111111111111,1
high_compressibility,5,4,9,6,29,8,7,3.625,5,1.0,3.3793103448275863,1,1.25,0,0,0.0,-0.1111111111111111,1
high_compressibility,5,4,10,6,29,8,7,3.625,5,1.0,3.3793103448275863,1,1.25,0,0,0.0,-0.1111111111111111,1
high_compressibility,5,4,11,6,29,8,7,3.625,5,1.0,3.3793103448275863,1,1.25,0,0,0.0,-0.1111111111111111,1
high_compressibility,5,4,12,6,29,8,7,3.625,5,1.0,3.3793103448275863,1,1.25,0,0,0.0,-0.1111111111111111,1
high_compressibility,5,4,13,6,29,8,7,3.625,5,1.0,3.3793103448275863,1,1.25,0,0,0.0,-0.1111111111111111,1
high_compressibility,5,4,14,6,29,8,7,3.625,5,1.0,3.3793103448275863,1,1.25,0,0,0.0,-0.1111111111111111,1
high_compressibility,5,4,15,6,29,8,7,3.625,5,1.0,3.3793103448275863,1,1.25,0,0,0.0,-0.1111111111111111,1
high_compressibility,5,5,0,3,29,8,7,3.625,3,1.0,3.3793103448275863,1,inf,0,0,0.0,-0.25,0
high_compressibility,5,5,1,3,29,8,7,3.625,3,1.0,3.3793103448275863,1,inf,0,0,0.0,-0.25,0
high_compressibility,5,5,2,3,29,8,7,3.625,3,1.0,3.3793103448275863,1,1.25,0,0,0.0,-0.25,1
high_compressibility,5,5,3,3,29,8,7,3.625,3,1.0,3.3793103448275863,1,1.125,0,0,-0.1111111111111111,-0.25,1
high_compressibility,5,5,4,3,29,8,7,3.625,3,1.0,3.3793103448275863,1,1.125,0,0,-0.1111111111111111,-0.25,1
high_compressibility,5,5,5,3,29,8,7,3.625,3,1.0,3.3793103448275863,1,1.125,0,0,-0.1111111111111111,-0.25,1
high_compressibility,5,5,6,3,29,8,7,3.625,3,1.0,3.3793103448275863,1,1.125,0,0,-0.1111111111111111,-0.25,1
high_compressibility,5,5,7,3,29,8,7,3.625,3,1.0,3.3793103448275863,1,1.125,0,0,-0.1111111111111111,-0.25,1
high_compressibility,5,5,8,3,29,8,7,3.625,3,1.0,3.3793103448275863,1,1.125,0,0,-0.1111111111111111,-0.25,1
high_compressibility,5,5,9,3,29,8,7,3.625,3,1.0,3.3793103448275863,1,1.125,0,0,-0.1111111111111111,-0.25,1
high_compressibility,5,5,10,3,29,8,7,3.625,3,1.0,3.3793103448275863,1,1.125,0,0,-0.1111111111111111,-0.25,1
high_compressibility,5,5,11,3,29,8,7,3.625,3,1.0,3.3793103448275863,1,1.125,0,0,-0.1111111111111111,-0.25,1
high_compressibility,5,5,12,3,29,8,7,3.625,3,1.0,3.3793103448275863,1,1.125,0,0,-0.1111111111111111,-0.25,1
high_compressibility,5,5,13,3,29,8,7,3.625,3,1.0,3.3793103448275863,1,1.125,0,0,-0.1111111111111111,-0.25,1
high_compressibility,5,5,14,3,29,8,7,3.625,3,1.0,3.3793103448275863,1,1.125,0,0,-0.1111111111111111,-0.25,1
high_compressibility,5,5,15,3,29,8,7,3.625,3,1.0,3.3793103448275863,1,1.125,0,0,-0.1111111111111111,-0.25,1
high_compressibility,5,6,0,1,29,8,7,3.625,1,1.0,3.3793103448275863,1,inf,0,0,0.0,-0.25,0
high_compressibility,5,6,1,1,29,8,7,3.625,1,1.0,3.3793103448275863,1,1.125,0,0,-0.1111111111111111,-0.25,1
high_compressibility,5,6,2,1,29,8,7,3.625,1,1.0,3.3793103448275863,1,1.125,0,0,-0.1111111111111111,-0.25,1
high_compressibility,5,6,3,1,29,8,7,3.625,1,1.0,3.3793103448275863,1,1.125,0,0,-0.1111111111111111,-0.25,1
high_compressibility,5,6,4,1,29,8,7,3.625,1,1.0,3.3793103448275863,1,1.125,0,0,-0.1111111111111111,-0.25,1
high_compressibility,5,6,5,1,29,8,7,3.625,1,1.0,3.3793103448275863,1,1.125,0,0,-0.1111111111111111,-0.25,1
high_compressibility,5,6,6,1,29,8,7,3.625,1,1.0,3.3793103448275863,1,1.125,0,0,-0.1111111111111111,-0.25,1
high_compressibility,5,6,7,1,29,8,7,3.625,1,1.0,3.3793103448275863,1,1.125,0,0,-0.1111111111111111,-0.25,1
high_compressibility,5,6,8,1,29,8,7,3.625,1,1.0,3.3793103448275863,1,1.125,0,0,-0.1111111111111111,-0.25,1
high_compressibility,5,6,9,1,29,8,7,3.625,1,1.0,3.3793103448275863,1,1.125,0,0,-0.1111111111111111,-0.25,1
high_compressibility,5,6,10,1,29,8,7,3.625,1,1.0,3.3793103448275863,1,1.125,0,0,-0.1111111111111111,-0.25,1
high_compressibility,5,6,11,1,29,8,7,3.625,1,1.0,3.3793103448275863,1,1.125,0,0,-0.1111111111111111,-0.25,1
high_compressibility,5,6,12,1,29,8,7,3.625,1,1.0,3.3793103448275863,1,1.125,0,0,-0.1111111111111111,-0.25,1
high_compressibility,5,6,13,1,29,8,7,3.625,1,1.0,3.3793103448275863,1,1.125,0,0,-0.1111111111111111,-0.25,1
high_compressibility,5,6,14,1,29,8,7,3.625,1,1.0,3.3793103448275863,1,1.125,0,0,-0.1111111111111111,-0.25,1
high_compressibility,5,6,15,1,29,8,7,3.625,1,1.0,3.3793103448275863,1,1.125,0,0,-0.1111111111111111,-0.25,1
high_compressibility,5,7,0,0,29,8,7,3.625,0,1.0,3.3793103448275863,0,1.0,0,0,-0.25,-0.25,1
high_compressibility,5,7,1,0,29,8,7,3.625,0,1.0,3.3793103448275863,0,1.0,0,0,-0.25,-0.25,1
high_compressibility,5,7,2,0,29,8,7,3.625,0,1.0,3.3793103448275863,0,1.0,0,0,-0.25,-0.25,1
high_compressibility,5,7,3,0,29,8,7,3.625,0,1.0,3.3793103448275863,0,1.0,0,0,-0.25,-0.25,1
high_compressibility,5,7,4,0,29,8,7,3.625,0,1.0,3.3793103448275863,0,1.0,0,0,-0.25,-0.25,1
high_compressibility,5,7,5,0,29,8,7,3.625,0,1.0,3.3793103448275863,0,1.0,0,0,-0.25,-0.25,1
high_compressibility,5,7,6,0,29,8,7,3.625,0,1.0,3.3793103448275863,0,1.0,0,0,-0.25,-0.25,1
high_compressibility,5,7,7,0,29,8,7,3.625,0,1.0,3.3793103448275863,0,1.0,0,0,-0.25,-0.25,1
high_compressibility,5,7,8,0,29,8,7,3.625,0,1.0,3.3793103448275863,0,1.0,0,0,-0.25,-0.25,1
high_compressibility,5,7,9,0,29,8,7,3.625,0,1.0,3.3793103448275863,0,1.0,0,0,-0.25,-0.25,1
high_compressibility,5,7,10,0,29,8,7,3.625,0,1.0,3.3793103448275863,0,1.0,0,0,-0.25,-0.25,1
high_compressibility,5,7,11,0,29,8,7,3.625,0,1.0,3.3793103448275863,0,1.0,0,0,-0.25,-0.25,1
high_compressibility,5,7,12,0,29,8,7,3.625,0,1.0,3.3793103448275863,0,1.0,0,0,-0.25,-0.25,1
high_compressibility,5,7,13,0,29,8,7,3.625,0,1.0,3.3793103448275863,0,1.0,0,0,-0.25,-0.25,1
high_compressibility,5,7,14,0,29,8,7,3.625,0,1.0,3.3793103448275863,0,1.0,0,0,-0.25,-0.25,1
high_compressibility,5,7,15,0,29,8,7,3.625,0,1.0,3.3793103448275863,0,1.0,0,0,-0.25,-0.25,1
high_compressibility,7,1,0,23,29,8,6,3.625,23,1.0,3.3448275862068964,1,inf,0,0,0.0,0.0,0
high_compressibility,7,1,1,23,29,8,6,3.625,23,1.0,3.3448275862068964,1,inf,0,0,0.0,0.0,0
high_compressibility,7,1,2,23,29,8,6,3.625,23,1.0,3.3448275862068964,1,inf,0,0,0.0,0.0,0
high_compressibility,7,1,3,23,29,8,6,3.625,23,1.0,3.3448275862068964,1,inf,0,0,0.0,0.0,0
high_compressibility,7,1,4,23,29,8,6,3.625,23,1.0,3.3448275862068964,1,inf,0,0,0.0,0.0,0
high_compressibility,7,1,5,23,29,8,6,3.625,23,1.0,3.3448275862068964,1,3.875,1,0,0.06451612903225806,0.0,1
high_compressibility,7,1,6,23,29,8,6,3.625,23,1.0,3.3448275862068964,1,3.875,1,0,0.06451612903225806,0.0,1
high_compressibility,7,1,7,23,29,8,6,3.625,23,1.0,3.3448275862068964,1,3.875,1,0,0.06451612903225806,0.0,1
high_compressibility,7,1,8,23,29,8,6,3.625,23,1.0,3.3448275862068964,1,3.875,1,0,0.06451612903225806,0.0,1
high_compressibility,7,1,9,23,29,8,6,3.625,23,1.0,3.3448275862068964,1,3.875,1,0,0.06451612903225806,0.0,1
high_compressibility,7,1,10,23,29,8,6,3.625,23,1.0,3.3448275862068964,1,3.875,1,0,0.06451612903225806,0.0,1
high_compressibility,7,1,11,23,29,8,6,3.625,23,1.0,3.3448275862068964,1,3.875,1,0,0.06451612903225806,0.0,1
high_compressibility,7,1,12,23,29,8,6,3.625,23,1.0,3.3448275862068964,1,3.875,1,0,0.06451612903225806,0.0,1
high_compressibility,7,1,13,23,29,8,6,3.625,23,1.0,3.3448275862068964,1,3.875,1,0,0.06451612903225806,0.0,1
high_compressibility,7,1,14,23,29,8,6,3.625,23,1.0,3.3448275862068964,1,3.875,1,0,0.06451612903225806,0.0,1
high_compressibility,7,1,15,23,29,8,6,3.625,23,1.0,3.3448275862068964,1,3.875,1,0,0.06451612903225806,0.0,1
high_compressibility,7,2,0,17,29,8,6,3.625,17,1.0,3.3448275862068964,1,inf,0,0,0.0,0.0,0
high_compressibility,7,2,1,17,29,8,6,3.625,17,1.0,3.3448275862068964,1,inf,0,0,0.0,-0.26666666666666666,0
high_compressibility,7,2,2,17,29,8,6,3.625,17,1.0,3.3448275862068964,1,inf,0,0,0.0,0.0,0
high_compressibility,7,2,3,17,29,8,6,3.625,17,1.0,3.3448275862068964,1,inf,0,0,0.0,0.0,0
high_compressibility,7,2,4,17,29,8,6,3.625,17,1.0,3.3448275862068964,1,2.125,1,0,0.11764705882352941,0.0,1
high_compressibility,7,2,5,17,29,8,6,3.625,17,1.0,3.3448275862068964,1,2.125,1,0,0.11764705882352941,0.0,1
high_compressibility,7,2,6,17,29,8,6,3.625,17,1.0,3.3448275862068964,1,2.125,1,0,0.11764705882352941,0.0,1
high_compressibility,7,2,7,17,29,8,6,3.625,17,1.0,3.3448275862068964,1,2.125,1,0,0.11764705882352941,0.0,1
high_compressibility,7,2,8,17,29,8,6,3.625,17,1.0,3.3448275862068964,1,2.125,1,0,0.11764705882352941,0.0,1
high_compressibility,7,2,9,17,29,8,6,3.625,17,1.0,3.3448275862068964,1,2.125,1,0,0.11764705882352941,0.0,1
high_compressibility,7,2,10,17,29,8,6,3.625,17,1.0,3.3448275862068964,1,2.125,1,0,0.11764705882352941,0.0,1
high_compressibility,7,2,11,17,29,8,6,3.625,17,1.0,3.3448275862068964,1,2.125,1,0,0.11764705882352941,0.0,1
high_compressibility,7,2,12,17,29,8,6,3.625,17,1.0,3.3448275862068964,1,2.125,1,0,0.11764705882352941,0.0,1
high_compressibility,7,2,13,17,29,8,6,3.625,17,1.0,3.3448275862068964,1,2.125,1,0,0.11764705882352941,0.0,1
high_compressibility,7,2,14,17,29,8,6,3.625,17,1.0,3.3448275862068964,1,2.125,1,0,0.11764705882352941,0.0,1
high_compressibility,7,2,15,17,29,8,6,3.625,17,1.0,3.3448275862068964,1,2.125,1,0,0.11764705882352941,0.0,1
high_compressibility,7,3,0,11,29,8,6,3.625,11,1.0,3.3448275862068964,1,inf,0,0,0.0,0.09090909090909091,0
high_compressibility,7,3,1,11,29,8,6,3.625,11,1.0,3.3448275862068964,1,inf,0,0,0.0,0.09090909090909091,0
high_compressibility,7,3,2,11,29,8,6,3.625,11,1.0,3.3448275862068964,1,inf,0,0,0.0,0.09090909090909091,0
high_compressibility,7,3,3,11,29,8,6,3.625,11,1.0,3.3448275862068964,1,1.5,1,0,0.16666666666666666,0.09090909090909091,1
high_compressibility,7,3,4,11,29,8,6,3.625,11,1.0,3.3448275862068964,1,1.5,1,0,0.16666666666666666,0.09090909090909091,1
high_compressibility,7,3,5,11,29,8,6,3.625,11,1.0,3.3448275862068964,1,1.5,1,0,0.16666666666666666,0.09090909090909091,1
high_compressibility,7,3,6,11,29,8,6,3.625,11,1.0,3.3448275862068964,1,1.5,1,0,0.16666666666666666,0.09090909090909091,1
high_compressibility,7,3,7,11,29,8,6,3.625,11,1.0,3.3448275862068964,1,1.5,1,0,0.16666666666666666,0.09090909090909091,1
high_compressibility,7,3,8,11,29,8,6,3.625,11,1.0,3.3448275862068964,1,1.5,1,0,0.16666666666666666,0.09090909090909091,1
high_compressibility,7,3,9,11,29,8,6,3.625,11,1.0,3.3448275862068964,1,1.5,1,0,0.16666666666666666,0.09090909090909091,1
high_compressibility,7,3,10,11,29,8,6,3.625,11,1.0,3.3448275862068964,1,1.5,1,0,0.16666666666666666,0.09090909090909091,1
high_compressibility,7,3,11,11,29,8,6,3.625,11,1.0,3.3448275862068964,1,1.5,1,0,0.16666666666666666,0.09090909090909091,1
high_compressibility,7,3,12,11,29,8,6,3.625,11,1.0,3.3448275862068964,1,1.5,1,0,0.16666666666666666,0.09090909090909091,1
high_compressibility,7,3,13,11,29,8,6,3.625,11,1.0,3.3448275862068964,1,1.5,1,0,0.16666666666666666,0.09090909090909091,1
high_compressibility,7,3,14,11,29,8,6,3.625,11,1.0,3.3448275862068964,1,1.5,1,0,0.16666666666666666,0.09090909090909091,1
high_compressibility,7,3,15,11,29,8,6,3.625,11,1.0,3.3448275862068964,1,1.5,1,0,0.16666666666666666,0.09090909090909091,1
high_compressibility,7,4,0,6,29,8,6,3.625,6,1.0,3.3448275862068964,1,inf,0,0,0.0,-0.1111111111111111,0
high_compressibility,7,4,1,6,29,8,6,3.625,6,1.0,3.3448275862068964,1,inf,0,0,0.0,-0.1111111111111111,0
high_compressibility,7,4,2,6,29,8,6,3.625,6,1.0,3.3448275862068964,1,1.375,1,0,0.09090909090909091,-0.1111111111111111,1
high_compressibility,7,4,3,6,29,8,6,3.625,6,1.0,3.3448275862068964,1,1.375,1,0,0.09090909090909091,-0.1111111111111111,1
high_compressibility,7,4,4,6,29,8,6,3.625,6,1.0,3.3448275862068964,1,1.25,0,0,0.0,-0.1111111111111111,1
high_compressibility,7,4,5,6,29,8,6,3.625,6,1.0,3.3448275862068964,1,1.25,0,0,0.0,-0.1111111111111111,1
high_compressibility,7,4,6,6,29,8,6,3.625,6,1.0,3.3448275862068964,1,1.25,0,0,0.0,-0.1111111111111111,1
high_compressibility,7,4,7,6,29,8,6,3.625,6,1.0,3.3448275862068964,1,1.25,0,0,0.0,-0.1111111111111111,1
high_compressibility,7,4,8,6,29,8,6,3.625,6,1.0,3.3448275862068964,1,1.25,0,0,0.0,-0.1111111111111111,1
high_compressibility,7,4,9,6,29,8,6,3.625,6,1.0,3.3448275862068964,1,1.25,0,0,0.0,-0.1111111111111111,1
high_compressibility,7,4,10,6,29,8,6,3.625,6,1.0,3.3448275862068964,1,1.25,0,0,0.0,-0.1111111111111111,1
high_compressibility,7,4,11,6,29,8,6,3.625,6,1.0,3.3448275862068964,1,1.25,0,0,0.0,-0.1111111111111111,1
high_compressibility,7,4,12,6,29,8,6,3.625,6,1.0,3.3448275862068964,1,1.25,0,0,0.0,-0.1111111111111111,1
high_compressibility,7,4,13,6,29,8,6,3.625,6,1.0,3.3448275862068964,1,1.25,0,0,0.0,-0.1111111111111111,1
high_compressibility,7,4,14,6,29,8,6,3.625,6,1.0,3.3448275862068964,1,1.25,0,0,0.0,-0.1111111111111111,1
high_compressibility,7,4,15,6,29,8,6,3.625,6,1.0,3.3448275862068964,1,1.25,0,0,0.0,-0.1111111111111111,1
high_compressibility,7,5,0,3,29,8,6,3.625,3,1.0,3.3448275862068964,1,inf,0,0,0.0,-0.25,0
high_compressibility,7,5,1,3,29,8,6,3.625,3,1.0,3.3448275862068964,1,1.375,1,0,0.09090909090909091,-0.25,1
high_compressibility,7,5,2,3,29,8,6,3.625,3,1.0,3.3448275862068964,1,1.25,0,0,0.0,-0.25,1
high_compressibility,7,5,3,3,29,8,6,3.625,3,1.0,3.3448275862068964,1,1.125,0,0,-0.1111111111111111,-0.25,1
high_compressibility,7,5,4,3,29,8,6,3.625,3,1.0,3.3448275862068964,1,1.125,0,0,-0.1111111111111111,-0.25,1
high_compressibility,7,5,5,3,29,8,6,3.625,3,1.0,3.3448275862068964,1,1.125,0,0,-0.1111111111111111,-0.25,1
high_compressibility,7,5,6,3,29,8,6,3.625,3,1.0,3.3448275862068964,1,1.125,0,0,-0.1111111111111111,-0.25,1
high_compressibility,7,5,7,3,29,8,6,3.625,3,1.0,3.3448275862068964,1,1.125,0,0,-0.1111111111111111,-0.25,1
high_compressibility,7,5,8,3,29,8,6,3.625,3,1.0,3.3448275862068964,1,1.125,0,0,-0.1111111111111111,-0.25,1
high_compressibility,7,5,9,3,29,8,6,3.625,3,1.0,3.3448275862068964,1,1.125,0,0,-0.1111111111111111,-0.25,1
high_compressibility,7,5,10,3,29,8,6,3.625,3,1.0,3.3448275862068964,1,1.125,0,0,-0.1111111111111111,-0.25,1
high_compressibility,7,5,11,3,29,8,6,3.625,3,1.0,3.3448275862068964,1,1.125,0,0,-0.1111111111111111,-0.25,1
high_compressibility,7,5,12,3,29,8,6,3.625,3,1.0,3.3448275862068964,1,1.125,0,0,-0.1111111111111111,-0.25,1
high_compressibility,7,5,13,3,29,8,6,3.625,3,1.0,3.3448275862068964,1,1.125,0,0,-0.1111111111111111,-0.25,1
high_compressibility,7,5,14,3,29,8,6,3.625,3,1.0,3.3448275862068964,1,1.125,0,0,-0.1111111111111111,-0.25,1
high_compressibility,7,5,15,3,29,8,6,3.625,3,1.0,3.3448275862068964,1,1.125,0,0,-0.1111111111111111,-0.25,1
high_compressibility,7,6,0,0,29,8,6,3.625,0,1.0,3.3448275862068964,0,1.0,0,0,-0.25,-0.25,1
high_compressibility,7,6,1,0,29,8,6,3.625,0,1.0,3.3448275862068964,0,1.0,0,0,-0.25,-0.25,1
high_compressibility,7,6,2,0,29,8,6,3.625,0,1.0,3.3448275862068964,0,1.0,0,0,-0.25,-0.25,1
high_compressibility,7,6,3,0,29,8,6,3.625,0,1.0,3.3448275862068964,0,1.0,0,0,-0.25,-0.25,1
high_compressibility,7,6,4,0,29,8,6,3.625,0,1.0,3.3448275862068964,0,1.0,0,0,-0.25,-0.25,1
high_compressibility,7,6,5,0,29,8,6,3.625,0,1.0,3.3448275862068964,0,1.0,0,0,-0.25,-0.25,1
high_compressibility,7,6,6,0,29,8,6,3.625,0,1.0,3.3448275862068964,0,1.0,0,0,-0.25,-0.25,1
high_compressibility,7,6,7,0,29,8,6,3.625,0,1.0,3.3448275862068964,0,1.0,0,0,-0.25,-0.25,1
high_compressibility,7,6,8,0,29,8,6,3.625,0,1.0,3.3448275862068964,0,1.0,0,0,-0.25,-0.25,1
high_compressibility,7,6,9,0,29,8,6,3.625,0,1.0,3.3448275862068964,0,1.0,0,0,-0.25,-0.25,1
high_compressibility,7,6,10,0,29,8,6,3.625,0,1.0,3.3448275862068964,0,1.0,0,0,-0.25,-0.25,1
high_compressibility,7,6,11,0,29,8,6,3.625,0,1.0,3.3448275862068964,0,1.0,0,0,-0.25,-0.25,1
high_compressibility,7,6,12,0,29,8,6,3.625,0,1.0,3.3448275862068964,0,1.0,0,0,-0.25,-0.25,1
high_compressibility,7,6,13,0,29,8,6,3.625,0,1.0,3.3448275862068964,0,1.0,0,0,-0.25,-0.25,1
high_compressibility,7,6,14,0,29,8,6,3.625,0,1.0,3.3448275862068964,0,1.0,0,0,-0.25,-0.25,1
high_compressibility,7,6,15,0,29,8,6,3.625,0,1.0,3.3448275862068964,0,1.0,0,0,-0.25,-0.25,1
high_compressibility,7,7,0,0,29,8,6,3.625,0,1.0,3.3448275862068964,0,1.0,0,0,-0.25,-0.25,1
high_compressibility,7,7,1,0,29,8,6,3.625,0,1.0,3.3448275862068964,0,1.0,0,0,-0.25,-0.25,1
high_compressibility,7,7,2,0,29,8,6,3.625,0,1.0,3.3448275862068964,0,1.0,0,0,-0.25,-0.25,1
high_compressibility,7,7,3,0,29,8,6,3.625,0,1.0,3.3448275862068964,0,1.0,0,0,-0.25,-0.25,1
high_compressibility,7,7,4,0,29,8,6,3.625,0,1.0,3.3448275862068964,0,1.0,0,0,-0.25,-0.25,1
high_compressibility,7,7,5,0,29,8,6,3.625,0,1.0,3.3448275862068964,0,1.0,0,0,-0.25,-0.25,1
high_compressibility,7,7,6,0,29,8,6,3.625,0,1.0,3.3448275862068964,0,1.0,0,0,-0.25,-0.25,1
high_compressibility,7,7,7,0,29,8,6,3.625,0,1.0,3.3448275862068964,0,1.0,0,0,-0.25,-0.25,1
high_compressibility,7,7,8,0,29,8,6,3.625,0,1.0,3.3448275862068964,0,1.0,0,0,-0.25,-0.25,1
high_compressibility,7,7,9,0,29,8,6,3.625,0,1.0,3.3448275862068964,0,1.0,0,0,-0.25,-0.25,1
high_compressibility,7,7,10,0,29,8,6,3.625,0,1.0,3.3448275862068964,0,1.0,0,0,-0.25,-0.25,1
high_compressibility,7,7,11,0,29,8,6,3.625,0,1.0,3.3448275862068964,0,1.0,0,0,-0.25,-0.25,1
high_compressibility,7,7,12,0,29,8,6,3.625,0,1.0,3.3448275862068964,0,1.0,0,0,-0.25,-0.25,1
high_compressibility,7,7,13,0,29,8,6,3.625,0,1.0,3.3448275862068964,0,1.0,0,0,-0.25,-0.25,1
high_compressibility,7,7,14,0,29,8,6,3.625,0,1.0,3.3448275862068964,0,1.0,0,0,-0.25,-0.25,1
high_compressibility,7,7,15,0,29,8,6,3.625,0,1.0,3.3448275862068964,0,1.0,0,0,-0.25,-0.25,1
high_compressibility,9,1,0,23,29,8,6,3.625,23,1.0,2.5517241379310347,1,inf,0,0,0.0,0.0,0
high_compressibility,9,1,1,23,29,8,6,3.625,23,1.0,2.5517241379310347,1,inf,0,0,0.0,0.0,0
high_compressibility,9,1,2,23,29,8,6,3.625,23,1.0,2.5517241379310347,1,inf,0,0,0.0,0.0,0
high_compressibility,9,1,3,23,29,8,6,3.625,23,1.0,2.5517241379310347,1,inf,0,0,0.0,0.0,0
high_compressibility,9,1,4,23,29,8,6,3.625,23,1.0,2.5517241379310347,1,inf,0,0,0.0,0.0,0
high_compressibility,9,1,5,23,29,8,6,3.625,23,1.0,2.5517241379310347,1,3.875,1,0,0.06451612903225806,0.0,1
high_compressibility,9,1,6,23,29,8,6,3.625,23,1.0,2.5517241379310347,1,3.875,1,0,0.06451612903225806,0.0,1
high_compressibility,9,1,7,23,29,8,6,3.625,23,1.0,2.5517241379310347,1,3.875,1,0,0.06451612903225806,0.0,1
high_compressibility,9,1,8,23,29,8,6,3.625,23,1.0,2.5517241379310347,1,3.875,1,0,0.06451612903225806,0.0,1
high_compressibility,9,1,9,23,29,8,6,3.625,23,1.0,2.5517241379310347,1,3.875,1,0,0.06451612903225806,0.0,1
high_compressibility,9,1,10,23,29,8,6,3.625,23,1.0,2.5517241379310347,1,3.875,1,0,0.06451612903225806,0.0,1
high_compressibility,9,1,11,23,29,8,6,3.625,23,1.0,2.5517241379310347,1,3.875,1,0,0.06451612903225806,0.0,1
high_compressibility,9,1,12,23,29,8,6,3.625,23,1.0,2.5517241379310347,1,3.875,1,0,0.06451612903225806,0.0,1
high_compressibility,9,1,13,23,29,8,6,3.625,23,1.0,2.5517241379310347,1,3.875,1,0,0.06451612903225806,0.0,1
high_compressibility,9,1,14,23,29,8,6,3.625,23,1.0,2.5517241379310347,1,3.875,1,0,0.06451612903225806,0.0,1
high_compressibility,9,1,15,23,29,8,6,3.625,23,1.0,2.5517241379310347,1,3.875,1,0,0.06451612903225806,0.0,1
high_compressibility,9,2,0,17,29,8,6,3.625,17,1.0,2.5517241379310347,1,inf,0,0,0.0,0.0,0
high_compressibility,9,2,1,17,29,8,6,3.625,17,1.0,2.5517241379310347,1,inf,0,0,0.0,0.0,0
high_compressibility,9,2,2,17,29,8,6,3.625,17,1.0,2.5517241379310347,1,inf,0,0,0.0,0.0,0
high_compressibility,9,2,3,17,29,8,6,3.625,17,1.0,2.5517241379310347,1,inf,0,0,0.0,0.0625,0
high_compressibility,9,2,4,17,29,8,6,3.625,17,1.0,2.5517241379310347,1,2.125,1,0,0.11764705882352941,0.0625,1
high_compressibility,9,2,5,17,29,8,6,3.625,17,1.0,2.5517241379310347,1,2.125,1,0,0.11764705882352941,0.0625,1
high_compressibility,9,2,6,17,29,8,6,3.625,17,1.0,2.5517241379310347,1,2.125,1,0,0.11764705882352941,0.0625,1
high_compressibility,9,2,7,17,29,8,6,3.625,17,1.0,2.5517241379310347,1,2.125,1,0,0.11764705882352941,0.0625,1
high_compressibility,9,2,8,17,29,8,6,3.625,17,1.0,2.5517241379310347,1,2.125,1,0,0.11764705882352941,0.0625,1
high_compressibility,9,2,9,17,29,8,6,3.625,17,1.0,2.5517241379310347,1,2.125,1,0,0.11764705882352941,0.0625,1
high_compressibility,9,2,10,17,29,8,6,3.625,17,1.0,2.5517241379310347,1,2.125,1,0,0.11764705882352941,0.0625,1
high_compressibility,9,2,11,17,29,8,6,3.625,17,1.0,2.5517241379310347,1,2.125,1,0,0.11764705882352941,0.0625,1
high_compressibility,9,2,12,17,29,8,6,3.625,17,1.0,2.5517241379310347,1,2.125,1,0,0.11764705882352941,0.0625,1
high_compressibility,9,2,13,17,29,8,6,3.625,17,1.0,2.5517241379310347,1,2.125,1,0,0.11764705882352941,0.0625,1
high_compressibility,9,2,14,17,29,8,6,3.625,17,1.0,2.5517241379310347,1,2.125,1,0,0.11764705882352941,0.0625,1
high_compressibility,9,2,15,17,29,8,6,3.625,17,1.0,2.5517241379310347,1,2.125,1,0,0.11764705882352941,0.0625,1
high_compressibility,9,3,0,12,29,8,6,3.625,12,1.0,2.5517241379310347,1,inf,0,0,0.0,0.0,0
high_compressibility,9,3,1,12,29,8,6,3.625,12,1.0,2.5517241379310347,1,inf,0,0,0.0,0.0,0
high_compressibility,9,3,2,12,29,8,6,3.625,12,1.0,2.5517241379310347,1,inf,0,0,0.0,0.09090909090909091,0
high_compressibility,9,3,3,12,29,8,6,3.625,12,1.0,2.5517241379310347,1,1.5,1,0,0.16666666666666666,0.09090909090909091,1
high_compressibility,9,3,4,12,29,8,6,3.625,12,1.0,2.5517241379310347,1,1.5,1,0,0.16666666666666666,0.09090909090909091,1
high_compressibility,9,3,5,12,29,8,6,3.625,12,1.0,2.5517241379310347,1,1.5,1,0,0.16666666666666666,0.09090909090909091,1
high_compressibility,9,3,6,12,29,8,6,3.625,12,1.0,2.5517241379310347,1,1.5,1,0,0.16666666666666666,0.09090909090909091,1
high_compressibility,9,3,7,12,29,8,6,3.625,12,1.0,2.5517241379310347,1,1.5,1,0,0.16666666666666666,0.09090909090909091,1
high_compressibility,9,3,8,12,29,8,6,3.625,12,1.0,2.5517241379310347,1,1.5,1,0,0.16666666666666666,0.09090909090909091,1
high_compressibility,9,3,9,12,29,8,6,3.625,12,1.0,2.5517241379310347,1,1.5,1,0,0.16666666666666666,0.09090909090909091,1
high_compressibility,9,3,10,12,29,8,6,3.625,12,1.0,2.5517241379310347,1,1.5,1,0,0.16666666666666666,0.09090909090909091,1
high_compressibility,9,3,11,12,29,8,6,3.625,12,1.0,2.5517241379310347,1,1.5,1,0,0.16666666666666666,0.09090909090909091,1
high_compressibility,9,3,12,12,29,8,6,3.625,12,1.0,2.5517241379310347,1,1.5,1,0,0.16666666666666666,0.09090909090909091,1
high_compressibility,9,3,13,12,29,8,6,3.625,12,1.0,2.5517241379310347,1,1.5,1,0,0.16666666666666666,0.09090909090909091,1
high_compressibility,9,3,14,12,29,8,6,3.625,12,1.0,2.5517241379310347,1,1.5,1,0,0.16666666666666666,0.09090909090909091,1
high_compressibility,9,3,15,12,29,8,6,3.625,12,1.0,2.5517241379310347,1,1.5,1,0,0.16666666666666666,0.09090909090909091,1
high_compressibility,9,4,0,7,29,8,6,3.625,7,1.0,2.5517241379310347,1,inf,0,0,0.0,0.0,0
high_compressibility,9,4,1,7,29,8,6,3.625,7,1.0,2.5517241379310347,1,inf,0,0,0.0,0.0,0
high_compressibility,9,4,2,7,29,8,6,3.625,7,1.0,2.5517241379310347,1,1.5,1,0,0.25,0.0,1
high_compressibility,9,4,3,7,29,8,6,3.625,7,1.0,2.5517241379310347,1,1.375,1,0,0.18181818181818182,0.0,1
high_compressibility,9,4,4,7,29,8,6,3.625,7,1.0,2.5517241379310347,1,1.25,1,0,0.1,0.0,1
high_compressibility,9,4,5,7,29,8,6,3.625,7,1.0,2.5517241379310347,1,1.25,1,0,0.1,0.0,1
high_compressibility,9,4,6,7,29,8,6,3.625,7,1.0,2.5517241379310347,1,1.25,1,0,0.1,0.0,1
high_compressibility,9,4,7,7,29,8,6,3.625,7,1.0,2.5517241379310347,1,1.25,1,0,0.1,0.0,1
high_compressibility,9,4,8,7,29,8,6,3.625,7,1.0,2.5517241379310347,1,1.25,1,0,0.1,0.0,1
high_compressibility,9,4,9,7,29,8,6,3.625,7,1.0,2.5517241379310347,1,1.25,1,0,0.1,0.0,1
high_compressibility,9,4,10,7,29,8,6,3.625,7,1.0,2.5517241379310347,1,1.25,1,0,0.1,0.0,1
high_compressibility,9,4,11,7,29,8,6,3.625,7,1.0,2.5517241379310347,1,1.25,1,0,0.1,0.0,1
high_compressibility,9,4,12,7,29,8,6,3.625,7,1.0,2.5517241379310347,1,1.25,1,0,0.1,0.0,1
high_compressibility,9,4,13,7,29,8,6,3.625,7,1.0,2.5517241379310347,1,1.25,1,0,0.1,0.0,1
high_compressibility,9,4,14,7,29,8,6,3.625,7,1.0,2.5517241379310347,1,1.25,1,0,0.1,0.0,1
high_compressibility,9,4,15,7,29,8,6,3.625,7,1.0,2.5517241379310347,1,1.25,1,0,0.1,0.0,1
high_compressibility,9,5,0,3,29,8,6,3.625,3,1.0,2.5517241379310347,1,inf,0,0,0.0,-0.125,0
high_compressibility,9,5,1,3,29,8,6,3.625,3,1.0,2.5517241379310347,1,1.375,1,0,0.18181818181818182,-0.125,1
high_compressibility,9,5,2,3,29,8,6,3.625,3,1.0,2.5517241379310347,1,1.25,1,0,0.1,-0.125,1
high_compressibility,9,5,3,3,29,8,6,3.625,3,1.0,2.5517241379310347,1,1.125,0,0,0.0,-0.125,1
high_compressibility,9,5,4,3,29,8,6,3.625,3,1.0,2.5517241379310347,1,1.125,0,0,0.0,-0.125,1
high_compressibility,9,5,5,3,29,8,6,3.625,3,1.0,2.5517241379310347,1,1.125,0,0,0.0,-0.125,1
high_compressibility,9,5,6,3,29,8,6,3.625,3,1.0,2.5517241379310347,1,1.125,0,0,0.0,-0.125,1
high_compressibility,9,5,7,3,29,8,6,3.625,3,1.0,2.5517241379310347,1,1.125,0,0,0.0,-0.125,1
high_compressibility,9,5,8,3,29,8,6,3.625,3,1.0,2.5517241379310347,1,1.125,0,0,0.0,-0.125,1
high_compressibility,9,5,9,3,29,8,6,3.625,3,1.0,2.5517241379310347,1,1.125,0,0,0.0,-0.125,1
high_compressibility,9,5,10,3,29,8,6,3.625,3,1.0,2.5517241379310347,1,1.125,0,0,0.0,-0.125,1
high_compressibility,9,5,11,3,29,8,6,3.625,3,1.0,2.5517241379310347,1,1.125,0,0,0.0,-0.125,1
high_compressibility,9,5,12,3,29,8,6,3.625,3,1.0,2.5517241379310347,1,1.125,0,0,0.0,-0.125,1
high_compressibility,9,5,13,3,29,8,6,3.625,3,1.0,2.5517241379310347,1,1.125,0,0,0.0,-0.125,1
high_compressibility,9,5,14,3,29,8,6,3.625,3,1.0,2.5517241379310347,1,1.125,0,0,0.0,-0.125,1
high_compressibility,9,5,15,3,29,8,6,3.625,3,1.0,2.5517241379310347,1,1.125,0,0,0.0,-0.125,1
high_compressibility,9,6,0,0,29,8,6,3.625,0,1.0,2.5517241379310347,0,1.0,0,0,-0.125,-0.125,1
high_compressibility,9,6,1,0,29,8,6,3.625,0,1.0,2.5517241379310347,0,1.0,0,0,-0.125,-0.125,1
high_compressibility,9,6,2,0,29,8,6,3.625,0,1.0,2.5517241379310347,0,1.0,0,0,-0.125,-0.125,1
high_compressibility,9,6,3,0,29,8,6,3.625,0,1.0,2.5517241379310347,0,1.0,0,0,-0.125,-0.125,1
high_compressibility,9,6,4,0,29,8,6,3.625,0,1.0,2.5517241379310347,0,1.0,0,0,-0.125,-0.125,1
high_compressibility,9,6,5,0,29,8,6,3.625,0,1.0,2.5517241379310347,0,1.0,0,0,-0.125,-0.125,1
high_compressibility,9,6,6,0,29,8,6,3.625,0,1.0,2.5517241379310347,0,1.0,0,0,-0.125,-0.125,1
high_compressibility,9,6,7,0,29,8,6,3.625,0,1.0,2.5517241379310347,0,1.0,0,0,-0.125,-0.125,1
high_compressibility,9,6,8,0,29,8,6,3.625,0,1.0,2.5517241379310347,0,1.0,0,0,-0.125,-0.125,1
high_compressibility,9,6,9,0,29,8,6,3.625,0,1.0,2.5517241379310347,0,1.0,0,0,-0.125,-0.125,1
high_compressibility,9,6,10,0,29,8,6,3.625,0,1.0,2.5517241379310347,0,1.0,0,0,-0.125,-0.125,1
high_compressibility,9,6,11,0,29,8,6,3.625,0,1.0,2.5517241379310347,0,1.0,0,0,-0.125,-0.125,1
high_compressibility,9,6,12,0,29,8,6,3.625,0,1.0,2.5517241379310347,0,1.0,0,0,-0.125,-0.125,1
high_compressibility,9,6,13,0,29,8,6,3.625,0,1.0,2.5517241379310347,0,1.0,0,0,-0.125,-0.125,1
high_compressibility,9,6,14,0,29,8,6,3.625,0,1.0,2.5517241379310347,0,1.0,0,0,-0.125,-0.125,1
high_compressibility,9,6,15,0,29,8,6,3.625,0,1.0,2.5517241379310347,0,1.0,0,0,-0.125,-0.125,1
high_compressibility,9,7,0,0,29,8,6,3.625,0,1.0,2.5517241379310347,0,1.0,0,0,-0.125,-0.125,1
high_compressibility,9,7,1,0,29,8,6,3.625,0,1.0,2.5517241379310347,0,1.0,0,0,-0.125,-0.125,1
high_compressibility,9,7,2,0,29,8,6,3.625,0,1.0,2.5517241379310347,0,1.0,0,0,-0.125,-0.125,1
high_compressibility,9,7,3,0,29,8,6,3.625,0,1.0,2.5517241379310347,0,1.0,0,0,-0.125,-0.125,1
high_compressibility,9,7,4,0,29,8,6,3.625,0,1.0,2.5517241379310347,0,1.0,0,0,-0.125,-0.125,1
high_compressibility,9,7,5,0,29,8,6,3.625,0,1.0,2.5517241379310347,0,1.0,0,0,-0.125,-0.125,1
high_compressibility,9,7,6,0,29,8,6,3.625,0,1.0,2.5517241379310347,0,1.0,0,0,-0.125,-0.125,1
high_compressibility,9,7,7,0,29,8,6,3.625,0,1.0,2.5517241379310347,0,1.0,0,0,-0.125,-0.125,1
high_compressibility,9,7,8,0,29,8,6,3.625,0,1.0,2.5517241379310347,0,1.0,0,0,-0.125,-0.125,1
high_compressibility,9,7,9,0,29,8,6,3.625,0,1.0,2.5517241379310347,0,1.0,0,0,-0.125,-0.125,1
high_compressibility,9,7,10,0,29,8,6,3.625,0,1.0,2.5517241379310347,0,1.0,0,0,-0.125,-0.125,1
high_compressibility,9,7,11,0,29,8,6,3.625,0,1.0,2.5517241379310347,0,1.0,0,0,-0.125,-0.125,1
high_compressibility,9,7,12,0,29,8,6,3.625,0,1.0,2.5517241379310347,0,1.0,0,0,-0.125,-0.125,1
high_compressibility,9,7,13,0,29,8,6,3.625,0,1.0,2.5517241379310347,0,1.0,0,0,-0.125,-0.125,1
high_compressibility,9,7,14,0,29,8,6,3.625,0,1.0,2.5517241379310347,0,1.0,0,0,-0.125,-0.125,1
high_compressibility,9,7,15,0,29,8,6,3.625,0,1.0,2.5517241379310347,0,1.0,0,0,-0.125,-0.125,1
low_compressibility,1,1,0,0,19,42,1,0.4523809523809524,0,0.0,0.0,0,1.0,0,0,0.0,0.0,1
low_compressibility,1,1,1,0,19,42,1,0.4523809523809524,0,0.0,0.0,0,1.0,0,0,0.0,0.0,1
low_compressibility,1,1,2,0,19,42,1,0.4523809523809524,0,0.0,0.0,0,1.0,0,0,0.0,0.0,1
low_compressibility,1,1,3,0,19,42,1,0.4523809523809524,0,0.0,0.0,0,1.0,0,0,0.0,0.0,1
low_compressibility,1,1,4,0,19,42,1,0.4523809523809524,0,0.0,0.0,0,1.0,0,0,0.0,0.0,1
low_compressibility,1,1,5,0,19,42,1,0.4523809523809524,0,0.0,0.0,0,1.0,0,0,0.0,0.0,1
low_compressibility,1,1,6,0,19,42,1,0.4523809523809524,0,0.0,0.0,0,1.0,0,0,0.0,0.0,1
low_compressibility,1,1,7,0,19,42,1,0.4523809523809524,0,0.0,0.0,0,1.0,0,0,0.0,0.0,1
low_compressibility,1,1,8,0,19,42,1,0.4523809523809524,0,0.0,0.0,0,1.0,0,0,0.0,0.0,1
low_compressibility,1,1,9,0,19,42,1,0.4523809523809524,0,0.0,0.0,0,1.0,0,0,0.0,0.0,1
low_compressibility,1,1,10,0,19,42,1,0.4523809523809524,0,0.0,0.0,0,1.0,0,0,0.0,0.0,1
low_compressibility,1,1,11,0,19,42,1,0.4523809523809524,0,0.0,0.0,0,1.0,0,0,0.0,0.0,1
low_compressibility,1,1,12,0,19,42,1,0.4523809523809524,0,0.0,0.0,0,1.0,0,0,0.0,0.0,1
low_compressibility,1,1,13,0,19,42,1,0.4523809523809524,0,0.0,0.0,0,1.0,0,0,0.0,0.0,1
low_compressibility,1,1,14,0,19,42,1,0.4523809523809524,0,0.0,0.0,0,1.0,0,0,0.0,0.0,1
low_compressibility,1,1,15,0,19,42,1,0.4523809523809524,0,0.0,0.0,0,1.0,0,0,0.0,0.0,1
low_compressibility,1,2,0,0,19,42,1,0.4523809523809524,0,0.0,0.0,0,1.0,0,0,0.0,0.0,1
low_compressibility,1,2,1,0,19,42,1,0.4523809523809524,0,0.0,0.0,0,1.0,0,0,0.0,0.0,1
low_compressibility,1,2,2,0,19,42,1,0.4523809523809524,0,0.0,0.0,0,1.0,0,0,0.0,0.0,1
low_compressibility,1,2,3,0,19,42,1,0.4523809523809524,0,0.0,0.0,0,1.0,0,0,0.0,0.0,1
low_compressibility,1,2,4,0,19,42,1,0.4523809523809524,0,0.0,0.0,0,1.0,0,0,0.0,0.0,1
low_compressibility,1,2,5,0,19,42,1,0.4523809523809524,0,0.0,0.0,0,1.0,0,0,0.0,0.0,1
low_compressibility,1,2,6,0,19,42,1,0.4523809523809524,0,0.0,0.0,0,1.0,0,0,0.0,0.0,1
low_compressibility,1,2,7,0,19,42,1,0.4523809523809524,0,0.0,0.0,0,1.0,0,0,0.0,0.0,1
low_compressibility,1,2,8,0,19,42,1,0.4523809523809524,0,0.0,0.0,0,1.0,0,0,0.0,0.0,1
low_compressibility,1,2,9,0,19,42,1,0.4523809523809524,0,0.0,0.0,0,1.0,0,0,0.0,0.0,1
low_compressibility,1,2,10,0,19,42,1,0.4523809523809524,0,0.0,0.0,0,1.0,0,0,0.0,0.0,1
low_compressibility,1,2,11,0,19,42,1,0.4523809523809524,0,0.0,0.0,0,1.0,0,0,0.0,0.0,1
low_compressibility,1,2,12,0,19,42,1,0.4523809523809524,0,0.0,0.0,0,1.0,0,0,0.0,0.0,1
low_compressibility,1,2,13,0,19,42,1,0.4523809523809524,0,0.0,0.0,0,1.0,0,0,0.0,0.0,1
low_compressibility,1,2,14,0,19,42,1,0.4523809523809524,0,0.0,0.0,0,1.0,0,0,0.0,0.0,1
low_compressibility,1,2,15,0,19,42,1,0.4523809523809524,0,0.0,0.0,0,1.0,0,0,0.0,0.0,1
low_compressibility,1,3,0,0,19,42,1,0.4523809523809524,0,0.0,0.0,0,1.0,0,0,0.0,0.0,1
low_compressibility,1,3,1,0,19,42,1,0.4523809523809524,0,0.0,0.0,0,1.0,0,0,0.0,0.0,1
low_compressibility,1,3,2,0,19,42,1,0.4523809523809524,0,0.0,0.0,0,1.0,0,0,0.0,0.0,1
low_compressibility,1,3,3,0,19,42,1,0.4523809523809524,0,0.0,0.0,0,1.0,0,0,0.0,0.0,1
low_compressibility,1,3,4,0,19,42,1,0.4523809523809524,0,0.0,0.0,0,1.0,0,0,0.0,0.0,1
low_compressibility,1,3,5,0,19,42,1,0.4523809523809524,0,0.0,0.0,0,1.0,0,0,0.0,0.0,1
low_compressibility,1,3,6,0,19,42,1,0.4523809523809524,0,0.0,0.0,0,1.0,0,0,0.0,0.0,1
low_compressibility,1,3,7,0,19,42,1,0.4523809523809524,0,0.0,0.0,0,1.0,0,0,0.0,0.0,1
low_compressibility,1,3,8,0,19,42,1,0.4523809523809524,0,0.0,0.0,0,1.0,0,0,0.0,0.0,1
low_compressibility,1,3,9,0,19,42,1,0.4523809523809524,0,0.0,0.0,0,1.0,0,0,0.0,0.0,1
low_compressibility,1,3,10,0,19,42,1,0.4523809523809524,0,0.0,0.0,0,1.0,0,0,0.0,0.0,1
low_compressibility,1,3,11,0,19,42,1,0.4523809523809524,0,0.0,0.0,0,1.0,0,0,0.0,0.0,1
low_compressibility,1,3,12,0,19,42,1,0.4523809523809524,0,0.0,0.0,0,1.0,0,0,0.0,0.0,1
low_compressibility,1,3,13,0,19,42,1,0.4523809523809524,0,0.0,0.0,0,1.0,0,0,0.0,0.0,1
low_compressibility,1,3,14,0,19,42,1,0.4523809523809524,0,0.0,0.0,0,1.0,0,0,0.0,0.0,1
low_compressibility,1,3,15,0,19,42,1,0.4523809523809524,0,0.0,0.0,0,1.0,0,0,0.0,0.0,1
low_compressibility,1,4,0,0,19,42,1,0.4523809523809524,0,0.0,0.0,0,1.0,0,0,0.0,0.0,1
low_compressibility,1,4,1,0,19,42,1,0.4523809523809524,0,0.0,0.0,0,1.0,0,0,0.0,0.0,1
low_compressibility,1,4,2,0,19,42,1,0.4523809523809524,0,0.0,0.0,0,1.0,0,0,0.0,0.0,1
low_compressibility,1,4,3,0,19,42,1,0.4523809523809524,0,0.0,0.0,0,1.0,0,0,0.0,0.0,1
low_compressibility,1,4,4,0,19,42,1,0.4523809523809524,0,0.0,0.0,0,1.0,0,0,0.0,0.0,1
low_compressibility,1,4,5,0,19,42,1,0.4523809523809524,0,0.0,0.0,0,1.0,0,0,0.0,0.0,1
low_compressibility,1,4,6,0,19,42,1,0.4523809523809524,0,0.0,0.0,0,1.0,0,0,0.0,0.0,1
low_compressibility,1,4,7,0,19,42,1,0.4523809523809524,0,0.0,0.0,0,1.0,0,0,0.0,0.0,1
low_compressibility,1,4,8,0,19,42,1,0.4523809523809524,0,0.0,0.0,0,1.0,0,0,0.0,0.0,1
low_compressibility,1,4,9,0,19,42,1,0.4523809523809524,0,0.0,0.0,0,1.0,0,0,0.0,0.0,1
low_compressibility,1,4,10,0,19,42,1,0.4523809523809524,0,0.0,0.0,0,1.0,0,0,0.0,0.0,1
low_compressibility,1,4,11,0,19,42,1,0.4523809523809524,0,0.0,0.0,0,1.0,0,0,0.0,0.0,1
low_compressibility,1,4,12,0,19,42,1,0.4523809523809524,0,0.0,0.0,0,1.0,0,0,0.0,0.0,1
low_compressibility,1,4,13,0,19,42,1,0.4523809523809524,0,0.0,0.0,0,1.0,0,0,0.0,0.0,1
low_compressibility,1,4,14,0,19,42,1,0.4523809523809524,0,0.0,0.0,0,1.0,0,0,0.0,0.0,1
low_compressibility,1,4,15,0,19,42,1,0.4523809523809524,0,0.0,0.0,0,1.0,0,0,0.0,0.0,1
low_compressibility,1,5,0,0,19,42,1,0.4523809523809524,0,0.0,0.0,0,1.0,0,0,0.0,0.0,1
low_compressibility,1,5,1,0,19,42,1,0.4523809523809524,0,0.0,0.0,0,1.0,0,0,0.0,0.0,1
low_compressibility,1,5,2,0,19,42,1,0.4523809523809524,0,0.0,0.0,0,1.0,0,0,0.0,0.0,1
low_compressibility,1,5,3,0,19,42,1,0.4523809523809524,0,0.0,0.0,0,1.0,0,0,0.0,0.0,1
low_compressibility,1,5,4,0,19,42,1,0.4523809523809524,0,0.0,0.0,0,1.0,0,0,0.0,0.0,1
low_compressibility,1,5,5,0,19,42,1,0.4523809523809524,0,0.0,0.0,0,1.0,0,0,0.0,0.0,1
low_compressibility,1,5,6,0,19,42,1,0.4523809523809524,0,0.0,0.0,0,1.0,0,0,0.0,0.0,1
low_compressibility,1,5,7,0,19,42,1,0.4523809523809524,0,0.0,0.0,0,1.0,0,0,0.0,0.0,1
low_compressibility,1,5,8,0,19,42,1,0.4523809523809524,0,0.0,0.0,0,1.0,0,0,0.0,0.0,1
low_compressibility,1,5,9,0,19,42,1,0.4523809523809524,0,0.0,0.0,0,1.0,0,0,0.0,0.0,1
low_compressibility,1,5,10,0,19,42,1,0.4523809523809524,0,0.0,0.0,0,1.0,0,0,0.0,0.0,1
low_compressibility,1,5,11,0,19,42,1,0.4523809523809524,0,0.0,0.0,0,1.0,0,0,0.0,0.0,1
low_compressibility,1,5,12,0,19,42,1,0.4523809523809524,0,0.0,0.0,0,1.0,0,0,0.0,0.0,1
low_compressibility,1,5,13,0,19,42,1,0.4523809523809524,0,0.0,0.0,0,1.0,0,0,0.0,0.0,1
low_compressibility,1,5,14,0,19,42,1,0.4523809523809524,0,0.0,0.0,0,1.0,0,0,0.0,0.0,1
low_compressibility,1,5,15,0,19,42,1,0.4523809523809524,0,0.0,0.0,0,1.0,0,0,0.0,0.0,1
low_compressibility,1,6,0,0,19,42,1,0.4523809523809524,0,0.0,0.0,0,1.0,0,0,0.0,0.0,1
low_compressibility,1,6,1,0,19,42,1,0.4523809523809524,0,0.0,0.0,0,1.0,0,0,0.0,0.0,1
low_compressibility,1,6,2,0,19,42,1,0.4523809523809524,0,0.0,0.0,0,1.0,0,0,0.0,0.0,1
low_compressibility,1,6,3,0,19,42,1,0.4523809523809524,0,0.0,0.0,0,1.0,0,0,0.0,0.0,1
low_compressibility,1,6,4,0,19,42,1,0.4523809523809524,0,0.0,0.0,0,1.0,0,0,0.0,0.0,1
low_compressibility,1,6,5,0,19,42,1,0.4523809523809524,0,0.0,0.0,0,1.0,0,0,0.0,0.0,1
low_compressibility,1,6,6,0,19,42,1,0.4523809523809524,0,0.0,0.0,0,1.0,0,0,0.0,0.0,1
low_compressibility,1,6,7,0,19,42,1,0.4523809523809524,0,0.0,0.0,0,1.0,0,0,0.0,0.0,1
low_compressibility,1,6,8,0,19,42,1,0.4523809523809524,0,0.0,0.0,0,1.0,0,0,0.0,0.0,1
low_compressibility,1,6,9,0,19,42,1,0.4523809523809524,0,0.0,0.0,0,1.0,0,0,0.0,0.0,1
low_compressibility,1,6,10,0,19,42,1,0.4523809523809524,0,0.0,0.0,0,1.0,0,0,0.0,0.0,1
low_compressibility,1,6,11,0,19,42,1,0.4523809523809524,0,0.0,0.0,0,1.0,0,0,0.0,0.0,1
low_compressibility,1,6,12,0,19,42,1,0.4523809523809524,0,0.0,0.0,0,1.0,0,0,0.0,0.0,1
low_compressibility,1,6,13,0,19,42,1,0.4523809523809524,0,0.0,0.0,0,1.0,0,0,0.0,0.0,1
low_compressibility,1,6,14,0,19,42,1,0.4523809523809524,0,0.0,0.0,0,1.0,0,0,0.0,0.0,1
low_compressibility,1,6,15,0,19,42,1,0.4523809523809524,0,0.0,0.0,0,1.0,0,0,0.0,0.0,1
low_compressibility,1,7,0,0,19,42,1,0.4523809523809524,0,0.0,0.0,0,1.0,0,0,0.0,0.0,1
low_compressibility,1,7,1,0,19,42,1,0.4523809523809524,0,0.0,0.0,0,1.0,0,0,0.0,0.0,1
low_compressibility,1,7,2,0,19,42,1,0.4523809523809524,0,0.0,0.0,0,1.0,0,0,0.0,0.0,1
low_compressibility,1,7,3,0,19,42,1,0.4523809523809524,0,0.0,0.0,0,1.0,0,0,0.0,0.0,1
low_compressibility,1,7,4,0,19,42,1,0.4523809523809524,0,0.0,0.0,0,1.0,0,0,0.0,0.0,1
low_compressibility,1,7,5,0,19,42,1,0.4523809523809524,0,0.0,0.0,0,1.0,0,0,0.0,0.0,1
low_compressibility,1,7,6,0,19,42,1,0.4523809523809524,0,0.0,0.0,0,1.0,0,0,0.0,0.0,1
low_compressibility,1,7,7,0,19,42,1,0.4523809523809524,0,0.0,0.0,0,1.0,0,0,0.0,0.0,1
low_compressibility,1,7,8,0,19,42,1,0.4523809523809524,0,0.0,0.0,0,1.0,0,0,0.0,0.0,1
low_compressibility,1,7,9,0,19,42,1,0.4523809523809524,0,0.0,0.0,0,1.0,0,0,0.0,0.0,1
low_compressibility,1,7,10,0,19,42,1,0.4523809523809524,0,0.0,0.0,0,1.0,0,0,0.0,0.0,1
low_compressibility,1,7,11,0,19,42,1,0.4523809523809524,0,0.0,0.0,0,1.0,0,0,0.0,0.0,1
low_compressibility,1,7,12,0,19,42,1,0.4523809523809524,0,0.0,0.0,0,1.0,0,0,0.0,0.0,1
low_compressibility,1,7,13,0,19,42,1,0.4523809523809524,0,0.0,0.0,0,1.0,0,0,0.0,0.0,1
low_compressibility,1,7,14,0,19,42,1,0.4523809523809524,0,0.0,0.0,0,1.0,0,0,0.0,0.0,1
low_compressibility,1,7,15,0,19,42,1,0.4523809523809524,0,0.0,0.0,0,1.0,0,0,0.0,0.0,1
low_compressibility,3,1,0,0,19,42,1,0.4523809523809524,0,0.0,0.0,0,1.0,0,0,0.0,0.0,1
low_compressibility,3,1,1,0,19,42,1,0.4523809523809524,0,0.0,0.0,0,1.0,0,0,0.0,0.0,1
low_compressibility,3,1,2,0,19,42,1,0.4523809523809524,0,0.0,0.0,0,1.0,0,0,0.0,0.0,1
low_compressibility,3,1,3,0,19,42,1,0.4523809523809524,0,0.0,0.0,0,1.0,0,0,0.0,0.0,1
low_compressibility,3,1,4,0,19,42,1,0.4523809523809524,0,0.0,0.0,0,1.0,0,0,0.0,0.0,1
low_compressibility,3,1,5,0,19,42,1,0.4523809523809524,0,0.0,0.0,0,1.0,0,0,0.0,0.0,1
low_compressibility,3,1,6,0,19,42,1,0.4523809523809524,0,0.0,0.0,0,1.0,0,0,0.0,0.0,1
low_compressibility,3,1,7,0,19,42,1,0.4523809523809524,0,0.0,0.0,0,1.0,0,0,0.0,0.0,1
low_compressibility,3,1,8,0,19,42,1,0.4523809523809524,0,0.0,0.0,0,1.0,0,0,0.0,0.0,1
low_compressibility,3,1,9,0,19,42,1,0.4523809523809524,0,0.0,0.0,0,1.0,0,0,0.0,0.0,1
low_compressibility,3,1,10,0,19,42,1,0.4523809523809524,0,0.0,0.0,0,1.0,0,0,0.0,0.0,1
low_compressibility,3,1,11,0,19,42,1,0.4523809523809524,0,0.0,0.0,0,1.0,0,0,0.0,0.0,1
low_compressibility,3,1,12,0,19,42,1,0.4523809523809524,0,0.0,0.0,0,1.0,0,0,0.0,0.0,1
low_compressibility,3,1,13,0,19,42,1,0.4523809523809524,0,0.0,0.0,0,1.0,0,0,0.0,0.0,1
low_compressibility,3,1,14,0,19,42,1,0.4523809523809524,0,0.0,0.0,0,1.0,0,0,0.0,0.0,1
low_compressibility,3,1,15,0,19,42,1,0.4523809523809524,0,0.0,0.0,0,1.0,0,0,0.0,0.0,1
low_compressibility,3,2,0,0,19,42,1,0.4523809523809524,0,0.0,0.0,0,1.0,0,0,0.0,0.0,1
low_compressibility,3,2,1,0,19,42,1,0.4523809523809524,0,0.0,0.0,0,1.0,0,0,0.0,0.0,1
low_compressibility,3,2,2,0,19,42,1,0.4523809523809524,0,0.0,0.0,0,1.0,0,0,0.0,0.0,1
low_compressibility,3,2,3,0,19,42,1,0.4523809523809524,0,0.0,0.0,0,1.0,0,0,0.0,0.0,1
low_compressibility,3,2,4,0,19,42,1,0.4523809523809524,0,0.0,0.0,0,1.0,0,0,0.0,0.0,1
low_compressibility,3,2,5,0,19,42,1,0.4523809523809524,0,0.0,0.0,0,1.0,0,0,0.0,0.0,1
low_compressibility,3,2,6,0,19,42,1,0.4523809523809524,0,0.0,0.0,0,1.0,0,0,0.0,0.0,1
low_compressibility,3,2,7,0,19,42,1,0.4523809523809524,0,0.0,0.0,0,1.0,0,0,0.0,0.0,1
low_compressibility,3,2,8,0,19,42,1,0.4523809523809524,0,0.0,0.0,0,1.0,0,0,0.0,0.0,1
low_compressibility,3,2,9,0,19,42,1,0.4523809523809524,0,0.0,0.0,0,1.0,0,0,0.0,0.0,1
low_compressibility,3,2,10,0,19,42,1,0.4523809523809524,0,0.0,0.0,0,1.0,0,0,0.0,0.0,1
low_compressibility,3,2,11,0,19,42,1,0.4523809523809524,0,0.0,0.0,0,1.0,0,0,0.0,0.0,1
low_compressibility,3,2,12,0,19,42,1,0.4523809523809524,0,0.0,0.0,0,1.0,0,0,0.0,0.0,1
low_compressibility,3,2,13,0,19,42,1,0.4523809523809524,0,0.0,0.0,0,1.0,0,0,0.0,0.0,1
low_compressibility,3,2,14,0,19,42,1,0.4523809523809524,0,0.0,0.0,0,1.0,0,0,0.0,0.0,1
low_compressibility,3,2,15,0,19,42,1,0.4523809523809524,0,0.0,0.0,0,1.0,0,0,0.0,0.0,1
low_compressibility,3,3,0,0,19,42,1,0.4523809523809524,0,0.0,0.0,0,1.0,0,0,0.0,0.0,1
low_compressibility,3,3,1,0,19,42,1,0.4523809523809524,0,0.0,0.0,0,1.0,0,0,0.0,0.0,1
low_compressibility,3,3,2,0,19,42,1,0.4523809523809524,0,0.0,0.0,0,1.0,0,0,0.0,0.0,1
low_compressibility,3,3,3,0,19,42,1,0.4523809523809524,0,0.0,0.0,0,1.0,0,0,0.0,0.0,1
low_compressibility,3,3,4,0,19,42,1,0.4523809523809524,0,0.0,0.0,0,1.0,0,0,0.0,0.0,1
low_compressibility,3,3,5,0,19,42,1,0.4523809523809524,0,0.0,0.0,0,1.0,0,0,0.0,0.0,1
low_compressibility,3,3,6,0,19,42,1,0.4523809523809524,0,0.0,0.0,0,1.0,0,0,0.0,0.0,1
low_compressibility,3,3,7,0,19,42,1,0.4523809523809524,0,0.0,0.0,0,1.0,0,0,0.0,0.0,1
low_compressibility,3,3,8,0,19,42,1,0.4523809523809524,0,0.0,0.0,0,1.0,0,0,0.0,0.0,1
low_compressibility,3,3,9,0,19,42,1,0.4523809523809524,0,0.0,0.0,0,1.0,0,0,0.0,0.0,1
low_compressibility,3,3,10,0,19,42,1,0.4523809523809524,0,0.0,0.0,0,1.0,0,0,0.0,0.0,1
low_compressibility,3,3,11,0,19,42,1,0.4523809523809524,0,0.0,0.0,0,1.0,0,0,0.0,0.0,1
low_compressibility,3,3,12,0,19,42,1,0.4523809523809524,0,0.0,0.0,0,1.0,0,0,0.0,0.0,1
low_compressibility,3,3,13,0,19,42,1,0.4523809523809524,0,0.0,0.0,0,1.0,0,0,0.0,0.0,1
low_compressibility,3,3,14,0,19,42,1,0.4523809523809524,0,0.0,0.0,0,1.0,0,0,0.0,0.0,1
low_compressibility,3,3,15,0,19,42,1,0.4523809523809524,0,0.0,0.0,0,1.0,0,0,0.0,0.0,1
low_compressibility,3,4,0,0,19,42,1,0.4523809523809524,0,0.0,0.0,0,1.0,0,0,0.0,0.0,1
low_compressibility,3,4,1,0,19,42,1,0.4523809523809524,0,0.0,0.0,0,1.0,0,0,0.0,0.0,1
low_compressibility,3,4,2,0,19,42,1,0.4523809523809524,0,0.0,0.0,0,1.0,0,0,0.0,0.0,1
low_compressibility,3,4,3,0,19,42,1,0.4523809523809524,0,0.0,0.0,0,1.0,0,0,0.0,0.0,1
low_compressibility,3,4,4,0,19,42,1,0.4523809523809524,0,0.0,0.0,0,1.0,0,0,0.0,0.0,1
low_compressibility,3,4,5,0,19,42,1,0.4523809523809524,0,0.0,0.0,0,1.0,0,0,0.0,0.0,1
low_compressibility,3,4,6,0,19,42,1,0.4523809523809524,0,0.0,0.0,0,1.0,0,0,0.0,0.0,1
low_compressibility,3,4,7,0,19,42,1,0.4523809523809524,0,0.0,0.0,0,1.0,0,0,0.0,0.0,1
low_compressibility,3,4,8,0,19,42,1,0.4523809523809524,0,0.0,0.0,0,1.0,0,0,0.0,0.0,1
low_compressibility,3,4,9,0,19,42,1,0.4523809523809524,0,0.0,0.0,0,1.0,0,0,0.0,0.0,1
low_compressibility,3,4,10,0,19,42,1,0.4523809523809524,0,0.0,0.0,0,1.0,0,0,0.0,0.0,1
low_compressibility,3,4,11,0,19,42,1,0.4523809523809524,0,0.0,0.0,0,1.0,0,0,0.0,0.0,1
low_compressibility,3,4,12,0,19,42,1,0.4523809523809524,0,0.0,0.0,0,1.0,0,0,0.0,0.0,1
low_compressibility,3,4,13,0,19,42,1,0.4523809523809524,0,0.0,0.0,0,1.0,0,0,0.0,0.0,1
low_compressibility,3,4,14,0,19,42,1,0.4523809523809524,0,0.0,0.0,0,1.0,0,0,0.0,0.0,1
low_compressibility,3,4,15,0,19,42,1,0.4523809523809524,0,0.0,0.0,0,1.0,0,0,0.0,0.0,1
low_compressibility,3,5,0,0,19,42,1,0.4523809523809524,0,0.0,0.0,0,1.0,0,0,0.0,0.0,1
low_compressibility,3,5,1,0,19,42,1,0.4523809523809524,0,0.0,0.0,0,1.0,0,0,0.0,0.0,1
low_compressibility,3,5,2,0,19,42,1,0.4523809523809524,0,0.0,0.0,0,1.0,0,0,0.0,0.0,1
low_compressibility,3,5,3,0,19,42,1,0.4523809523809524,0,0.0,0.0,0,1.0,0,0,0.0,0.0,1
low_compressibility,3,5,4,0,19,42,1,0.4523809523809524,0,0.0,0.0,0,1.0,0,0,0.0,0.0,1
low_compressibility,3,5,5,0,19,42,1,0.4523809523809524,0,0.0,0.0,0,1.0,0,0,0.0,0.0,1
low_compressibility,3,5,6,0,19,42,1,0.4523809523809524,0,0.0,0.0,0,1.0,0,0,0.0,0.0,1
low_compressibility,3,5,7,0,19,42,1,0.4523809523809524,0,0.0,0.0,0,1.0,0,0,0.0,0.0,1
low_compressibility,3,5,8,0,19,42,1,0.4523809523809524,0,0.0,0.0,0,1.0,0,0,0.0,0.0,1
low_compressibility,3,5,9,0,19,42,1,0.4523809523809524,0,0.0,0.0,0,1.0,0,0,0.0,0.0,1
low_compressibility,3,5,10,0,19,42,1,0.4523809523809524,0,0.0,0.0,0,1.0,0,0,0.0,0.0,1
low_compressibility,3,5,11,0,19,42,1,0.4523809523809524,0,0.0,0.0,0,1.0,0,0,0.0,0.0,1
low_compressibility,3,5,12,0,19,42,1,0.4523809523809524,0,0.0,0.0,0,1.0,0,0,0.0,0.0,1
low_compressibility,3,5,13,0,19,42,1,0.4523809523809524,0,0.0,0.0,0,1.0,0,0,0.0,0.0,1
low_compressibility,3,5,14,0,19,42,1,0.4523809523809524,0,0.0,0.0,0,1.0,0,0,0.0,0.0,1
low_compressibility,3,5,15,0,19,42,1,0.4523809523809524,0,0.0,0.0,0,1.0,0,0,0.0,0.0,1
low_compressibility,3,6,0,0,19,42,1,0.4523809523809524,0,0.0,0.0,0,1.0,0,0,0.0,0.0,1
low_compressibility,3,6,1,0,19,42,1,0.4523809523809524,0,0.0,0.0,0,1.0,0,0,0.0,0.0,1
low_compressibility,3,6,2,0,19,42,1,0.4523809523809524,0,0.0,0.0,0,1.0,0,0,0.0,0.0,1
low_compressibility,3,6,3,0,19,42,1,0.4523809523809524,0,0.0,0.0,0,1.0,0,0,0.0,0.0,1
low_compressibility,3,6,4,0,19,42,1,0.4523809523809524,0,0.0,0.0,0,1.0,0,0,0.0,0.0,1
low_compressibility,3,6,5,0,19,42,1,0.4523809523809524,0,0.0,0.0,0,1.0,0,0,0.0,0.0,1
low_compressibility,3,6,6,0,19,42,1,0.4523809523809524,0,0.0,0.0,0,1.0,0,0,0.0,0.0,1
low_compressibility,3,6,7,0,19,42,1,0.4523809523809524,0,0.0,0.0,0,1.0,0,0,0.0,0.0,1
low_compressibility,3,6,8,0,19,42,1,0.4523809523809524,0,0.0,0.0,0,1.0,0,0,0.0,0.0,1
low_compressibility,3,6,9,0,19,42,1,0.4523809523809524,0,0.0,0.0,0,1.0,0,0,0.0,0.0,1
low_compressibility,3,6,10,0,19,42,1,0.4523809523809524,0,0.0,0.0,0,1.0,0,0,0.0,0.0,1
low_compressibility,3,6,11,0,19,42,1,0.4523809523809524,0,0.0,0.0,0,1.0,0,0,0.0,0.0,1
low_compressibility,3,6,12,0,19,42,1,0.4523809523809524,0,0.0,0.0,0,1.0,0,0,0.0,0.0,1
low_compressibility,3,6,13,0,19,42,1,0.4523809523809524,0,0.0,0.0,0,1.0,0,0,0.0,0.0,1
low_compressibility,3,6,14,0,19,42,1,0.4523809523809524,0,0.0,0.0,0,1.0,0,0,0.0,0.0,1
low_compressibility,3,6,15,0,19,42,1,0.4523809523809524,0,0.0,0.0,0,1.0,0,0,0.0,0.0,1
low_compressibility,3,7,0,0,19,42,1,0.4523809523809524,0,0.0,0.0,0,1.0,0,0,0.0,0.0,1
low_compressibility,3,7,1,0,19,42,1,0.4523809523809524,0,0.0,0.0,0,1.0,0,0,0.0,0.0,1
low_compressibility,3,7,2,0,19,42,1,0.4523809523809524,0,0.0,0.0,0,1.0,0,0,0.0,0.0,1
low_compressibility,3,7,3,0,19,42,1,0.4523809523809524,0,0.0,0.0,0,1.0,0,0,0.0,0.0,1
low_compressibility,3,7,4,0,19,42,1,0.4523809523809524,0,0.0,0.0,0,1.0,0,0,0.0,0.0,1
low_compressibility,3,7,5,0,19,42,1,0.4523809523809524,0,0.0,0.0,0,1.0,0,0,0.0,0.0,1
low_compressibility,3,7,6,0,19,42,1,0.4523809523809524,0,0.0,0.0,0,1.0,0,0,0.0,0.0,1
low_compressibility,3,7,7,0,19,42,1,0.4523809523809524,0,0.0,0.0,0,1.0,0,0,0.0,0.0,1
low_compressibility,3,7,8,0,19,42,1,0.4523809523809524,0,0.0,0.0,0,1.0,0,0,0.0,0.0,1
low_compressibility,3,7,9,0,19,42,1,0.4523809523809524,0,0.0,0.0,0,1.0,0,0,0.0,0.0,1
low_compressibility,3,7,10,0,19,42,1,0.4523809523809524,0,0.0,0.0,0,1.0,0,0,0.0,0.0,1
low_compressibility,3,7,11,0,19,42,1,0.4523809523809524,0,0.0,0.0,0,1.0,0,0,0.0,0.0,1
low_compressibility,3,7,12,0,19,42,1,0.4523809523809524,0,0.0,0.0,0,1.0,0,0,0.0,0.0,1
low_compressibility,3,7,13,0,19,42,1,0.4523809523809524,0,0.0,0.0,0,1.0,0,0,0.0,0.0,1
low_compressibility,3,7,14,0,19,42,1,0.4523809523809524,0,0.0,0.0,0,1.0,0,0,0.0,0.0,1
low_compressibility,3,7,15,0,19,42,1,0.4523809523809524,0,0.0,0.0,0,1.0,0,0,0.0,0.0,1
low_compressibility,5,1,0,0,19,42,1,0.4523809523809524,0,0.0,0.0,0,1.0,0,0,0.0,0.0,1
low_compressibility,5,1,1,0,19,42,1,0.4523809523809524,0,0.0,0.0,0,1.0,0,0,0.0,0.0,1
low_compressibility,5,1,2,0,19,42,1,0.4523809523809524,0,0.0,0.0,0,1.0,0,0,0.0,0.0,1
low_compressibility,5,1,3,0,19,42,1,0.4523809523809524,0,0.0,0.0,0,1.0,0,0,0.0,0.0,1
low_compressibility,5,1,4,0,19,42,1,0.4523809523809524,0,0.0,0.0,0,1.0,0,0,0.0,0.0,1
low_compressibility,5,1,5,0,19,42,1,0.4523809523809524,0,0.0,0.0,0,1.0,0,0,0.0,0.0,1
low_compressibility,5,1,6,0,19,42,1,0.4523809523809524,0,0.0,0.0,0,1.0,0,0,0.0,0.0,1
low_compressibility,5,1,7,0,19,42,1,0.4523809523809524,0,0.0,0.0,0,1.0,0,0,0.0,0.0,1
low_compressibility,5,1,8,0,19,42,1,0.4523809523809524,0,0.0,0.0,0,1.0,0,0,0.0,0.0,1
low_compressibility,5,1,9,0,19,42,1,0.4523809523809524,0,0.0,0.0,0,1.0,0,0,0.0,0.0,1
low_compressibility,5,1,10,0,19,42,1,0.4523809523809524,0,0.0,0.0,0,1.0,0,0,0.0,0.0,1
low_compressibility,5,1,11,0,19,42,1,0.4523809523809524,0,0.0,0.0,0,1.0,0,0,0.0,0.0,1
low_compressibility,5,1,12,0,19,42,1,0.4523809523809524,0,0.0,0.0,0,1.0,0,0,0.0,0.0,1
low_compressibility,5,1,13,0,19,42,1,0.4523809523809524,0,0.0,0.0,0,1.0,0,0,0.0,0.0,1
low_compressibility,5,1,14,0,19,42,1,0.4523809523809524,0,0.0,0.0,0,1.0,0,0,0.0,0.0,1
low_compressibility,5,1,15,0,19,42,1,0.4523809523809524,0,0.0,0.0,0,1.0,0,0,0.0,0.0,1
low_compressibility,5,2,0,0,19,42,1,0.4523809523809524,0,0.0,0.0,0,1.0,0,0,0.0,0.0,1
low_compressibility,5,2,1,0,19,42,1,0.4523809523809524,0,0.0,0.0,0,1.0,0,0,0.0,0.0,1
low_compressibility,5,2,2,0,19,42,1,0.4523809523809524,0,0.0,0.0,0,1.0,0,0,0.0,0.0,1
low_compressibility,5,2,3,0,19,42,1,0.4523809523809524,0,0.0,0.0,0,1.0,0,0,0.0,0.0,1
low_compressibility,5,2,4,0,19,42,1,0.4523809523809524,0,0.0,0.0,0,1.0,0,0,0.0,0.0,1
low_compressibility,5,2,5,0,19,42,1,0.4523809523809524,0,0.0,0.0,0,1.0,0,0,0.0,0.0,1
low_compressibility,5,2,6,0,19,42,1,0.4523809523809524,0,0.0,0.0,0,1.0,0,0,0.0,0.0,1
low_compressibility,5,2,7,0,19,42,1,0.4523809523809524,0,0.0,0.0,0,1.0,0,0,0.0,0.0,1
low_compressibility,5,2,8,0,19,42,1,0.4523809523809524,0,0.0,0.0,0,1.0,0,0,0.0,0.0,1
low_compressibility,5,2,9,0,19,42,1,0.4523809523809524,0,0.0,0.0,0,1.0,0,0,0.0,0.0,1
low_compressibility,5,2,10,0,19,42,1,0.4523809523809524,0,0.0,0.0,0,1.0,0,0,0.0,0.0,1
low_compressibility,5,2,11,0,19,42,1,0.4523809523809524,0,0.0,0.0,0,1.0,0,0,0.0,0.0,1
low_compressibility,5,2,12,0,19,42,1,0.4523809523809524,0,0.0,0.0,0,1.0,0,0,0.0,0.0,1
low_compressibility,5,2,13,0,19,42,1,0.4523809523809524,0,0.0,0.0,0,1.0,0,0,0.0,0.0,1
low_compressibility,5,2,14,0,19,42,1,0.4523809523809524,0,0.0,0.0,0,1.0,0,0,0.0,0.0,1
low_compressibility,5,2,15,0,19,42,1,0.4523809523809524,0,0.0,0.0,0,1.0,0,0,0.0,0.0,1
low_compressibility,5,3,0,0,19,42,1,0.4523809523809524,0,0.0,0.0,0,1.0,0,0,0.0,0.0,1
low_compressibility,5,3,1,0,19,42,1,0.4523809523809524,0,0.0,0.0,0,1.0,0,0,0.0,0.0,1
low_compressibility,5,3,2,0,19,42,1,0.4523809523809524,0,0.0,0.0,0,1.0,0,0,0.0,0.0,1
low_compressibility,5,3,3,0,19,42,1,0.4523809523809524,0,0.0,0.0,0,1.0,0,0,0.0,0.0,1
low_compressibility,5,3,4,0,19,42,1,0.4523809523809524,0,0.0,0.0,0,1.0,0,0,0.0,0.0,1
low_compressibility,5,3,5,0,19,42,1,0.4523809523809524,0,0.0,0.0,0,1.0,0,0,0.0,0.0,1
low_compressibility,5,3,6,0,19,42,1,0.4523809523809524,0,0.0,0.0,0,1.0,0,0,0.0,0.0,1
low_compressibility,5,3,7,0,19,42,1,0.4523809523809524,0,0.0,0.0,0,1.0,0,0,0.0,0.0,1
low_compressibility,5,3,8,0,19,42,1,0.4523809523809524,0,0.0,0.0,0,1.0,0,0,0.0,0.0,1
low_compressibility,5,3,9,0,19,42,1,0.4523809523809524,0,0.0,0.0,0,1.0,0,0,0.0,0.0,1
low_compressibility,5,3,10,0,19,42,1,0.4523809523809524,0,0.0,0.0,0,1.0,0,0,0.0,0.0,1
low_compressibility,5,3,11,0,19,42,1,0.4523809523809524,0,0.0,0.0,0,1.0,0,0,0.0,0.0,1
low_compressibility,5,3,12,0,19,42,1,0.4523809523809524,0,0.0,0.0,0,1.0,0,0,0.0,0.0,1
low_compressibility,5,3,13,0,19,42,1,0.4523809523809524,0,0.0,0.0,0,1.0,0,0,0.0,0.0,1
low_compressibility,5,3,14,0,19,42,1,0.4523809523809524,0,0.0,0.0,0,1.0,0,0,0.0,0.0,1
low_compressibility,5,3,15,0,19,42,1,0.4523809523809524,0,0.0,0.0,0,1.0,0,0,0.0,0.0,1
low_compressibility,5,4,0,0,19,42,1,0.4523809523809524,0,0.0,0.0,0,1.0,0,0,0.0,0.0,1
low_compressibility,5,4,1,0,19,42,1,0.4523809523809524,0,0.0,0.0,0,1.0,0,0,0.0,0.0,1
low_compressibility,5,4,2,0,19,42,1,0.4523809523809524,0,0.0,0.0,0,1.0,0,0,0.0,0.0,1
low_compressibility,5,4,3,0,19,42,1,0.4523809523809524,0,0.0,0.0,0,1.0,0,0,0.0,0.0,1
low_compressibility,5,4,4,0,19,42,1,0.4523809523809524,0,0.0,0.0,0,1.0,0,0,0.0,0.0,1
low_compressibility,5,4,5,0,19,42,1,0.4523809523809524,0,0.0,0.0,0,1.0,0,0,0.0,0.0,1
low_compressibility,5,4,6,0,19,42,1,0.4523809523809524,0,0.0,0.0,0,1.0,0,0,0.0,0.0,1
low_compressibility,5,4,7,0,19,42,1,0.4523809523809524,0,0.0,0.0,0,1.0,0,0,0.0,0.0,1
low_compressibility,5,4,8,0,19,42,1,0.4523809523809524,0,0.0,0.0,0,1.0,0,0,0.0,0.0,1
low_compressibility,5,4,9,0,19,42,1,0.4523809523809524,0,0.0,0.0,0,1.0,0,0,0.0,0.0,1
low_compressibility,5,4,10,0,19,42,1,0.4523809523809524,0,0.0,0.0,0,1.0,0,0,0.0,0.0,1
low_compressibility,5,4,11,0,19,42,1,0.4523809523809524,0,0.0,0.0,0,1.0,0,0,0.0,0.0,1
low_compressibility,5,4,12,0,19,42,1,0.4523809523809524,0,0.0,0.0,0,1.0,0,0,0.0,0.0,1
low_compressibility,5,4,13,0,19,42,1,0.4523809523809524,0,0.0,0.0,0,1.0,0,0,0.0,0.0,1
low_compressibility,5,4,14,0,19,42,1,0.4523809523809524,0,0.0,0.0,0,1.0,0,0,0.0,0.0,1
low_compressibility,5,4,15,0,19,42,1,0.4523809523809524,0,0.0,0.0,0,1.0,0,0,0.0,0.0,1
low_compressibility,5,5,0,0,19,42,1,0.4523809523809524,0,0.0,0.0,0,1.0,0,0,0.0,0.0,1
low_compressibility,5,5,1,0,19,42,1,0.4523809523809524,0,0.0,0.0,0,1.0,0,0,0.0,0.0,1
low_compressibility,5,5,2,0,19,42,1,0.4523809523809524,0,0.0,0.0,0,1.0,0,0,0.0,0.0,1
low_compressibility,5,5,3,0,19,42,1,0.4523809523809524,0,0.0,0.0,0,1.0,0,0,0.0,0.0,1
low_compressibility,5,5,4,0,19,42,1,0.4523809523809524,0,0.0,0.0,0,1.0,0,0,0.0,0.0,1
low_compressibility,5,5,5,0,19,42,1,0.4523809523809524,0,0.0,0.0,0,1.0,0,0,0.0,0.0,1
low_compressibility,5,5,6,0,19,42,1,0.4523809523809524,0,0.0,0.0,0,1.0,0,0,0.0,0.0,1
low_compressibility,5,5,7,0,19,42,1,0.4523809523809524,0,0.0,0.0,0,1.0,0,0,0.0,0.0,1
low_compressibility,5,5,8,0,19,42,1,0.4523809523809524,0,0.0,0.0,0,1.0,0,0,0.0,0.0,1
low_compressibility,5,5,9,0,19,42,1,0.4523809523809524,0,0.0,0.0,0,1.0,0,0,0.0,0.0,1
low_compressibility,5,5,10,0,19,42,1,0.4523809523809524,0,0.0,0.0,0,1.0,0,0,0.0,0.0,1
low_compressibility,5,5,11,0,19,42,1,0.4523809523809524,0,0.0,0.0,0,1.0,0,0,0.0,0.0,1
low_compressibility,5,5,12,0,19,42,1,0.4523809523809524,0,0.0,0.0,0,1.0,0,0,0.0,0.0,1
low_compressibility,5,5,13,0,19,42,1,0.4523809523809524,0,0.0,0.0,0,1.0,0,0,0.0,0.0,1
low_compressibility,5,5,14,0,19,42,1,0.4523809523809524,0,0.0,0.0,0,1.0,0,0,0.0,0.0,1
low_compressibility,5,5,15,0,19,42,1,0.4523809523809524,0,0.0,0.0,0,1.0,0,0,0.0,0.0,1
low_compressibility,5,6,0,0,19,42,1,0.4523809523809524,0,0.0,0.0,0,1.0,0,0,0.0,0.0,1
low_compressibility,5,6,1,0,19,42,1,0.4523809523809524,0,0.0,0.0,0,1.0,0,0,0.0,0.0,1
low_compressibility,5,6,2,0,19,42,1,0.4523809523809524,0,0.0,0.0,0,1.0,0,0,0.0,0.0,1
low_compressibility,5,6,3,0,19,42,1,0.4523809523809524,0,0.0,0.0,0,1.0,0,0,0.0,0.0,1
low_compressibility,5,6,4,0,19,42,1,0.4523809523809524,0,0.0,0.0,0,1.0,0,0,0.0,0.0,1
low_compressibility,5,6,5,0,19,42,1,0.4523809523809524,0,0.0,0.0,0,1.0,0,0,0.0,0.0,1
low_compressibility,5,6,6,0,19,42,1,0.4523809523809524,0,0.0,0.0,0,1.0,0,0,0.0,0.0,1
low_compressibility,5,6,7,0,19,42,1,0.4523809523809524,0,0.0,0.0,0,1.0,0,0,0.0,0.0,1
low_compressibility,5,6,8,0,19,42,1,0.4523809523809524,0,0.0,0.0,0,1.0,0,0,0.0,0.0,1
low_compressibility,5,6,9,0,19,42,1,0.4523809523809524,0,0.0,0.0,0,1.0,0,0,0.0,0.0,1
low_compressibility,5,6,10,0,19,42,1,0.4523809523809524,0,0.0,0.0,0,1.0,0,0,0.0,0.0,1
low_compressibility,5,6,11,0,19,42,1,0.4523809523809524,0,0.0,0.0,0,1.0,0,0,0.0,0.0,1
low_compressibility,5,6,12,0,19,42,1,0.4523809523809524,0,0.0,0.0,0,1.0,0,0,0.0,0.0,1
low_compressibility,5,6,13,0,19,42,1,0.4523809523809524,0,0.0,0.0,0,1.0,0,0,0.0,0.0,1
low_compressibility,5,6,14,0,19,42,1,0.4523809523809524,0,0.0,0.0,0,1.0,0,0,0.0,0.0,1
low_compressibility,5,6,15,0,19,42,1,0.4523809523809524,0,0.0,0.0,0,1.0,0,0,0.0,0.0,1
low_compressibility,5,7,0,0,19,42,1,0.4523809523809524,0,0.0,0.0,0,1.0,0,0,0.0,0.0,1
low_compressibility,5,7,1,0,19,42,1,0.4523809523809524,0,0.0,0.0,0,1.0,0,0,0.0,0.0,1
low_compressibility,5,7,2,0,19,42,1,0.4523809523809524,0,0.0,0.0,0,1.0,0,0,0.0,0.0,1
low_compressibility,5,7,3,0,19,42,1,0.4523809523809524,0,0.0,0.0,0,1.0,0,0,0.0,0.0,1
low_compressibility,5,7,4,0,19,42,1,0.4523809523809524,0,0.0,0.0,0,1.0,0,0,0.0,0.0,1
low_compressibility,5,7,5,0,19,42,1,0.4523809523809524,0,0.0,0.0,0,1.0,0,0,0.0,0.0,1
low_compressibility,5,7,6,0,19,42,1,0.4523809523809524,0,0.0,0.0,0,1.0,0,0,0.0,0.0,1
low_compressibility,5,7,7,0,19,42,1,0.4523809523809524,0,0.0,0.0,0,1.0,0,0,0.0,0.0,1
low_compressibility,5,7,8,0,19,42,1,0.4523809523809524,0,0.0,0.0,0,1.0,0,0,0.0,0.0,1
low_compressibility,5,7,9,0,19,42,1,0.4523809523809524,0,0.0,0.0,0,1.0,0,0,0.0,0.0,1
low_compressibility,5,7,10,0,19,42,1,0.4523809523809524,0,0.0,0.0,0,1.0,0,0,0.0,0.0,1
low_compressibility,5,7,11,0,19,42,1,0.4523809523809524,0,0.0,0.0,0,1.0,0,0,0.0,0.0,1
low_compressibility,5,7,12,0,19,42,1,0.4523809523809524,0,0.0,0.0,0,1.0,0,0,0.0,0.0,1
low_compressibility,5,7,13,0,19,42,1,0.4523809523809524,0,0.0,0.0,0,1.0,0,0,0.0,0.0,1
low_compressibility,5,7,14,0,19,42,1,0.4523809523809524,0,0.0,0.0,0,1.0,0,0,0.0,0.0,1
low_compressibility,5,7,15,0,19,42,1,0.4523809523809524,0,0.0,0.0,0,1.0,0,0,0.0,0.0,1
low_compressibility,7,1,0,0,19,42,1,0.4523809523809524,0,0.0,0.0,0,1.0,0,0,0.0,0.0,1
low_compressibility,7,1,1,0,19,42,1,0.4523809523809524,0,0.0,0.0,0,1.0,0,0,0.0,0.0,1
low_compressibility,7,1,2,0,19,42,1,0.4523809523809524,0,0.0,0.0,0,1.0,0,0,0.0,0.0,1
low_compressibility,7,1,3,0,19,42,1,0.4523809523809524,0,0.0,0.0,0,1.0,0,0,0.0,0.0,1
low_compressibility,7,1,4,0,19,42,1,0.4523809523809524,0,0.0,0.0,0,1.0,0,0,0.0,0.0,1
low_compressibility,7,1,5,0,19,42,1,0.4523809523809524,0,0.0,0.0,0,1.0,0,0,0.0,0.0,1
low_compressibility,7,1,6,0,19,42,1,0.4523809523809524,0,0.0,0.0,0,1.0,0,0,0.0,0.0,1
low_compressibility,7,1,7,0,19,42,1,0.4523809523809524,0,0.0,0.0,0,1.0,0,0,0.0,0.0,1
low_compressibility,7,1,8,0,19,42,1,0.4523809523809524,0,0.0,0.0,0,1.0,0,0,0.0,0.0,1
low_compressibility,7,1,9,0,19,42,1,0.4523809523809524,0,0.0,0.0,0,1.0,0,0,0.0,0.0,1
low_compressibility,7,1,10,0,19,42,1,0.4523809523809524,0,0.0,0.0,0,1.0,0,0,0.0,0.0,1
low_compressibility,7,1,11,0,19,42,1,0.4523809523809524,0,0.0,0.0,0,1.0,0,0,0.0,0.0,1
low_compressibility,7,1,12,0,19,42,1,0.4523809523809524,0,0.0,0.0,0,1.0,0,0,0.0,0.0,1
low_compressibility,7,1,13,0,19,42,1,0.4523809523809524,0,0.0,0.0,0,1.0,0,0,0.0,0.0,1
low_compressibility,7,1,14,0,19,42,1,0.4523809523809524,0,0.0,0.0,0,1.0,0,0,0.0,0.0,1
low_compressibility,7,1,15,0,19,42,1,0.4523809523809524,0,0.0,0.0,0,1.0,0,0,0.0,0.0,1
low_compressibility,7,2,0,0,19,42,1,0.4523809523809524,0,0.0,0.0,0,1.0,0,0,0.0,0.0,1
low_compressibility,7,2,1,0,19,42,1,0.4523809523809524,0,0.0,0.0,0,1.0,0,0,0.0,0.0,1
low_compressibility,7,2,2,0,19,42,1,0.4523809523809524,0,0.0,0.0,0,1.0,0,0,0.0,0.0,1
low_compressibility,7,2,3,0,19,42,1,0.4523809523809524,0,0.0,0.0,0,1.0,0,0,0.0,0.0,1
low_compressibility,7,2,4,0,19,42,1,0.4523809523809524,0,0.0,0.0,0,1.0,0,0,0.0,0.0,1
low_compressibility,7,2,5,0,19,42,1,0.4523809523809524,0,0.0,0.0,0,1.0,0,0,0.0,0.0,1
low_compressibility,7,2,6,0,19,42,1,0.4523809523809524,0,0.0,0.0,0,1.0,0,0,0.0,0.0,1
low_compressibility,7,2,7,0,19,42,1,0.4523809523809524,0,0.0,0.0,0,1.0,0,0,0.0,0.0,1
low_compressibility,7,2,8,0,19,42,1,0.4523809523809524,0,0.0,0.0,0,1.0,0,0,0.0,0.0,1
low_compressibility,7,2,9,0,19,42,1,0.4523809523809524,0,0.0,0.0,0,1.0,0,0,0.0,0.0,1
low_compressibility,7,2,10,0,19,42,1,0.4523809523809524,0,0.0,0.0,0,1.0,0,0,0.0,0.0,1
low_compressibility,7,2,11,0,19,42,1,0.4523809523809524,0,0.0,0.0,0,1.0,0,0,0.0,0.0,1
low_compressibility,7,2,12,0,19,42,1,0.4523809523809524,0,0.0,0.0,0,1.0,0,0,0.0,0.0,1
low_compressibility,7,2,13,0,19,42,1,0.4523809523809524,0,0.0,0.0,0,1.0,0,0,0.0,0.0,1
low_compressibility,7,2,14,0,19,42,1,0.4523809523809524,0,0.0,0.0,0,1.0,0,0,0.0,0.0,1
low_compressibility,7,2,15,0,19,42,1,0.4523809523809524,0,0.0,0.0,0,1.0,0,0,0.0,0.0,1
low_compressibility,7,3,0,0,19,42,1,0.4523809523809524,0,0.0,0.0,0,1.0,0,0,0.0,0.0,1
low_compressibility,7,3,1,0,19,42,1,0.4523809523809524,0,0.0,0.0,0,1.0,0,0,0.0,0.0,1
low_compressibility,7,3,2,0,19,42,1,0.4523809523809524,0,0.0,0.0,0,1.0,0,0,0.0,0.0,1
low_compressibility,7,3,3,0,19,42,1,0.4523809523809524,0,0.0,0.0,0,1.0,0,0,0.0,0.0,1
low_compressibility,7,3,4,0,19,42,1,0.4523809523809524,0,0.0,0.0,0,1.0,0,0,0.0,0.0,1
low_compressibility,7,3,5,0,19,42,1,0.4523809523809524,0,0.0,0.0,0,1.0,0,0,0.0,0.0,1
low_compressibility,7,3,6,0,19,42,1,0.4523809523809524,0,0.0,0.0,0,1.0,0,0,0.0,0.0,1
low_compressibility,7,3,7,0,19,42,1,0.4523809523809524,0,0.0,0.0,0,1.0,0,0,0.0,0.0,1
low_compressibility,7,3,8,0,19,42,1,0.4523809523809524,0,0.0,0.0,0,1.0,0,0,0.0,0.0,1
low_compressibility,7,3,9,0,19,42,1,0.4523809523809524,0,0.0,0.0,0,1.0,0,0,0.0,0.0,1
low_compressibility,7,3,10,0,19,42,1,0.4523809523809524,0,0.0,0.0,0,1.0,0,0,0.0,0.0,1
low_compressibility,7,3,11,0,19,42,1,0.4523809523809524,0,0.0,0.0,0,1.0,0,0,0.0,0.0,1
low_compressibility,7,3,12,0,19,42,1,0.4523809523809524,0,0.0,0.0,0,1.0,0,0,0.0,0.0,1
low_compressibility,7,3,13,0,19,42,1,0.4523809523809524,0,0.0,0.0,0,1.0,0,0,0.0,0.0,1
low_compressibility,7,3,14,0,19,42,1,0.4523809523809524,0,0.0,0.0,0,1.0,0,0,0.0,0.0,1
low_compressibility,7,3,15,0,19,42,1,0.4523809523809524,0,0.0,0.0,0,1.0,0,0,0.0,0.0,1
low_compressibility,7,4,0,0,19,42,1,0.4523809523809524,0,0.0,0.0,0,1.0,0,0,0.0,0.0,1
low_compressibility,7,4,1,0,19,42,1,0.4523809523809524,0,0.0,0.0,0,1.0,0,0,0.0,0.0,1
low_compressibility,7,4,2,0,19,42,1,0.4523809523809524,0,0.0,0.0,0,1.0,0,0,0.0,0.0,1
low_compressibility,7,4,3,0,19,42,1,0.4523809523809524,0,0.0,0.0,0,1.0,0,0,0.0,0.0,1
low_compressibility,7,4,4,0,19,42,1,0.4523809523809524,0,0.0,0.0,0,1.0,0,0,0.0,0.0,1
low_compressibility,7,4,5,0,19,42,1,0.4523809523809524,0,0.0,0.0,0,1.0,0,0,0.0,0.0,1
low_compressibility,7,4,6,0,19,42,1,0.4523809523809524,0,0.0,0.0,0,1.0,0,0,0.0,0.0,1
low_compressibility,7,4,7,0,19,42,1,0.4523809523809524,0,0.0,0.0,0,1.0,0,0,0.0,0.0,1
low_compressibility,7,4,8,0,19,42,1,0.4523809523809524,0,0.0,0.0,0,1.0,0,0,0.0,0.0,1
low_compressibility,7,4,9,0,19,42,1,0.4523809523809524,0,0.0,0.0,0,1.0,0,0,0.0,0.0,1
low_compressibility,7,4,10,0,19,42,1,0.4523809523809524,0,0.0,0.0,0,1.0,0,0,0.0,0.0,1
low_compressibility,7,4,11,0,19,42,1,0.4523809523809524,0,0.0,0.0,0,1.0,0,0,0.0,0.0,1
low_compressibility,7,4,12,0,19,42,1,0.4523809523809524,0,0.0,0.0,0,1.0,0,0,0.0,0.0,1
low_compressibility,7,4,13,0,19,42,1,0.4523809523809524,0,0.0,0.0,0,1.0,0,0,0.0,0.0,1
low_compressibility,7,4,14,0,19,42,1,0.4523809523809524,0,0.0,0.0,0,1.0,0,0,0.0,0.0,1
low_compressibility,7,4,15,0,19,42,1,0.4523809523809524,0,0.0,0.0,0,1.0,0,0,0.0,0.0,1
low_compressibility,7,5,0,0,19,42,1,0.4523809523809524,0,0.0,0.0,0,1.0,0,0,0.0,0.0,1
low_compressibility,7,5,1,0,19,42,1,0.4523809523809524,0,0.0,0.0,0,1.0,0,0,0.0,0.0,1
low_compressibility,7,5,2,0,19,42,1,0.4523809523809524,0,0.0,0.0,0,1.0,0,0,0.0,0.0,1
low_compressibility,7,5,3,0,19,42,1,0.4523809523809524,0,0.0,0.0,0,1.0,0,0,0.0,0.0,1
low_compressibility,7,5,4,0,19,42,1,0.4523809523809524,0,0.0,0.0,0,1.0,0,0,0.0,0.0,1
low_compressibility,7,5,5,0,19,42,1,0.4523809523809524,0,0.0,0.0,0,1.0,0,0,0.0,0.0,1
low_compressibility,7,5,6,0,19,42,1,0.4523809523809524,0,0.0,0.0,0,1.0,0,0,0.0,0.0,1
low_compressibility,7,5,7,0,19,42,1,0.4523809523809524,0,0.0,0.0,0,1.0,0,0,0.0,0.0,1
low_compressibility,7,5,8,0,19,42,1,0.4523809523809524,0,0.0,0.0,0,1.0,0,0,0.0,0.0,1
low_compressibility,7,5,9,0,19,42,1,0.4523809523809524,0,0.0,0.0,0,1.0,0,0,0.0,0.0,1
low_compressibility,7,5,10,0,19,42,1,0.4523809523809524,0,0.0,0.0,0,1.0,0,0,0.0,0.0,1
low_compressibility,7,5,11,0,19,42,1,0.4523809523809524,0,0.0,0.0,0,1.0,0,0,0.0,0.0,1
low_compressibility,7,5,12,0,19,42,1,0.4523809523809524,0,0.0,0.0,0,1.0,0,0,0.0,0.0,1
low_compressibility,7,5,13,0,19,42,1,0.4523809523809524,0,0.0,0.0,0,1.0,0,0,0.0,0.0,1
low_compressibility,7,5,14,0,19,42,1,0.4523809523809524,0,0.0,0.0,0,1.0,0,0,0.0,0.0,1
low_compressibility,7,5,15,0,19,42,1,0.4523809523809524,0,0.0,0.0,0,1.0,0,0,0.0,0.0,1
low_compressibility,7,6,0,0,19,42,1,0.4523809523809524,0,0.0,0.0,0,1.0,0,0,0.0,0.0,1
low_compressibility,7,6,1,0,19,42,1,0.4523809523809524,0,0.0,0.0,0,1.0,0,0,0.0,0.0,1
low_compressibility,7,6,2,0,19,42,1,0.4523809523809524,0,0.0,0.0,0,1.0,0,0,0.0,0.0,1
low_compressibility,7,6,3,0,19,42,1,0.4523809523809524,0,0.0,0.0,0,1.0,0,0,0.0,0.0,1
low_compressibility,7,6,4,0,19,42,1,0.4523809523809524,0,0.0,0.0,0,1.0,0,0,0.0,0.0,1
low_compressibility,7,6,5,0,19,42,1,0.4523809523809524,0,0.0,0.0,0,1.0,0,0,0.0,0.0,1
low_compressibility,7,6,6,0,19,42,1,0.4523809523809524,0,0.0,0.0,0,1.0,0,0,0.0,0.0,1
low_compressibility,7,6,7,0,19,42,1,0.4523809523809524,0,0.0,0.0,0,1.0,0,0,0.0,0.0,1
low_compressibility,7,6,8,0,19,42,1,0.4523809523809524,0,0.0,0.0,0,1.0,0,0,0.0,0.0,1
low_compressibility,7,6,9,0,19,42,1,0.4523809523809524,0,0.0,0.0,0,1.0,0,0,0.0,0.0,1
low_compressibility,7,6,10,0,19,42,1,0.4523809523809524,0,0.0,0.0,0,1.0,0,0,0.0,0.0,1
low_compressibility,7,6,11,0,19,42,1,0.4523809523809524,0,0.0,0.0,0,1.0,0,0,0.0,0.0,1
low_compressibility,7,6,12,0,19,42,1,0.4523809523809524,0,0.0,0.0,0,1.0,0,0,0.0,0.0,1
low_compressibility,7,6,13,0,19,42,1,0.4523809523809524,0,0.0,0.0,0,1.0,0,0,0.0,0.0,1
low_compressibility,7,6,14,0,19,42,1,0.4523809523809524,0,0.0,0.0,0,1.0,0,0,0.0,0.0,1
low_compressibility,7,6,15,0,19,42,1,0.4523809523809524,0,0.0,0.0,0,1.0,0,0,0.0,0.0,1
low_compressibility,7,7,0,0,19,42,1,0.4523809523809524,0,0.0,0.0,0,1.0,0,0,0.0,0.0,1
low_compressibility,7,7,1,0,19,42,1,0.4523809523809524,0,0.0,0.0,0,1.0,0,0,0.0,0.0,1
low_compressibility,7,7,2,0,19,42,1,0.4523809523809524,0,0.0,0.0,0,1.0,0,0,0.0,0.0,1
low_compressibility,7,7,3,0,19,42,1,0.4523809523809524,0,0.0,0.0,0,1.0,0,0,0.0,0.0,1
low_compressibility,7,7,4,0,19,42,1,0.4523809523809524,0,0.0,0.0,0,1.0,0,0,0.0,0.0,1
low_compressibility,7,7,5,0,19,42,1,0.4523809523809524,0,0.0,0.0,0,1.0,0,0,0.0,0.0,1
low_compressibility,7,7,6,0,19,42,1,0.4523809523809524,0,0.0,0.0,0,1.0,0,0,0.0,0.0,1
low_compressibility,7,7,7,0,19,42,1,0.4523809523809524,0,0.0,0.0,0,1.0,0,0,0.0,0.0,1
low_compressibility,7,7,8,0,19,42,1,0.4523809523809524,0,0.0,0.0,0,1.0,0,0,0.0,0.0,1
low_compressibility,7,7,9,0,19,42,1,0.4523809523809524,0,0.0,0.0,0,1.0,0,0,0.0,0.0,1
low_compressibility,7,7,10,0,19,42,1,0.4523809523809524,0,0.0,0.0,0,1.0,0,0,0.0,0.0,1
low_compressibility,7,7,11,0,19,42,1,0.4523809523809524,0,0.0,0.0,0,1.0,0,0,0.0,0.0,1
low_compressibility,7,7,12,0,19,42,1,0.4523809523809524,0,0.0,0.0,0,1.0,0,0,0.0,0.0,1
low_compressibility,7,7,13,0,19,42,1,0.4523809523809524,0,0.0,0.0,0,1.0,0,0,0.0,0.0,1
low_compressibility,7,7,14,0,19,42,1,0.4523809523809524,0,0.0,0.0,0,1.0,0,0,0.0,0.0,1
low_compressibility,7,7,15,0,19,42,1,0.4523809523809524,0,0.0,0.0,0,1.0,0,0,0.0,0.0,1
low_compressibility,9,1,0,0,19,42,1,0.4523809523809524,0,0.0,0.0,0,1.0,0,0,0.0,0.0,1
low_compressibility,9,1,1,0,19,42,1,0.4523809523809524,0,0.0,0.0,0,1.0,0,0,0.0,0.0,1
low_compressibility,9,1,2,0,19,42,1,0.4523809523809524,0,0.0,0.0,0,1.0,0,0,0.0,0.0,1
low_compressibility,9,1,3,0,19,42,1,0.4523809523809524,0,0.0,0.0,0,1.0,0,0,0.0,0.0,1
low_compressibility,9,1,4,0,19,42,1,0.4523809523809524,0,0.0,0.0,0,1.0,0,0,0.0,0.0,1
low_compressibility,9,1,5,0,19,42,1,0.4523809523809524,0,0.0,0.0,0,1.0,0,0,0.0,0.0,1
low_compressibility,9,1,6,0,19,42,1,0.4523809523809524,0,0.0,0.0,0,1.0,0,0,0.0,0.0,1
low_compressibility,9,1,7,0,19,42,1,0.4523809523809524,0,0.0,0.0,0,1.0,0,0,0.0,0.0,1
low_compressibility,9,1,8,0,19,42,1,0.4523809523809524,0,0.0,0.0,0,1.0,0,0,0.0,0.0,1
low_compressibility,9,1,9,0,19,42,1,0.4523809523809524,0,0.0,0.0,0,1.0,0,0,0.0,0.0,1
low_compressibility,9,1,10,0,19,42,1,0.4523809523809524,0,0.0,0.0,0,1.0,0,0,0.0,0.0,1
low_compressibility,9,1,11,0,19,42,1,0.4523809523809524,0,0.0,0.0,0,1.0,0,0,0.0,0.0,1
low_compressibility,9,1,12,0,19,42,1,0.4523809523809524,0,0.0,0.0,0,1.0,0,0,0.0,0.0,1
low_compressibility,9,1,13,0,19,42,1,0.4523809523809524,0,0.0,0.0,0,1.0,0,0,0.0,0.0,1
low_compressibility,9,1,14,0,19,42,1,0.4523809523809524,0,0.0,0.0,0,1.0,0,0,0.0,0.0,1
low_compressibility,9,1,15,0,19,42,1,0.4523809523809524,0,0.0,0.0,0,1.0,0,0,0.0,0.0,1
low_compressibility,9,2,0,0,19,42,1,0.4523809523809524,0,0.0,0.0,0,1.0,0,0,0.0,0.0,1
low_compressibility,9,2,1,0,19,42,1,0.4523809523809524,0,0.0,0.0,0,1.0,0,0,0.0,0.0,1
low_compressibility,9,2,2,0,19,42,1,0.4523809523809524,0,0.0,0.0,0,1.0,0,0,0.0,0.0,1
low_compressibility,9,2,3,0,19,42,1,0.4523809523809524,0,0.0,0.0,0,1.0,0,0,0.0,0.0,1
low_compressibility,9,2,4,0,19,42,1,0.4523809523809524,0,0.0,0.0,0,1.0,0,0,0.0,0.0,1
low_compressibility,9,2,5,0,19,42,1,0.4523809523809524,0,0.0,0.0,0,1.0,0,0,0.0,0.0,1
low_compressibility,9,2,6,0,19,42,1,0.4523809523809524,0,0.0,0.0,0,1.0,0,0,0.0,0.0,1
low_compressibility,9,2,7,0,19,42,1,0.4523809523809524,0,0.0,0.0,0,1.0,0,0,0.0,0.0,1
low_compressibility,9,2,8,0,19,42,1,0.4523809523809524,0,0.0,0.0,0,1.0,0,0,0.0,0.0,1
low_compressibility,9,2,9,0,19,42,1,0.4523809523809524,0,0.0,0.0,0,1.0,0,0,0.0,0.0,1
low_compressibility,9,2,10,0,19,42,1,0.4523809523809524,0,0.0,0.0,0,1.0,0,0,0.0,0.0,1
low_compressibility,9,2,11,0,19,42,1,0.4523809523809524,0,0.0,0.0,0,1.0,0,0,0.0,0.0,1
low_compressibility,9,2,12,0,19,42,1,0.4523809523809524,0,0.0,0.0,0,1.0,0,0,0.0,0.0,1
low_compressibility,9,2,13,0,19,42,1,0.4523809523809524,0,0.0,0.0,0,1.0,0,0,0.0,0.0,1
low_compressibility,9,2,14,0,19,42,1,0.4523809523809524,0,0.0,0.0,0,1.0,0,0,0.0,0.0,1
low_compressibility,9,2,15,0,19,42,1,0.4523809523809524,0,0.0,0.0,0,1.0,0,0,0.0,0.0,1
low_compressibility,9,3,0,0,19,42,1,0.4523809523809524,0,0.0,0.0,0,1.0,0,0,0.0,0.0,1
low_compressibility,9,3,1,0,19,42,1,0.4523809523809524,0,0.0,0.0,0,1.0,0,0,0.0,0.0,1
low_compressibility,9,3,2,0,19,42,1,0.4523809523809524,0,0.0,0.0,0,1.0,0,0,0.0,0.0,1
low_compressibility,9,3,3,0,19,42,1,0.4523809523809524,0,0.0,0.0,0,1.0,0,0,0.0,0.0,1
low_compressibility,9,3,4,0,19,42,1,0.4523809523809524,0,0.0,0.0,0,1.0,0,0,0.0,0.0,1
low_compressibility,9,3,5,0,19,42,1,0.4523809523809524,0,0.0,0.0,0,1.0,0,0,0.0,0.0,1
low_compressibility,9,3,6,0,19,42,1,0.4523809523809524,0,0.0,0.0,0,1.0,0,0,0.0,0.0,1
low_compressibility,9,3,7,0,19,42,1,0.4523809523809524,0,0.0,0.0,0,1.0,0,0,0.0,0.0,1
low_compressibility,9,3,8,0,19,42,1,0.4523809523809524,0,0.0,0.0,0,1.0,0,0,0.0,0.0,1
low_compressibility,9,3,9,0,19,42,1,0.4523809523809524,0,0.0,0.0,0,1.0,0,0,0.0,0.0,1
low_compressibility,9,3,10,0,19,42,1,0.4523809523809524,0,0.0,0.0,0,1.0,0,0,0.0,0.0,1
low_compressibility,9,3,11,0,19,42,1,0.4523809523809524,0,0.0,0.0,0,1.0,0,0,0.0,0.0,1
low_compressibility,9,3,12,0,19,42,1,0.4523809523809524,0,0.0,0.0,0,1.0,0,0,0.0,0.0,1
low_compressibility,9,3,13,0,19,42,1,0.4523809523809524,0,0.0,0.0,0,1.0,0,0,0.0,0.0,1
low_compressibility,9,3,14,0,19,42,1,0.4523809523809524,0,0.0,0.0,0,1.0,0,0,0.0,0.0,1
low_compressibility,9,3,15,0,19,42,1,0.4523809523809524,0,0.0,0.0,0,1.0,0,0,0.0,0.0,1
low_compressibility,9,4,0,0,19,42,1,0.4523809523809524,0,0.0,0.0,0,1.0,0,0,0.0,0.0,1
low_compressibility,9,4,1,0,19,42,1,0.4523809523809524,0,0.0,0.0,0,1.0,0,0,0.0,0.0,1
low_compressibility,9,4,2,0,19,42,1,0.4523809523809524,0,0.0,0.0,0,1.0,0,0,0.0,0.0,1
low_compressibility,9,4,3,0,19,42,1,0.4523809523809524,0,0.0,0.0,0,1.0,0,0,0.0,0.0,1
low_compressibility,9,4,4,0,19,42,1,0.4523809523809524,0,0.0,0.0,0,1.0,0,0,0.0,0.0,1
low_compressibility,9,4,5,0,19,42,1,0.4523809523809524,0,0.0,0.0,0,1.0,0,0,0.0,0.0,1
low_compressibility,9,4,6,0,19,42,1,0.4523809523809524,0,0.0,0.0,0,1.0,0,0,0.0,0.0,1
low_compressibility,9,4,7,0,19,42,1,0.4523809523809524,0,0.0,0.0,0,1.0,0,0,0.0,0.0,1
low_compressibility,9,4,8,0,19,42,1,0.4523809523809524,0,0.0,0.0,0,1.0,0,0,0.0,0.0,1
low_compressibility,9,4,9,0,19,42,1,0.4523809523809524,0,0.0,0.0,0,1.0,0,0,0.0,0.0,1
low_compressibility,9,4,10,0,19,42,1,0.4523809523809524,0,0.0,0.0,0,1.0,0,0,0.0,0.0,1
low_compressibility,9,4,11,0,19,42,1,0.4523809523809524,0,0.0,0.0,0,1.0,0,0,0.0,0.0,1
low_compressibility,9,4,12,0,19,42,1,0.4523809523809524,0,0.0,0.0,0,1.0,0,0,0.0,0.0,1
low_compressibility,9,4,13,0,19,42,1,0.4523809523809524,0,0.0,0.0,0,1.0,0,0,0.0,0.0,1
low_compressibility,9,4,14,0,19,42,1,0.4523809523809524,0,0.0,0.0,0,1.0,0,0,0.0,0.0,1
low_compressibility,9,4,15,0,19,42,1,0.4523809523809524,0,0.0,0.0,0,1.0,0,0,0.0,0.0,1
low_compressibility,9,5,0,0,19,42,1,0.4523809523809524,0,0.0,0.0,0,1.0,0,0,0.0,0.0,1
low_compressibility,9,5,1,0,19,42,1,0.4523809523809524,0,0.0,0.0,0,1.0,0,0,0.0,0.0,1
low_compressibility,9,5,2,0,19,42,1,0.4523809523809524,0,0.0,0.0,0,1.0,0,0,0.0,0.0,1
low_compressibility,9,5,3,0,19,42,1,0.4523809523809524,0,0.0,0.0,0,1.0,0,0,0.0,0.0,1
low_compressibility,9,5,4,0,19,42,1,0.4523809523809524,0,0.0,0.0,0,1.0,0,0,0.0,0.0,1
low_compressibility,9,5,5,0,19,42,1,0.4523809523809524,0,0.0,0.0,0,1.0,0,0,0.0,0.0,1
low_compressibility,9,5,6,0,19,42,1,0.4523809523809524,0,0.0,0.0,0,1.0,0,0,0.0,0.0,1
low_compressibility,9,5,7,0,19,42,1,0.4523809523809524,0,0.0,0.0,0,1.0,0,0,0.0,0.0,1
low_compressibility,9,5,8,0,19,42,1,0.4523809523809524,0,0.0,0.0,0,1.0,0,0,0.0,0.0,1
low_compressibility,9,5,9,0,19,42,1,0.4523809523809524,0,0.0,0.0,0,1.0,0,0,0.0,0.0,1
low_compressibility,9,5,10,0,19,42,1,0.4523809523809524,0,0.0,0.0,0,1.0,0,0,0.0,0.0,1
low_compressibility,9,5,11,0,19,42,1,0.4523809523809524,0,0.0,0.0,0,1.0,0,0,0.0,0.0,1
low_compressibility,9,5,12,0,19,42,1,0.4523809523809524,0,0.0,0.0,0,1.0,0,0,0.0,0.0,1
low_compressibility,9,5,13,0,19,42,1,0.4523809523809524,0,0.0,0.0,0,1.0,0,0,0.0,0.0,1
low_compressibility,9,5,14,0,19,42,1,0.4523809523809524,0,0.0,0.0,0,1.0,0,0,0.0,0.0,1
low_compressibility,9,5,15,0,19,42,1,0.4523809523809524,0,0.0,0.0,0,1.0,0,0,0.0,0.0,1
low_compressibility,9,6,0,0,19,42,1,0.4523809523809524,0,0.0,0.0,0,1.0,0,0,0.0,0.0,1
low_compressibility,9,6,1,0,19,42,1,0.4523809523809524,0,0.0,0.0,0,1.0,0,0,0.0,0.0,1
low_compressibility,9,6,2,0,19,42,1,0.4523809523809524,0,0.0,0.0,0,1.0,0,0,0.0,0.0,1
low_compressibility,9,6,3,0,19,42,1,0.4523809523809524,0,0.0,0.0,0,1.0,0,0,0.0,0.0,1
low_compressibility,9,6,4,0,19,42,1,0.4523809523809524,0,0.0,0.0,0,1.0,0,0,0.0,0.0,1
low_compressibility,9,6,5,0,19,42,1,0.4523809523809524,0,0.0,0.0,0,1.0,0,0,0.0,0.0,1
low_compressibility,9,6,6,0,19,42,1,0.4523809523809524,0,0.0,0.0,0,1.0,0,0,0.0,0.0,1
low_compressibility,9,6,7,0,19,42,1,0.4523809523809524,0,0.0,0.0,0,1.0,0,0,0.0,0.0,1
low_compressibility,9,6,8,0,19,42,1,0.4523809523809524,0,0.0,0.0,0,1.0,0,0,0.0,0.0,1
low_compressibility,9,6,9,0,19,42,1,0.4523809523809524,0,0.0,0.0,0,1.0,0,0,0.0,0.0,1
low_compressibility,9,6,10,0,19,42,1,0.4523809523809524,0,0.0,0.0,0,1.0,0,0,0.0,0.0,1
low_compressibility,9,6,11,0,19,42,1,0.4523809523809524,0,0.0,0.0,0,1.0,0,0,0.0,0.0,1
low_compressibility,9,6,12,0,19,42,1,0.4523809523809524,0,0.0,0.0,0,1.0,0,0,0.0,0.0,1
low_compressibility,9,6,13,0,19,42,1,0.4523809523809524,0,0.0,0.0,0,1.0,0,0,0.0,0.0,1
low_compressibility,9,6,14,0,19,42,1,0.4523809523809524,0,0.0,0.0,0,1.0,0,0,0.0,0.0,1
low_compressibility,9,6,15,0,19,42,1,0.4523809523809524,0,0.0,0.0,0,1.0,0,0,0.0,0.0,1
low_compressibility,9,7,0,0,19,42,1,0.4523809523809524,0,0.0,0.0,0,1.0,0,0,0.0,0.0,1
low_compressibility,9,7,1,0,19,42,1,0.4523809523809524,0,0.0,0.0,0,1.0,0,0,0.0,0.0,1
low_compressibility,9,7,2,0,19,42,1,0.4523809523809524,0,0.0,0.0,0,1.0,0,0,0.0,0.0,1
low_compressibility,9,7,3,0,19,42,1,0.4523809523809524,0,0.0,0.0,0,1.0,0,0,0.0,0.0,1
low_compressibility,9,7,4,0,19,42,1,0.4523809523809524,0,0.0,0.0,0,1.0,0,0,0.0,0.0,1
low_compressibility,9,7,5,0,19,42,1,0.4523809523809524,0,0.0,0.0,0,1.0,0,0,0.0,0.0,1
low_compressibility,9,7,6,0,19,42,1,0.4523809523809524,0,0.0,0.0,0,1.0,0,0,0.0,0.0,1
low_compressibility,9,7,7,0,19,42,1,0.4523809523809524,0,0.0,0.0,0,1.0,0,0,0.0,0.0,1
low_compressibility,9,7,8,0,19,42,1,0.4523809523809524,0,0.0,0.0,0,1.0,0,0,0.0,0.0,1
low_compressibility,9,7,9,0,19,42,1,0.4523809523809524,0,0.0,0.0,0,1.0,0,0,0.0,0.0,1
low_compressibility,9,7,10,0,19,42,1,0.4523809523809524,0,0.0,0.0,0,1.0,0,0,0.0,0.0,1
low_compressibility,9,7,11,0,19,42,1,0.4523809523809524,0,0.0,0.0,0,1.0,0,0,0.0,0.0,1
low_compressibility,9,7,12,0,19,42,1,0.4523809523809524,0,0.0,0.0,0,1.0,0,0,0.0,0.0,1
low_compressibility,9,7,13,0,19,42,1,0.4523809523809524,0,0.0,0.0,0,1.0,0,0,0.0,0.0,1
low_compressibility,9,7,14,0,19,42,1,0.4523809523809524,0,0.0,0.0,0,1.0,0,0,0.0,0.0,1
low_compressibility,9,7,15,0,19,42,1,0.4523809523809524,0,0.0,0.0,0,1.0,0,0,0.0,0.0,1
medium_compressibility,1,1,0,10,25,17,3,1.4705882352941178,9,0.68,3.4,1,inf,0,0,0.0,0.0,0
medium_compressibility,1,1,1,10,25,17,3,1.4705882352941178,9,0.68,3.4,1,inf,0,0,0.0,0.0,0
medium_compressibility,1,1,2,10,25,17,3,1.4705882352941178,9,0.68,3.4,1,1.5294117647058822,1,0,0.038461538461538464,0.0,1
medium_compressibility,1,1,3,10,25,17,3,1.4705882352941178,9,0.68,3.4,1,1.5294117647058822,1,0,0.038461538461538464,0.0,1
medium_compressibility,1,1,4,10,25,17,3,1.4705882352941178,9,0.68,3.4,1,1.5294117647058822,1,0,0.038461538461538464,0.0,1
medium_compressibility,1,1,5,10,25,17,3,1.4705882352941178,9,0.68,3.4,1,1.5294117647058822,1,0,0.038461538461538464,0.0,1
medium_compressibility,1,1,6,10,25,17,3,1.4705882352941178,9,0.68,3.4,1,1.5294117647058822,1,0,0.038461538461538464,0.0,1
medium_compressibility,1,1,7,10,25,17,3,1.4705882352941178,9,0.68,3.4,1,1.5294117647058822,1,0,0.038461538461538464,0.0,1
medium_compressibility,1,1,8,10,25,17,3,1.4705882352941178,9,0.68,3.4,1,1.5294117647058822,1,0,0.038461538461538464,0.0,1
medium_compressibility,1,1,9,10,25,17,3,1.4705882352941178,9,0.68,3.4,1,1.5294117647058822,1,0,0.038461538461538464,0.0,1
medium_compressibility,1,1,10,10,25,17,3,1.4705882352941178,9,0.68,3.4,1,1.5294117647058822,1,0,0.038461538461538464,0.0,1
medium_compressibility,1,1,11,10,25,17,3,1.4705882352941178,9,0.68,3.4,1,1.5294117647058822,1,0,0.038461538461538464,0.0,1
medium_compressibility,1,1,12,10,25,17,3,1.4705882352941178,9,0.68,3.4,1,1.5294117647058822,1,0,0.038461538461538464,0.0,1
medium_compressibility,1,1,13,10,25,17,3,1.4705882352941178,9,0.68,3.4,1,1.5294117647058822,1,0,0.038461538461538464,0.0,1
medium_compressibility,1,1,14,10,25,17,3,1.4705882352941178,9,0.68,3.4,1,1.5294117647058822,1,0,0.038461538461538464,0.0,1
medium_compressibility,1,1,15,10,25,17,3,1.4705882352941178,9,0.68,3.4,1,1.5294117647058822,1,0,0.038461538461538464,0.0,1
medium_compressibility,1,2,0,3,25,17,3,1.4705882352941178,2,0.68,3.4,1,inf,0,0,0.0,-0.11764705882352941,0
medium_compressibility,1,2,1,3,25,17,3,1.4705882352941178,2,0.68,3.4,1,1.1176470588235294,0,0,0.0,-0.11764705882352941,1
medium_compressibility,1,2,2,3,25,17,3,1.4705882352941178,2,0.68,3.4,1,1.0588235294117647,0,0,-0.05555555555555555,-0.11764705882352941,1
medium_compressibility,1,2,3,3,25,17,3,1.4705882352941178,2,0.68,3.4,1,1.0588235294117647,0,0,-0.05555555555555555,-0.11764705882352941,1
medium_compressibility,1,2,4,3,25,17,3,1.4705882352941178,2,0.68,3.4,1,1.0588235294117647,0,0,-0.05555555555555555,-0.11764705882352941,1
medium_compressibility,1,2,5,3,25,17,3,1.4705882352941178,2,0.68,3.4,1,1.0588235294117647,0,0,-0.05555555555555555,-0.11764705882352941,1
medium_compressibility,1,2,6,3,25,17,3,1.4705882352941178,2,0.68,3.4,1,1.0588235294117647,0,0,-0.05555555555555555,-0.11764705882352941,1
medium_compressibility,1,2,7,3,25,17,3,1.4705882352941178,2,0.68,3.4,1,1.0588235294117647,0,0,-0.05555555555555555,-0.11764705882352941,1
medium_compressibility,1,2,8,3,25,17,3,1.4705882352941178,2,0.68,3.4,1,1.0588235294117647,0,0,-0.05555555555555555,-0.11764705882352941,1
medium_compressibility,1,2,9,3,25,17,3,1.4705882352941178,2,0.68,3.4,1,1.0588235294117647,0,0,-0.05555555555555555,-0.11764705882352941,1
medium_compressibility,1,2,10,3,25,17,3,1.4705882352941178,2,0.68,3.4,1,1.0588235294117647,0,0,-0.05555555555555555,-0.11764705882352941,1
medium_compressibility,1,2,11,3,25,17,3,1.4705882352941178,2,0.68,3.4,1,1.0588235294117647,0,0,-0.05555555555555555,-0.11764705882352941,1
medium_compressibility,1,2,12,3,25,17,3,1.4705882352941178,2,0.68,3.4,1,1.0588235294117647,0,0,-0.05555555555555555,-0.11764705882352941,1
medium_compressibility,1,2,13,3,25,17,3,1.4705882352941178,2,0.68,3.4,1,1.0588235294117647,0,0,-0.05555555555555555,-0.11764705882352941,1
medium_compressibility,1,2,14,3,25,17,3,1.4705882352941178,2,0.68,3.4,1,1.0588235294117647,0,0,-0.05555555555555555,-0.11764705882352941,1
medium_compressibility,1,2,15,3,25,17,3,1.4705882352941178,2,0.68,3.4,1,1.0588235294117647,0,0,-0.05555555555555555,-0.11764705882352941,1
medium_compressibility,1,3,0,0,25,17,3,1.4705882352941178,0,0.68,3.4,0,1.0,0,0,-0.11764705882352941,-0.11764705882352941,1
medium_compressibility,1,3,1,0,25,17,3,1.4705882352941178,0,0.68,3.4,0,1.0,0,0,-0.11764705882352941,-0.11764705882352941,1
medium_compressibility,1,3,2,0,25,17,3,1.4705882352941178,0,0.68,3.4,0,1.0,0,0,-0.11764705882352941,-0.11764705882352941,1
medium_compressibility,1,3,3,0,25,17,3,1.4705882352941178,0,0.68,3.4,0,1.0,0,0,-0.11764705882352941,-0.11764705882352941,1
medium_compressibility,1,3,4,0,25,17,3,1.4705882352941178,0,0.68,3.4,0,1.0,0,0,-0.11764705882352941,-0.11764705882352941,1
medium_compressibility,1,3,5,0,25,17,3,1.4705882352941178,0,0.68,3.4,0,1.0,0,0,-0.11764705882352941,-0.11764705882352941,1
medium_compressibility,1,3,6,0,25,17,3,1.4705882352941178,0,0.68,3.4,0,1.0,0,0,-0.11764705882352941,-0.11764705882352941,1
medium_compressibility,1,3,7,0,25,17,3,1.4705882352941178,0,0.68,3.4,0,1.0,0,0,-0.11764705882352941,-0.11764705882352941,1
medium_compressibility,1,3,8,0,25,17,3,1.4705882352941178,0,0.68,3.4,0,1.0,0,0,-0.11764705882352941,-0.11764705882352941,1
medium_compressibility,1,3,9,0,25,17,3,1.4705882352941178,0,0.68,3.4,0,1.0,0,0,-0.11764705882352941,-0.11764705882352941,1
medium_compressibility,1,3,10,0,25,17,3,1.4705882352941178,0,0.68,3.4,0,1.0,0,0,-0.11764705882352941,-0.11764705882352941,1
medium_compressibility,1,3,11,0,25,17,3,1.4705882352941178,0,0.68,3.4,0,1.0,0,0,-0.11764705882352941,-0.11764705882352941,1
medium_compressibility,1,3,12,0,25,17,3,1.4705882352941178,0,0.68,3.4,0,1.0,0,0,-0.11764705882352941,-0.11764705882352941,1
medium_compressibility,1,3,13,0,25,17,3,1.4705882352941178,0,0.68,3.4,0,1.0,0,0,-0.11764705882352941,-0.11764705882352941,1
medium_compressibility,1,3,14,0,25,17,3,1.4705882352941178,0,0.68,3.4,0,1.0,0,0,-0.11764705882352941,-0.11764705882352941,1
medium_compressibility,1,3,15,0,25,17,3,1.4705882352941178,0,0.68,3.4,0,1.0,0,0,-0.11764705882352941,-0.11764705882352941,1
medium_compressibility,1,4,0,0,25,17,3,1.4705882352941178,0,0.68,3.4,0,1.0,0,0,-0.11764705882352941,-0.11764705882352941,1
medium_compressibility,1,4,1,0,25,17,3,1.4705882352941178,0,0.68,3.4,0,1.0,0,0,-0.11764705882352941,-0.11764705882352941,1
medium_compressibility,1,4,2,0,25,17,3,1.4705882352941178,0,0.68,3.4,0,1.0,0,0,-0.11764705882352941,-0.11764705882352941,1
medium_compressibility,1,4,3,0,25,17,3,1.4705882352941178,0,0.68,3.4,0,1.0,0,0,-0.11764705882352941,-0.11764705882352941,1
medium_compressibility,1,4,4,0,25,17,3,1.4705882352941178,0,0.68,3.4,0,1.0,0,0,-0.11764705882352941,-0.11764705882352941,1
medium_compressibility,1,4,5,0,25,17,3,1.4705882352941178,0,0.68,3.4,0,1.0,0,0,-0.11764705882352941,-0.11764705882352941,1
medium_compressibility,1,4,6,0,25,17,3,1.4705882352941178,0,0.68,3.4,0,1.0,0,0,-0.11764705882352941,-0.11764705882352941,1
medium_compressibility,1,4,7,0,25,17,3,1.4705882352941178,0,0.68,3.4,0,1.0,0,0,-0.11764705882352941,-0.11764705882352941,1
medium_compressibility,1,4,8,0,25,17,3,1.4705882352941178,0,0.68,3.4,0,1.0,0,0,-0.11764705882352941,-0.11764705882352941,1
medium_compressibility,1,4,9,0,25,17,3,1.4705882352941178,0,0.68,3.4,0,1.0,0,0,-0.11764705882352941,-0.11764705882352941,1
medium_compressibility,1,4,10,0,25,17,3,1.4705882352941178,0,0.68,3.4,0,1.0,0,0,-0.11764705882352941,-0.11764705882352941,1
medium_compressibility,1,4,11,0,25,17,3,1.4705882352941178,0,0.68,3.4,0,1.0,0,0,-0.11764705882352941,-0.11764705882352941,1
medium_compressibility,1,4,12,0,25,17,3,1.4705882352941178,0,0.68,3.4,0,1.0,0,0,-0.11764705882352941,-0.11764705882352941,1
medium_compressibility,1,4,13,0,25,17,3,1.4705882352941178,0,0.68,3.4,0,1.0,0,0,-0.11764705882352941,-0.11764705882352941,1
medium_compressibility,1,4,14,0,25,17,3,1.4705882352941178,0,0.68,3.4,0,1.0,0,0,-0.11764705882352941,-0.11764705882352941,1
medium_compressibility,1,4,15,0,25,17,3,1.4705882352941178,0,0.68,3.4,0,1.0,0,0,-0.11764705882352941,-0.11764705882352941,1
medium_compressibility,1,5,0,0,25,17,3,1.4705882352941178,0,0.68,3.4,0,1.0,0,0,-0.11764705882352941,-0.11764705882352941,1
medium_compressibility,1,5,1,0,25,17,3,1.4705882352941178,0,0.68,3.4,0,1.0,0,0,-0.11764705882352941,-0.11764705882352941,1
medium_compressibility,1,5,2,0,25,17,3,1.4705882352941178,0,0.68,3.4,0,1.0,0,0,-0.11764705882352941,-0.11764705882352941,1
medium_compressibility,1,5,3,0,25,17,3,1.4705882352941178,0,0.68,3.4,0,1.0,0,0,-0.11764705882352941,-0.11764705882352941,1
medium_compressibility,1,5,4,0,25,17,3,1.4705882352941178,0,0.68,3.4,0,1.0,0,0,-0.11764705882352941,-0.11764705882352941,1
medium_compressibility,1,5,5,0,25,17,3,1.4705882352941178,0,0.68,3.4,0,1.0,0,0,-0.11764705882352941,-0.11764705882352941,1
medium_compressibility,1,5,6,0,25,17,3,1.4705882352941178,0,0.68,3.4,0,1.0,0,0,-0.11764705882352941,-0.11764705882352941,1
medium_compressibility,1,5,7,0,25,17,3,1.4705882352941178,0,0.68,3.4,0,1.0,0,0,-0.11764705882352941,-0.11764705882352941,1
medium_compressibility,1,5,8,0,25,17,3,1.4705882352941178,0,0.68,3.4,0,1.0,0,0,-0.11764705882352941,-0.11764705882352941,1
medium_compressibility,1,5,9,0,25,17,3,1.4705882352941178,0,0.68,3.4,0,1.0,0,0,-0.11764705882352941,-0.11764705882352941,1
medium_compressibility,1,5,10,0,25,17,3,1.4705882352941178,0,0.68,3.4,0,1.0,0,0,-0.11764705882352941,-0.11764705882352941,1
medium_compressibility,1,5,11,0,25,17,3,1.4705882352941178,0,0.68,3.4,0,1.0,0,0,-0.11764705882352941,-0.11764705882352941,1
medium_compressibility,1,5,12,0,25,17,3,1.4705882352941178,0,0.68,3.4,0,1.0,0,0,-0.11764705882352941,-0.11764705882352941,1
medium_compressibility,1,5,13,0,25,17,3,1.4705882352941178,0,0.68,3.4,0,1.0,0,0,-0.11764705882352941,-0.11764705882352941,1
medium_compressibility,1,5,14,0,25,17,3,1.4705882352941178,0,0.68,3.4,0,1.0,0,0,-0.11764705882352941,-0.11764705882352941,1
medium_compressibility,1,5,15,0,25,17,3,1.4705882352941178,0,0.68,3.4,0,1.0,0,0,-0.11764705882352941,-0.11764705882352941,1
medium_compressibility,1,6,0,0,25,17,3,1.4705882352941178,0,0.68,3.4,0,1.0,0,0,-0.11764705882352941,-0.11764705882352941,1
medium_compressibility,1,6,1,0,25,17,3,1.4705882352941178,0,0.68,3.4,0,1.0,0,0,-0.11764705882352941,-0.11764705882352941,1
medium_compressibility,1,6,2,0,25,17,3,1.4705882352941178,0,0.68,3.4,0,1.0,0,0,-0.11764705882352941,-0.11764705882352941,1
medium_compressibility,1,6,3,0,25,17,3,1.4705882352941178,0,0.68,3.4,0,1.0,0,0,-0.11764705882352941,-0.11764705882352941,1
medium_compressibility,1,6,4,0,25,17,3,1.4705882352941178,0,0.68,3.4,0,1.0,0,0,-0.11764705882352941,-0.11764705882352941,1
medium_compressibility,1,6,5,0,25,17,3,1.4705882352941178,0,0.68,3.4,0,1.0,0,0,-0.11764705882352941,-0.11764705882352941,1
medium_compressibility,1,6,6,0,25,17,3,1.4705882352941178,0,0.68,3.4,0,1.0,0,0,-0.11764705882352941,-0.11764705882352941,1
medium_compressibility,1,6,7,0,25,17,3,1.4705882352941178,0,0.68,3.4,0,1.0,0,0,-0.11764705882352941,-0.11764705882352941,1
medium_compressibility,1,6,8,0,25,17,3,1.4705882352941178,0,0.68,3.4,0,1.0,0,0,-0.11764705882352941,-0.11764705882352941,1
medium_compressibility,1,6,9,0,25,17,3,1.4705882352941178,0,0.68,3.4,0,1.0,0,0,-0.11764705882352941,-0.11764705882352941,1
medium_compressibility,1,6,10,0,25,17,3,1.4705882352941178,0,0.68,3.4,0,1.0,0,0,-0.11764705882352941,-0.11764705882352941,1
medium_compressibility,1,6,11,0,25,17,3,1.4705882352941178,0,0.68,3.4,0,1.0,0,0,-0.11764705882352941,-0.11764705882352941,1
medium_compressibility,1,6,12,0,25,17,3,1.4705882352941178,0,0.68,3.4,0,1.0,0,0,-0.11764705882352941,-0.11764705882352941,1
medium_compressibility,1,6,13,0,25,17,3,1.4705882352941178,0,0.68,3.4,0,1.0,0,0,-0.11764705882352941,-0.11764705882352941,1
medium_compressibility,1,6,14,0,25,17,3,1.4705882352941178,0,0.68,3.4,0,1.0,0,0,-0.11764705882352941,-0.11764705882352941,1
medium_compressibility,1,6,15,0,25,17,3,1.4705882352941178,0,0.68,3.4,0,1.0,0,0,-0.11764705882352941,-0.11764705882352941,1
medium_compressibility,1,7,0,0,25,17,3,1.4705882352941178,0,0.68,3.4,0,1.0,0,0,-0.11764705882352941,-0.11764705882352941,1
medium_compressibility,1,7,1,0,25,17,3,1.4705882352941178,0,0.68,3.4,0,1.0,0,0,-0.11764705882352941,-0.11764705882352941,1
medium_compressibility,1,7,2,0,25,17,3,1.4705882352941178,0,0.68,3.4,0,1.0,0,0,-0.11764705882352941,-0.11764705882352941,1
medium_compressibility,1,7,3,0,25,17,3,1.4705882352941178,0,0.68,3.4,0,1.0,0,0,-0.11764705882352941,-0.11764705882352941,1
medium_compressibility,1,7,4,0,25,17,3,1.4705882352941178,0,0.68,3.4,0,1.0,0,0,-0.11764705882352941,-0.11764705882352941,1
medium_compressibility,1,7,5,0,25,17,3,1.4705882352941178,0,0.68,3.4,0,1.0,0,0,-0.11764705882352941,-0.11764705882352941,1
medium_compressibility,1,7,6,0,25,17,3,1.4705882352941178,0,0.68,3.4,0,1.0,0,0,-0.11764705882352941,-0.11764705882352941,1
medium_compressibility,1,7,7,0,25,17,3,1.4705882352941178,0,0.68,3.4,0,1.0,0,0,-0.11764705882352941,-0.11764705882352941,1
medium_compressibility,1,7,8,0,25,17,3,1.4705882352941178,0,0.68,3.4,0,1.0,0,0,-0.11764705882352941,-0.11764705882352941,1
medium_compressibility,1,7,9,0,25,17,3,1.4705882352941178,0,0.68,3.4,0,1.0,0,0,-0.11764705882352941,-0.11764705882352941,1
medium_compressibility,1,7,10,0,25,17,3,1.4705882352941178,0,0.68,3.4,0,1.0,0,0,-0.11764705882352941,-0.11764705882352941,1
medium_compressibility,1,7,11,0,25,17,3,1.4705882352941178,0,0.68,3.4,0,1.0,0,0,-0.11764705882352941,-0.11764705882352941,1
medium_compressibility,1,7,12,0,25,17,3,1.4705882352941178,0,0.68,3.4,0,1.0,0,0,-0.11764705882352941,-0.11764705882352941,1
medium_compressibility,1,7,13,0,25,17,3,1.4705882352941178,0,0.68,3.4,0,1.0,0,0,-0.11764705882352941,-0.11764705882352941,1
medium_compressibility,1,7,14,0,25,17,3,1.4705882352941178,0,0.68,3.4,0,1.0,0,0,-0.11764705882352941,-0.11764705882352941,1
medium_compressibility,1,7,15,0,25,17,3,1.4705882352941178,0,0.68,3.4,0,1.0,0,0,-0.11764705882352941,-0.11764705882352941,1
medium_compressibility,3,1,0,13,25,14,5,1.7857142857142858,13,0.88,4.12,1,inf,0,0,0.0,0.0,0
medium_compressibility,3,1,1,13,25,14,5,1.7857142857142858,13,0.88,4.12,1,inf,0,0,0.0,0.0,0
medium_compressibility,3,1,2,13,25,14,5,1.7857142857142858,13,0.88,4.12,1,inf,0,0,0.0,0.0,0
medium_compressibility,3,1,3,13,25,14,5,1.7857142857142858,13,0.88,4.12,1,inf,0,0,0.0,0.0,0
medium_compressibility,3,1,4,13,25,14,5,1.7857142857142858,13,0.88,4.12,1,1.9285714285714286,0,0,0.037037037037037035,0.0,1
medium_compressibility,3,1,5,13,25,14,5,1.7857142857142858,13,0.88,4.12,1,1.9285714285714286,0,0,0.037037037037037035,0.0,1
medium_compressibility,3,1,6,13,25,14,5,1.7857142857142858,13,0.88,4.12,1,1.9285714285714286,0,0,0.037037037037037035,0.0,1
medium_compressibility,3,1,7,13,25,14,5,1.7857142857142858,13,0.88,4.12,1,1.9285714285714286,0,0,0.037037037037037035,0.0,1
medium_compressibility,3,1,8,13,25,14,5,1.7857142857142858,13,0.88,4.12,1,1.9285714285714286,0,0,0.037037037037037035,0.0,1
medium_compressibility,3,1,9,13,25,14,5,1.7857142857142858,13,0.88,4.12,1,1.9285714285714286,0,0,0.037037037037037035,0.0,1
medium_compressibility,3,1,10,13,25,14,5,1.7857142857142858,13,0.88,4.12,1,1.9285714285714286,0,0,0.037037037037037035,0.0,1
medium_compressibility,3,1,11,13,25,14,5,1.7857142857142858,13,0.88,4.12,1,1.9285714285714286,0,0,0.037037037037037035,0.0,1
medium_compressibility,3,1,12,13,25,14,5,1.7857142857142858,13,0.88,4.12,1,1.9285714285714286,0,0,0.037037037037037035,0.0,1
medium_compressibility,3,1,13,13,25,14,5,1.7857142857142858,13,0.88,4.12,1,1.9285714285714286,0,0,0.037037037037037035,0.0,1
medium_compressibility,3,1,14,13,25,14,5,1.7857142857142858,13,0.88,4.12,1,1.9285714285714286,0,0,0.037037037037037035,0.0,1
medium_compressibility,3,1,15,13,25,14,5,1.7857142857142858,13,0.88,4.12,1,1.9285714285714286,0,0,0.037037037037037035,0.0,1
medium_compressibility,3,2,0,6,25,14,5,1.7857142857142858,5,0.88,4.12,1,inf,0,0,0.0,0.125,0
medium_compressibility,3,2,1,6,25,14,5,1.7857142857142858,5,0.88,4.12,1,inf,0,0,0.0,0.125,0
medium_compressibility,3,2,2,6,25,14,5,1.7857142857142858,5,0.88,4.12,1,inf,0,0,0.0,0.125,0
medium_compressibility,3,2,3,6,25,14,5,1.7857142857142858,5,0.88,4.12,1,1.2142857142857142,0,0,0.17647058823529413,0.125,1
medium_compressibility,3,2,4,6,25,14,5,1.7857142857142858,5,0.88,4.12,1,1.2142857142857142,0,0,0.17647058823529413,0.125,1
medium_compressibility,3,2,5,6,25,14,5,1.7857142857142858,5,0.88,4.12,1,1.2142857142857142,0,0,0.17647058823529413,0.125,1
medium_compressibility,3,2,6,6,25,14,5,1.7857142857142858,5,0.88,4.12,1,1.2142857142857142,0,0,0.17647058823529413,0.125,1
medium_compressibility,3,2,7,6,25,14,5,1.7857142857142858,5,0.88,4.12,1,1.2142857142857142,0,0,0.17647058823529413,0.125,1
medium_compressibility,3,2,8,6,25,14,5,1.7857142857142858,5,0.88,4.12,1,1.2142857142857142,0,0,0.17647058823529413,0.125,1
medium_compressibility,3,2,9,6,25,14,5,1.7857142857142858,5,0.88,4.12,1,1.2142857142857142,0,0,0.17647058823529413,0.125,1
medium_compressibility,3,2,10,6,25,14,5,1.7857142857142858,5,0.88,4.12,1,1.2142857142857142,0,0,0.17647058823529413,0.125,1
medium_compressibility,3,2,11,6,25,14,5,1.7857142857142858,5,0.88,4.12,1,1.2142857142857142,0,0,0.17647058823529413,0.125,1
medium_compressibility,3,2,12,6,25,14,5,1.7857142857142858,5,0.88,4.12,1,1.2142857142857142,0,0,0.17647058823529413,0.125,1
medium_compressibility,3,2,13,6,25,14,5,1.7857142857142858,5,0.88,4.12,1,1.2142857142857142,0,0,0.17647058823529413,0.125,1
medium_compressibility,3,2,14,6,25,14,5,1.7857142857142858,5,0.88,4.12,1,1.2142857142857142,0,0,0.17647058823529413,0.125,1
medium_compressibility,3,2,15,6,25,14,5,1.7857142857142858,5,0.88,4.12,1,1.2142857142857142,0,0,0.17647058823529413,0.125,1
medium_compressibility,3,3,0,3,25,14,5,1.7857142857142858,2,0.88,4.12,1,inf,0,0,0.0,0.0,0
medium_compressibility,3,3,1,3,25,14,5,1.7857142857142858,2,0.88,4.12,1,inf,0,0,0.0,0.0,0
medium_compressibility,3,3,2,3,25,14,5,1.7857142857142858,2,0.88,4.12,1,1.1428571428571428,0,0,0.125,0.0,1
medium_compressibility,3,3,3,3,25,14,5,1.7857142857142858,2,0.88,4.12,1,1.0714285714285714,0,0,0.06666666666666667,0.0,1
medium_compressibility,3,3,4,3,25,14,5,1.7857142857142858,2,0.88,4.12,1,1.0714285714285714,0,0,0.06666666666666667,0.0,1
medium_compressibility,3,3,5,3,25,14,5,1.7857142857142858,2,0.88,4.12,1,1.0714285714285714,0,0,0.06666666666666667,0.0,1
medium_compressibility,3,3,6,3,25,14,5,1.7857142857142858,2,0.88,4.12,1,1.0714285714285714,0,0,0.06666666666666667,0.0,1
medium_compressibility,3,3,7,3,25,14,5,1.7857142857142858,2,0.88,4.12,1,1.0714285714285714,0,0,0.06666666666666667,0.0,1
medium_compressibility,3,3,8,3,25,14,5,1.7857142857142858,2,0.88,4.12,1,1.0714285714285714,0,0,0.06666666666666667,0.0,1
medium_compressibility,3,3,9,3,25,14,5,1.7857142857142858,2,0.88,4.12,1,1.0714285714285714,0,0,0.06666666666666667,0.0,1
medium_compressibility,3,3,10,3,25,14,5,1.7857142857142858,2,0.88,4.12,1,1.0714285714285714,0,0,0.06666666666666667,0.0,1
medium_compressibility,3,3,11,3,25,14,5,1.7857142857142858,2,0.88,4.12,1,1.0714285714285714,0,0,0.06666666666666667,0.0,1
medium_compressibility,3,3,12,3,25,14,5,1.7857142857142858,2,0.88,4.12,1,1.0714285714285714,0,0,0.06666666666666667,0.0,1
medium_compressibility,3,3,13,3,25,14,5,1.7857142857142858,2,0.88,4.12,1,1.0714285714285714,0,0,0.06666666666666667,0.0,1
medium_compressibility,3,3,14,3,25,14,5,1.7857142857142858,2,0.88,4.12,1,1.0714285714285714,0,0,0.06666666666666667,0.0,1
medium_compressibility,3,3,15,3,25,14,5,1.7857142857142858,2,0.88,4.12,1,1.0714285714285714,0,0,0.06666666666666667,0.0,1
medium_compressibility,3,4,0,1,25,14,5,1.7857142857142858,0,0.88,4.12,1,inf,0,0,0.0,0.0,0
medium_compressibility,3,4,1,1,25,14,5,1.7857142857142858,0,0.88,4.12,0,1.0,0,0,0.0,0.0,1
medium_compressibility,3,4,2,1,25,14,5,1.7857142857142858,0,0.88,4.12,0,1.0,0,0,0.0,0.0,1
medium_compressibility,3,4,3,1,25,14,5,1.7857142857142858,0,0.88,4.12,0,1.0,0,0,0.0,0.0,1
medium_compressibility,3,4,4,1,25,14,5,1.7857142857142858,0,0.88,4.12,0,1.0,0,0,0.0,0.0,1
medium_compressibility,3,4,5,1,25,14,5,1.7857142857142858,0,0.88,4.12,0,1.0,0,0,0.0,0.0,1
medium_compressibility,3,4,6,1,25,14,5,1.7857142857142858,0,0.88,4.12,0,1.0,0,0,0.0,0.0,1
medium_compressibility,3,4,7,1,25,14,5,1.7857142857142858,0,0.88,4.12,0,1.0,0,0,0.0,0.0,1
medium_compressibility,3,4,8,1,25,14,5,1.7857142857142858,0,0.88,4.12,0,1.0,0,0,0.0,0.0,1
medium_compressibility,3,4,9,1,25,14,5,1.7857142857142858,0,0.88,4.12,0,1.0,0,0,0.0,0.0,1
medium_compressibility,3,4,10,1,25,14,5,1.7857142857142858,0,0.88,4.12,0,1.0,0,0,0.0,0.0,1
medium_compressibility,3,4,11,1,25,14,5,1.7857142857142858,0,0.88,4.12,0,1.0,0,0,0.0,0.0,1
medium_compressibility,3,4,12,1,25,14,5,1.7857142857142858,0,0.88,4.12,0,1.0,0,0,0.0,0.0,1
medium_compressibility,3,4,13,1,25,14,5,1.7857142857142858,0,0.88,4.12,0,1.0,0,0,0.0,0.0,1
medium_compressibility,3,4,14,1,25,14,5,1.7857142857142858,0,0.88,4.12,0,1.0,0,0,0.0,0.0,1
medium_compressibility,3,4,15,1,25,14,5,1.7857142857142858,0,0.88,4.12,0,1.0,0,0,0.0,0.0,1
medium_compressibility,3,5,0,0,25,14,5,1.7857142857142858,0,0.88,4.12,0,1.0,0,0,0.0,0.0,1
medium_compressibility,3,5,1,0,25,14,5,1.7857142857142858,0,0.88,4.12,0,1.0,0,0,0.0,0.0,1
medium_compressibility,3,5,2,0,25,14,5,1.7857142857142858,0,0.88,4.12,0,1.0,0,0,0.0,0.0,1
medium_compressibility,3,5,3,0,25,14,5,1.7857142857142858,0,0.88,4.12,0,1.0,0,0,0.0,0.0,1
medium_compressibility,3,5,4,0,25,14,5,1.7857142857142858,0,0.88,4.12,0,1.0,0,0,0.0,0.0,1
medium_compressibility,3,5,5,0,25,14,5,1.7857142857142858,0,0.88,4.12,0,1.0,0,0,0.0,0.0,1
medium_compressibility,3,5,6,0,25,14,5,1.7857142857142858,0,0.88,4.12,0,1.0,0,0,0.0,0.0,1
medium_compressibility,3,5,7,0,25,14,5,1.7857142857142858,0,0.88,4.12,0,1.0,0,0,0.0,0.0,1
medium_compressibility,3,5,8,0,25,14,5,1.7857142857142858,0,0.88,4.12,0,1.0,0,0,0.0,0.0,1
medium_compressibility,3,5,9,0,25,14,5,1.7857142857142858,0,0.88,4.12,0,1.0,0,0,0.0,0.0,1
medium_compressibility,3,5,10,0,25,14,5,1.7857142857142858,0,0.88,4.12,0,1.0,0,0,0.0,0.0,1
medium_compressibility,3,5,11,0,25,14,5,1.7857142857142858,0,0.88,4.12,0,1.0,0,0,0.0,0.0,1
medium_compressibility,3,5,12,0,25,14,5,1.7857142857142858,0,0.88,4.12,0,1.0,0,0,0.0,0.0,1
medium_compressibility,3,5,13,0,25,14,5,1.7857142857142858,0,0.88,4.12,0,1.0,0,0,0.0,0.0,1
medium_compressibility,3,5,14,0,25,14,5,1.7857142857142858,0,0.88,4.12,0,1.0,0,0,0.0,0.0,1
medium_compressibility,3,5,15,0,25,14,5,1.7857142857142858,0,0.88,4.12,0,1.0,0,0,0.0,0.0,1
medium_compressibility,3,6,0,0,25,14,5,1.7857142857142858,0,0.88,4.12,0,1.0,0,0,0.0,0.0,1
medium_compressibility,3,6,1,0,25,14,5,1.7857142857142858,0,0.88,4.12,0,1.0,0,0,0.0,0.0,1
medium_compressibility,3,6,2,0,25,14,5,1.7857142857142858,0,0.88,4.12,0,1.0,0,0,0.0,0.0,1
medium_compressibility,3,6,3,0,25,14,5,1.7857142857142858,0,0.88,4.12,0,1.0,0,0,0.0,0.0,1
medium_compressibility,3,6,4,0,25,14,5,1.7857142857142858,0,0.88,4.12,0,1.0,0,0,0.0,0.0,1
medium_compressibility,3,6,5,0,25,14,5,1.7857142857142858,0,0.88,4.12,0,1.0,0,0,0.0,0.0,1
medium_compressibility,3,6,6,0,25,14,5,1.7857142857142858,0,0.88,4.12,0,1.0,0,0,0.0,0.0,1
medium_compressibility,3,6,7,0,25,14,5,1.7857142857142858,0,0.88,4.12,0,1.0,0,0,0.0,0.0,1
medium_compressibility,3,6,8,0,25,14,5,1.7857142857142858,0,0.88,4.12,0,1.0,0,0,0.0,0.0,1
medium_compressibility,3,6,9,0,25,14,5,1.7857142857142858,0,0.88,4.12,0,1.0,0,0,0.0,0.0,1
medium_compressibility,3,6,10,0,25,14,5,1.7857142857142858,0,0.88,4.12,0,1.0,0,0,0.0,0.0,1
medium_compressibility,3,6,11,0,25,14,5,1.7857142857142858,0,0.88,4.12,0,1.0,0,0,0.0,0.0,1
medium_compressibility,3,6,12,0,25,14,5,1.7857142857142858,0,0.88,4.12,0,1.0,0,0,0.0,0.0,1
medium_compressibility,3,6,13,0,25,14,5,1.7857142857142858,0,0.88,4.12,0,1.0,0,0,0.0,0.0,1
medium_compressibility,3,6,14,0,25,14,5,1.7857142857142858,0,0.88,4.12,0,1.0,0,0,0.0,0.0,1
medium_compressibility,3,6,15,0,25,14,5,1.7857142857142858,0,0.88,4.12,0,1.0,0,0,0.0,0.0,1
medium_compressibility,3,7,0,0,25,14,5,1.7857142857142858,0,0.88,4.12,0,1.0,0,0,0.0,0.0,1
medium_compressibility,3,7,1,0,25,14,5,1.7857142857142858,0,0.88,4.12,0,1.0,0,0,0.0,0.0,1
medium_compressibility,3,7,2,0,25,14,5,1.7857142857142858,0,0.88,4.12,0,1.0,0,0,0.0,0.0,1
medium_compressibility,3,7,3,0,25,14,5,1.7857142857142858,0,0.88,4.12,0,1.0,0,0,0.0,0.0,1
medium_compressibility,3,7,4,0,25,14,5,1.7857142857142858,0,0.88,4.12,0,1.0,0,0,0.0,0.0,1
medium_compressibility,3,7,5,0,25,14,5,1.7857142857142858,0,0.88,4.12,0,1.0,0,0,0.0,0.0,1
medium_compressibility,3,7,6,0,25,14,5,1.7857142857142858,0,0.88,4.12,0,1.0,0,0,0.0,0.0,1
medium_compressibility,3,7,7,0,25,14,5,1.7857142857142858,0,0.88,4.12,0,1.0,0,0,0.0,0.0,1
medium_compressibility,3,7,8,0,25,14,5,1.7857142857142858,0,0.88,4.12,0,1.0,0,0,0.0,0.0,1
medium_compressibility,3,7,9,0,25,14,5,1.7857142857142858,0,0.88,4.12,0,1.0,0,0,0.0,0.0,1
medium_compressibility,3,7,10,0,25,14,5,1.7857142857142858,0,0.88,4.12,0,1.0,0,0,0.0,0.0,1
medium_compressibility,3,7,11,0,25,14,5,1.7857142857142858,0,0.88,4.12,0,1.0,0,0,0.0,0.0,1
medium_compressibility,3,7,12,0,25,14,5,1.7857142857142858,0,0.88,4.12,0,1.0,0,0,0.0,0.0,1
medium_compressibility,3,7,13,0,25,14,5,1.7857142857142858,0,0.88,4.12,0,1.0,0,0,0.0,0.0,1
medium_compressibility,3,7,14,0,25,14,5,1.7857142857142858,0,0.88,4.12,0,1.0,0,0,0.0,0.0,1
medium_compressibility,3,7,15,0,25,14,5,1.7857142857142858,0,0.88,4.12,0,1.0,0,0,0.0,0.0,1
medium_compressibility,5,1,0,13,25,14,3,1.7857142857142858,13,0.72,1.72,1,inf,0,0,0.0,0.0,0
medium_compressibility,5,1,1,13,25,14,3,1.7857142857142858,13,0.72,1.72,1,inf,0,0,0.0,0.037037037037037035,0
medium_compressibility,5,1,2,13,25,14,3,1.7857142857142858,13,0.72,1.72,1,1.9285714285714286,0,0,0.037037037037037035,0.037037037037037035,1
medium_compressibility,5,1,3,13,25,14,3,1.7857142857142858,13,0.72,1.72,1,1.9285714285714286,0,0,0.037037037037037035,0.037037037037037035,1
medium_compressibility,5,1,4,13,25,14,3,1.7857142857142858,13,0.72,1.72,1,1.9285714285714286,0,0,0.037037037037037035,0.037037037037037035,1
medium_compressibility,5,1,5,13,25,14,3,1.7857142857142858,13,0.72,1.72,1,1.9285714285714286,0,0,0.037037037037037035,0.037037037037037035,1
medium_compressibility,5,1,6,13,25,14,3,1.7857142857142858,13,0.72,1.72,1,1.9285714285714286,0,0,0.037037037037037035,0.037037037037037035,1
medium_compressibility,5,1,7,13,25,14,3,1.7857142857142858,13,0.72,1.72,1,1.9285714285714286,0,0,0.037037037037037035,0.037037037037037035,1
medium_compressibility,5,1,8,13,25,14,3,1.7857142857142858,13,0.72,1.72,1,1.9285714285714286,0,0,0.037037037037037035,0.037037037037037035,1
medium_compressibility,5,1,9,13,25,14,3,1.7857142857142858,13,0.72,1.72,1,1.9285714285714286,0,0,0.037037037037037035,0.037037037037037035,1
medium_compressibility,5,1,10,13,25,14,3,1.7857142857142858,13,0.72,1.72,1,1.9285714285714286,0,0,0.037037037037037035,0.037037037037037035,1
medium_compressibility,5,1,11,13,25,14,3,1.7857142857142858,13,0.72,1.72,1,1.9285714285714286,0,0,0.037037037037037035,0.037037037037037035,1
medium_compressibility,5,1,12,13,25,14,3,1.7857142857142858,13,0.72,1.72,1,1.9285714285714286,0,0,0.037037037037037035,0.037037037037037035,1
medium_compressibility,5,1,13,13,25,14,3,1.7857142857142858,13,0.72,1.72,1,1.9285714285714286,0,0,0.037037037037037035,0.037037037037037035,1
medium_compressibility,5,1,14,13,25,14,3,1.7857142857142858,13,0.72,1.72,1,1.9285714285714286,0,0,0.037037037037037035,0.037037037037037035,1
medium_compressibility,5,1,15,13,25,14,3,1.7857142857142858,13,0.72,1.72,1,1.9285714285714286,0,0,0.037037037037037035,0.037037037037037035,1
medium_compressibility,5,2,0,3,25,14,3,1.7857142857142858,1,0.72,1.72,1,inf,0,0,0.0,0.17647058823529413,0
medium_compressibility,5,2,1,3,25,14,3,1.7857142857142858,1,0.72,1.72,1,1.0714285714285714,0,0,0.06666666666666667,0.17647058823529413,1
medium_compressibility,5,2,2,3,25,14,3,1.7857142857142858,1,0.72,1.72,1,1.0714285714285714,0,0,0.06666666666666667,0.17647058823529413,1
medium_compressibility,5,2,3,3,25,14,3,1.7857142857142858,1,0.72,1.72,1,1.0714285714285714,0,0,0.06666666666666667,0.17647058823529413,1
medium_compressibility,5,2,4,3,25,14,3,1.7857142857142858,1,0.72,1.72,1,1.0714285714285714,0,0,0.06666666666666667,0.17647058823529413,1
medium_compressibility,5,2,5,3,25,14,3,1.7857142857142858,1,0.72,1.72,1,1.0714285714285714,0,0,0.06666666666666667,0.17647058823529413,1
medium_compressibility,5,2,6,3,25,14,3,1.7857142857142858,1,0.72,1.72,1,1.0714285714285714,0,0,0.06666666666666667,0.17647058823529413,1
medium_compressibility,5,2,7,3,25,14,3,1.7857142857142858,1,0.72,1.72,1,1.0714285714285714,0,0,0.06666666666666667,0.17647058823529413,1
medium_compressibility,5,2,8,3,25,14,3,1.7857142857142858,1,0.72,1.72,1,1.0714285714285714,0,0,0.06666666666666667,0.17647058823529413,1
medium_compressibility,5,2,9,3,25,14,3,1.7857142857142858,1,0.72,1.72,1,1.0714285714285714,0,0,0.06666666666666667,0.17647058823529413,1
medium_compressibility,5,2,10,3,25,14,3,1.7857142857142858,1,0.72,1.72,1,1.0714285714285714,0,0,0.06666666666666667,0.17647058823529413,1
medium_compressibility,5,2,11,3,25,14,3,1.7857142857142858,1,0.72,1.72,1,1.0714285714285714,0,0,0.06666666666666667,0.17647058823529413,1
medium_compressibility,5,2,12,3,25,14,3,1.7857142857142858,1,0.72,1.72,1,1.0714285714285714,0,0,0.06666666666666667,0.17647058823529413,1
medium_compressibility,5,2,13,3,25,14,3,1.7857142857142858,1,0.72,1.72,1,1.0714285714285714,0,0,0.06666666666666667,0.17647058823529413,1
medium_compressibility,5,2,14,3,25,14,3,1.7857142857142858,1,0.72,1.72,1,1.0714285714285714,0,0,0.06666666666666667,0.17647058823529413,1
medium_compressibility,5,2,15,3,25,14,3,1.7857142857142858,1,0.72,1.72,1,1.0714285714285714,0,0,0.06666666666666667,0.17647058823529413,1
medium_compressibility,5,3,0,0,25,14,3,1.7857142857142858,0,0.72,1.72,0,1.0,0,0,0.0,0.0,1
medium_compressibility,5,3,1,0,25,14,3,1.7857142857142858,0,0.72,1.72,0,1.0,0,0,0.0,0.0,1
medium_compressibility,5,3,2,0,25,14,3,1.7857142857142858,0,0.72,1.72,0,1.0,0,0,0.0,0.0,1
medium_compressibility,5,3,3,0,25,14,3,1.7857142857142858,0,0.72,1.72,0,1.0,0,0,0.0,0.0,1
medium_compressibility,5,3,4,0,25,14,3,1.7857142857142858,0,0.72,1.72,0,1.0,0,0,0.0,0.0,1
medium_compressibility,5,3,5,0,25,14,3,1.7857142857142858,0,0.72,1.72,0,1.0,0,0,0.0,0.0,1
medium_compressibility,5,3,6,0,25,14,3,1.7857142857142858,0,0.72,1.72,0,1.0,0,0,0.0,0.0,1
medium_compressibility,5,3,7,0,25,14,3,1.7857142857142858,0,0.72,1.72,0,1.0,0,0,0.0,0.0,1
medium_compressibility,5,3,8,0,25,14,3,1.7857142857142858,0,0.72,1.72,0,1.0,0,0,0.0,0.0,1
medium_compressibility,5,3,9,0,25,14,3,1.7857142857142858,0,0.72,1.72,0,1.0,0,0,0.0,0.0,1
medium_compressibility,5,3,10,0,25,14,3,1.7857142857142858,0,0.72,1.72,0,1.0,0,0,0.0,0.0,1
medium_compressibility,5,3,11,0,25,14,3,1.7857142857142858,0,0.72,1.72,0,1.0,0,0,0.0,0.0,1
medium_compressibility,5,3,12,0,25,14,3,1.7857142857142858,0,0.72,1.72,0,1.0,0,0,0.0,0.0,1
medium_compressibility,5,3,13,0,25,14,3,1.7857142857142858,0,0.72,1.72,0,1.0,0,0,0.0,0.0,1
medium_compressibility,5,3,14,0,25,14,3,1.7857142857142858,0,0.72,1.72,0,1.0,0,0,0.0,0.0,1
medium_compressibility,5,3,15,0,25,14,3,1.7857142857142858,0,0.72,1.72,0,1.0,0,0,0.0,0.0,1
medium_compressibility,5,4,0,0,25,14,3,1.7857142857142858,0,0.72,1.72,0,1.0,0,0,0.0,0.0,1
medium_compressibility,5,4,1,0,25,14,3,1.7857142857142858,0,0.72,1.72,0,1.0,0,0,0.0,0.0,1
medium_compressibility,5,4,2,0,25,14,3,1.7857142857142858,0,0.72,1.72,0,1.0,0,0,0.0,0.0,1
medium_compressibility,5,4,3,0,25,14,3,1.7857142857142858,0,0.72,1.72,0,1.0,0,0,0.0,0.0,1
medium_compressibility,5,4,4,0,25,14,3,1.7857142857142858,0,0.72,1.72,0,1.0,0,0,0.0,0.0,1
medium_compressibility,5,4,5,0,25,14,3,1.7857142857142858,0,0.72,1.72,0,1.0,0,0,0.0,0.0,1
medium_compressibility,5,4,6,0,25,14,3,1.7857142857142858,0,0.72,1.72,0,1.0,0,0,0.0,0.0,1
medium_compressibility,5,4,7,0,25,14,3,1.7857142857142858,0,0.72,1.72,0,1.0,0,0,0.0,0.0,1
medium_compressibility,5,4,8,0,25,14,3,1.7857142857142858,0,0.72,1.72,0,1.0,0,0,0.0,0.0,1
medium_compressibility,5,4,9,0,25,14,3,1.7857142857142858,0,0.72,1.72,0,1.0,0,0,0.0,0.0,1
medium_compressibility,5,4,10,0,25,14,3,1.7857142857142858,0,0.72,1.72,0,1.0,0,0,0.0,0.0,1
medium_compressibility,5,4,11,0,25,14,3,1.7857142857142858,0,0.72,1.72,0,1.0,0,0,0.0,0.0,1
medium_compressibility,5,4,12,0,25,14,3,1.7857142857142858,0,0.72,1.72,0,1.0,0,0,0.0,0.0,1
medium_compressibility,5,4,13,0,25,14,3,1.7857142857142858,0,0.72,1.72,0,1.0,0,0,0.0,0.0,1
medium_compressibility,5,4,14,0,25,14,3,1.7857142857142858,0,0.72,1.72,0,1.0,0,0,0.0,0.0,1
medium_compressibility,5,4,15,0,25,14,3,1.7857142857142858,0,0.72,1.72,0,1.0,0,0,0.0,0.0,1
medium_compressibility,5,5,0,0,25,14,3,1.7857142857142858,0,0.72,1.72,0,1.0,0,0,0.0,0.0,1
medium_compressibility,5,5,1,0,25,14,3,1.7857142857142858,0,0.72,1.72,0,1.0,0,0,0.0,0.0,1
medium_compressibility,5,5,2,0,25,14,3,1.7857142857142858,0,0.72,1.72,0,1.0,0,0,0.0,0.0,1
medium_compressibility,5,5,3,0,25,14,3,1.7857142857142858,0,0.72,1.72,0,1.0,0,0,0.0,0.0,1
medium_compressibility,5,5,4,0,25,14,3,1.7857142857142858,0,0.72,1.72,0,1.0,0,0,0.0,0.0,1
medium_compressibility,5,5,5,0,25,14,3,1.7857142857142858,0,0.72,1.72,0,1.0,0,0,0.0,0.0,1
medium_compressibility,5,5,6,0,25,14,3,1.7857142857142858,0,0.72,1.72,0,1.0,0,0,0.0,0.0,1
medium_compressibility,5,5,7,0,25,14,3,1.7857142857142858,0,0.72,1.72,0,1.0,0,0,0.0,0.0,1
medium_compressibility,5,5,8,0,25,14,3,1.7857142857142858,0,0.72,1.72,0,1.0,0,0,0.0,0.0,1
medium_compressibility,5,5,9,0,25,14,3,1.7857142857142858,0,0.72,1.72,0,1.0,0,0,0.0,0.0,1
medium_compressibility,5,5,10,0,25,14,3,1.7857142857142858,0,0.72,1.72,0,1.0,0,0,0.0,0.0,1
medium_compressibility,5,5,11,0,25,14,3,1.7857142857142858,0,0.72,1.72,0,1.0,0,0,0.0,0.0,1
medium_compressibility,5,5,12,0,25,14,3,1.7857142857142858,0,0.72,1.72,0,1.0,0,0,0.0,0.0,1
medium_compressibility,5,5,13,0,25,14,3,1.7857142857142858,0,0.72,1.72,0,1.0,0,0,0.0,0.0,1
medium_compressibility,5,5,14,0,25,14,3,1.7857142857142858,0,0.72,1.72,0,1.0,0,0,0.0,0.0,1
medium_compressibility,5,5,15,0,25,14,3,1.7857142857142858,0,0.72,1.72,0,1.0,0,0,0.0,0.0,1
medium_compressibility,5,6,0,0,25,14,3,1.7857142857142858,0,0.72,1.72,0,1.0,0,0,0.0,0.0,1
medium_compressibility,5,6,1,0,25,14,3,1.7857142857142858,0,0.72,1.72,0,1.0,0,0,0.0,0.0,1
medium_compressibility,5,6,2,0,25,14,3,1.7857142857142858,0,0.72,1.72,0,1.0,0,0,0.0,0.0,1
medium_compressibility,5,6,3,0,25,14,3,1.7857142857142858,0,0.72,1.72,0,1.0,0,0,0.0,0.0,1
medium_compressibility,5,6,4,0,25,14,3,1.7857142857142858,0,0.72,1.72,0,1.0,0,0,0.0,0.0,1
medium_compressibility,5,6,5,0,25,14,3,1.7857142857142858,0,0.72,1.72,0,1.0,0,0,0.0,0.0,1
medium_compressibility,5,6,6,0,25,14,3,1.7857142857142858,0,0.72,1.72,0,1.0,0,0,0.0,0.0,1
medium_compressibility,5,6,7,0,25,14,3,1.7857142857142858,0,0.72,1.72,0,1.0,0,0,0.0,0.0,1
medium_compressibility,5,6,8,0,25,14,3,1.7857142857142858,0,0.72,1.72,0,1.0,0,0,0.0,0.0,1
medium_compressibility,5,6,9,0,25,14,3,1.7857142857142858,0,0.72,1.72,0,1.0,0,0,0.0,0.0,1
medium_compressibility,5,6,10,0,25,14,3,1.7857142857142858,0,0.72,1.72,0,1.0,0,0,0.0,0.0,1
medium_compressibility,5,6,11,0,25,14,3,1.7857142857142858,0,0.72,1.72,0,1.0,0,0,0.0,0.0,1
medium_compressibility,5,6,12,0,25,14,3,1.7857142857142858,0,0.72,1.72,0,1.0,0,0,0.0,0.0,1
medium_compressibility,5,6,13,0,25,14,3,1.7857142857142858,0,0.72,1.72,0,1.0,0,0,0.0,0.0,1
medium_compressibility,5,6,14,0,25,14,3,1.7857142857142858,0,0.72,1.72,0,1.0,0,0,0.0,0.0,1
medium_compressibility,5,6,15,0,25,14,3,1.7857142857142858,0,0.72,1.72,0,1.0,0,0,0.0,0.0,1
medium_compressibility,5,7,0,0,25,14,3,1.7857142857142858,0,0.72,1.72,0,1.0,0,0,0.0,0.0,1
medium_compressibility,5,7,1,0,25,14,3,1.7857142857142858,0,0.72,1.72,0,1.0,0,0,0.0,0.0,1
medium_compressibility,5,7,2,0,25,14,3,1.7857142857142858,0,0.72,1.72,0,1.0,0,0,0.0,0.0,1
medium_compressibility,5,7,3,0,25,14,3,1.7857142857142858,0,0.72,1.72,0,1.0,0,0,0.0,0.0,1
medium_compressibility,5,7,4,0,25,14,3,1.7857142857142858,0,0.72,1.72,0,1.0,0,0,0.0,0.0,1
medium_compressibility,5,7,5,0,25,14,3,1.7857142857142858,0,0.72,1.72,0,1.0,0,0,0.0,0.0,1
medium_compressibility,5,7,6,0,25,14,3,1.7857142857142858,0,0.72,1.72,0,1.0,0,0,0.0,0.0,1
medium_compressibility,5,7,7,0,25,14,3,1.7857142857142858,0,0.72,1.72,0,1.0,0,0,0.0,0.0,1
medium_compressibility,5,7,8,0,25,14,3,1.7857142857142858,0,0.72,1.72,0,1.0,0,0,0.0,0.0,1
medium_compressibility,5,7,9,0,25,14,3,1.7857142857142858,0,0.72,1.72,0,1.0,0,0,0.0,0.0,1
medium_compressibility,5,7,10,0,25,14,3,1.7857142857142858,0,0.72,1.72,0,1.0,0,0,0.0,0.0,1
medium_compressibility,5,7,11,0,25,14,3,1.7857142857142858,0,0.72,1.72,0,1.0,0,0,0.0,0.0,1
medium_compressibility,5,7,12,0,25,14,3,1.7857142857142858,0,0.72,1.72,0,1.0,0,0,0.0,0.0,1
medium_compressibility,5,7,13,0,25,14,3,1.7857142857142858,0,0.72,1.72,0,1.0,0,0,0.0,0.0,1
medium_compressibility,5,7,14,0,25,14,3,1.7857142857142858,0,0.72,1.72,0,1.0,0,0,0.0,0.0,1
medium_compressibility,5,7,15,0,25,14,3,1.7857142857142858,0,0.72,1.72,0,1.0,0,0,0.0,0.0,1
medium_compressibility,7,1,0,14,25,16,5,1.5625,11,0.84,2.32,1,inf,0,0,0.0,0.0,0
medium_compressibility,7,1,1,14,25,16,5,1.5625,11,0.84,2.32,1,inf,0,0,0.0,0.07407407407407407,0
medium_compressibility,7,1,2,14,25,16,5,1.5625,11,0.84,2.32,1,inf,0,0,0.0,0.07407407407407407,0
medium_compressibility,7,1,3,14,25,16,5,1.5625,11,0.84,2.32,1,inf,0,0,0.0,0.07407407407407407,0
medium_compressibility,7,1,4,14,25,16,5,1.5625,11,0.84,2.32,1,1.6875,1,0,0.07407407407407407,0.07407407407407407,1
medium_compressibility,7,1,5,14,25,16,5,1.5625,11,0.84,2.32,1,1.6875,1,0,0.07407407407407407,0.07407407407407407,1
medium_compressibility,7,1,6,14,25,16,5,1.5625,11,0.84,2.32,1,1.6875,1,0,0.07407407407407407,0.07407407407407407,1
medium_compressibility,7,1,7,14,25,16,5,1.5625,11,0.84,2.32,1,1.6875,1,0,0.07407407407407407,0.07407407407407407,1
medium_compressibility,7,1,8,14,25,16,5,1.5625,11,0.84,2.32,1,1.6875,1,0,0.07407407407407407,0.07407407407407407,1
medium_compressibility,7,1,9,14,25,16,5,1.5625,11,0.84,2.32,1,1.6875,1,0,0.07407407407407407,0.07407407407407407,1
medium_compressibility,7,1,10,14,25,16,5,1.5625,11,0.84,2.32,1,1.6875,1,0,0.07407407407407407,0.07407407407407407,1
medium_compressibility,7,1,11,14,25,16,5,1.5625,11,0.84,2.32,1,1.6875,1,0,0.07407407407407407,0.07407407407407407,1
medium_compressibility,7,1,12,14,25,16,5,1.5625,11,0.84,2.32,1,1.6875,1,0,0.07407407407407407,0.07407407407407407,1
medium_compressibility,7,1,13,14,25,16,5,1.5625,11,0.84,2.32,1,1.6875,1,0,0.07407407407407407,0.07407407407407407,1
medium_compressibility,7,1,14,14,25,16,5,1.5625,11,0.84,2.32,1,1.6875,1,0,0.07407407407407407,0.07407407407407407,1
medium_compressibility,7,1,15,14,25,16,5,1.5625,11,0.84,2.32,1,1.6875,1,0,0.07407407407407407,0.07407407407407407,1
medium_compressibility,7,2,0,8,25,16,5,1.5625,3,0.84,2.32,1,inf,0,0,0.0,0.10526315789473684,0
medium_compressibility,7,2,1,8,25,16,5,1.5625,3,0.84,2.32,1,inf,0,0,0.0,0.10526315789473684,0
medium_compressibility,7,2,2,8,25,16,5,1.5625,3,0.84,2.32,1,inf,0,0,0.0,0.10526315789473684,0
medium_compressibility,7,2,3,8,25,16,5,1.5625,3,0.84,2.32,1,1.1875,1,0,0.10526315789473684,0.10526315789473684,1
medium_compressibility,7,2,4,8,25,16,5,1.5625,3,0.84,2.32,1,1.1875,1,0,0.10526315789473684,0.10526315789473684,1
medium_compressibility,7,2,5,8,25,16,5,1.5625,3,0.84,2.32,1,1.125,1,0,0.05555555555555555,0.10526315789473684,1
medium_compressibility,7,2,6,8,25,16,5,1.5625,3,0.84,2.32,1,1.125,1,0,0.05555555555555555,0.10526315789473684,1
medium_compressibility,7,2,7,8,25,16,5,1.5625,3,0.84,2.32,1,1.125,1,0,0.05555555555555555,0.10526315789473684,1
medium_compressibility,7,2,8,8,25,16,5,1.5625,3,0.84,2.32,1,1.125,1,0,0.05555555555555555,0.10526315789473684,1
medium_compressibility,7,2,9,8,25,16,5,1.5625,3,0.84,2.32,1,1.125,1,0,0.05555555555555555,0.10526315789473684,1
medium_compressibility,7,2,10,8,25,16,5,1.5625,3,0.84,2.32,1,1.125,1,0,0.05555555555555555,0.10526315789473684,1
medium_compressibility,7,2,11,8,25,16,5,1.5625,3,0.84,2.32,1,1.125,1,0,0.05555555555555555,0.10526315789473684,1
medium_compressibility,7,2,12,8,25,16,5,1.5625,3,0.84,2.32,1,1.125,1,0,0.05555555555555555,0.10526315789473684,1
medium_compressibility,7,2,13,8,25,16,5,1.5625,3,0.84,2.32,1,1.125,1,0,0.05555555555555555,0.10526315789473684,1
medium_compressibility,7,2,14,8,25,16,5,1.5625,3,0.84,2.32,1,1.125,1,0,0.05555555555555555,0.10526315789473684,1
medium_compressibility,7,2,15,8,25,16,5,1.5625,3,0.84,2.32,1,1.125,1,0,0.05555555555555555,0.10526315789473684,1
medium_compressibility,7,3,0,4,25,16,5,1.5625,1,0.84,2.32,1,inf,0,0,0.0,0.0,0
medium_compressibility,7,3,1,4,25,16,5,1.5625,1,0.84,2.32,1,inf,0,0,0.0,0.0,0
medium_compressibility,7,3,2,4,25,16,5,1.5625,1,0.84,2.32,1,1.125,1,0,0.05555555555555555,0.0,1
medium_compressibility,7,3,3,4,25,16,5,1.5625,1,0.84,2.32,1,1.0625,0,0,0.0,0.0,1
medium_compressibility,7,3,4,4,25,16,5,1.5625,1,0.84,2.32,1,1.0625,0,0,0.0,0.0,1
medium_compressibility,7,3,5,4,25,16,5,1.5625,1,0.84,2.32,1,1.0625,0,0,0.0,0.0,1
medium_compressibility,7,3,6,4,25,16,5,1.5625,1,0.84,2.32,1,1.0625,0,0,0.0,0.0,1
medium_compressibility,7,3,7,4,25,16,5,1.5625,1,0.84,2.32,1,1.0625,0,0,0.0,0.0,1
medium_compressibility,7,3,8,4,25,16,5,1.5625,1,0.84,2.32,1,1.0625,0,0,0.0,0.0,1
medium_compressibility,7,3,9,4,25,16,5,1.5625,1,0.84,2.32,1,1.0625,0,0,0.0,0.0,1
medium_compressibility,7,3,10,4,25,16,5,1.5625,1,0.84,2.32,1,1.0625,0,0,0.0,0.0,1
medium_compressibility,7,3,11,4,25,16,5,1.5625,1,0.84,2.32,1,1.0625,0,0,0.0,0.0,1
medium_compressibility,7,3,12,4,25,16,5,1.5625,1,0.84,2.32,1,1.0625,0,0,0.0,0.0,1
medium_compressibility,7,3,13,4,25,16,5,1.5625,1,0.84,2.32,1,1.0625,0,0,0.0,0.0,1
medium_compressibility,7,3,14,4,25,16,5,1.5625,1,0.84,2.32,1,1.0625,0,0,0.0,0.0,1
medium_compressibility,7,3,15,4,25,16,5,1.5625,1,0.84,2.32,1,1.0625,0,0,0.0,0.0,1
medium_compressibility,7,4,0,1,25,16,5,1.5625,0,0.84,2.32,1,inf,0,0,0.0,0.0,0
medium_compressibility,7,4,1,1,25,16,5,1.5625,0,0.84,2.32,0,1.0,0,0,-0.0625,0.0,1
medium_compressibility,7,4,2,1,25,16,5,1.5625,0,0.84,2.32,0,1.0,0,0,-0.0625,0.0,1
medium_compressibility,7,4,3,1,25,16,5,1.5625,0,0.84,2.32,0,1.0,0,0,-0.0625,0.0,1
medium_compressibility,7,4,4,1,25,16,5,1.5625,0,0.84,2.32,0,1.0,0,0,-0.0625,0.0,1
medium_compressibility,7,4,5,1,25,16,5,1.5625,0,0.84,2.32,0,1.0,0,0,-0.0625,0.0,1
medium_compressibility,7,4,6,1,25,16,5,1.5625,0,0.84,2.32,0,1.0,0,0,-0.0625,0.0,1
medium_compressibility,7,4,7,1,25,16,5,1.5625,0,0.84,2.32,0,1.0,0,0,-0.0625,0.0,1
medium_compressibility,7,4,8,1,25,16,5,1.5625,0,0.84,2.32,0,1.0,0,0,-0.0625,0.0,1
medium_compressibility,7,4,9,1,25,16,5,1.5625,0,0.84,2.32,0,1.0,0,0,-0.0625,0.0,1
medium_compressibility,7,4,10,1,25,16,5,1.5625,0,0.84,2.32,0,1.0,0,0,-0.0625,0.0,1
medium_compressibility,7,4,11,1,25,16,5,1.5625,0,0.84,2.32,0,1.0,0,0,-0.0625,0.0,1
medium_compressibility,7,4,12,1,25,16,5,1.5625,0,0.84,2.32,0,1.0,0,0,-0.0625,0.0,1
medium_compressibility,7,4,13,1,25,16,5,1.5625,0,0.84,2.32,0,1.0,0,0,-0.0625,0.0,1
medium_compressibility,7,4,14,1,25,16,5,1.5625,0,0.84,2.32,0,1.0,0,0,-0.0625,0.0,1
medium_compressibility,7,4,15,1,25,16,5,1.5625,0,0.84,2.32,0,1.0,0,0,-0.0625,0.0,1
medium_compressibility,7,5,0,0,25,16,5,1.5625,0,0.84,2.32,0,1.0,0,0,-0.0625,-0.0625,1
medium_compressibility,7,5,1,0,25,16,5,1.5625,0,0.84,2.32,0,1.0,0,0,-0.0625,-0.0625,1
medium_compressibility,7,5,2,0,25,16,5,1.5625,0,0.84,2.32,0,1.0,0,0,-0.0625,-0.0625,1
medium_compressibility,7,5,3,0,25,16,5,1.5625,0,0.84,2.32,0,1.0,0,0,-0.0625,-0.0625,1
medium_compressibility,7,5,4,0,25,16,5,1.5625,0,0.84,2.32,0,1.0,0,0,-0.0625,-0.0625,1
medium_compressibility,7,5,5,0,25,16,5,1.5625,0,0.84,2.32,0,1.0,0,0,-0.0625,-0.0625,1
medium_compressibility,7,5,6,0,25,16,5,1.5625,0,0.84,2.32,0,1.0,0,0,-0.0625,-0.0625,1
medium_compressibility,7,5,7,0,25,16,5,1.5625,0,0.84,2.32,0,1.0,0,0,-0.0625,-0.0625,1
medium_compressibility,7,5,8,0,25,16,5,1.5625,0,0.84,2.32,0,1.0,0,0,-0.0625,-0.0625,1
medium_compressibility,7,5,9,0,25,16,5,1.5625,0,0.84,2.32,0,1.0,0,0,-0.0625,-0.0625,1
medium_compressibility,7,5,10,0,25,16,5,1.5625,0,0.84,2.32,0,1.0,0,0,-0.0625,-0.0625,1
medium_compressibility,7,5,11,0,25,16,5,1.5625,0,0.84,2.32,0,1.0,0,0,-0.0625,-0.0625,1
medium_compressibility,7,5,12,0,25,16,5,1.5625,0,0.84,2.32,0,1.0,0,0,-0.0625,-0.0625,1
medium_compressibility,7,5,13,0,25,16,5,1.5625,0,0.84,2.32,0,1.0,0,0,-0.0625,-0.0625,1
medium_compressibility,7,5,14,0,25,16,5,1.5625,0,0.84,2.32,0,1.0,0,0,-0.0625,-0.0625,1
medium_compressibility,7,5,15,0,25,16,5,1.5625,0,0.84,2.32,0,1.0,0,0,-0.0625,-0.0625,1
medium_compressibility,7,6,0,0,25,16,5,1.5625,0,0.84,2.32,0,1.0,0,0,-0.0625,-0.0625,1
medium_compressibility,7,6,1,0,25,16,5,1.5625,0,0.84,2.32,0,1.0,0,0,-0.0625,-0.0625,1
medium_compressibility,7,6,2,0,25,16,5,1.5625,0,0.84,2.32,0,1.0,0,0,-0.0625,-0.0625,1
medium_compressibility,7,6,3,0,25,16,5,1.5625,0,0.84,2.32,0,1.0,0,0,-0.0625,-0.0625,1
medium_compressibility,7,6,4,0,25,16,5,1.5625,0,0.84,2.32,0,1.0,0,0,-0.0625,-0.0625,1
medium_compressibility,7,6,5,0,25,16,5,1.5625,0,0.84,2.32,0,1.0,0,0,-0.0625,-0.0625,1
medium_compressibility,7,6,6,0,25,16,5,1.5625,0,0.84,2.32,0,1.0,0,0,-0.0625,-0.0625,1
medium_compressibility,7,6,7,0,25,16,5,1.5625,0,0.84,2.32,0,1.0,0,0,-0.0625,-0.0625,1
medium_compressibility,7,6,8,0,25,16,5,1.5625,0,0.84,2.32,0,1.0,0,0,-0.0625,-0.0625,1
medium_compressibility,7,6,9,0,25,16,5,1.5625,0,0.84,2.32,0,1.0,0,0,-0.0625,-0.0625,1
medium_compressibility,7,6,10,0,25,16,5,1.5625,0,0.84,2.32,0,1.0,0,0,-0.0625,-0.0625,1
medium_compressibility,7,6,11,0,25,16,5,1.5625,0,0.84,2.32,0,1.0,0,0,-0.0625,-0.0625,1
medium_compressibility,7,6,12,0,25,16,5,1.5625,0,0.84,2.32,0,1.0,0,0,-0.0625,-0.0625,1
medium_compressibility,7,6,13,0,25,16,5,1.5625,0,0.84,2.32,0,1.0,0,0,-0.0625,-0.0625,1
medium_compressibility,7,6,14,0,25,16,5,1.5625,0,0.84,2.32,0,1.0,0,0,-0.0625,-0.0625,1
medium_compressibility,7,6,15,0,25,16,5,1.5625,0,0.84,2.32,0,1.0,0,0,-0.0625,-0.0625,1
medium_compressibility,7,7,0,0,25,16,5,1.5625,0,0.84,2.32,0,1.0,0,0,-0.0625,-0.0625,1
medium_compressibility,7,7,1,0,25,16,5,1.5625,0,0.84,2.32,0,1.0,0,0,-0.0625,-0.0625,1
medium_compressibility,7,7,2,0,25,16,5,1.5625,0,0.84,2.32,0,1.0,0,0,-0.0625,-0.0625,1
medium_compressibility,7,7,3,0,25,16,5,1.5625,0,0.84,2.32,0,1.0,0,0,-0.0625,-0.0625,1
medium_compressibility,7,7,4,0,25,16,5,1.5625,0,0.84,2.32,0,1.0,0,0,-0.0625,-0.0625,1
medium_compressibility,7,7,5,0,25,16,5,1.5625,0,0.84,2.32,0,1.0,0,0,-0.0625,-0.0625,1
medium_compressibility,7,7,6,0,25,16,5,1.5625,0,0.84,2.32,0,1.0,0,0,-0.0625,-0.0625,1
medium_compressibility,7,7,7,0,25,16,5,1.5625,0,0.84,2.32,0,1.0,0,0,-0.0625,-0.0625,1
medium_compressibility,7,7,8,0,25,16,5,1.5625,0,0.84,2.32,0,1.0,0,0,-0.0625,-0.0625,1
medium_compressibility,7,7,9,0,25,16,5,1.5625,0,0.84,2.32,0,1.0,0,0,-0.0625,-0.0625,1
medium_compressibility,7,7,10,0,25,16,5,1.5625,0,0.84,2.32,0,1.0,0,0,-0.0625,-0.0625,1
medium_compressibility,7,7,11,0,25,16,5,1.5625,0,0.84,2.32,0,1.0,0,0,-0.0625,-0.0625,1
medium_compressibility,7,7,12,0,25,16,5,1.5625,0,0.84,2.32,0,1.0,0,0,-0.0625,-0.0625,1
medium_compressibility,7,7,13,0,25,16,5,1.5625,0,0.84,2.32,0,1.0,0,0,-0.0625,-0.0625,1
medium_compressibility,7,7,14,0,25,16,5,1.5625,0,0.84,2.32,0,1.0,0,0,-0.0625,-0.0625,1
medium_compressibility,7,7,15,0,25,16,5,1.5625,0,0.84,2.32,0,1.0,0,0,-0.0625,-0.0625,1
medium_compressibility,9,1,0,12,25,14,4,1.7857142857142858,12,0.84,4.28,1,inf,0,0,0.0,0.0,0
medium_compressibility,9,1,1,12,25,14,4,1.7857142857142858,12,0.84,4.28,1,inf,0,0,0.0,0.0,0
medium_compressibility,9,1,2,12,25,14,4,1.7857142857142858,12,0.84,4.28,1,inf,0,0,0.0,0.0,0
medium_compressibility,9,1,3,12,25,14,4,1.7857142857142858,12,0.84,4.28,1,1.8571428571428572,0,0,0.038461538461538464,0.0,1
medium_compressibility,9,1,4,12,25,14,4,1.7857142857142858,12,0.84,4.28,1,1.8571428571428572,0,0,0.038461538461538464,0.0,1
medium_compressibility,9,1,5,12,25,14,4,1.7857142857142858,12,0.84,4.28,1,1.8571428571428572,0,0,0.038461538461538464,0.0,1
medium_compressibility,9,1,6,12,25,14,4,1.7857142857142858,12,0.84,4.28,1,1.8571428571428572,0,0,0.038461538461538464,0.0,1
medium_compressibility,9,1,7,12,25,14,4,1.7857142857142858,12,0.84,4.28,1,1.8571428571428572,0,0,0.038461538461538464,0.0,1
medium_compressibility,9,1,8,12,25,14,4,1.7857142857142858,12,0.84,4.28,1,1.8571428571428572,0,0,0.038461538461538464,0.0,1
medium_compressibility,9,1,9,12,25,14,4,1.7857142857142858,12,0.84,4.28,1,1.8571428571428572,0,0,0.038461538461538464,0.0,1
medium_compressibility,9,1,10,12,25,14,4,1.7857142857142858,12,0.84,4.28,1,1.8571428571428572,0,0,0.038461538461538464,0.0,1
medium_compressibility,9,1,11,12,25,14,4,1.7857142857142858,12,0.84,4.28,1,1.8571428571428572,0,0,0.038461538461538464,0.0,1
medium_compressibility,9,1,12,12,25,14,4,1.7857142857142858,12,0.84,4.28,1,1.8571428571428572,0,0,0.038461538461538464,0.0,1
medium_compressibility,9,1,13,12,25,14,4,1.7857142857142858,12,0.84,4.28,1,1.8571428571428572,0,0,0.038461538461538464,0.0,1
medium_compressibility,9,1,14,12,25,14,4,1.7857142857142858,12,0.84,4.28,1,1.8571428571428572,0,0,0.038461538461538464,0.0,1
medium_compressibility,9,1,15,12,25,14,4,1.7857142857142858,12,0.84,4.28,1,1.8571428571428572,0,0,0.038461538461538464,0.0,1
medium_compressibility,9,2,0,5,25,14,4,1.7857142857142858,4,0.84,4.28,1,inf,0,0,0.0,0.06666666666666667,0
medium_compressibility,9,2,1,5,25,14,4,1.7857142857142858,4,0.84,4.28,1,inf,0,0,0.0,0.06666666666666667,0
medium_compressibility,9,2,2,5,25,14,4,1.7857142857142858,4,0.84,4.28,1,1.1428571428571428,0,0,0.125,0.06666666666666667,1
medium_compressibility,9,2,3,5,25,14,4,1.7857142857142858,4,0.84,4.28,1,1.1428571428571428,0,0,0.125,0.06666666666666667,1
medium_compressibility,9,2,4,5,25,14,4,1.7857142857142858,4,0.84,4.28,1,1.1428571428571428,0,0,0.125,0.06666666666666667,1
medium_compressibility,9,2,5,5,25,14,4,1.7857142857142858,4,0.84,4.28,1,1.1428571428571428,0,0,0.125,0.06666666666666667,1
medium_compressibility,9,2,6,5,25,14,4,1.7857142857142858,4,0.84,4.28,1,1.1428571428571428,0,0,0.125,0.06666666666666667,1
medium_compressibility,9,2,7,5,25,14,4,1.7857142857142858,4,0.84,4.28,1,1.1428571428571428,0,0,0.125,0.06666666666666667,1
medium_compressibility,9,2,8,5,25,14,4,1.7857142857142858,4,0.84,4.28,1,1.1428571428571428,0,0,0.125,0.06666666666666667,1
medium_compressibility,9,2,9,5,25,14,4,1.7857142857142858,4,0.84,4.28,1,1.1428571428571428,0,0,0.125,0.06666666666666667,1
medium_compressibility,9,2,10,5,25,14,4,1.7857142857142858,4,0.84,4.28,1,1.1428571428571428,0,0,0.125,0.06666666666666667,1
medium_compressibility,9,2,11,5,25,14,4,1.7857142857142858,4,0.84,4.28,1,1.1428571428571428,0,0,0.125,0.06666666666666667,1
medium_compressibility,9,2,12,5,25,14,4,1.7857142857142858,4,0.84,4.28,1,1.1428571428571428,0,0,0.125,0.06666666666666667,1
medium_compressibility,9,2,13,5,25,14,4,1.7857142857142858,4,0.84,4.28,1,1.1428571428571428,0,0,0.125,0.06666666666666667,1
medium_compressibility,9,2,14,5,25,14,4,1.7857142857142858,4,0.84,4.28,1,1.1428571428571428,0,0,0.125,0.06666666666666667,1
medium_compressibility,9,2,15,5,25,14,4,1.7857142857142858,4,0.84,4.28,1,1.1428571428571428,0,0,0.125,0.06666666666666667,1
medium_compressibility,9,3,0,1,25,14,4,1.7857142857142858,0,0.84,4.28,1,inf,0,0,0.0,0.0,0
medium_compressibility,9,3,1,1,25,14,4,1.7857142857142858,0,0.84,4.28,0,1.0,0,0,0.0,0.0,1
medium_compressibility,9,3,2,1,25,14,4,1.7857142857142858,0,0.84,4.28,0,1.0,0,0,0.0,0.0,1
medium_compressibility,9,3,3,1,25,14,4,1.7857142857142858,0,0.84,4.28,0,1.0,0,0,0.0,0.0,1
medium_compressibility,9,3,4,1,25,14,4,1.7857142857142858,0,0.84,4.28,0,1.0,0,0,0.0,0.0,1
medium_compressibility,9,3,5,1,25,14,4,1.7857142857142858,0,0.84,4.28,0,1.0,0,0,0.0,0.0,1
medium_compressibility,9,3,6,1,25,14,4,1.7857142857142858,0,0.84,4.28,0,1.0,0,0,0.0,0.0,1
medium_compressibility,9,3,7,1,25,14,4,1.7857142857142858,0,0.84,4.28,0,1.0,0,0,0.0,0.0,1
medium_compressibility,9,3,8,1,25,14,4,1.7857142857142858,0,0.84,4.28,0,1.0,0,0,0.0,0.0,1
medium_compressibility,9,3,9,1,25,14,4,1.7857142857142858,0,0.84,4.28,0,1.0,0,0,0.0,0.0,1
medium_compressibility,9,3,10,1,25,14,4,1.7857142857142858,0,0.84,4.28,0,1.0,0,0,0.0,0.0,1
medium_compressibility,9,3,11,1,25,14,4,1.7857142857142858,0,0.84,4.28,0,1.0,0,0,0.0,0.0,1
medium_compressibility,9,3,12,1,25,14,4,1.7857142857142858,0,0.84,4.28,0,1.0,0,0,0.0,0.0,1
medium_compressibility,9,3,13,1,25,14,4,1.7857142857142858,0,0.84,4.28,0,1.0,0,0,0.0,0.0,1
medium_compressibility,9,3,14,1,25,14,4,1.7857142857142858,0,0.84,4.28,0,1.0,0,0,0.0,0.0,1
medium_compressibility,9,3,15,1,25,14,4,1.7857142857142858,0,0.84,4.28,0,1.0,0,0,0.0,0.0,1
medium_compressibility,9,4,0,0,25,14,4,1.7857142857142858,0,0.84,4.28,0,1.0,0,0,0.0,0.0,1
medium_compressibility,9,4,1,0,25,14,4,1.7857142857142858,0,0.84,4.28,0,1.0,0,0,0.0,0.0,1
medium_compressibility,9,4,2,0,25,14,4,1.7857142857142858,0,0.84,4.28,0,1.0,0,0,0.0,0.0,1
medium_compressibility,9,4,3,0,25,14,4,1.7857142857142858,0,0.84,4.28,0,1.0,0,0,0.0,0.0,1
medium_compressibility,9,4,4,0,25,14,4,1.7857142857142858,0,0.84,4.28,0,1.0,0,0,0.0,0.0,1
medium_compressibility,9,4,5,0,25,14,4,1.7857142857142858,0,0.84,4.28,0,1.0,0,0,0.0,0.0,1
medium_compressibility,9,4,6,0,25,14,4,1.7857142857142858,0,0.84,4.28,0,1.0,0,0,0.0,0.0,1
medium_compressibility,9,4,7,0,25,14,4,1.7857142857142858,0,0.84,4.28,0,1.0,0,0,0.0,0.0,1
medium_compressibility,9,4,8,0,25,14,4,1.7857142857142858,0,0.84,4.28,0,1.0,0,0,0.0,0.0,1
medium_compressibility,9,4,9,0,25,14,4,1.7857142857142858,0,0.84,4.28,0,1.0,0,0,0.0,0.0,1
medium_compressibility,9,4,10,0,25,14,4,1.7857142857142858,0,0.84,4.28,0,1.0,0,0,0.0,0.0,1
medium_compressibility,9,4,11,0,25,14,4,1.7857142857142858,0,0.84,4.28,0,1.0,0,0,0.0,0.0,1
medium_compressibility,9,4,12,0,25,14,4,1.7857142857142858,0,0.84,4.28,0,1.0,0,0,0.0,0.0,1
medium_compressibility,9,4,13,0,25,14,4,1.7857142857142858,0,0.84,4.28,0,1.0,0,0,0.0,0.0,1
medium_compressibility,9,4,14,0,25,14,4,1.7857142857142858,0,0.84,4.28,0,1.0,0,0,0.0,0.0,1
medium_compressibility,9,4,15,0,25,14,4,1.7857142857142858,0,0.84,4.28,0,1.0,0,0,0.0,0.0,1
medium_compressibility,9,5,0,0,25,14,4,1.7857142857142858,0,0.84,4.28,0,1.0,0,0,0.0,0.0,1
medium_compressibility,9,5,1,0,25,14,4,1.7857142857142858,0,0.84,4.28,0,1.0,0,0,0.0,0.0,1
medium_compressibility,9,5,2,0,25,14,4,1.7857142857142858,0,0.84,4.28,0,1.0,0,0,0.0,0.0,1
medium_compressibility,9,5,3,0,25,14,4,1.7857142857142858,0,0.84,4.28,0,1.0,0,0,0.0,0.0,1
medium_compressibility,9,5,4,0,25,14,4,1.7857142857142858,0,0.84,4.28,0,1.0,0,0,0.0,0.0,1
medium_compressibility,9,5,5,0,25,14,4,1.7857142857142858,0,0.84,4.28,0,1.0,0,0,0.0,0.0,1
medium_compressibility,9,5,6,0,25,14,4,1.7857142857142858,0,0.84,4.28,0,1.0,0,0,0.0,0.0,1
medium_compressibility,9,5,7,0,25,14,4,1.7857142857142858,0,0.84,4.28,0,1.0,0,0,0.0,0.0,1
medium_compressibility,9,5,8,0,25,14,4,1.7857142857142858,0,0.84,4.28,0,1.0,0,0,0.0,0.0,1
medium_compressibility,9,5,9,0,25,14,4,1.7857142857142858,0,0.84,4.28,0,1.0,0,0,0.0,0.0,1
medium_compressibility,9,5,10,0,25,14,4,1.7857142857142858,0,0.84,4.28,0,1.0,0,0,0.0,0.0,1
medium_compressibility,9,5,11,0,25,14,4,1.7857142857142858,0,0.84,4.28,0,1.0,0,0,0.0,0.0,1
medium_compressibility,9,5,12,0,25,14,4,1.7857142857142858,0,0.84,4.28,0,1.0,0,0,0.0,0.0,1
medium_compressibility,9,5,13,0,25,14,4,1.7857142857142858,0,0.84,4.28,0,1.0,0,0,0.0,0.0,1
medium_compressibility,9,5,14,0,25,14,4,1.7857142857142858,0,0.84,4.28,0,1.0,0,0,0.0,0.0,1
medium_compressibility,9,5,15,0,25,14,4,1.7857142857142858,0,0.84,4.28,0,1.0,0,0,0.0,0.0,1
medium_compressibility,9,6,0,0,25,14,4,1.7857142857142858,0,0.84,4.28,0,1.0,0,0,0.0,0.0,1
medium_compressibility,9,6,1,0,25,14,4,1.7857142857142858,0,0.84,4.28,0,1.0,0,0,0.0,0.0,1
medium_compressibility,9,6,2,0,25,14,4,1.7857142857142858,0,0.84,4.28,0,1.0,0,0,0.0,0.0,1
medium_compressibility,9,6,3,0,25,14,4,1.7857142857142858,0,0.84,4.28,0,1.0,0,0,0.0,0.0,1
medium_compressibility,9,6,4,0,25,14,4,1.7857142857142858,0,0.84,4.28,0,1.0,0,0,0.0,0.0,1
medium_compressibility,9,6,5,0,25,14,4,1.7857142857142858,0,0.84,4.28,0,1.0,0,0,0.0,0.0,1
medium_compressibility,9,6,6,0,25,14,4,1.7857142857142858,0,0.84,4.28,0,1.0,0,0,0.0,0.0,1
medium_compressibility,9,6,7,0,25,14,4,1.7857142857142858,0,0.84,4.28,0,1.0,0,0,0.0,0.0,1
medium_compressibility,9,6,8,0,25,14,4,1.7857142857142858,0,0.84,4.28,0,1.0,0,0,0.0,0.0,1
medium_compressibility,9,6,9,0,25,14,4,1.7857142857142858,0,0.84,4.28,0,1.0,0,0,0.0,0.0,1
medium_compressibility,9,6,10,0,25,14,4,1.7857142857142858,0,0.84,4.28,0,1.0,0,0,0.0,0.0,1
medium_compressibility,9,6,11,0,25,14,4,1.7857142857142858,0,0.84,4.28,0,1.0,0,0,0.0,0.0,1
medium_compressibility,9,6,12,0,25,14,4,1.7857142857142858,0,0.84,4.28,0,1.0,0,0,0.0,0.0,1
medium_compressibility,9,6,13,0,25,14,4,1.7857142857142858,0,0.84,4.28,0,1.0,0,0,0.0,0.0,1
medium_compressibility,9,6,14,0,25,14,4,1.7857142857142858,0,0.84,4.28,0,1.0,0,0,0.0,0.0,1
medium_compressibility,9,6,15,0,25,14,4,1.7857142857142858,0,0.84,4.28,0,1.0,0,0,0.0,0.0,1
medium_compressibility,9,7,0,0,25,14,4,1.7857142857142858,0,0.84,4.28,0,1.0,0,0,0.0,0.0,1
medium_compressibility,9,7,1,0,25,14,4,1.7857142857142858,0,0.84,4.28,0,1.0,0,0,0.0,0.0,1
medium_compressibility,9,7,2,0,25,14,4,1.7857142857142858,0,0.84,4.28,0,1.0,0,0,0.0,0.0,1
medium_compressibility,9,7,3,0,25,14,4,1.7857142857142858,0,0.84,4.28,0,1.0,0,0,0.0,0.0,1
medium_compressibility,9,7,4,0,25,14,4,1.7857142857142858,0,0.84,4.28,0,1.0,0,0,0.0,0.0,1
medium_compressibility,9,7,5,0,25,14,4,1.7857142857142858,0,0.84,4.28,0,1.0,0,0,0.0,0.0,1
medium_compressibility,9,7,6,0,25,14,4,1.7857142857142858,0,0.84,4.28,0,1.0,0,0,0.0,0.0,1
medium_compressibility,9,7,7,0,25,14,4,1.7857142857142858,0,0.84,4.28,0,1.0,0,0,0.0,0.0,1
medium_compressibility,9,7,8,0,25,14,4,1.7857142857142858,0,0.84,4.28,0,1.0,0,0,0.0,0.0,1
medium_compressibility,9,7,9,0,25,14,4,1.7857142857142858,0,0.84,4.28,0,1.0,0,0,0.0,0.0,1
medium_compressibility,9,7,10,0,25,14,4,1.7857142857142858,0,0.84,4.28,0,1.0,0,0,0.0,0.0,1
medium_compressibility,9,7,11,0,25,14,4,1.7857142857142858,0,0.84,4.28,0,1.0,0,0,0.0,0.0,1
medium_compressibility,9,7,12,0,25,14,4,1.7857142857142858,0,0.84,4.28,0,1.0,0,0,0.0,0.0,1
medium_compressibility,9,7,13,0,25,14,4,1.7857142857142858,0,0.84,4.28,0,1.0,0,0,0.0,0.0,1
medium_compressibility,9,7,14,0,25,14,4,1.7857142857142858,0,0.84,4.28,0,1.0,0,0,0.0,0.0,1
medium_compressibility,9,7,15,0,25,14,4,1.7857142857142858,0,0.84,4.28,0,1.0,0,0,0.0,0.0,1
