family,seed,policy,capacity_limit_mode,capacity_limit,C,B,feasible,feasible_reason,legacy_compressibility,slack_ratio,mean_t_slack,T_static,T_exe,stall_cycles,stall_ratio,delta_max,gamma,peak_demand,mean_demand,total_T,QTV_proxy,normalized_makespan
high_compressibility,1,static_min,none,0,1,0,0,peak_demand_exceeds_reachable_stock,0.5665024630541872,1.0,3.9655172413793105,8,inf,inf,1.0,23,23,6,3.625,29,inf,inf
high_compressibility,1,capacity_aware_static,C,1,1,0,1,feasible,0.5665024630541872,1.0,3.9655172413793105,29,29.0,0.0,0.0,0,0,1,1.0,29,331.0,1.0
high_compressibility,1,smoothed,none,0,1,0,0,peak_demand_exceeds_reachable_stock,0.5665024630541872,1.0,3.9655172413793105,10,inf,inf,1.0,19,19,3,2.9,29,inf,inf
high_compressibility,1,static_min,none,0,1,1,0,peak_demand_exceeds_reachable_stock,0.5665024630541872,1.0,3.9655172413793105,8,inf,inf,1.0,23,23,6,3.625,29,inf,inf
high_compressibility,1,capacity_aware_static,C,1,1,1,1,feasible,0.5665024630541872,1.0,3.9655172413793105,29,29.0,0.0,0.0,0,0,1,1.0,29,331.0,1.0
high_compressibility,1,smoothed,none,0,1,1,0,peak_demand_exceeds_reachable_stock,0.5665024630541872,1.0,3.9655172413793105,10,inf,inf,1.0,19,19,3,2.9,29,inf,inf
high_compressibility,1,static_min,none,0,1,2,0,peak_demand_exceeds_reachable_stock,0.5665024630541872,1.0,3.9655172413793105,8,inf,inf,1.0,23,23,6,3.625,29,inf,inf
high_compressibility,1,capacity_aware_static,C,1,1,2,1,feasible,0.5665024630541872,1.0,3.9655172413793105,29,29.0,0.0,0.0,0,0,1,1.0,29,331.0,1.0
high_compressibility,1,smoothed,none,0,1,2,1,feasible,0.5665024630541872,1.0,3.9655172413793105,10,29.0,19.0,0.6551724137931034,19,19,3,2.9,29,461.0,2.9
high_compressibility,1,static_min,none,0,1,3,0,peak_demand_exceeds_reachable_stock,0.5665024630541872,1.0,3.9655172413793105,8,inf,inf,1.0,23,23,6,3.625,29,inf,inf
high_compressibility,1,capacity_aware_static,C,1,1,3,1,feasible,0.5665024630541872,1.0,3.9655172413793105,29,29.0,0.0,0.0,0,0,1,1.0,29,331.0,1.0
high_compressibility,1,smoothed,none,0,1,3,1,feasible,0.5665024630541872,1.0,3.9655172413793105,10,29.0,19.0,0.6551724137931034,19,19,3,2.9,29,461.0,2.9
high_compressibility,1,static_min,none,0,1,4,0,peak_demand_exceeds_reachable_stock,0.5665024630541872,1.0,3.9655172413793105,8,inf,inf,1.0,23,23,6,3.625,29,inf,inf
high_compressibility,1,capacity_aware_static,C,1,1,4,1,feasible,0.5665024630541872,1.0,3.9655172413793105,29,29.0,0.0,0.0,0,0,1,1.0,29,331.0,1.0
high_compressibility,1,smoothed,none,0,1,4,1,feasible,0.5665024630541872,1.0,3.9655172413793105,10,29.0,19.0,0.6551724137931034,19,19,3,2.9,29,461.0,2.9
high_compressibility,1,static_min,none,0,1,5,1,feasible,0.5665024630541872,1.0,3.9655172413793105,8,31.0,23.0,0.7419354838709677,23,23,6,3.625,29,405.0,3.875
high_compressibility,1,capacity_aware_static,C,1,1,5,1,feasible,0.5665024630541872,1.0,3.9655172413793105,29,29.0,0.0,0.0,0,0,1,1.0,29,331.0,1.0
high_compressibility,1,smoothed,none,0,1,5,1,feasible,0.5665024630541872,1.0,3.9655172413793105,10,29.0,19.0,0.6551724137931034,19,19,3,2.9,29,461.0,2.9
high_compressibility,1,static_min,none,0,1,6,1,feasible,0.5665024630541872,1.0,3.9655172413793105,8,31.0,23.0,0.7419354838709677,23,23,6,3.625,29,405.0,3.875
high_compressibility,1,capacity_aware_static,C,1,1,6,1,feasible,0.5665024630541872,1.0,3.9655172413793105,29,29.0,0.0,0.0,0,0,1,1.0,29,331.0,1.0
high_compressibility,1,smoothed,none,0,1,6,1,feasible,0.5665024630541872,1.0,3.9655172413793105,10,29.0,19.0,0.6551724137931034,19,19,3,2.9,29,461.0,2.9
high_compressibility,1,static_min,none,0,1,7,1,feasible,0.5665024630541872,1.0,3.9655172413793105,8,31.0,23.0,0.7419354838709677,23,23,6,3.625,29,405.0,3.875
high_compressibility,1,capacity_aware_static,C,1,1,7,1,feasible,0.5665024630541872,1.0,3.9655172413793105,29,29.0,0.0,0.0,0,0,1,1.0,29,331.0,1.0
high_compressibility,1,smoothed,none,0,1,7,1,feasible,0.5665024630541872,1.0,3.9655172413793105,10,29.0,19.0,0.6551724137931034,19,19,3,2.9,29,461.0,2.9
high_compressibility,1,static_min,none,0,1,8,1,feasible,0.5665024630541872,1.0,3.9655172413793105,8,31.0,23.0,0.7419354838709677,23,23,6,3.625,29,405.0,3.875
high_compressibility,1,capacity_aware_static,C,1,1,8,1,feasible,0.5665024630541872,1.0,3.9655172413793105,29,29.0,0.0,0.0,0,0,1,1.0,29,331.0,1.0
high_compressibility,1,smoothed,none,0,1,8,1,feasible,0.5665024630541872,1.0,3.9655172413793105,10,29.0,19.0,0.6551724137931034,19,19,3,2.9,29,461.0,2.9
high_compressibility,1,static_min,none,0,1,9,1,feasible,0.5665024630541872,1.0,3.9655172413793105,8,31.0,23.0,0.7419354838709677,23,23,6,3.625,29,405.0,3.875
high_compressibility,1,capacity_aware_static,C,1,1,9,1,feasible,0.5665024630541872,1.0,3.9655172413793105,29,29.0,0.0,0.0,0,0,1,1.0,29,331.0,1.0
high_compressibility,1,smoothed,none,0,1,9,1,feasible,0.5665024630541872,1.0,3.9655172413793105,10,29.0,19.0,0.6551724137931034,19,19,3,2.9,29,461.0,2.9
high_compressibility,1,static_min,none,0,1,10,1,feasible,0.5665024630541872,1.0,3.9655172413793105,8,31.0,23.0,0.7419354838709677,23,23,6,3.625,29,405.0,3.875
high_compressibility,1,capacity_aware_static,C,1,1,10,1,feasible,0.5665024630541872,1.0,3.9655172413793105,29,29.0,0.0,0.0,0,0,1,1.0,29,331.0,1.0
high_compressibility,1,smoothed,none,0,1,10,1,feasible,0.5665024630541872,1.0,3.9655172413793105,10,29.0,19.0,0.6551724137931034,19,19,3,2.9,29,461.0,2.9
high_compressibility,1,static_min,none,0,1,11,1,feasible,0.5665024630541872,1.0,3.9655172413793105,8,31.0,23.0,0.7419354838709677,23,23,6,3.625,29,405.0,3.875
high_compressibility,1,capacity_aware_static,C,1,1,11,1,feasible,0.5665024630541872,1.0,3.9655172413793105,29,29.0,0.0,0.0,0,0,1,1.0,29,331.0,1.0
high_compressibility,1,smoothed,none,0,1,11,1,feasible,0.5665024630541872,1.0,3.9655172413793105,10,29.0,19.0,0.6551724137931034,19,19,3,2.9,29,461.0,2.9
high_compressibility,1,static_min,none,0,1,12,1,feasible,0.5665024630541872,1.0,3.9655172413793105,8,31.0,23.0,0.7419354838709677,23,23,6,3.625,29,405.0,3.875
high_compressibility,1,capacity_aware_static,C,1,1,12,1,feasible,0.5665024630541872,1.0,3.9655172413793105,29,29.0,0.0,0.0,0,0,1,1.0,29,331.0,1.0
high_compressibility,1,smoothed,none,0,1,12,1,feasible,0.5665024630541872,1.0,3.9655172413793105,10,29.0,19.0,0.6551724137931034,19,19,3,2.9,29,461.0,2.9
high_compressibility,1,static_min,none,0,1,13,1,feasible,0.5665024630541872,1.0,3.9655172413793105,8,31.0,23.0,0.7419354838709677,23,23,6,3.625,29,405.0,3.875
high_compressibility,1,capacity_aware_static,C,1,1,13,1,feasible,0.5665024630541872,1.0,3.9655172413793105,29,29.0,0.0,0.0,0,0,1,1.0,29,331.0,1.0
high_compressibility,1,smoothed,none,0,1,13,1,feasible,0.5665024630541872,1.0,3.9655172413793105,10,29.0,19.0,0.6551724137931034,19,19,3,2.9,29,461.0,2.9
high_compressibility,1,static_min,none,0,1,14,1,feasible,0.5665024630541872,1.0,3.9655172413793105,8,31.0,23.0,0.7419354838709677,23,23,6,3.625,29,405.0,3.875
high_compressibility,1,capacity_aware_static,C,1,1,14,1,feasible,0.5665024630541872,1.0,3.9655172413793105,29,29.0,0.0,0.0,0,0,1,1.0,29,331.0,1.0
high_compressibility,1,smoothed,none,0,1,14,1,feasible,0.5665024630541872,1.0,3.9655172413793105,10,29.0,19.0,0.6551724137931034,19,19,3,2.9,29,461.0,2.9
high_compressibility,1,static_min,none,0,1,15,1,feasible,0.5665024630541872,1.0,3.9655172413793105,8,31.0,23.0,0.7419354838709677,23,23,6,3.625,29,405.0,3.875
high_compressibility,1,capacity_aware_static,C,1,1,15,1,feasible,0.5665024630541872,1.0,3.9655172413793105,29,29.0,0.0,0.0,0,0,1,1.0,29,331.0,1.0
high_compressibility,1,smoothed,none,0,1,15,1,feasible,0.5665024630541872,1.0,3.9655172413793105,10,29.0,19.0,0.6551724137931034,19,19,3,2.9,29,461.0,2.9
high_compressibility,1,static_min,none,0,2,0,0,peak_demand_exceeds_reachable_stock,0.5665024630541872,1.0,3.9655172413793105,8,inf,inf,1.0,17,17,6,3.625,29,inf,inf
high_compressibility,1,capacity_aware_static,C,2,2,0,1,feasible,0.5665024630541872,1.0,3.9655172413793105,15,15.0,0.0,0.0,0,0,2,1.9333333333333333,29,192.0,1.0
high_compressibility,1,smoothed,none,0,2,0,0,peak_demand_exceeds_reachable_stock,0.5665024630541872,1.0,3.9655172413793105,10,inf,inf,1.0,9,9,3,2.9,29,inf,inf
high_compressibility,1,static_min,none,0,2,1,0,peak_demand_exceeds_reachable_stock,0.5665024630541872,1.0,3.9655172413793105,8,inf,inf,1.0,17,17,6,3.625,29,inf,inf
high_compressibility,1,capacity_aware_static,C,2,2,1,1,feasible,0.5665024630541872,1.0,3.9655172413793105,15,15.0,0.0,0.0,0,0,2,1.9333333333333333,29,192.0,1.0
high_compressibility,1,smoothed,none,0,2,1,1,feasible,0.5665024630541872,1.0,3.9655172413793105,10,19.0,9.0,0.47368421052631576,9,9,3,2.9,29,306.0,1.9
high_compressibility,1,static_min,none,0,2,2,0,peak_demand_exceeds_reachable_stock,0.5665024630541872,1.0,3.9655172413793105,8,inf,inf,1.0,17,17,6,3.625,29,inf,inf
high_compressibility,1,capacity_aware_static,C,2,2,2,1,feasible,0.5665024630541872,1.0,3.9655172413793105,15,15.0,0.0,0.0,0,0,2,1.9333333333333333,29,192.0,1.0
high_compressibility,1,smoothed,none,0,2,2,1,feasible,0.5665024630541872,1.0,3.9655172413793105,10,15.0,5.0,0.3333333333333333,9,9,3,2.9,29,230.0,1.5
high_compressibility,1,static_min,none,0,2,3,0,peak_demand_exceeds_reachable_stock,0.5665024630541872,1.0,3.9655172413793105,8,inf,inf,1.0,17,17,6,3.625,29,inf,inf
high_compressibility,1,capacity_aware_static,C,2,2,3,1,feasible,0.5665024630541872,1.0,3.9655172413793105,15,15.0,0.0,0.0,0,0,2,1.9333333333333333,29,192.0,1.0
high_compressibility,1,smoothed,none,0,2,3,1,feasible,0.5665024630541872,1.0,3.9655172413793105,10,15.0,5.0,0.3333333333333333,9,9,3,2.9,29,230.0,1.5
high_compressibility,1,static_min,none,0,2,4,1,feasible,0.5665024630541872,1.0,3.9655172413793105,8,17.0,9.0,0.5294117647058824,17,17,6,3.625,29,224.0,2.125
high_compressibility,1,capacity_aware_static,C,2,2,4,1,feasible,0.5665024630541872,1.0,3.9655172413793105,15,15.0,0.0,0.0,0,0,2,1.9333333333333333,29,192.0,1.0
high_compressibility,1,smoothed,none,0,2,4,1,feasible,0.5665024630541872,1.0,3.9655172413793105,10,15.0,5.0,0.3333333333333333,9,9,3,2.9,29,230.0,1.5
high_compressibility,1,static_min,none,0,2,5,1,feasible,0.5665024630541872,1.0,3.9655172413793105,8,17.0,9.0,0.5294117647058824,17,17,6,3.625,29,224.0,2.125
high_compressibility,1,capacity_aware_static,C,2,2,5,1,feasible,0.5665024630541872,1.0,3.9655172413793105,15,15.0,0.0,0.0,0,0,2,1.9333333333333333,29,192.0,1.0
high_compressibility,1,smoothed,none,0,2,5,1,feasible,0.5665024630541872,1.0,3.9655172413793105,10,15.0,5.0,0.3333333333333333,9,9,3,2.9,29,230.0,1.5
high_compressibility,1,static_min,none,0,2,6,1,feasible,0.5665024630541872,1.0,3.9655172413793105,8,17.0,9.0,0.5294117647058824,17,17,6,3.625,29,224.0,2.125
high_compressibility,1,capacity_aware_static,C,2,2,6,1,feasible,0.5665024630541872,1.0,3.9655172413793105,15,15.0,0.0,0.0,0,0,2,1.9333333333333333,29,192.0,1.0
high_compressibility,1,smoothed,none,0,2,6,1,feasible,0.5665024630541872,1.0,3.9655172413793105,10,15.0,5.0,0.3333333333333333,9,9,3,2.9,29,230.0,1.5
high_compressibility,1,static_min,none,0,2,7,1,feasible,0.5665024630541872,1.0,3.9655172413793105,8,17.0,9.0,0.5294117647058824,17,17,6,3.625,29,224.0,2.125
high_compressibility,1,capacity_aware_static,C,2,2,7,1,feasible,0.5665024630541872,1.0,3.9655172413793105,15,15.0,0.0,0.0,0,0,2,1.9333333333333333,29,192.0,1.0
high_compressibility,1,smoothed,none,0,2,7,1,feasible,0.5665024630541872,1.0,3.9655172413793105,10,15.0,5.0,0.3333333333333333,9,9,3,2.9,29,230.0,1.5
high_compressibility,1,static_min,none,0,2,8,1,feasible,0.5665024630541872,1.0,3.9655172413793105,8,17.0,9.0,0.5294117647058824,17,17,6,3.625,29,224.0,2.125
high_compressibility,1,capacity_aware_static,C,2,2,8,1,feasible,0.5665024630541872,1.0,3.9655172413793105,15,15.0,0.0,0.0,0,0,2,1.9333333333333333,29,192.0,1.0
high_compressibility,1,smoothed,none,0,2,8,1,feasible,0.5665024630541872,1.0,3.9655172413793105,10,15.0,5.0,0.3333333333333333,9,9,3,2.9,29,230.0,1.5
high_compressibility,1,static_min,none,0,2,9,1,feasible,0.5665024630541872,1.0,3.9655172413793105,8,17.0,9.0,0.5294117647058824,17,17,6,3.625,29,224.0,2.125
high_compressibility,1,capacity_aware_static,C,2,2,9,1,feasible,0.5665024630541872,1.0,3.9655172413793105,15,15.0,0.0,0.0,0,0,2,1.9333333333333333,29,192.0,1.0
high_compressibility,1,smoothed,none,0,2,9,1,feasible,0.5665024630541872,1.0,3.9655172413793105,10,15.0,5.0,0.3333333333333333,9,9,3,2.9,29,230.0,1.5
high_compressibility,1,static_min,none,0,2,10,1,feasible,0.5665024630541872,1.0,3.9655172413793105,8,17.0,9.0,0.5294117647058824,17,17,6,3.625,29,224.0,2.125
high_compressibility,1,capacity_aware_static,C,2,2,10,1,feasible,0.5665024630541872,1.0,3.9655172413793105,15,15.0,0.0,0.0,0,0,2,1.9333333333333333,29,192.0,1.0
high_compressibility,1,smoothed,none,0,2,10,1,feasible,0.5665024630541872,1.0,3.9655172413793105,10,15.0,5.0,0.3333333333333333,9,9,3,2.9,29,230.0,1.5
high_compressibility,1,static_min,none,0,2,11,1,feasible,0.5665024630541872,1.0,3.9655172413793105,8,17.0,9.0,0.5294117647058824,17,17,6,3.625,29,224.0,2.125
high_compressibility,1,capacity_aware_static,C,2,2,11,1,feasible,0.5665024630541872,1.0,3.9655172413793105,15,15.0,0.0,0.0,0,0,2,1.9333333333333333,29,192.0,1.0
high_compressibility,1,smoothed,none,0,2,11,1,feasible,0.5665024630541872,1.0,3.9655172413793105,10,15.0,5.0,0.3333333333333333,9,9,3,2.9,29,230.0,1.5
high_compressibility,1,static_min,none,0,2,12,1,feasible,0.5665024630541872,1.0,3.9655172413793105,8,17.0,9.0,0.5294117647058824,17,17,6,3.625,29,224.0,2.125
high_compressibility,1,capacity_aware_static,C,2,2,12,1,feasible,0.5665024630541872,1.0,3.9655172413793105,15,15.0,0.0,0.0,0,0,2,1.9333333333333333,29,192.0,1.0
high_compressibility,1,smoothed,none,0,2,12,1,feasible,0.5665024630541872,1.0,3.9655172413793105,10,15.0,5.0,0.3333333333333333,9,9,3,2.9,29,230.0,1.5
high_compressibility,1,static_min,none,0,2,13,1,feasible,0.5665024630541872,1.0,3.9655172413793105,8,17.0,9.0,0.5294117647058824,17,17,6,3.625,29,224.0,2.125
high_compressibility,1,capacity_aware_static,C,2,2,13,1,feasible,0.5665024630541872,1.0,3.9655172413793105,15,15.0,0.0,0.0,0,0,2,1.9333333333333333,29,192.0,1.0
high_compressibility,1,smoothed,none,0,2,13,1,feasible,0.5665024630541872,1.0,3.9655172413793105,10,15.0,5.0,0.3333333333333333,9,9,3,2.9,29,230.0,1.5
high_compressibility,1,static_min,none,0,2,14,1,feasible,0.5665024630541872,1.0,3.9655172413793105,8,17.0,9.0,0.5294117647058824,17,17,6,3.625,29,224.0,2.125
high_compressibility,1,capacity_aware_static,C,2,2,14,1,feasible,0.5665024630541872,1.0,3.9655172413793105,15,15.0,0.0,0.0,0,0,2,1.9333333333333333,29,192.0,1.0
high_compressibility,1,smoothed,none,0,2,14,1,feasible,0.5665024630541872,1.0,3.9655172413793105,10,15.0,5.0,0.3333333333333333,9,9,3,2.9,29,230.0,1.5
high_compressibility,1,static_min,none,0,2,15,1,feasible,0.5665024630541872,1.0,3.9655172413793105,8,17.0,9.0,0.5294117647058824,17,17,6,3.625,29,224.0,2.125
high_compressibility,1,capacity_aware_static,C,2,2,15,1,feasible,0.5665024630541872,1.0,3.9655172413793105,15,15.0,0.0,0.0,0,0,2,1.9333333333333333,29,192.0,1.0
high_compressibility,1,smoothed,none,0,2,15,1,feasible,0.5665024630541872,1.0,3.9655172413793105,10,15.0,5.0,0.3333333333333333,9,9,3,2.9,29,230.0,1.5
high_compressibility,1,static_min,none,0,3,0,0,peak_demand_exceeds_reachable_stock,0.5665024630541872,1.0,3.9655172413793105,8,inf,inf,1.0,11,11,6,3.625,29,inf,inf
high_compressibility,1,capacity_aware_static,C,3,3,0,1,feasible,0.5665024630541872,1.0,3.9655172413793105,10,10.0,0.0,0.0,0,0,3,2.9,29,147.0,1.0
high_compressibility,1,smoothed,none,0,3,0,1,feasible,0.5665024630541872,1.0,3.9655172413793105,10,10.0,0.0,0.0,0,0,3,2.9,29,155.0,1.0
high_compressibility,1,static_min,none,0,3,1,0,peak_demand_exceeds_reachable_stock,0.5665024630541872,1.0,3.9655172413793105,8,inf,inf,1.0,11,11,6,3.625,29,inf,inf
high_compressibility,1,capacity_aware_static,C,3,3,1,1,feasible,0.5665024630541872,1.0,3.9655172413793105,10,10.0,0.0,0.0,0,0,3,2.9,29,147.0,1.0
high_compressibility,1,smoothed,none,0,3,1,1,feasible,0.5665024630541872,1.0,3.9655172413793105,10,10.0,0.0,0.0,0,0,3,2.9,29,155.0,1.0
high_compressibility,1,static_min,none,0,3,2,0,peak_demand_exceeds_reachable_stock,0.5665024630541872,1.0,3.9655172413793105,8,inf,inf,1.0,11,11,6,3.625,29,inf,inf
high_compressibility,1,capacity_aware_static,C,3,3,2,1,feasible,0.5665024630541872,1.0,3.9655172413793105,10,10.0,0.0,0.0,0,0,3,2.9,29,147.0,1.0
high_compressibility,1,smoothed,none,0,3,2,1,feasible,0.5665024630541872,1.0,3.9655172413793105,10,10.0,0.0,0.0,0,0,3,2.9,29,155.0,1.0
high_compressibility,1,static_min,none,0,3,3,1,feasible,0.5665024630541872,1.0,3.9655172413793105,8,12.0,4.0,0.3333333333333333,11,11,6,3.625,29,159.0,1.5
high_compressibility,1,capacity_aware_static,C,3,3,3,1,feasible,0.5665024630541872,1.0,3.9655172413793105,10,10.0,0.0,0.0,0,0,3,2.9,29,147.0,1.0
high_compressibility,1,smoothed,none,0,3,3,1,feasible,0.5665024630541872,1.0,3.9655172413793105,10,10.0,0.0,0.0,0,0,3,2.9,29,155.0,1.0
high_compressibility,1,static_min,none,0,3,4,1,feasible,0.5665024630541872,1.0,3.9655172413793105,8,12.0,4.0,0.3333333333333333,11,11,6,3.625,29,159.0,1.5
high_compressibility,1,capacity_aware_static,C,3,3,4,1,feasible,0.5665024630541872,1.0,3.9655172413793105,10,10.0,0.0,0.0,0,0,3,2.9,29,147.0,1.0
high_compressibility,1,smoothed,none,0,3,4,1,feasible,0.5665024630541872,1.0,3.9655172413793105,10,10.0,0.0,0.0,0,0,3,2.9,29,155.0,1.0
high_compressibility,1,static_min,none,0,3,5,1,feasible,0.5665024630541872,1.0,3.9655172413793105,8,12.0,4.0,0.3333333333333333,11,11,6,3.625,29,159.0,1.5
high_compressibility,1,capacity_aware_static,C,3,3,5,1,feasible,0.5665024630541872,1.0,3.9655172413793105,10,10.0,0.0,0.0,0,0,3,2.9,29,147.0,1.0
high_compressibility,1,smoothed,none,0,3,5,1,feasible,0.5665024630541872,1.0,3.9655172413793105,10,10.0,0.0,0.0,0,0,3,2.9,29,155.0,1.0
high_compressibility,1,static_min,none,0,3,6,1,feasible,0.5665024630541872,1.0,3.9655172413793105,8,12.0,4.0,0.3333333333333333,11,11,6,3.625,29,159.0,1.5
high_compressibility,1,capacity_aware_static,C,3,3,6,1,feasible,0.5665024630541872,1.0,3.9655172413793105,10,10.0,0.0,0.0,0,0,3,2.9,29,147.0,1.0
high_compressibility,1,smoothed,none,0,3,6,1,feasible,0.5665024630541872,1.0,3.9655172413793105,10,10.0,0.0,0.0,0,0,3,2.9,29,155.0,1.0
high_compressibility,1,static_min,none,0,3,7,1,feasible,0.5665024630541872,1.0,3.9655172413793105,8,12.0,4.0,0.3333333333333333,11,11,6,3.625,29,159.0,1.5
high_compressibility,1,capacity_aware_static,C,3,3,7,1,feasible,0.5665024630541872,1.0,3.9655172413793105,10,10.0,0.0,0.0,0,0,3,2.9,29,147.0,1.0
high_compressibility,1,smoothed,none,0,3,7,1,feasible,0.5665024630541872,1.0,3.9655172413793105,10,10.0,0.0,0.0,0,0,3,2.9,29,155.0,1.0
high_compressibility,1,static_min,none,0,3,8,1,feasible,0.5665024630541872,1.0,3.9655172413793105,8,12.0,4.0,0.3333333333333333,11,11,6,3.625,29,159.0,1.5
high_compressibility,1,capacity_aware_static,C,3,3,8,1,feasible,0.5665024630541872,1.0,3.9655172413793105,10,10.0,0.0,0.0,0,0,3,2.9,29,147.0,1.0
high_compressibility,1,smoothed,none,0,3,8,1,feasible,0.5665024630541872,1.0,3.9655172413793105,10,10.0,0.0,0.0,0,0,3,2.9,29,155.0,1.0
high_compressibility,1,static_min,none,0,3,9,1,feasible,0.5665024630541872,1.0,3.9655172413793105,8,12.0,4.0,0.3333333333333333,11,11,6,3.625,29,159.0,1.5
high_compressibility,1,capacity_aware_static,C,3,3,9,1,feasible,0.5665024630541872,1.0,3.9655172413793105,10,10.0,0.0,0.0,0,0,3,2.9,29,147.0,1.0
high_compressibility,1,smoothed,none,0,3,9,1,feasible,0.5665024630541872,1.0,3.9655172413793105,10,10.0,0.0,0.0,0,0,3,2.9,29,155.0,1.0
high_compressibility,1,static_min,none,0,3,10,1,feasible,0.5665024630541872,1.0,3.9655172413793105,8,12.0,4.0,0.3333333333333333,11,11,6,3.625,29,159.0,1.5
high_compressibility,1,capacity_aware_static,C,3,3,10,1,feasible,0.5665024630541872,1.0,3.9655172413793105,10,10.0,0.0,0.0,0,0,3,2.9,29,147.0,1.0
high_compressibility,1,smoothed,none,0,3,10,1,feasible,0.5665024630541872,1.0,3.9655172413793105,10,10.0,0.0,0.0,0,0,3,2.9,29,155.0,1.0
high_compressibility,1,static_min,none,0,3,11,1,feasible,0.5665024630541872,1.0,3.9655172413793105,8,12.0,4.0,0.3333333333333333,11,11,6,3.625,29,159.0,1.5
high_compressibility,1,capacity_aware_static,C,3,3,11,1,feasible,0.5665024630541872,1.0,3.9655172413793105,10,10.0,0.0,0.0,0,0,3,2.9,29,147.0,1.0
high_compressibility,1,smoothed,none,0,3,11,1,feasible,0.5665024630541872,1.0,3.9655172413793105,10,10.0,0.0,0.0,0,0,3,2.9,29,155.0,1.0
high_compressibility,1,static_min,none,0,3,12,1,feasible,0.5665024630541872,1.0,3.9655172413793105,8,12.0,4.0,0.3333333333333333,11,11,6,3.625,29,159.0,1.5
high_compressibility,1,capacity_aware_static,C,3,3,12,1,feasible,0.5665024630541872,1.0,3.9655172413793105,10,10.0,0.0,0.0,0,0,3,2.9,29,147.0,1.0
high_compressibility,1,smoothed,none,0,3,12,1,feasible,0.5665024630541872,1.0,3.9655172413793105,10,10.0,0.0,0.0,0,0,3,2.9,29,155.0,1.0
high_compressibility,1,static_min,none,0,3,13,1,feasible,0.5665024630541872,1.0,3.9655172413793105,8,12.0,4.0,0.3333333333333333,11,11,6,3.625,29,159.0,1.5
high_compressibility,1,capacity_aware_static,C,3,3,13,1,feasible,0.5665024630541872,1.0,3.9655172413793105,10,10.0,0.0,0.0,0,0,3,2.9,29,147.0,1.0
high_compressibility,1,smoothed,none,0,3,13,1,feasible,0.5665024630541872,1.0,3.9655172413793105,10,10.0,0.0,0.0,0,0,3,2.9,29,155.0,1.0
high_compressibility,1,static_min,none,0,3,14,1,feasible,0.5665024630541872,1.0,3.9655172413793105,8,12.0,4.0,0.3333333333333333,11,11,6,3.625,29,159.0,1.5
high_compressibility,1,capacity_aware_static,C,3,3,14,1,feasible,0.5665024630541872,1.0,3.9655172413793105,10,10.0,0.0,0.0,0,0,3,2.9,29,147.0,1.0
high_compressibility,1,smoothed,none,0,3,14,1,feasible,0.5665024630541872,1.0,3.9655172413793105,10,10.0,0.0,0.0,0,0,3,2.9,29,155.0,1.0
high_compressibility,1,static_min,none,0,3,15,1,feasible,0.5665024630541872,1.0,3.9655172413793105,8,12.0,4.0,0.3333333333333333,11,11,6,3.625,29,159.0,1.5
high_compressibility,1,capacity_aware_static,C,3,3,15,1,feasible,0.5665024630541872,1.0,3.9655172413793105,10,10.0,0.0,0.0,0,0,3,2.9,29,147.0,1.0
high_compressibility,1,smoothed,none,0,3,15,1,feasible,0.5665024630541872,1.0,3.9655172413793105,10,10.0,0.0,0.0,0,0,3,2.9,29,155.0,1.0
high_compressibility,1,static_min,none,0,4,0,0,peak_demand_exceeds_reachable_stock,0.5665024630541872,1.0,3.9655172413793105,8,inf,inf,1.0,7,7,6,3.625,29,inf,inf
high_compressibility,1,capacity_aware_static,C,4,4,0,1,feasible,0.5665024630541872,1.0,3.9655172413793105,8,8.0,0.0,0.0,0,0,4,3.625,29,124.0,1.0
high_compressibility,1,smoothed,none,0,4,0,1,feasible,0.5665024630541872,1.0,3.9655172413793105,10,10.0,0.0,0.0,0,0,3,2.9,29,155.0,1.0
high_compressibility,1,static_min,none,0,4,1,0,peak_demand_exceeds_reachable_stock,0.5665024630541872,1.0,3.9655172413793105,8,inf,inf,1.0,7,7,6,3.625,29,inf,inf
high_compressibility,1,capacity_aware_static,C,4,4,1,1,feasible,0.5665024630541872,1.0,3.9655172413793105,8,8.0,0.0,0.0,0,0,4,3.625,29,124.0,1.0
high_compressibility,1,smoothed,none,0,4,1,1,feasible,0.5665024630541872,1.0,3.9655172413793105,10,10.0,0.0,0.0,0,0,3,2.9,29,155.0,1.0
high_compressibility,1,static_min,none,0,4,2,1,feasible,0.5665024630541872,1.0,3.9655172413793105,8,12.0,4.0,0.3333333333333333,7,7,6,3.625,29,159.0,1.5
high_compressibility,1,capacity_aware_static,C,4,4,2,1,feasible,0.5665024630541872,1.0,3.9655172413793105,8,8.0,0.0,0.0,0,0,4,3.625,29,124.0,1.0
high_compressibility,1,smoothed,none,0,4,2,1,feasible,0.5665024630541872,1.0,3.9655172413793105,10,10.0,0.0,0.0,0,0,3,2.9,29,155.0,1.0
high_compressibility,1,static_min,none,0,4,3,1,feasible,0.5665024630541872,1.0,3.9655172413793105,8,11.0,3.0,0.2727272727272727,7,7,6,3.625,29,145.0,1.375
high_compressibility,1,capacity_aware_static,C,4,4,3,1,feasible,0.5665024630541872,1.0,3.9655172413793105,8,8.0,0.0,0.0,0,0,4,3.625,29,124.0,1.0
high_compressibility,1,smoothed,none,0,4,3,1,feasible,0.5665024630541872,1.0,3.9655172413793105,10,10.0,0.0,0.0,0,0,3,2.9,29,155.0,1.0
high_compressibility,1,static_min,none,0,4,4,1,feasible,0.5665024630541872,1.0,3.9655172413793105,8,10.0,2.0,0.2,7,7,6,3.625,29,131.0,1.25
high_compressibility,1,capacity_aware_static,C,4,4,4,1,feasible,0.5665024630541872,1.0,3.9655172413793105,8,8.0,0.0,0.0,0,0,4,3.625,29,124.0,1.0
high_compressibility,1,smoothed,none,0,4,4,1,feasible,0.5665024630541872,1.0,3.9655172413793105,10,10.0,0.0,0.0,0,0,3,2.9,29,155.0,1.0
high_compressibility,1,static_min,none,0,4,5,1,feasible,0.5665024630541872,1.0,3.9655172413793105,8,10.0,2.0,0.2,7,7,6,3.625,29,131.0,1.25
high_compressibility,1,capacity_aware_static,C,4,4,5,1,feasible,0.5665024630541872,1.0,3.9655172413793105,8,8.0,0.0,0.0,0,0,4,3.625,29,124.0,1.0
high_compressibility,1,smoothed,none,0,4,5,1,feasible,0.5665024630541872,1.0,3.9655172413793105,10,10.0,0.0,0.0,0,0,3,2.9,29,155.0,1.0
high_compressibility,1,static_min,none,0,4,6,1,feasible,0.5665024630541872,1.0,3.9655172413793105,8,10.0,2.0,0.2,7,7,6,3.625,29,131.0,1.25
high_compressibility,1,capacity_aware_static,C,4,4,6,1,feasible,0.5665024630541872,1.0,3.9655172413793105,8,8.0,0.0,0.0,0,0,4,3.625,29,124.0,1.0
high_compressibility,1,smoothed,none,0,4,6,1,feasible,0.5665024630541872,1.0,3.9655172413793105,10,10.0,0.0,0.0,0,0,3,2.9,29,155.0,1.0
high_compressibility,1,static_min,none,0,4,7,1,feasible,0.5665024630541872,1.0,3.9655172413793105,8,10.0,2.0,0.2,7,7,6,3.625,29,131.0,1.25
high_compressibility,1,capacity_aware_static,C,4,4,7,1,feasible,0.5665024630541872,1.0,3.9655172413793105,8,8.0,0.0,0.0,0,0,4,3.625,29,124.0,1.0
high_compressibility,1,smoothed,none,0,4,7,1,feasible,0.5665024630541872,1.0,3.9655172413793105,10,10.0,0.0,0.0,0,0,3,2.9,29,155.0,1.0
high_compressibility,1,static_min,none,0,4,8,1,feasible,0.5665024630541872,1.0,3.9655172413793105,8,10.0,2.0,0.2,7,7,6,3.625,29,131.0,1.25
high_compressibility,1,capacity_aware_static,C,4,4,8,1,feasible,0.5665024630541872,1.0,3.9655172413793105,8,8.0,0.0,0.0,0,0,4,3.625,29,124.0,1.0
high_compressibility,1,smoothed,none,0,4,8,1,feasible,0.5665024630541872,1.0,3.9655172413793105,10,10.0,0.0,0.0,0,0,3,2.9,29,155.0,1.0
high_compressibility,1,static_min,none,0,4,9,1,feasible,0.5665024630541872,1.0,3.9655172413793105,8,10.0,2.0,0.2,7,7,6,3.625,29,131.0,1.25
high_compressibility,1,capacity_aware_static,C,4,4,9,1,feasible,0.5665024630541872,1.0,3.9655172413793105,8,8.0,0.0,0.0,0,0,4,3.625,29,124.0,1.0
high_compressibility,1,smoothed,none,0,4,9,1,feasible,0.5665024630541872,1.0,3.9655172413793105,10,10.0,0.0,0.0,0,0,3,2.9,29,155.0,1.0
high_compressibility,1,static_min,none,0,4,10,1,feasible,0.5665024630541872,1.0,3.9655172413793105,8,10.0,2.0,0.2,7,7,6,3.625,29,131.0,1.25
high_compressibility,1,capacity_aware_static,C,4,4,10,1,feasible,0.5665024630541872,1.0,3.9655172413793105,8,8.0,0.0,0.0,0,0,4,3.625,29,124.0,1.0
high_compressibility,1,smoothed,none,0,4,10,1,feasible,0.5665024630541872,1.0,3.9655172413793105,10,10.0,0.0,0.0,0,0,3,2.9,29,155.0,1.0
high_compressibility,1,static_min,none,0,4,11,1,feasible,0.5665024630541872,1.0,3.9655172413793105,8,10.0,2.0,0.2,7,7,6,3.625,29,131.0,1.25
high_compressibility,1,capacity_aware_static,C,4,4,11,1,feasible,0.5665024630541872,1.0,3.9655172413793105,8,8.0,0.0,0.0,0,0,4,3.625,29,124.0,1.0
high_compressibility,1,smoothed,none,0,4,11,1,feasible,0.5665024630541872,1.0,3.9655172413793105,10,10.0,0.0,0.0,0,0,3,2.9,29,155.0,1.0
high_compressibility,1,static_min,none,0,4,12,1,feasible,0.5665024630541872,1.0,3.9655172413793105,8,10.0,2.0,0.2,7,7,6,3.625,29,131.0,1.25
high_compressibility,1,capacity_aware_static,C,4,4,12,1,feasible,0.5665024630541872,1.0,3.9655172413793105,8,8.0,0.0,0.0,0,0,4,3.625,29,124.0,1.0
high_compressibility,1,smoothed,none,0,4,12,1,feasible,0.5665024630541872,1.0,3.9655172413793105,10,10.0,0.0,0.0,0,0,3,2.9,29,155.0,1.0
high_compressibility,1,static_min,none,0,4,13,1,feasible,0.5665024630541872,1.0,3.9655172413793105,8,10.0,2.0,0.2,7,7,6,3.625,29,131.0,1.25
high_compressibility,1,capacity_aware_static,C,4,4,13,1,feasible,0.5665024630541872,1.0,3.9655172413793105,8,8.0,0.0,0.0,0,0,4,3.625,29,124.0,1.0
high_compressibility,1,smoothed,none,0,4,13,1,feasible,0.5665024630541872,1.0,3.9655172413793105,10,10.0,0.0,0.0,0,0,3,2.9,29,155.0,1.0
high_compressibility,1,static_min,none,0,4,14,1,feasible,0.5665024630541872,1.0,3.9655172413793105,8,10.0,2.0,0.2,7,7,6,3.625,29,131.0,1.25
high_compressibility,1,capacity_aware_static,C,4,4,14,1,feasible,0.5665024630541872,1.0,3.9655172413793105,8,8.0,0.0,0.0,0,0,4,3.625,29,124.0,1.0
high_compressibility,1,smoothed,none,0,4,14,1,feasible,0.5665024630541872,1.0,3.9655172413793105,10,10.0,0.0,0.0,0,0,3,2.9,29,155.0,1.0
high_compressibility,1,static_min,none,0,4,15,1,feasible,0.5665024630541872,1.0,3.9655172413793105,8,10.0,2.0,0.2,7,7,6,3.625,29,131.0,1.25
high_compressibility,1,capacity_aware_static,C,4,4,15,1,feasible,0.5665024630541872,1.0,3.9655172413793105,8,8.0,0.0,0.0,0,0,4,3.625,29,124.0,1.0
high_compressibility,1,smoothed,none,0,4,15,1,feasible,0.5665024630541872,1.0,3.9655172413793105,10,10.0,0.0,0.0,0,0,3,2.9,29,155.0,1.0
high_compressibility,1,static_min,none,0,5,0,0,peak_demand_exceeds_reachable_stock,0.5665024630541872,1.0,3.9655172413793105,8,inf,inf,1.0,3,3,6,3.625,29,inf,inf
high_compressibility,1,capacity_aware_static,C,5,5,0,1,feasible,0.5665024630541872,1.0,3.9655172413793105,8,8.0,0.0,0.0,0,0,5,3.625,29,110.0,1.0
high_compressibility,1,smoothed,none,0,5,0,1,feasible,0.5665024630541872,1.0,3.9655172413793105,10,10.0,0.0,0.0,0,0,3,2.9,29,155.0,1.0
high_compressibility,1,static_min,none,0,5,1,1,feasible,0.5665024630541872,1.0,3.9655172413793105,8,11.0,3.0,0.2727272727272727,3,3,6,3.625,29,145.0,1.375
high_compressibility,1,capacity_aware_static,C,5,5,1,1,feasible,0.5665024630541872,1.0,3.9655172413793105,8,8.0,0.0,0.0,0,0,5,3.625,29,110.0,1.0
high_compressibility,1,smoothed,none,0,5,1,1,feasible,0.5665024630541872,1.0,3.9655172413793105,10,10.0,0.0,0.0,0,0,3,2.9,29,155.0,1.0
high_compressibility,1,static_min,none,0,5,2,1,feasible,0.5665024630541872,1.0,3.9655172413793105,8,10.0,2.0,0.2,3,3,6,3.625,29,131.0,1.25
high_compressibility,1,capacity_aware_static,C,5,5,2,1,feasible,0.5665024630541872,1.0,3.9655172413793105,8,8.0,0.0,0.0,0,0,5,3.625,29,110.0,1.0
high_compressibility,1,smoothed,none,0,5,2,1,feasible,0.5665024630541872,1.0,3.9655172413793105,10,10.0,0.0,0.0,0,0,3,2.9,29,155.0,1.0
high_compressibility,1,static_min,none,0,5,3,1,feasible,0.5665024630541872,1.0,3.9655172413793105,8,9.0,1.0,0.1111111111111111,3,3,6,3.625,29,116.0,1.125
high_compressibility,1,capacity_aware_static,C,5,5,3,1,feasible,0.5665024630541872,1.0,3.9655172413793105,8,8.0,0.0,0.0,0,0,5,3.625,29,110.0,1.0
high_compressibility,1,smoothed,none,0,5,3,1,feasible,0.5665024630541872,1.0,3.9655172413793105,10,10.0,0.0,0.0,0,0,3,2.9,29,155.0,1.0
high_compressibility,1,static_min,none,0,5,4,1,feasible,0.5665024630541872,1.0,3.9655172413793105,8,9.0,1.0,0.1111111111111111,3,3,6,3.625,29,116.0,1.125
high_compressibility,1,capacity_aware_static,C,5,5,4,1,feasible,0.5665024630541872,1.0,3.9655172413793105,8,8.0,0.0,0.0,0,0,5,3.625,29,110.0,1.0
high_compressibility,1,smoothed,none,0,5,4,1,feasible,0.5665024630541872,1.0,3.9655172413793105,10,10.0,0.0,0.0,0,0,3,2.9,29,155.0,1.0
high_compressibility,1,static_min,none,0,5,5,1,feasible,0.5665024630541872,1.0,3.9655172413793105,8,9.0,1.0,0.1111111111111111,3,3,6,3.625,29,116.0,1.125
high_compressibility,1,capacity_aware_static,C,5,5,5,1,feasible,0.5665024630541872,1.0,3.9655172413793105,8,8.0,0.0,0.0,0,0,5,3.625,29,110.0,1.0
high_compressibility,1,smoothed,none,0,5,5,1,feasible,0.5665024630541872,1.0,3.9655172413793105,10,10.0,0.0,0.0,0,0,3,2.9,29,155.0,1.0
high_compressibility,1,static_min,none,0,5,6,1,feasible,0.5665024630541872,1.0,3.9655172413793105,8,9.0,1.0,0.1111111111111111,3,3,6,3.625,29,116.0,1.125
high_compressibility,1,capacity_aware_static,C,5,5,6,1,feasible,0.5665024630541872,1.0,3.9655172413793105,8,8.0,0.0,0.0,0,0,5,3.625,29,110.0,1.0
high_compressibility,1,smoothed,none,0,5,6,1,feasible,0.5665024630541872,1.0,3.9655172413793105,10,10.0,0.0,0.0,0,0,3,2.9,29,155.0,1.0
high_compressibility,1,static_min,none,0,5,7,1,feasible,0.5665024630541872,1.0,3.9655172413793105,8,9.0,1.0,0.1111111111111111,3,3,6,3.625,29,116.0,1.125
high_compressibility,1,capacity_aware_static,C,5,5,7,1,feasible,0.5665024630541872,1.0,3.9655172413793105,8,8.0,0.0,0.0,0,0,5,3.625,29,110.0,1.0
high_compressibility,1,smoothed,none,0,5,7,1,feasible,0.5665024630541872,1.0,3.9655172413793105,10,10.0,0.0,0.0,0,0,3,2.9,29,155.0,1.0
high_compressibility,1,static_min,none,0,5,8,1,feasible,0.5665024630541872,1.0,3.9655172413793105,8,9.0,1.0,0.1111111111111111,3,3,6,3.625,29,116.0,1.125
high_compressibility,1,capacity_aware_static,C,5,5,8,1,feasible,0.5665024630541872,1.0,3.9655172413793105,8,8.0,0.0,0.0,0,0,5,3.625,29,110.0,1.0
high_compressibility,1,smoothed,none,0,5,8,1,feasible,0.5665024630541872,1.0,3.9655172413793105,10,10.0,0.0,0.0,0,0,3,2.9,29,155.0,1.0
high_compressibility,1,static_min,none,0,5,9,1,feasible,0.5665024630541872,1.0,3.9655172413793105,8,9.0,1.0,0.1111111111111111,3,3,6,3.625,29,116.0,1.125
high_compressibility,1,capacity_aware_static,C,5,5,9,1,feasible,0.5665024630541872,1.0,3.9655172413793105,8,8.0,0.0,0.0,0,0,5,3.625,29,110.0,1.0
high_compressibility,1,smoothed,none,0,5,9,1,feasible,0.5665024630541872,1.0,3.9655172413793105,10,10.0,0.0,0.0,0,0,3,2.9,29,155.0,1.0
high_compressibility,1,static_min,none,0,5,10,1,feasible,0.5665024630541872,1.0,3.9655172413793105,8,9.0,1.0,0.1111111111111111,3,3,6,3.625,29,116.0,1.125
high_compressibility,1,capacity_aware_static,C,5,5,10,1,feasible,0.5665024630541872,1.0,3.9655172413793105,8,8.0,0.0,0.0,0,0,5,3.625,29,110.0,1.0
high_compressibility,1,smoothed,none,0,5,10,1,feasible,0.5665024630541872,1.0,3.9655172413793105,10,10.0,0.0,0.0,0,0,3,2.9,29,155.0,1.0
high_compressibility,1,static_min,none,0,5,11,1,feasible,0.5665024630541872,1.0,3.9655172413793105,8,9.0,1.0,0.1111111111111111,3,3,6,3.625,29,116.0,1.125
high_compressibility,1,capacity_aware_static,C,5,5,11,1,feasible,0.5665024630541872,1.0,3.9655172413793105,8,8.0,0.0,0.0,0,0,5,3.625,29,110.0,1.0
high_compressibility,1,smoothed,none,0,5,11,1,feasible,0.5665024630541872,1.0,3.9655172413793105,10,10.0,0.0,0.0,0,0,3,2.9,29,155.0,1.0
high_compressibility,1,static_min,none,0,5,12,1,feasible,0.5665024630541872,1.0,3.9655172413793105,8,9.0,1.0,0.1111111111111111,3,3,6,3.625,29,116.0,1.125
high_compressibility,1,capacity_aware_static,C,5,5,12,1,feasible,0.5665024630541872,1.0,3.9655172413793105,8,8.0,0.0,0.0,0,0,5,3.625,29,110.0,1.0
high_compressibility,1,smoothed,none,0,5,12,1,feasible,0.5665024630541872,1.0,3.9655172413793105,10,10.0,0.0,0.0,0,0,3,2.9,29,155.0,1.0
high_compressibility,1,static_min,none,0,5,13,1,feasible,0.5665024630541872,1.0,3.9655172413793105,8,9.0,1.0,0.1111111111111111,3,3,6,3.625,29,116.0,1.125
high_compressibility,1,capacity_aware_static,C,5,5,13,1,feasible,0.5665024630541872,1.0,3.9655172413793105,8,8.0,0.0,0.0,0,0,5,3.625,29,110.0,1.0
high_compressibility,1,smoothed,none,0,5,13,1,feasible,0.5665024630541872,1.0,3.9655172413793105,10,10.0,0.0,0.0,0,0,3,2.9,29,155.0,1.0
high_compressibility,1,static_min,none,0,5,14,1,feasible,0.5665024630541872,1.0,3.9655172413793105,8,9.0,1.0,0.1111111111111111,3,3,6,3.625,29,116.0,1.125
high_compressibility,1,capacity_aware_static,C,5,5,14,1,feasible,0.5665024630541872,1.0,3.9655172413793105,8,8.0,0.0,0.0,0,0,5,3.625,29,110.0,1.0
high_compressibility,1,smoothed,none,0,5,14,1,feasible,0.5665024630541872,1.0,3.9655172413793105,10,10.0,0.0,0.0,0,0,3,2.9,29,155.0,1.0
high_compressibility,1,static_min,none,0,5,15,1,feasible,0.5665024630541872,1.0,3.9655172413793105,8,9.0,1.0,0.1111111111111111,3,3,6,3.625,29,116.0,1.125
high_compressibility,1,capacity_aware_static,C,5,5,15,1,feasible,0.5665024630541872,1.0,3.9655172413793105,8,8.0,0.0,0.0,0,0,5,3.625,29,110.0,1.0
high_compressibility,1,smoothed,none,0,5,15,1,feasible,0.5665024630541872,1.0,3.9655172413793105,10,10.0,0.0,0.0,0,0,3,2.9,29,155.0,1.0
high_compressibility,1,static_min,none,0,6,0,1,feasible,0.5665024630541872,1.0,3.9655172413793105,8,8.0,0.0,0.0,0,0,6,3.625,29,108.0,1.0
high_compressibility,1,capacity_aware_static,C,6,6,0,1,feasible,0.5665024630541872,1.0,3.9655172413793105,8,8.0,0.0,0.0,0,0,6,3.625,29,108.0,1.0
high_compressibility,1,smoothed,none,0,6,0,1,feasible,0.5665024630541872,1.0,3.9655172413793105,10,10.0,0.0,0.0,0,0,3,2.9,29,155.0,1.0
high_compressibility,1,static_min,none,0,6,1,1,feasible,0.5665024630541872,1.0,3.9655172413793105,8,8.0,0.0,0.0,0,0,6,3.625,29,108.0,1.0
high_compressibility,1,capacity_aware_static,C,6,6,1,1,feasible,0.5665024630541872,1.0,3.9655172413793105,8,8.0,0.0,0.0,0,0,6,3.625,29,108.0,1.0
high_compressibility,1,smoothed,none,0,6,1,1,feasible,0.5665024630541872,1.0,3.9655172413793105,10,10.0,0.0,0.0,0,0,3,2.9,29,155.0,1.0
high_compressibility,1,static_min,none,0,6,2,1,feasible,0.5665024630541872,1.0,3.9655172413793105,8,8.0,0.0,0.0,0,0,6,3.625,29,108.0,1.0
high_compressibility,1,capacity_aware_static,C,6,6,2,1,feasible,0.5665024630541872,1.0,3.9655172413793105,8,8.0,0.0,0.0,0,0,6,3.625,29,108.0,1.0
high_compressibility,1,smoothed,none,0,6,2,1,feasible,0.5665024630541872,1.0,3.9655172413793105,10,10.0,0.0,0.0,0,0,3,2.9,29,155.0,1.0
high_compressibility,1,static_min,none,0,6,3,1,feasible,0.5665024630541872,1.0,3.9655172413793105,8,8.0,0.0,0.0,0,0,6,3.625,29,108.0,1.0
high_compressibility,1,capacity_aware_static,C,6,6,3,1,feasible,0.5665024630541872,1.0,3.9655172413793105,8,8.0,0.0,0.0,0,0,6,3.625,29,108.0,1.0
high_compressibility,1,smoothed,none,0,6,3,1,feasible,0.5665024630541872,1.0,3.9655172413793105,10,10.0,0.0,0.0,0,0,3,2.9,29,155.0,1.0
high_compressibility,1,static_min,none,0,6,4,1,feasible,0.5665024630541872,1.0,3.9655172413793105,8,8.0,0.0,0.0,0,0,6,3.625,29,108.0,1.0
high_compressibility,1,capacity_aware_static,C,6,6,4,1,feasible,0.5665024630541872,1.0,3.9655172413793105,8,8.0,0.0,0.0,0,0,6,3.625,29,108.0,1.0
high_compressibility,1,smoothed,none,0,6,4,1,feasible,0.5665024630541872,1.0,3.9655172413793105,10,10.0,0.0,0.0,0,0,3,2.9,29,155.0,1.0
high_compressibility,1,static_min,none,0,6,5,1,feasible,0.5665024630541872,1.0,3.9655172413793105,8,8.0,0.0,0.0,0,0,6,3.625,29,108.0,1.0
high_compressibility,1,capacity_aware_static,C,6,6,5,1,feasible,0.5665024630541872,1.0,3.9655172413793105,8,8.0,0.0,0.0,0,0,6,3.625,29,108.0,1.0
high_compressibility,1,smoothed,none,0,6,5,1,feasible,0.5665024630541872,1.0,3.9655172413793105,10,10.0,0.0,0.0,0,0,3,2.9,29,155.0,1.0
high_compressibility,1,static_min,none,0,6,6,1,feasible,0.5665024630541872,1.0,3.9655172413793105,8,8.0,0.0,0.0,0,0,6,3.625,29,108.0,1.0
high_compressibility,1,capacity_aware_static,C,6,6,6,1,feasible,0.5665024630541872,1.0,3.9655172413793105,8,8.0,0.0,0.0,0,0,6,3.625,29,108.0,1.0
high_compressibility,1,smoothed,none,0,6,6,1,feasible,0.5665024630541872,1.0,3.9655172413793105,10,10.0,0.0,0.0,0,0,3,2.9,29,155.0,1.0
high_compressibility,1,static_min,none,0,6,7,1,feasible,0.5665024630541872,1.0,3.9655172413793105,8,8.0,0.0,0.0,0,0,6,3.625,29,108.0,1.0
high_compressibility,1,capacity_aware_static,C,6,6,7,1,feasible,0.5665024630541872,1.0,3.9655172413793105,8,8.0,0.0,0.0,0,0,6,3.625,29,108.0,1.0
high_compressibility,1,smoothed,none,0,6,7,1,feasible,0.5665024630541872,1.0,3.9655172413793105,10,10.0,0.0,0.0,0,0,3,2.9,29,155.0,1.0
high_compressibility,1,static_min,none,0,6,8,1,feasible,0.5665024630541872,1.0,3.9655172413793105,8,8.0,0.0,0.0,0,0,6,3.625,29,108.0,1.0
high_compressibility,1,capacity_aware_static,C,6,6,8,1,feasible,0.5665024630541872,1.0,3.9655172413793105,8,8.0,0.0,0.0,0,0,6,3.625,29,108.0,1.0
high_compressibility,1,smoothed,none,0,6,8,1,feasible,0.5665024630541872,1.0,3.9655172413793105,10,10.0,0.0,0.0,0,0,3,2.9,29,155.0,1.0
high_compressibility,1,static_min,none,0,6,9,1,feasible,0.5665024630541872,1.0,3.9655172413793105,8,8.0,0.0,0.0,0,0,6,3.625,29,108.0,1.0
high_compressibility,1,capacity_aware_static,C,6,6,9,1,feasible,0.5665024630541872,1.0,3.9655172413793105,8,8.0,0.0,0.0,0,0,6,3.625,29,108.0,1.0
high_compressibility,1,smoothed,none,0,6,9,1,feasible,0.5665024630541872,1.0,3.9655172413793105,10,10.0,0.0,0.0,0,0,3,2.9,29,155.0,1.0
high_compressibility,1,static_min,none,0,6,10,1,feasible,0.5665024630541872,1.0,3.9655172413793105,8,8.0,0.0,0.0,0,0,6,3.625,29,108.0,1.0
high_compressibility,1,capacity_aware_static,C,6,6,10,1,feasible,0.5665024630541872,1.0,3.9655172413793105,8,8.0,0.0,0.0,0,0,6,3.625,29,108.0,1.0
high_compressibility,1,smoothed,none,0,6,10,1,feasible,0.5665024630541872,1.0,3.9655172413793105,10,10.0,0.0,0.0,0,0,3,2.9,29,155.0,1.0
high_compressibility,1,static_min,none,0,6,11,1,feasible,0.5665024630541872,1.0,3.9655172413793105,8,8.0,0.0,0.0,0,0,6,3.625,29,108.0,1.0
high_compressibility,1,capacity_aware_static,C,6,6,11,1,feasible,0.5665024630541872,1.0,3.9655172413793105,8,8.0,0.0,0.0,0,0,6,3.625,29,108.0,1.0
high_compressibility,1,smoothed,none,0,6,11,1,feasible,0.5665024630541872,1.0,3.9655172413793105,10,10.0,0.0,0.0,0,0,3,2.9,29,155.0,1.0
high_compressibility,1,static_min,none,0,6,12,1,feasible,0.5665024630541872,1.0,3.9655172413793105,8,8.0,0.0,0.0,0,0,6,3.625,29,108.0,1.0
high_compressibility,1,capacity_aware_static,C,6,6,12,1,feasible,0.5665024630541872,1.0,3.9655172413793105,8,8.0,0.0,0.0,0,0,6,3.625,29,108.0,1.0
high_compressibility,1,smoothed,none,0,6,12,1,feasible,0.5665024630541872,1.0,3.9655172413793105,10,10.0,0.0,0.0,0,0,3,2.9,29,155.0,1.0
high_compressibility,1,static_min,none,0,6,13,1,feasible,0.5665024630541872,1.0,3.9655172413793105,8,8.0,0.0,0.0,0,0,6,3.625,29,108.0,1.0
high_compressibility,1,capacity_aware_static,C,6,6,13,1,feasible,0.5665024630541872,1.0,3.9655172413793105,8,8.0,0.0,0.0,0,0,6,3.625,29,108.0,1.0
high_compressibility,1,smoothed,none,0,6,13,1,feasible,0.5665024630541872,1.0,3.9655172413793105,10,10.0,0.0,0.0,0,0,3,2.9,29,155.0,1.0
high_compressibility,1,static_min,none,0,6,14,1,feasible,0.5665024630541872,1.0,3.9655172413793105,8,8.0,0.0,0.0,0,0,6,3.625,29,108.0,1.0
high_compressibility,1,capacity_aware_static,C,6,6,14,1,feasible,0.5665024630541872,1.0,3.9655172413793105,8,8.0,0.0,0.0,0,0,6,3.625,29,108.0,1.0
high_compressibility,1,smoothed,none,0,6,14,1,feasible,0.5665024630541872,1.0,3.9655172413793105,10,10.0,0.0,0.0,0,0,3,2.9,29,155.0,1.0
high_compressibility,1,static_min,none,0,6,15,1,feasible,0.5665024630541872,1.0,3.9655172413793105,8,8.0,0.0,0.0,0,0,6,3.625,29,108.0,1.0
high_compressibility,1,capacity_aware_static,C,6,6,15,1,feasible,0.5665024630541872,1.0,3.9655172413793105,8,8.0,0.0,0.0,0,0,6,3.625,29,108.0,1.0
high_compressibility,1,smoothed,none,0,6,15,1,feasible,0.5665024630541872,1.0,3.9655172413793105,10,10.0,0.0,0.0,0,0,3,2.9,29,155.0,1.0
high_compressibility,1,static_min,none,0,7,0,1,feasible,0.5665024630541872,1.0,3.9655172413793105,8,8.0,0.0,0.0,0,0,6,3.625,29,108.0,1.0
high_compressibility,1,capacity_aware_static,C,7,7,0,1,feasible,0.5665024630541872,1.0,3.9655172413793105,8,8.0,0.0,0.0,0,0,6,3.625,29,108.0,1.0
high_compressibility,1,smoothed,none,0,7,0,1,feasible,0.5665024630541872,1.0,3.9655172413793105,10,10.0,0.0,0.0,0,0,3,2.9,29,155.0,1.0
high_compressibility,1,static_min,none,0,7,1,1,feasible,0.5665024630541872,1.0,3.9655172413793105,8,8.0,0.0,0.0,0,0,6,3.625,29,108.0,1.0
high_compressibility,1,capacity_aware_static,C,7,7,1,1,feasible,0.5665024630541872,1.0,3.9655172413793105,8,8.0,0.0,0.0,0,0,6,3.625,29,108.0,1.0
high_compressibility,1,smoothed,none,0,7,1,1,feasible,0.5665024630541872,1.0,3.9655172413793105,10,10.0,0.0,0.0,0,0,3,2.9,29,155.0,1.0
high_compressibility,1,static_min,none,0,7,2,1,feasible,0.5665024630541872,1.0,3.9655172413793105,8,8.0,0.0,0.0,0,0,6,3.625,29,108.0,1.0
high_compressibility,1,capacity_aware_static,C,7,7,2,1,feasible,0.5665024630541872,1.0,3.9655172413793105,8,8.0,0.0,0.0,0,0,6,3.625,29,108.0,1.0
high_compressibility,1,smoothed,none,0,7,2,1,feasible,0.5665024630541872,1.0,3.9655172413793105,10,10.0,0.0,0.0,0,0,3,2.9,29,155.0,1.0
high_compressibility,1,static_min,none,0,7,3,1,feasible,0.5665024630541872,1.0,3.9655172413793105,8,8.0,0.0,0.0,0,0,6,3.625,29,108.0,1.0
high_compressibility,1,capacity_aware_static,C,7,7,3,1,feasible,0.5665024630541872,1.0,3.9655172413793105,8,8.0,0.0,0.0,0,0,6,3.625,29,108.0,1.0
high_compressibility,1,smoothed,none,0,7,3,1,feasible,0.5665024630541872,1.0,3.9655172413793105,10,10.0,0.0,0.0,0,0,3,2.9,29,155.0,1.0
high_compressibility,1,static_min,none,0,7,4,1,feasible,0.5665024630541872,1.0,3.9655172413793105,8,8.0,0.0,0.0,0,0,6,3.625,29,108.0,1.0
high_compressibility,1,capacity_aware_static,C,7,7,4,1,feasible,0.5665024630541872,1.0,3.9655172413793105,8,8.0,0.0,0.0,0,0,6,3.625,29,108.0,1.0
high_compressibility,1,smoothed,none,0,7,4,1,feasible,0.5665024630541872,1.0,3.9655172413793105,10,10.0,0.0,0.0,0,0,3,2.9,29,155.0,1.0
high_compressibility,1,static_min,none,0,7,5,1,feasible,0.5665024630541872,1.0,3.9655172413793105,8,8.0,0.0,0.0,0,0,6,3.625,29,108.0,1.0
high_compressibility,1,capacity_aware_static,C,7,7,5,1,feasible,0.5665024630541872,1.0,3.9655172413793105,8,8.0,0.0,0.0,0,0,6,3.625,29,108.0,1.0
high_compressibility,1,smoothed,none,0,7,5,1,feasible,0.5665024630541872,1.0,3.9655172413793105,10,10.0,0.0,0.0,0,0,3,2.9,29,155.0,1.0
high_compressibility,1,static_min,none,0,7,6,1,feasible,0.5665024630541872,1.0,3.9655172413793105,8,8.0,0.0,0.0,0,0,6,3.625,29,108.0,1.0
high_compressibility,1,capacity_aware_static,C,7,7,6,1,feasible,0.5665024630541872,1.0,3.9655172413793105,8,8.0,0.0,0.0,0,0,6,3.625,29,108.0,1.0
high_compressibility,1,smoothed,none,0,7,6,1,feasible,0.5665024630541872,1.0,3.9655172413793105,10,10.0,0.0,0.0,0,0,3,2.9,29,155.0,1.0
high_compressibility,1,static_min,none,0,7,7,1,feasible,0.5665024630541872,1.0,3.9655172413793105,8,8.0,0.0,0.0,0,0,6,3.625,29,108.0,1.0
high_compressibility,1,capacity_aware_static,C,7,7,7,1,feasible,0.5665024630541872,1.0,3.9655172413793105,8,8.0,0.0,0.0,0,0,6,3.625,29,108.0,1.0
high_compressibility,1,smoothed,none,0,7,7,1,feasible,0.5665024630541872,1.0,3.9655172413793105,10,10.0,0.0,0.0,0,0,3,2.9,29,155.0,1.0
high_compressibility,1,static_min,none,0,7,8,1,feasible,0.5665024630541872,1.0,3.9655172413793105,8,8.0,0.0,0.0,0,0,6,3.625,29,108.0,1.0
high_compressibility,1,capacity_aware_static,C,7,7,8,1,feasible,0.5665024630541872,1.0,3.9655172413793105,8,8.0,0.0,0.0,0,0,6,3.625,29,108.0,1.0
high_compressibility,1,smoothed,none,0,7,8,1,feasible,0.5665024630541872,1.0,3.9655172413793105,10,10.0,0.0,0.0,0,0,3,2.9,29,155.0,1.0
high_compressibility,1,static_min,none,0,7,9,1,feasible,0.5665024630541872,1.0,3.9655172413793105,8,8.0,0.0,0.0,0,0,6,3.625,29,108.0,1.0
high_compressibility,1,capacity_aware_static,C,7,7,9,1,feasible,0.5665024630541872,1.0,3.9655172413793105,8,8.0,0.0,0.0,0,0,6,3.625,29,108.0,1.0
high_compressibility,1,smoothed,none,0,7,9,1,feasible,0.5665024630541872,1.0,3.9655172413793105,10,10.0,0.0,0.0,0,0,3,2.9,29,155.0,1.0
high_compressibility,1,static_min,none,0,7,10,1,feasible,0.5665024630541872,1.0,3.9655172413793105,8,8.0,0.0,0.0,0,0,6,3.625,29,108.0,1.0
high_compressibility,1,capacity_aware_static,C,7,7,10,1,feasible,0.5665024630541872,1.0,3.9655172413793105,8,8.0,0.0,0.0,0,0,6,3.625,29,108.0,1.0
high_compressibility,1,smoothed,none,0,7,10,1,feasible,0.5665024630541872,1.0,3.9655172413793105,10,10.0,0.0,0.0,0,0,3,2.9,29,155.0,1.0
high_compressibility,1,static_min,none,0,7,11,1,feasible,0.5665024630541872,1.0,3.9655172413793105,8,8.0,0.0,0.0,0,0,6,3.625,29,108.0,1.0
high_compressibility,1,capacity_aware_static,C,7,7,11,1,feasible,0.5665024630541872,1.0,3.9655172413793105,8,8.0,0.0,0.0,0,0,6,3.625,29,108.0,1.0
high_compressibility,1,smoothed,none,0,7,11,1,feasible,0.5665024630541872,1.0,3.9655172413793105,10,10.0,0.0,0.0,0,0,3,2.9,29,155.0,1.0
high_compressibility,1,static_min,none,0,7,12,1,feasible,0.5665024630541872,1.0,3.9655172413793105,8,8.0,0.0,0.0,0,0,6,3.625,29,108.0,1.0
high_compressibility,1,capacity_aware_static,C,7,7,12,1,feasible,0.5665024630541872,1.0,3.9655172413793105,8,8.0,0.0,0.0,0,0,6,3.625,29,108.0,1.0
high_compressibility,1,smoothed,none,0,7,12,1,feasible,0.5665024630541872,1.0,3.9655172413793105,10,10.0,0.0,0.0,0,0,3,2.9,29,155.0,1.0
high_compressibility,1,static_min,none,0,7,13,1,feasible,0.5665024630541872,1.0,3.9655172413793105,8,8.0,0.0,0.0,0,0,6,3.625,29,108.0,1.0
high_compressibility,1,capacity_aware_static,C,7,7,13,1,feasible,0.5665024630541872,1.0,3.9655172413793105,8,8.0,0.0,0.0,0,0,6,3.625,29,108.0,1.0
high_compressibility,1,smoothed,none,0,7,13,1,feasible,0.5665024630541872,1.0,3.9655172413793105,10,10.0,0.0,0.0,0,0,3,2.9,29,155.0,1.0
high_compressibility,1,static_min,none,0,7,14,1,feasible,0.5665024630541872,1.0,3.9655172413793105,8,8.0,0.0,0.0,0,0,6,3.625,29,108.0,1.0
high_compressibility,1,capacity_aware_static,C,7,7,14,1,feasible,0.5665024630541872,1.0,3.9655172413793105,8,8.0,0.0,0.0,0,0,6,3.625,29,108.0,1.0
high_compressibility,1,smoothed,none,0,7,14,1,feasible,0.5665024630541872,1.0,3.9655172413793105,10,10.0,0.0,0.0,0,0,3,2.9,29,155.0,1.0
high_compressibility,1,static_min,none,0,7,15,1,feasible,0.5665024630541872,1.0,3.9655172413793105,8,8.0,0.0,0.0,0,0,6,3.625,29,108.0,1.0
high_compressibility,1,capacity_aware_static,C,7,7,15,1,feasible,0.5665024630541872,1.0,3.9655172413793105,8,8.0,0.0,0.0,0,0,6,3.625,29,108.0,1.0
high_compressibility,1,smoothed,none,0,7,15,1,feasible,0.5665024630541872,1.0,3.9655172413793105,10,10.0,0.0,0.0,0,0,3,2.9,29,155.0,1.0
high_compressibility,3,static_min,none,0,1,0,0,peak_demand_exceeds_reachable_stock,0.4778325123152709,1.0,3.3448275862068964,8,inf,inf,1.0,23,23,6,3.625,29,inf,inf
high_compressibility,3,capacity_aware_static,C,1,1,0,1,feasible,0.4778325123152709,1.0,3.3448275862068964,29,29.0,0.0,0.0,0,0,1,1.0,29,372.0,1.0
high_compressibility,3,smoothed,none,0,1,0,0,peak_demand_exceeds_reachable_stock,0.4778325123152709,1.0,3.3448275862068964,10,inf,inf,1.0,19,19,3,2.9,29,inf,inf
high_compressibility,3,static_min,none,0,1,1,0,peak_demand_exceeds_reachable_stock,0.4778325123152709,1.0,3.3448275862068964,8,inf,inf,1.0,23,23,6,3.625,29,inf,inf
high_compressibility,3,capacity_aware_static,C,1,1,1,1,feasible,0.4778325123152709,1.0,3.3448275862068964,29,29.0,0.0,0.0,0,0,1,1.0,29,372.0,1.0
high_compressibility,3,smoothed,none,0,1,1,0,peak_demand_exceeds_reachable_stock,0.4778325123152709,1.0,3.3448275862068964,10,inf,inf,1.0,19,19,3,2.9,29,inf,inf
high_compressibility,3,static_min,none,0,1,2,0,peak_demand_exceeds_reachable_stock,0.4778325123152709,1.0,3.3448275862068964,8,inf,inf,1.0,23,23,6,3.625,29,inf,inf
high_compressibility,3,capacity_aware_static,C,1,1,2,1,feasible,0.4778325123152709,1.0,3.3448275862068964,29,29.0,0.0,0.0,0,0,1,1.0,29,372.0,1.0
high_compressibility,3,smoothed,none,0,1,2,1,feasible,0.4778325123152709,1.0,3.3448275862068964,10,29.0,19.0,0.6551724137931034,19,19,3,2.9,29,484.0,2.9
high_compressibility,3,static_min,none,0,1,3,0,peak_demand_exceeds_reachable_stock,0.4778325123152709,1.0,3.3448275862068964,8,inf,inf,1.0,23,23,6,3.625,29,inf,inf
high_compressibility,3,capacity_aware_static,C,1,1,3,1,feasible,0.4778325123152709,1.0,3.3448275862068964,29,29.0,0.0,0.0,0,0,1,1.0,29,372.0,1.0
high_compressibility,3,smoothed,none,0,1,3,1,feasible,0.4778325123152709,1.0,3.3448275862068964,10,29.0,19.0,0.6551724137931034,19,19,3,2.9,29,484.0,2.9
high_compressibility,3,static_min,none,0,1,4,0,peak_demand_exceeds_reachable_stock,0.4778325123152709,1.0,3.3448275862068964,8,inf,inf,1.0,23,23,6,3.625,29,inf,inf
high_compressibility,3,capacity_aware_static,C,1,1,4,1,feasible,0.4778325123152709,1.0,3.3448275862068964,29,29.0,0.0,0.0,0,0,1,1.0,29,372.0,1.0
high_compressibility,3,smoothed,none,0,1,4,1,feasible,0.4778325123152709,1.0,3.3448275862068964,10,29.0,19.0,0.6551724137931034,19,19,3,2.9,29,484.0,2.9
high_compressibility,3,static_min,none,0,1,5,1,feasible,0.4778325123152709,1.0,3.3448275862068964,8,31.0,23.0,0.7419354838709677,23,23,6,3.625,29,425.0,3.875
high_compressibility,3,capacity_aware_static,C,1,1,5,1,feasible,0.4778325123152709,1.0,3.3448275862068964,29,29.0,0.0,0.0,0,0,1,1.0,29,372.0,1.0
high_compressibility,3,smoothed,none,0,1,5,1,feasible,0.4778325123152709,1.0,3.3448275862068964,10,29.0,19.0,0.6551724137931034,19,19,3,2.9,29,484.0,2.9
high_compressibility,3,static_min,none,0,1,6,1,feasible,0.4778325123152709,1.0,3.3448275862068964,8,31.0,23.0,0.7419354838709677,23,23,6,3.625,29,425.0,3.875
high_compressibility,3,capacity_aware_static,C,1,1,6,1,feasible,0.4778325123152709,1.0,3.3448275862068964,29,29.0,0.0,0.0,0,0,1,1.0,29,372.0,1.0
high_compressibility,3,smoothed,none,0,1,6,1,feasible,0.4778325123152709,1.0,3.3448275862068964,10,29.0,19.0,0.6551724137931034,19,19,3,2.9,29,484.0,2.9
high_compressibility,3,static_min,none,0,1,7,1,feasible,0.4778325123152709,1.0,3.3448275862068964,8,31.0,23.0,0.7419354838709677,23,23,6,3.625,29,425.0,3.875
high_compressibility,3,capacity_aware_static,C,1,1,7,1,feasible,0.4778325123152709,1.0,3.3448275862068964,29,29.0,0.0,0.0,0,0,1,1.0,29,372.0,1.0
high_compressibility,3,smoothed,none,0,1,7,1,feasible,0.4778325123152709,1.0,3.3448275862068964,10,29.0,19.0,0.6551724137931034,19,19,3,2.9,29,484.0,2.9
high_compressibility,3,static_min,none,0,1,8,1,feasible,0.4778325123152709,1.0,3.3448275862068964,8,31.0,23.0,0.7419354838709677,23,23,6,3.625,29,425.0,3.875
high_compressibility,3,capacity_aware_static,C,1,1,8,1,feasible,0.4778325123152709,1.0,3.3448275862068964,29,29.0,0.0,0.0,0,0,1,1.0,29,372.0,1.0
high_compressibility,3,smoothed,none,0,1,8,1,feasible,0.4778325123152709,1.0,3.3448275862068964,10,29.0,19.0,0.6551724137931034,19,19,3,2.9,29,484.0,2.9
high_compressibility,3,static_min,none,0,1,9,1,feasible,0.4778325123152709,1.0,3.3448275862068964,8,31.0,23.0,0.7419354838709677,23,23,6,3.625,29,425.0,3.875
high_compressibility,3,capacity_aware_static,C,1,1,9,1,feasible,0.4778325123152709,1.0,3.3448275862068964,29,29.0,0.0,0.0,0,0,1,1.0,29,372.0,1.0
high_compressibility,3,smoothed,none,0,1,9,1,feasible,0.4778325123152709,1.0,3.3448275862068964,10,29.0,19.0,0.6551724137931034,19,19,3,2.9,29,484.0,2.9
high_compressibility,3,static_min,none,0,1,10,1,feasible,0.4778325123152709,1.0,3.3448275862068964,8,31.0,23.0,0.7419354838709677,23,23,6,3.625,29,425.0,3.875
high_compressibility,3,capacity_aware_static,C,1,1,10,1,feasible,0.4778325123152709,1.0,3.3448275862068964,29,29.0,0.0,0.0,0,0,1,1.0,29,372.0,1.0
high_compressibility,3,smoothed,none,0,1,10,1,feasible,0.4778325123152709,1.0,3.3448275862068964,10,29.0,19.0,0.6551724137931034,19,19,3,2.9,29,484.0,2.9
high_compressibility,3,static_min,none,0,1,11,1,feasible,0.4778325123152709,1.0,3.3448275862068964,8,31.0,23.0,0.7419354838709677,23,23,6,3.625,29,425.0,3.875
high_compressibility,3,capacity_aware_static,C,1,1,11,1,feasible,0.4778325123152709,1.0,3.3448275862068964,29,29.0,0.0,0.0,0,0,1,1.0,29,372.0,1.0
high_compressibility,3,smoothed,none,0,1,11,1,feasible,0.4778325123152709,1.0,3.3448275862068964,10,29.0,19.0,0.6551724137931034,19,19,3,2.9,29,484.0,2.9
high_compressibility,3,static_min,none,0,1,12,1,feasible,0.4778325123152709,1.0,3.3448275862068964,8,31.0,23.0,0.7419354838709677,23,23,6,3.625,29,425.0,3.875
high_compressibility,3,capacity_aware_static,C,1,1,12,1,feasible,0.4778325123152709,1.0,3.3448275862068964,29,29.0,0.0,0.0,0,0,1,1.0,29,372.0,1.0
high_compressibility,3,smoothed,none,0,1,12,1,feasible,0.4778325123152709,1.0,3.3448275862068964,10,29.0,19.0,0.6551724137931034,19,19,3,2.9,29,484.0,2.9
high_compressibility,3,static_min,none,0,1,13,1,feasible,0.4778325123152709,1.0,3.3448275862068964,8,31.0,23.0,0.7419354838709677,23,23,6,3.625,29,425.0,3.875
high_compressibility,3,capacity_aware_static,C,1,1,13,1,feasible,0.4778325123152709,1.0,3.3448275862068964,29,29.0,0.0,0.0,0,0,1,1.0,29,372.0,1.0
high_compressibility,3,smoothed,none,0,1,13,1,feasible,0.4778325123152709,1.0,3.3448275862068964,10,29.0,19.0,0.6551724137931034,19,19,3,2.9,29,484.0,2.9
high_compressibility,3,static_min,none,0,1,14,1,feasible,0.4778325123152709,1.0,3.3448275862068964,8,31.0,23.0,0.7419354838709677,23,23,6,3.625,29,425.0,3.875
high_compressibility,3,capacity_aware_static,C,1,1,14,1,feasible,0.4778325123152709,1.0,3.3448275862068964,29,29.0,0.0,0.0,0,0,1,1.0,29,372.0,1.0
high_compressibility,3,smoothed,none,0,1,14,1,feasible,0.4778325123152709,1.0,3.3448275862068964,10,29.0,19.0,0.6551724137931034,19,19,3,2.9,29,484.0,2.9
high_compressibility,3,static_min,none,0,1,15,1,feasible,0.4778325123152709,1.0,3.3448275862068964,8,31.0,23.0,0.7419354838709677,23,23,6,3.625,29,425.0,3.875
high_compressibility,3,capacity_aware_static,C,1,1,15,1,feasible,0.4778325123152709,1.0,3.3448275862068964,29,29.0,0.0,0.0,0,0,1,1.0,29,372.0,1.0
high_compressibility,3,smoothed,none,0,1,15,1,feasible,0.4778325123152709,1.0,3.3448275862068964,10,29.0,19.0,0.6551724137931034,19,19,3,2.9,29,484.0,2.9
high_compressibility,3,static_min,none,0,2,0,0,peak_demand_exceeds_reachable_stock,0.4778325123152709,1.0,3.3448275862068964,8,inf,inf,1.0,17,17,6,3.625,29,inf,inf
high_compressibility,3,capacity_aware_static,C,2,2,0,1,feasible,0.4778325123152709,1.0,3.3448275862068964,15,15.0,0.0,0.0,0,0,2,1.9333333333333333,29,209.0,1.0
high_compressibility,3,smoothed,none,0,2,0,0,peak_demand_exceeds_reachable_stock,0.4778325123152709,1.0,3.3448275862068964,10,inf,inf,1.0,9,9,3,2.9,29,inf,inf
high_compressibility,3,static_min,none,0,2,1,0,peak_demand_exceeds_reachable_stock,0.4778325123152709,1.0,3.3448275862068964,8,inf,inf,1.0,17,17,6,3.625,29,inf,inf
high_compressibility,3,capacity_aware_static,C,2,2,1,1,feasible,0.4778325123152709,1.0,3.3448275862068964,15,15.0,0.0,0.0,0,0,2,1.9333333333333333,29,209.0,1.0
high_compressibility,3,smoothed,none,0,2,1,1,feasible,0.4778325123152709,1.0,3.3448275862068964,10,19.0,9.0,0.47368421052631576,9,9,3,2.9,29,321.0,1.9
high_compressibility,3,static_min,none,0,2,2,0,peak_demand_exceeds_reachable_stock,0.4778325123152709,1.0,3.3448275862068964,8,inf,inf,1.0,17,17,6,3.625,29,inf,inf
high_compressibility,3,capacity_aware_static,C,2,2,2,1,feasible,0.4778325123152709,1.0,3.3448275862068964,15,15.0,0.0,0.0,0,0,2,1.9333333333333333,29,209.0,1.0
high_compressibility,3,smoothed,none,0,2,2,1,feasible,0.4778325123152709,1.0,3.3448275862068964,10,15.0,5.0,0.3333333333333333,9,9,3,2.9,29,243.0,1.5
high_compressibility,3,static_min,none,0,2,3,0,peak_demand_exceeds_reachable_stock,0.4778325123152709,1.0,3.3448275862068964,8,inf,inf,1.0,17,17,6,3.625,29,inf,inf
high_compressibility,3,capacity_aware_static,C,2,2,3,1,feasible,0.4778325123152709,1.0,3.3448275862068964,15,15.0,0.0,0.0,0,0,2,1.9333333333333333,29,209.0,1.0
high_compressibility,3,smoothed,none,0,2,3,1,feasible,0.4778325123152709,1.0,3.3448275862068964,10,15.0,5.0,0.3333333333333333,9,9,3,2.9,29,243.0,1.5
high_compressibility,3,static_min,none,0,2,4,1,feasible,0.4778325123152709,1.0,3.3448275862068964,8,17.0,9.0,0.5294117647058824,17,17,6,3.625,29,235.0,2.125
high_compressibility,3,capacity_aware_static,C,2,2,4,1,feasible,0.4778325123152709,1.0,3.3448275862068964,15,15.0,0.0,0.0,0,0,2,1.9333333333333333,29,209.0,1.0
high_compressibility,3,smoothed,none,0,2,4,1,feasible,0.4778325123152709,1.0,3.3448275862068964,10,15.0,5.0,0.3333333333333333,9,9,3,2.9,29,243.0,1.5
high_compressibility,3,static_min,none,0,2,5,1,feasible,0.4778325123152709,1.0,3.3448275862068964,8,17.0,9.0,0.5294117647058824,17,17,6,3.625,29,235.0,2.125
high_compressibility,3,capacity_aware_static,C,2,2,5,1,feasible,0.4778325123152709,1.0,3.3448275862068964,15,15.0,0.0,0.0,0,0,2,1.9333333333333333,29,209.0,1.0
high_compressibility,3,smoothed,none,0,2,5,1,feasible,0.4778325123152709,1.0,3.3448275862068964,10,15.0,5.0,0.3333333333333333,9,9,3,2.9,29,243.0,1.5
high_compressibility,3,static_min,none,0,2,6,1,feasible,0.4778325123152709,1.0,3.3448275862068964,8,17.0,9.0,0.5294117647058824,17,17,6,3.625,29,235.0,2.125
high_compressibility,3,capacity_aware_static,C,2,2,6,1,feasible,0.4778325123152709,1.0,3.3448275862068964,15,15.0,0.0,0.0,0,0,2,1.9333333333333333,29,209.0,1.0
high_compressibility,3,smoothed,none,0,2,6,1,feasible,0.4778325123152709,1.0,3.3448275862068964,10,15.0,5.0,0.3333333333333333,9,9,3,2.9,29,243.0,1.5
high_compressibility,3,static_min,none,0,2,7,1,feasible,0.4778325123152709,1.0,3.3448275862068964,8,17.0,9.0,0.5294117647058824,17,17,6,3.625,29,235.0,2.125
high_compressibility,3,capacity_aware_static,C,2,2,7,1,feasible,0.4778325123152709,1.0,3.3448275862068964,15,15.0,0.0,0.0,0,0,2,1.9333333333333333,29,209.0,1.0
high_compressibility,3,smoothed,none,0,2,7,1,feasible,0.4778325123152709,1.0,3.3448275862068964,10,15.0,5.0,0.3333333333333333,9,9,3,2.9,29,243.0,1.5
high_compressibility,3,static_min,none,0,2,8,1,feasible,0.4778325123152709,1.0,3.3448275862068964,8,17.0,9.0,0.5294117647058824,17,17,6,3.625,29,235.0,2.125
high_compressibility,3,capacity_aware_static,C,2,2,8,1,feasible,0.4778325123152709,1.0,3.3448275862068964,15,15.0,0.0,0.0,0,0,2,1.9333333333333333,29,209.0,1.0
high_compressibility,3,smoothed,none,0,2,8,1,feasible,0.4778325123152709,1.0,3.3448275862068964,10,15.0,5.0,0.3333333333333333,9,9,3,2.9,29,243.0,1.5
high_compressibility,3,static_min,none,0,2,9,1,feasible,0.4778325123152709,1.0,3.3448275862068964,8,17.0,9.0,0.5294117647058824,17,17,6,3.625,29,235.0,2.125
high_compressibility,3,capacity_aware_static,C,2,2,9,1,feasible,0.4778325123152709,1.0,3.3448275862068964,15,15.0,0.0,0.0,0,0,2,1.9333333333333333,29,209.0,1.0
high_compressibility,3,smoothed,none,0,2,9,1,feasible,0.4778325123152709,1.0,3.3448275862068964,10,15.0,5.0,0.3333333333333333,9,9,3,2.9,29,243.0,1.5
high_compressibility,3,static_min,none,0,2,10,1,feasible,0.4778325123152709,1.0,3.3448275862068964,8,17.0,9.0,0.5294117647058824,17,17,6,3.625,29,235.0,2.125
high_compressibility,3,capacity_aware_static,C,2,2,10,1,feasible,0.4778325123152709,1.0,3.3448275862068964,15,15.0,0.0,0.0,0,0,2,1.9333333333333333,29,209.0,1.0
high_compressibility,3,smoothed,none,0,2,10,1,feasible,0.4778325123152709,1.0,3.3448275862068964,10,15.0,5.0,0.3333333333333333,9,9,3,2.9,29,243.0,1.5
high_compressibility,3,static_min,none,0,2,11,1,feasible,0.4778325123152709,1.0,3.3448275862068964,8,17.0,9.0,0.5294117647058824,17,17,6,3.625,29,235.0,2.125
high_compressibility,3,capacity_aware_static,C,2,2,11,1,feasible,0.4778325123152709,1.0,3.3448275862068964,15,15.0,0.0,0.0,0,0,2,1.9333333333333333,29,209.0,1.0
high_compressibility,3,smoothed,none,0,2,11,1,feasible,0.4778325123152709,1.0,3.3448275862068964,10,15.0,5.0,0.3333333333333333,9,9,3,2.9,29,243.0,1.5
high_compressibility,3,static_min,none,0,2,12,1,feasible,0.4778325123152709,1.0,3.3448275862068964,8,17.0,9.0,0.5294117647058824,17,17,6,3.625,29,235.0,2.125
high_compressibility,3,capacity_aware_static,C,2,2,12,1,feasible,0.4778325123152709,1.0,3.3448275862068964,15,15.0,0.0,0.0,0,0,2,1.9333333333333333,29,209.0,1.0
high_compressibility,3,smoothed,none,0,2,12,1,feasible,0.4778325123152709,1.0,3.3448275862068964,10,15.0,5.0,0.3333333333333333,9,9,3,2.9,29,243.0,1.5
high_compressibility,3,static_min,none,0,2,13,1,feasible,0.4778325123152709,1.0,3.3448275862068964,8,17.0,9.0,0.5294117647058824,17,17,6,3.625,29,235.0,2.125
high_compressibility,3,capacity_aware_static,C,2,2,13,1,feasible,0.4778325123152709,1.0,3.3448275862068964,15,15.0,0.0,0.0,0,0,2,1.9333333333333333,29,209.0,1.0
high_compressibility,3,smoothed,none,0,2,13,1,feasible,0.4778325123152709,1.0,3.3448275862068964,10,15.0,5.0,0.3333333333333333,9,9,3,2.9,29,243.0,1.5
high_compressibility,3,static_min,none,0,2,14,1,feasible,0.4778325123152709,1.0,3.3448275862068964,8,17.0,9.0,0.5294117647058824,17,17,6,3.625,29,235.0,2.125
high_compressibility,3,capacity_aware_static,C,2,2,14,1,feasible,0.4778325123152709,1.0,3.3448275862068964,15,15.0,0.0,0.0,0,0,2,1.9333333333333333,29,209.0,1.0
high_compressibility,3,smoothed,none,0,2,14,1,feasible,0.4778325123152709,1.0,3.3448275862068964,10,15.0,5.0,0.3333333333333333,9,9,3,2.9,29,243.0,1.5
high_compressibility,3,static_min,none,0,2,15,1,feasible,0.4778325123152709,1.0,3.3448275862068964,8,17.0,9.0,0.5294117647058824,17,17,6,3.625,29,235.0,2.125
high_compressibility,3,capacity_aware_static,C,2,2,15,1,feasible,0.4778325123152709,1.0,3.3448275862068964,15,15.0,0.0,0.0,0,0,2,1.9333333333333333,29,209.0,1.0
high_compressibility,3,smoothed,none,0,2,15,1,feasible,0.4778325123152709,1.0,3.3448275862068964,10,15.0,5.0,0.3333333333333333,9,9,3,2.9,29,243.0,1.5
high_compressibility,3,static_min,none,0,3,0,0,peak_demand_exceeds_reachable_stock,0.4778325123152709,1.0,3.3448275862068964,8,inf,inf,1.0,11,11,6,3.625,29,inf,inf
high_compressibility,3,capacity_aware_static,C,3,3,0,1,feasible,0.4778325123152709,1.0,3.3448275862068964,11,11.0,0.0,0.0,0,0,3,2.6363636363636362,29,156.0,1.0
high_compressibility,3,smoothed,none,0,3,0,1,feasible,0.4778325123152709,1.0,3.3448275862068964,10,10.0,0.0,0.0,0,0,3,2.9,29,163.0,1.0
high_compressibility,3,static_min,none,0,3,1,0,peak_demand_exceeds_reachable_stock,0.4778325123152709,1.0,3.3448275862068964,8,inf,inf,1.0,11,11,6,3.625,29,inf,inf
high_compressibility,3,capacity_aware_static,C,3,3,1,1,feasible,0.4778325123152709,1.0,3.3448275862068964,11,11.0,0.0,0.0,0,0,3,2.6363636363636362,29,156.0,1.0
high_compressibility,3,smoothed,none,0,3,1,1,feasible,0.4778325123152709,1.0,3.3448275862068964,10,10.0,0.0,0.0,0,0,3,2.9,29,163.0,1.0
high_compressibility,3,static_min,none,0,3,2,0,peak_demand_exceeds_reachable_stock,0.4778325123152709,1.0,3.3448275862068964,8,inf,inf,1.0,11,11,6,3.625,29,inf,inf
high_compressibility,3,capacity_aware_static,C,3,3,2,1,feasible,0.4778325123152709,1.0,3.3448275862068964,11,11.0,0.0,0.0,0,0,3,2.6363636363636362,29,156.0,1.0
high_compressibility,3,smoothed,none,0,3,2,1,feasible,0.4778325123152709,1.0,3.3448275862068964,10,10.0,0.0,0.0,0,0,3,2.9,29,163.0,1.0
high_compressibility,3,static_min,none,0,3,3,1,feasible,0.4778325123152709,1.0,3.3448275862068964,8,13.0,5.0,0.38461538461538464,11,11,6,3.625,29,182.0,1.625
high_compressibility,3,capacity_aware_static,C,3,3,3,1,feasible,0.4778325123152709,1.0,3.3448275862068964,11,11.0,0.0,0.0,0,0,3,2.6363636363636362,29,156.0,1.0
high_compressibility,3,smoothed,none,0,3,3,1,feasible,0.4778325123152709,1.0,3.3448275862068964,10,10.0,0.0,0.0,0,0,3,2.9,29,163.0,1.0
high_compressibility,3,static_min,none,0,3,4,1,feasible,0.4778325123152709,1.0,3.3448275862068964,8,12.0,4.0,0.3333333333333333,11,11,6,3.625,29,167.0,1.5
high_compressibility,3,capacity_aware_static,C,3,3,4,1,feasible,0.4778325123152709,1.0,3.3448275862068964,11,11.0,0.0,0.0,0,0,3,2.6363636363636362,29,156.0,1.0
high_compressibility,3,smoothed,none,0,3,4,1,feasible,0.4778325123152709,1.0,3.3448275862068964,10,10.0,0.0,0.0,0,0,3,2.9,29,163.0,1.0
high_compressibility,3,static_min,none,0,3,5,1,feasible,0.4778325123152709,1.0,3.3448275862068964,8,12.0,4.0,0.3333333333333333,11,11,6,3.625,29,167.0,1.5
high_compressibility,3,capacity_aware_static,C,3,3,5,1,feasible,0.4778325123152709,1.0,3.3448275862068964,11,11.0,0.0,0.0,0,0,3,2.6363636363636362,29,156.0,1.0
high_compressibility,3,smoothed,none,0,3,5,1,feasible,0.4778325123152709,1.0,3.3448275862068964,10,10.0,0.0,0.0,0,0,3,2.9,29,163.0,1.0
high_compressibility,3,static_min,none,0,3,6,1,feasible,0.4778325123152709,1.0,3.3448275862068964,8,12.0,4.0,0.3333333333333333,11,11,6,3.625,29,167.0,1.5
high_compressibility,3,capacity_aware_static,C,3,3,6,1,feasible,0.4778325123152709,1.0,3.3448275862068964,11,11.0,0.0,0.0,0,0,3,2.6363636363636362,29,156.0,1.0
high_compressibility,3,smoothed,none,0,3,6,1,feasible,0.4778325123152709,1.0,3.3448275862068964,10,10.0,0.0,0.0,0,0,3,2.9,29,163.0,1.0
high_compressibility,3,static_min,none,0,3,7,1,feasible,0.4778325123152709,1.0,3.3448275862068964,8,12.0,4.0,0.3333333333333333,11,11,6,3.625,29,167.0,1.5
high_compressibility,3,capacity_aware_static,C,3,3,7,1,feasible,0.4778325123152709,1.0,3.3448275862068964,11,11.0,0.0,0.0,0,0,3,2.6363636363636362,29,156.0,1.0
high_compressibility,3,smoothed,none,0,3,7,1,feasible,0.4778325123152709,1.0,3.3448275862068964,10,10.0,0.0,0.0,0,0,3,2.9,29,163.0,1.0
high_compressibility,3,static_min,none,0,3,8,1,feasible,0.4778325123152709,1.0,3.3448275862068964,8,12.0,4.0,0.3333333333333333,11,11,6,3.625,29,167.0,1.5
high_compressibility,3,capacity_aware_static,C,3,3,8,1,feasible,0.4778325123152709,1.0,3.3448275862068964,11,11.0,0.0,0.0,0,0,3,2.6363636363636362,29,156.0,1.0
high_compressibility,3,smoothed,none,0,3,8,1,feasible,0.4778325123152709,1.0,3.3448275862068964,10,10.0,0.0,0.0,0,0,3,2.9,29,163.0,1.0
high_compressibility,3,static_min,none,0,3,9,1,feasible,0.4778325123152709,1.0,3.3448275862068964,8,12.0,4.0,0.3333333333333333,11,11,6,3.625,29,167.0,1.5
high_compressibility,3,capacity_aware_static,C,3,3,9,1,feasible,0.4778325123152709,1.0,3.3448275862068964,11,11.0,0.0,0.0,0,0,3,2.6363636363636362,29,156.0,1.0
high_compressibility,3,smoothed,none,0,3,9,1,feasible,0.4778325123152709,1.0,3.3448275862068964,10,10.0,0.0,0.0,0,0,3,2.9,29,163.0,1.0
high_compressibility,3,static_min,none,0,3,10,1,feasible,0.4778325123152709,1.0,3.3448275862068964,8,12.0,4.0,0.3333333333333333,11,11,6,3.625,29,167.0,1.5
high_compressibility,3,capacity_aware_static,C,3,3,10,1,feasible,0.4778325123152709,1.0,3.3448275862068964,11,11.0,0.0,0.0,0,0,3,2.6363636363636362,29,156.0,1.0
high_compressibility,3,smoothed,none,0,3,10,1,feasible,0.4778325123152709,1.0,3.3448275862068964,10,10.0,0.0,0.0,0,0,3,2.9,29,163.0,1.0
high_compressibility,3,static_min,none,0,3,11,1,feasible,0.4778325123152709,1.0,3.3448275862068964,8,12.0,4.0,0.3333333333333333,11,11,6,3.625,29,167.0,1.5
high_compressibility,3,capacity_aware_static,C,3,3,11,1,feasible,0.4778325123152709,1.0,3.3448275862068964,11,11.0,0.0,0.0,0,0,3,2.6363636363636362,29,156.0,1.0
high_compressibility,3,smoothed,none,0,3,11,1,feasible,0.4778325123152709,1.0,3.3448275862068964,10,10.0,0.0,0.0,0,0,3,2.9,29,163.0,1.0
high_compressibility,3,static_min,none,0,3,12,1,feasible,0.4778325123152709,1.0,3.3448275862068964,8,12.0,4.0,0.3333333333333333,11,11,6,3.625,29,167.0,1.5
high_compressibility,3,capacity_aware_static,C,3,3,12,1,feasible,0.4778325123152709,1.0,3.3448275862068964,11,11.0,0.0,0.0,0,0,3,2.6363636363636362,29,156.0,1.0
high_compressibility,3,smoothed,none,0,3,12,1,feasible,0.4778325123152709,1.0,3.3448275862068964,10,10.0,0.0,0.0,0,0,3,2.9,29,163.0,1.0
high_compressibility,3,static_min,none,0,3,13,1,feasible,0.4778325123152709,1.0,3.3448275862068964,8,12.0,4.0,0.3333333333333333,11,11,6,3.625,29,167.0,1.5
high_compressibility,3,capacity_aware_static,C,3,3,13,1,feasible,0.4778325123152709,1.0,3.3448275862068964,11,11.0,0.0,0.0,0,0,3,2.6363636363636362,29,156.0,1.0
high_compressibility,3,smoothed,none,0,3,13,1,feasible,0.4778325123152709,1.0,3.3448275862068964,10,10.0,0.0,0.0,0,0,3,2.9,29,163.0,1.0
high_compressibility,3,static_min,none,0,3,14,1,feasible,0.4778325123152709,1.0,3.3448275862068964,8,12.0,4.0,0.3333333333333333,11,11,6,3.625,29,167.0,1.5
high_compressibility,3,capacity_aware_static,C,3,3,14,1,feasible,0.4778325123152709,1.0,3.3448275862068964,11,11.0,0.0,0.0,0,0,3,2.6363636363636362,29,156.0,1.0
high_compressibility,3,smoothed,none,0,3,14,1,feasible,0.4778325123152709,1.0,3.3448275862068964,10,10.0,0.0,0.0,0,0,3,2.9,29,163.0,1.0
high_compressibility,3,static_min,none,0,3,15,1,feasible,0.4778325123152709,1.0,3.3448275862068964,8,12.0,4.0,0.3333333333333333,11,11,6,3.625,29,167.0,1.5
high_compressibility,3,capacity_aware_static,C,3,3,15,1,feasible,0.4778325123152709,1.0,3.3448275862068964,11,11.0,0.0,0.0,0,0,3,2.6363636363636362,29,156.0,1.0
high_compressibility,3,smoothed,none,0,3,15,1,feasible,0.4778325123152709,1.0,3.3448275862068964,10,10.0,0.0,0.0,0,0,3,2.9,29,163.0,1.0
high_compressibility,3,static_min,none,0,4,0,0,peak_demand_exceeds_reachable_stock,0.4778325123152709,1.0,3.3448275862068964,8,inf,inf,1.0,5,5,6,3.625,29,inf,inf
high_compressibility,3,capacity_aware_static,C,4,4,0,1,feasible,0.4778325123152709,1.0,3.3448275862068964,8,8.0,0.0,0.0,0,0,4,3.625,29,128.0,1.0
high_compressibility,3,smoothed,none,0,4,0,1,feasible,0.4778325123152709,1.0,3.3448275862068964,10,10.0,0.0,0.0,0,0,3,2.9,29,163.0,1.0
high_compressibility,3,static_min,none,0,4,1,0,peak_demand_exceeds_reachable_stock,0.4778325123152709,1.0,3.3448275862068964,8,inf,inf,1.0,5,5,6,3.625,29,inf,inf
high_compressibility,3,capacity_aware_static,C,4,4,1,1,feasible,0.4778325123152709,1.0,3.3448275862068964,8,8.0,0.0,0.0,0,0,4,3.625,29,128.0,1.0
high_compressibility,3,smoothed,none,0,4,1,1,feasible,0.4778325123152709,1.0,3.3448275862068964,10,10.0,0.0,0.0,0,0,3,2.9,29,163.0,1.0
high_compressibility,3,static_min,none,0,4,2,1,feasible,0.4778325123152709,1.0,3.3448275862068964,8,11.0,3.0,0.2727272727272727,5,5,6,3.625,29,151.0,1.375
high_compressibility,3,capacity_aware_static,C,4,4,2,1,feasible,0.4778325123152709,1.0,3.3448275862068964,8,8.0,0.0,0.0,0,0,4,3.625,29,128.0,1.0
high_compressibility,3,smoothed,none,0,4,2,1,feasible,0.4778325123152709,1.0,3.3448275862068964,10,10.0,0.0,0.0,0,0,3,2.9,29,163.0,1.0
high_compressibility,3,static_min,none,0,4,3,1,feasible,0.4778325123152709,1.0,3.3448275862068964,8,10.0,2.0,0.2,5,5,6,3.625,29,137.0,1.25
high_compressibility,3,capacity_aware_static,C,4,4,3,1,feasible,0.4778325123152709,1.0,3.3448275862068964,8,8.0,0.0,0.0,0,0,4,3.625,29,128.0,1.0
high_compressibility,3,smoothed,none,0,4,3,1,feasible,0.4778325123152709,1.0,3.3448275862068964,10,10.0,0.0,0.0,0,0,3,2.9,29,163.0,1.0
high_compressibility,3,static_min,none,0,4,4,1,feasible,0.4778325123152709,1.0,3.3448275862068964,8,10.0,2.0,0.2,5,5,6,3.625,29,138.0,1.25
high_compressibility,3,capacity_aware_static,C,4,4,4,1,feasible,0.4778325123152709,1.0,3.3448275862068964,8,8.0,0.0,0.0,0,0,4,3.625,29,128.0,1.0
high_compressibility,3,smoothed,none,0,4,4,1,feasible,0.4778325123152709,1.0,3.3448275862068964,10,10.0,0.0,0.0,0,0,3,2.9,29,163.0,1.0
high_compressibility,3,static_min,none,0,4,5,1,feasible,0.4778325123152709,1.0,3.3448275862068964,8,10.0,2.0,0.2,5,5,6,3.625,29,138.0,1.25
high_compressibility,3,capacity_aware_static,C,4,4,5,1,feasible,0.4778325123152709,1.0,3.3448275862068964,8,8.0,0.0,0.0,0,0,4,3.625,29,128.0,1.0
high_compressibility,3,smoothed,none,0,4,5,1,feasible,0.4778325123152709,1.0,3.3448275862068964,10,10.0,0.0,0.0,0,0,3,2.9,29,163.0,1.0
high_compressibility,3,static_min,none,0,4,6,1,feasible,0.4778325123152709,1.0,3.3448275862068964,8,10.0,2.0,0.2,5,5,6,3.625,29,138.0,1.25
high_compressibility,3,capacity_aware_static,C,4,4,6,1,feasible,0.4778325123152709,1.0,3.3448275862068964,8,8.0,0.0,0.0,0,0,4,3.625,29,128.0,1.0
high_compressibility,3,smoothed,none,0,4,6,1,feasible,0.4778325123152709,1.0,3.3448275862068964,10,10.0,0.0,0.0,0,0,3,2.9,29,163.0,1.0
high_compressibility,3,static_min,none,0,4,7,1,feasible,0.4778325123152709,1.0,3.3448275862068964,8,10.0,2.0,0.2,5,5,6,3.625,29,138.0,1.25
high_compressibility,3,capacity_aware_static,C,4,4,7,1,feasible,0.4778325123152709,1.0,3.3448275862068964,8,8.0,0.0,0.0,0,0,4,3.625,29,128.0,1.0
high_compressibility,3,smoothed,none,0,4,7,1,feasible,0.4778325123152709,1.0,3.3448275862068964,10,10.0,0.0,0.0,0,0,3,2.9,29,163.0,1.0
high_compressibility,3,static_min,none,0,4,8,1,feasible,0.4778325123152709,1.0,3.3448275862068964,8,10.0,2.0,0.2,5,5,6,3.625,29,138.0,1.25
high_compressibility,3,capacity_aware_static,C,4,4,8,1,feasible,0.4778325123152709,1.0,3.3448275862068964,8,8.0,0.0,0.0,0,0,4,3.625,29,128.0,1.0
high_compressibility,3,smoothed,none,0,4,8,1,feasible,0.4778325123152709,1.0,3.3448275862068964,10,10.0,0.0,0.0,0,0,3,2.9,29,163.0,1.0
high_compressibility,3,static_min,none,0,4,9,1,feasible,0.4778325123152709,1.0,3.3448275862068964,8,10.0,2.0,0.2,5,5,6,3.625,29,138.0,1.25
high_compressibility,3,capacity_aware_static,C,4,4,9,1,feasible,0.4778325123152709,1.0,3.3448275862068964,8,8.0,0.0,0.0,0,0,4,3.625,29,128.0,1.0
high_compressibility,3,smoothed,none,0,4,9,1,feasible,0.4778325123152709,1.0,3.3448275862068964,10,10.0,0.0,0.0,0,0,3,2.9,29,163.0,1.0
high_compressibility,3,static_min,none,0,4,10,1,feasible,0.4778325123152709,1.0,3.3448275862068964,8,10.0,2.0,0.2,5,5,6,3.625,29,138.0,1.25
high_compressibility,3,capacity_aware_static,C,4,4,10,1,feasible,0.4778325123152709,1.0,3.3448275862068964,8,8.0,0.0,0.0,0,0,4,3.625,29,128.0,1.0
high_compressibility,3,smoothed,none,0,4,10,1,feasible,0.4778325123152709,1.0,3.3448275862068964,10,10.0,0.0,0.0,0,0,3,2.9,29,163.0,1.0
high_compressibility,3,static_min,none,0,4,11,1,feasible,0.4778325123152709,1.0,3.3448275862068964,8,10.0,2.0,0.2,5,5,6,3.625,29,138.0,1.25
high_compressibility,3,capacity_aware_static,C,4,4,11,1,feasible,0.4778325123152709,1.0,3.3448275862068964,8,8.0,0.0,0.0,0,0,4,3.625,29,128.0,1.0
high_compressibility,3,smoothed,none,0,4,11,1,feasible,0.4778325123152709,1.0,3.3448275862068964,10,10.0,0.0,0.0,0,0,3,2.9,29,163.0,1.0
high_compressibility,3,static_min,none,0,4,12,1,feasible,0.4778325123152709,1.0,3.3448275862068964,8,10.0,2.0,0.2,5,5,6,3.625,29,138.0,1.25
high_compressibility,3,capacity_aware_static,C,4,4,12,1,feasible,0.4778325123152709,1.0,3.3448275862068964,8,8.0,0.0,0.0,0,0,4,3.625,29,128.0,1.0
high_compressibility,3,smoothed,none,0,4,12,1,feasible,0.4778325123152709,1.0,3.3448275862068964,10,10.0,0.0,0.0,0,0,3,2.9,29,163.0,1.0
high_compressibility,3,static_min,none,0,4,13,1,feasible,0.4778325123152709,1.0,3.3448275862068964,8,10.0,2.0,0.2,5,5,6,3.625,29,138.0,1.25
high_compressibility,3,capacity_aware_static,C,4,4,13,1,feasible,0.4778325123152709,1.0,3.3448275862068964,8,8.0,0.0,0.0,0,0,4,3.625,29,128.0,1.0
high_compressibility,3,smoothed,none,0,4,13,1,feasible,0.4778325123152709,1.0,3.3448275862068964,10,10.0,0.0,0.0,0,0,3,2.9,29,163.0,1.0
high_compressibility,3,static_min,none,0,4,14,1,feasible,0.4778325123152709,1.0,3.3448275862068964,8,10.0,2.0,0.2,5,5,6,3.625,29,138.0,1.25
high_compressibility,3,capacity_aware_static,C,4,4,14,1,feasible,0.4778325123152709,1.0,3.3448275862068964,8,8.0,0.0,0.0,0,0,4,3.625,29,128.0,1.0
high_compressibility,3,smoothed,none,0,4,14,1,feasible,0.4778325123152709,1.0,3.3448275862068964,10,10.0,0.0,0.0,0,0,3,2.9,29,163.0,1.0
high_compressibility,3,static_min,none,0,4,15,1,feasible,0.4778325123152709,1.0,3.3448275862068964,8,10.0,2.0,0.2,5,5,6,3.625,29,138.0,1.25
high_compressibility,3,capacity_aware_static,C,4,4,15,1,feasible,0.4778325123152709,1.0,3.3448275862068964,8,8.0,0.0,0.0,0,0,4,3.625,29,128.0,1.0
high_compressibility,3,smoothed,none,0,4,15,1,feasible,0.4778325123152709,1.0,3.3448275862068964,10,10.0,0.0,0.0,0,0,3,2.9,29,163.0,1.0
high_compressibility,3,static_min,none,0,5,0,0,peak_demand_exceeds_reachable_stock,0.4778325123152709,1.0,3.3448275862068964,8,inf,inf,1.0,1,1,6,3.625,29,inf,inf
high_compressibility,3,capacity_aware_static,C,5,5,0,1,feasible,0.4778325123152709,1.0,3.3448275862068964,8,8.0,0.0,0.0,0,0,5,3.625,29,118.0,1.0
high_compressibility,3,smoothed,none,0,5,0,1,feasible,0.4778325123152709,1.0,3.3448275862068964,10,10.0,0.0,0.0,0,0,3,2.9,29,163.0,1.0
high_compressibility,3,static_min,none,0,5,1,1,feasible,0.4778325123152709,1.0,3.3448275862068964,8,9.0,1.0,0.1111111111111111,1,1,6,3.625,29,123.0,1.125
high_compressibility,3,capacity_aware_static,C,5,5,1,1,feasible,0.4778325123152709,1.0,3.3448275862068964,8,8.0,0.0,0.0,0,0,5,3.625,29,118.0,1.0
high_compressibility,3,smoothed,none,0,5,1,1,feasible,0.4778325123152709,1.0,3.3448275862068964,10,10.0,0.0,0.0,0,0,3,2.9,29,163.0,1.0
high_compressibility,3,static_min,none,0,5,2,1,feasible,0.4778325123152709,1.0,3.3448275862068964,8,9.0,1.0,0.1111111111111111,1,1,6,3.625,29,123.0,1.125
high_compressibility,3,capacity_aware_static,C,5,5,2,1,feasible,0.4778325123152709,1.0,3.3448275862068964,8,8.0,0.0,0.0,0,0,5,3.625,29,118.0,1.0
high_compressibility,3,smoothed,none,0,5,2,1,feasible,0.4778325123152709,1.0,3.3448275862068964,10,10.0,0.0,0.0,0,0,3,2.9,29,163.0,1.0
high_compressibility,3,static_min,none,0,5,3,1,feasible,0.4778325123152709,1.0,3.3448275862068964,8,9.0,1.0,0.1111111111111111,1,1,6,3.625,29,123.0,1.125
high_compressibility,3,capacity_aware_static,C,5,5,3,1,feasible,0.4778325123152709,1.0,3.3448275862068964,8,8.0,0.0,0.0,0,0,5,3.625,29,118.0,1.0
high_compressibility,3,smoothed,none,0,5,3,1,feasible,0.4778325123152709,1.0,3.3448275862068964,10,10.0,0.0,0.0,0,0,3,2.9,29,163.0,1.0
high_compressibility,3,static_min,none,0,5,4,1,feasible,0.4778325123152709,1.0,3.3448275862068964,8,9.0,1.0,0.1111111111111111,1,1,6,3.625,29,123.0,1.125
high_compressibility,3,capacity_aware_static,C,5,5,4,1,feasible,0.4778325123152709,1.0,3.3448275862068964,8,8.0,0.0,0.0,0,0,5,3.625,29,118.0,1.0
high_compressibility,3,smoothed,none,0,5,4,1,feasible,0.4778325123152709,1.0,3.3448275862068964,10,10.0,0.0,0.0,0,0,3,2.9,29,163.0,1.0
high_compressibility,3,static_min,none,0,5,5,1,feasible,0.4778325123152709,1.0,3.3448275862068964,8,9.0,1.0,0.1111111111111111,1,1,6,3.625,29,123.0,1.125
high_compressibility,3,capacity_aware_static,C,5,5,5,1,feasible,0.4778325123152709,1.0,3.3448275862068964,8,8.0,0.0,0.0,0,0,5,3.625,29,118.0,1.0
high_compressibility,3,smoothed,none,0,5,5,1,feasible,0.4778325123152709,1.0,3.3448275862068964,10,10.0,0.0,0.0,0,0,3,2.9,29,163.0,1.0
high_compressibility,3,static_min,none,0,5,6,1,feasible,0.4778325123152709,1.0,3.3448275862068964,8,9.0,1.0,0.1111111111111111,1,1,6,3.625,29,123.0,1.125
high_compressibility,3,capacity_aware_static,C,5,5,6,1,feasible,0.4778325123152709,1.0,3.3448275862068964,8,8.0,0.0,0.0,0,0,5,3.625,29,118.0,1.0
high_compressibility,3,smoothed,none,0,5,6,1,feasible,0.4778325123152709,1.0,3.3448275862068964,10,10.0,0.0,0.0,0,0,3,2.9,29,163.0,1.0
high_compressibility,3,static_min,none,0,5,7,1,feasible,0.4778325123152709,1.0,3.3448275862068964,8,9.0,1.0,0.1111111111111111,1,1,6,3.625,29,123.0,1.125
high_compressibility,3,capacity_aware_static,C,5,5,7,1,feasible,0.4778325123152709,1.0,3.3448275862068964,8,8.0,0.0,0.0,0,0,5,3.625,29,118.0,1.0
high_compressibility,3,smoothed,none,0,5,7,1,feasible,0.4778325123152709,1.0,3.3448275862068964,10,10.0,0.0,0.0,0,0,3,2.9,29,163.0,1.0
high_compressibility,3,static_min,none,0,5,8,1,feasible,0.4778325123152709,1.0,3.3448275862068964,8,9.0,1.0,0.1111111111111111,1,1,6,3.625,29,123.0,1.125
high_compressibility,3,capacity_aware_static,C,5,5,8,1,feasible,0.4778325123152709,1.0,3.3448275862068964,8,8.0,0.0,0.0,0,0,5,3.625,29,118.0,1.0
high_compressibility,3,smoothed,none,0,5,8,1,feasible,0.4778325123152709,1.0,3.3448275862068964,10,10.0,0.0,0.0,0,0,3,2.9,29,163.0,1.0
high_compressibility,3,static_min,none,0,5,9,1,feasible,0.4778325123152709,1.0,3.3448275862068964,8,9.0,1.0,0.1111111111111111,1,1,6,3.625,29,123.0,1.125
high_compressibility,3,capacity_aware_static,C,5,5,9,1,feasible,0.4778325123152709,1.0,3.3448275862068964,8,8.0,0.0,0.0,0,0,5,3.625,29,118.0,1.0
high_compressibility,3,smoothed,none,0,5,9,1,feasible,0.4778325123152709,1.0,3.3448275862068964,10,10.0,0.0,0.0,0,0,3,2.9,29,163.0,1.0
high_compressibility,3,static_min,none,0,5,10,1,feasible,0.4778325123152709,1.0,3.3448275862068964,8,9.0,1.0,0.1111111111111111,1,1,6,3.625,29,123.0,1.125
high_compressibility,3,capacity_aware_static,C,5,5,10,1,feasible,0.4778325123152709,1.0,3.3448275862068964,8,8.0,0.0,0.0,0,0,5,3.625,29,118.0,1.0
high_compressibility,3,smoothed,none,0,5,10,1,feasible,0.4778325123152709,1.0,3.3448275862068964,10,10.0,0.0,0.0,0,0,3,2.9,29,163.0,1.0
high_compressibility,3,static_min,none,0,5,11,1,feasible,0.4778325123152709,1.0,3.3448275862068964,8,9.0,1.0,0.1111111111111111,1,1,6,3.625,29,123.0,1.125
high_compressibility,3,capacity_aware_static,C,5,5,11,1,feasible,0.4778325123152709,1.0,3.3448275862068964,8,8.0,0.0,0.0,0,0,5,3.625,29,118.0,1.0
high_compressibility,3,smoothed,none,0,5,11,1,feasible,0.4778325123152709,1.0,3.3448275862068964,10,10.0,0.0,0.0,0,0,3,2.9,29,163.0,1.0
high_compressibility,3,static_min,none,0,5,12,1,feasible,0.4778325123152709,1.0,3.3448275862068964,8,9.0,1.0,0.1111111111111111,1,1,6,3.625,29,123.0,1.125
high_compressibility,3,capacity_aware_static,C,5,5,12,1,feasible,0.4778325123152709,1.0,3.3448275862068964,8,8.0,0.0,0.0,0,0,5,3.625,29,118.0,1.0
high_compressibility,3,smoothed,none,0,5,12,1,feasible,0.4778325123152709,1.0,3.3448275862068964,10,10.0,0.0,0.0,0,0,3,2.9,29,163.0,1.0
high_compressibility,3,static_min,none,0,5,13,1,feasible,0.4778325123152709,1.0,3.3448275862068964,8,9.0,1.0,0.1111111111111111,1,1,6,3.625,29,123.0,1.125
high_compressibility,3,capacity_aware_static,C,5,5,13,1,feasible,0.4778325123152709,1.0,3.3448275862068964,8,8.0,0.0,0.0,0,0,5,3.625,29,118.0,1.0
high_compressibility,3,smoothed,none,0,5,13,1,feasible,0.4778325123152709,1.0,3.3448275862068964,10,10.0,0.0,0.0,0,0,3,2.9,29,163.0,1.0
high_compressibility,3,static_min,none,0,5,14,1,feasible,0.4778325123152709,1.0,3.3448275862068964,8,9.0,1.0,0.1111111111111111,1,1,6,3.625,29,123.0,1.125
high_compressibility,3,capacity_aware_static,C,5,5,14,1,feasible,0.4778325123152709,1.0,3.3448275862068964,8,8.0,0.0,0.0,0,0,5,3.625,29,118.0,1.0
high_compressibility,3,smoothed,none,0,5,14,1,feasible,0.4778325123152709,1.0,3.3448275862068964,10,10.0,0.0,0.0,0,0,3,2.9,29,163.0,1.0
high_compressibility,3,static_min,none,0,5,15,1,feasible,0.4778325123152709,1.0,3.3448275862068964,8,9.0,1.0,0.1111111111111111,1,1,6,3.625,29,123.0,1.125
high_compressibility,3,capacity_aware_static,C,5,5,15,1,feasible,0.4778325123152709,1.0,3.3448275862068964,8,8.0,0.0,0.0,0,0,5,3.625,29,118.0,1.0
high_compressibility,3,smoothed,none,0,5,15,1,feasible,0.4778325123152709,1.0,3.3448275862068964,10,10.0,0.0,0.0,0,0,3,2.9,29,163.0,1.0
high_compressibility,3,static_min,none,0,6,0,1,feasible,0.4778325123152709,1.0,3.3448275862068964,8,8.0,0.0,0.0,0,0,6,3.625,29,115.0,1.0
high_compressibility,3,capacity_aware_static,C,6,6,0,1,feasible,0.4778325123152709,1.0,3.3448275862068964,8,8.0,0.0,0.0,0,0,6,3.625,29,115.0,1.0
high_compressibility,3,smoothed,none,0,6,0,1,feasible,0.4778325123152709,1.0,3.3448275862068964,10,10.0,0.0,0.0,0,0,3,2.9,29,163.0,1.0
high_compressibility,3,static_min,none,0,6,1,1,feasible,0.4778325123152709,1.0,3.3448275862068964,8,8.0,0.0,0.0,0,0,6,3.625,29,115.0,1.0
high_compressibility,3,capacity_aware_static,C,6,6,1,1,feasible,0.4778325123152709,1.0,3.3448275862068964,8,8.0,0.0,0.0,0,0,6,3.625,29,115.0,1.0
high_compressibility,3,smoothed,none,0,6,1,1,feasible,0.4778325123152709,1.0,3.3448275862068964,10,10.0,0.0,0.0,0,0,3,2.9,29,163.0,1.0
high_compressibility,3,static_min,none,0,6,2,1,feasible,0.4778325123152709,1.0,3.3448275862068964,8,8.0,0.0,0.0,0,0,6,3.625,29,115.0,1.0
high_compressibility,3,capacity_aware_static,C,6,6,2,1,feasible,0.4778325123152709,1.0,3.3448275862068964,8,8.0,0.0,0.0,0,0,6,3.625,29,115.0,1.0
high_compressibility,3,smoothed,none,0,6,2,1,feasible,0.4778325123152709,1.0,3.3448275862068964,10,10.0,0.0,0.0,0,0,3,2.9,29,163.0,1.0
high_compressibility,3,static_min,none,0,6,3,1,feasible,0.4778325123152709,1.0,3.3448275862068964,8,8.0,0.0,0.0,0,0,6,3.625,29,115.0,1.0
high_compressibility,3,capacity_aware_static,C,6,6,3,1,feasible,0.4778325123152709,1.0,3.3448275862068964,8,8.0,0.0,0.0,0,0,6,3.625,29,115.0,1.0
high_compressibility,3,smoothed,none,0,6,3,1,feasible,0.4778325123152709,1.0,3.3448275862068964,10,10.0,0.0,0.0,0,0,3,2.9,29,163.0,1.0
high_compressibility,3,static_min,none,0,6,4,1,feasible,0.4778325123152709,1.0,3.3448275862068964,8,8.0,0.0,0.0,0,0,6,3.625,29,115.0,1.0
high_compressibility,3,capacity_aware_static,C,6,6,4,1,feasible,0.4778325123152709,1.0,3.3448275862068964,8,8.0,0.0,0.0,0,0,6,3.625,29,115.0,1.0
high_compressibility,3,smoothed,none,0,6,4,1,feasible,0.4778325123152709,1.0,3.3448275862068964,10,10.0,0.0,0.0,0,0,3,2.9,29,163.0,1.0
high_compressibility,3,static_min,none,0,6,5,1,feasible,0.4778325123152709,1.0,3.3448275862068964,8,8.0,0.0,0.0,0,0,6,3.625,29,115.0,1.0
high_compressibility,3,capacity_aware_static,C,6,6,5,1,feasible,0.4778325123152709,1.0,3.3448275862068964,8,8.0,0.0,0.0,0,0,6,3.625,29,115.0,1.0
high_compressibility,3,smoothed,none,0,6,5,1,feasible,0.4778325123152709,1.0,3.3448275862068964,10,10.0,0.0,0.0,0,0,3,2.9,29,163.0,1.0
high_compressibility,3,static_min,none,0,6,6,1,feasible,0.4778325123152709,1.0,3.3448275862068964,8,8.0,0.0,0.0,0,0,6,3.625,29,115.0,1.0
high_compressibility,3,capacity_aware_static,C,6,6,6,1,feasible,0.4778325123152709,1.0,3.3448275862068964,8,8.0,0.0,0.0,0,0,6,3.625,29,115.0,1.0
high_compressibility,3,smoothed,none,0,6,6,1,feasible,0.4778325123152709,1.0,3.3448275862068964,10,10.0,0.0,0.0,0,0,3,2.9,29,163.0,1.0
high_compressibility,3,static_min,none,0,6,7,1,feasible,0.4778325123152709,1.0,3.3448275862068964,8,8.0,0.0,0.0,0,0,6,3.625,29,115.0,1.0
high_compressibility,3,capacity_aware_static,C,6,6,7,1,feasible,0.4778325123152709,1.0,3.3448275862068964,8,8.0,0.0,0.0,0,0,6,3.625,29,115.0,1.0
high_compressibility,3,smoothed,none,0,6,7,1,feasible,0.4778325123152709,1.0,3.3448275862068964,10,10.0,0.0,0.0,0,0,3,2.9,29,163.0,1.0
high_compressibility,3,static_min,none,0,6,8,1,feasible,0.4778325123152709,1.0,3.3448275862068964,8,8.0,0.0,0.0,0,0,6,3.625,29,115.0,1.0
high_compressibility,3,capacity_aware_static,C,6,6,8,1,feasible,0.4778325123152709,1.0,3.3448275862068964,8,8.0,0.0,0.0,0,0,6,3.625,29,115.0,1.0
high_compressibility,3,smoothed,none,0,6,8,1,feasible,0.4778325123152709,1.0,3.3448275862068964,10,10.0,0.0,0.0,0,0,3,2.9,29,163.0,1.0
high_compressibility,3,static_min,none,0,6,9,1,feasible,0.4778325123152709,1.0,3.3448275862068964,8,8.0,0.0,0.0,0,0,6,3.625,29,115.0,1.0
high_compressibility,3,capacity_aware_static,C,6,6,9,1,feasible,0.4778325123152709,1.0,3.3448275862068964,8,8.0,0.0,0.0,0,0,6,3.625,29,115.0,1.0
high_compressibility,3,smoothed,none,0,6,9,1,feasible,0.4778325123152709,1.0,3.3448275862068964,10,10.0,0.0,0.0,0,0,3,2.9,29,163.0,1.0
high_compressibility,3,static_min,none,0,6,10,1,feasible,0.4778325123152709,1.0,3.3448275862068964,8,8.0,0.0,0.0,0,0,6,3.625,29,115.0,1.0
high_compressibility,3,capacity_aware_static,C,6,6,10,1,feasible,0.4778325123152709,1.0,3.3448275862068964,8,8.0,0.0,0.0,0,0,6,3.625,29,115.0,1.0
high_compressibility,3,smoothed,none,0,6,10,1,feasible,0.4778325123152709,1.0,3.3448275862068964,10,10.0,0.0,0.0,0,0,3,2.9,29,163.0,1.0
high_compressibility,3,static_min,none,0,6,11,1,feasible,0.4778325123152709,1.0,3.3448275862068964,8,8.0,0.0,0.0,0,0,6,3.625,29,115.0,1.0
high_compressibility,3,capacity_aware_static,C,6,6,11,1,feasible,0.4778325123152709,1.0,3.3448275862068964,8,8.0,0.0,0.0,0,0,6,3.625,29,115.0,1.0
high_compressibility,3,smoothed,none,0,6,11,1,feasible,0.4778325123152709,1.0,3.3448275862068964,10,10.0,0.0,0.0,0,0,3,2.9,29,163.0,1.0
high_compressibility,3,static_min,none,0,6,12,1,feasible,0.4778325123152709,1.0,3.3448275862068964,8,8.0,0.0,0.0,0,0,6,3.625,29,115.0,1.0
high_compressibility,3,capacity_aware_static,C,6,6,12,1,feasible,0.4778325123152709,1.0,3.3448275862068964,8,8.0,0.0,0.0,0,0,6,3.625,29,115.0,1.0
high_compressibility,3,smoothed,none,0,6,12,1,feasible,0.4778325123152709,1.0,3.3448275862068964,10,10.0,0.0,0.0,0,0,3,2.9,29,163.0,1.0
high_compressibility,3,static_min,none,0,6,13,1,feasible,0.4778325123152709,1.0,3.3448275862068964,8,8.0,0.0,0.0,0,0,6,3.625,29,115.0,1.0
high_compressibility,3,capacity_aware_static,C,6,6,13,1,feasible,0.4778325123152709,1.0,3.3448275862068964,8,8.0,0.0,0.0,0,0,6,3.625,29,115.0,1.0
high_compressibility,3,smoothed,none,0,6,13,1,feasible,0.4778325123152709,1.0,3.3448275862068964,10,10.0,0.0,0.0,0,0,3,2.9,29,163.0,1.0
high_compressibility,3,static_min,none,0,6,14,1,feasible,0.4778325123152709,1.0,3.3448275862068964,8,8.0,0.0,0.0,0,0,6,3.625,29,115.0,1.0
high_compressibility,3,capacity_aware_static,C,6,6,14,1,feasible,0.4778325123152709,1.0,3.3448275862068964,8,8.0,0.0,0.0,0,0,6,3.625,29,115.0,1.0
high_compressibility,3,smoothed,none,0,6,14,1,feasible,0.4778325123152709,1.0,3.3448275862068964,10,10.0,0.0,0.0,0,0,3,2.9,29,163.0,1.0
high_compressibility,3,static_min,none,0,6,15,1,feasible,0.4778325123152709,1.0,3.3448275862068964,8,8.0,0.0,0.0,0,0,6,3.625,29,115.0,1.0
high_compressibility,3,capacity_aware_static,C,6,6,15,1,feasible,0.4778325123152709,1.0,3.3448275862068964,8,8.0,0.0,0.0,0,0,6,3.625,29,115.0,1.0
high_compressibility,3,smoothed,none,0,6,15,1,feasible,0.4778325123152709,1.0,3.3448275862068964,10,10.0,0.0,0.0,0,0,3,2.9,29,163.0,1.0
high_compressibility,3,static_min,none,0,7,0,1,feasible,0.4778325123152709,1.0,3.3448275862068964,8,8.0,0.0,0.0,0,0,6,3.625,29,115.0,1.0
high_compressibility,3,capacity_aware_static,C,7,7,0,1,feasible,0.4778325123152709,1.0,3.3448275862068964,8,8.0,0.0,0.0,0,0,6,3.625,29,115.0,1.0
high_compressibility,3,smoothed,none,0,7,0,1,feasible,0.4778325123152709,1.0,3.3448275862068964,10,10.0,0.0,0.0,0,0,3,2.9,29,163.0,1.0
high_compressibility,3,static_min,none,0,7,1,1,feasible,0.4778325123152709,1.0,3.3448275862068964,8,8.0,0.0,0.0,0,0,6,3.625,29,115.0,1.0
high_compressibility,3,capacity_aware_static,C,7,7,1,1,feasible,0.4778325123152709,1.0,3.3448275862068964,8,8.0,0.0,0.0,0,0,6,3.625,29,115.0,1.0
high_compressibility,3,smoothed,none,0,7,1,1,feasible,0.4778325123152709,1.0,3.3448275862068964,10,10.0,0.0,0.0,0,0,3,2.9,29,163.0,1.0
high_compressibility,3,static_min,none,0,7,2,1,feasible,0.4778325123152709,1.0,3.3448275862068964,8,8.0,0.0,0.0,0,0,6,3.625,29,115.0,1.0
high_compressibility,3,capacity_aware_static,C,7,7,2,1,feasible,0.4778325123152709,1.0,3.3448275862068964,8,8.0,0.0,0.0,0,0,6,3.625,29,115.0,1.0
high_compressibility,3,smoothed,none,0,7,2,1,feasible,0.4778325123152709,1.0,3.3448275862068964,10,10.0,0.0,0.0,0,0,3,2.9,29,163.0,1.0
high_compressibility,3,static_min,none,0,7,3,1,feasible,0.4778325123152709,1.0,3.3448275862068964,8,8.0,0.0,0.0,0,0,6,3.625,29,115.0,1.0
high_compressibility,3,capacity_aware_static,C,7,7,3,1,feasible,0.4778325123152709,1.0,3.3448275862068964,8,8.0,0.0,0.0,0,0,6,3.625,29,115.0,1.0
high_compressibility,3,smoothed,none,0,7,3,1,feasible,0.4778325123152709,1.0,3.3448275862068964,10,10.0,0.0,0.0,0,0,3,2.9,29,163.0,1.0
high_compressibility,3,static_min,none,0,7,4,1,feasible,0.4778325123152709,1.0,3.3448275862068964,8,8.0,0.0,0.0,0,0,6,3.625,29,115.0,1.0
high_compressibility,3,capacity_aware_static,C,7,7,4,1,feasible,0.4778325123152709,1.0,3.3448275862068964,8,8.0,0.0,0.0,0,0,6,3.625,29,115.0,1.0
high_compressibility,3,smoothed,none,0,7,4,1,feasible,0.4778325123152709,1.0,3.3448275862068964,10,10.0,0.0,0.0,0,0,3,2.9,29,163.0,1.0
high_compressibility,3,static_min,none,0,7,5,1,feasible,0.4778325123152709,1.0,3.3448275862068964,8,8.0,0.0,0.0,0,0,6,3.625,29,115.0,1.0
high_compressibility,3,capacity_aware_static,C,7,7,5,1,feasible,0.4778325123152709,1.0,3.3448275862068964,8,8.0,0.0,0.0,0,0,6,3.625,29,115.0,1.0
high_compressibility,3,smoothed,none,0,7,5,1,feasible,0.4778325123152709,1.0,3.3448275862068964,10,10.0,0.0,0.0,0,0,3,2.9,29,163.0,1.0
high_compressibility,3,static_min,none,0,7,6,1,feasible,0.4778325123152709,1.0,3.3448275862068964,8,8.0,0.0,0.0,0,0,6,3.625,29,115.0,1.0
high_compressibility,3,capacity_aware_static,C,7,7,6,1,feasible,0.4778325123152709,1.0,3.3448275862068964,8,8.0,0.0,0.0,0,0,6,3.625,29,115.0,1.0
high_compressibility,3,smoothed,none,0,7,6,1,feasible,0.4778325123152709,1.0,3.3448275862068964,10,10.0,0.0,0.0,0,0,3,2.9,29,163.0,1.0
high_compressibility,3,static_min,none,0,7,7,1,feasible,0.4778325123152709,1.0,3.3448275862068964,8,8.0,0.0,0.0,0,0,6,3.625,29,115.0,1.0
high_compressibility,3,capacity_aware_static,C,7,7,7,1,feasible,0.4778325123152709,1.0,3.3448275862068964,8,8.0,0.0,0.0,0,0,6,3.625,29,115.0,1.0
high_compressibility,3,smoothed,none,0,7,7,1,feasible,0.4778325123152709,1.0,3.3448275862068964,10,10.0,0.0,0.0,0,0,3,2.9,29,163.0,1.0
high_compressibility,3,static_min,none,0,7,8,1,feasible,0.4778325123152709,1.0,3.3448275862068964,8,8.0,0.0,0.0,0,0,6,3.625,29,115.0,1.0
high_compressibility,3,capacity_aware_static,C,7,7,8,1,feasible,0.4778325123152709,1.0,3.3448275862068964,8,8.0,0.0,0.0,0,0,6,3.625,29,115.0,1.0
high_compressibility,3,smoothed,none,0,7,8,1,feasible,0.4778325123152709,1.0,3.3448275862068964,10,10.0,0.0,0.0,0,0,3,2.9,29,163.0,1.0
high_compressibility,3,static_min,none,0,7,9,1,feasible,0.4778325123152709,1.0,3.3448275862068964,8,8.0,0.0,0.0,0,0,6,3.625,29,115.0,1.0
high_compressibility,3,capacity_aware_static,C,7,7,9,1,feasible,0.4778325123152709,1.0,3.3448275862068964,8,8.0,0.0,0.0,0,0,6,3.625,29,115.0,1.0
high_compressibility,3,smoothed,none,0,7,9,1,feasible,0.4778325123152709,1.0,3.3448275862068964,10,10.0,0.0,0.0,0,0,3,2.9,29,163.0,1.0
high_compressibility,3,static_min,none,0,7,10,1,feasible,0.4778325123152709,1.0,3.3448275862068964,8,8.0,0.0,0.0,0,0,6,3.625,29,115.0,1.0
high_compressibility,3,capacity_aware_static,C,7,7,10,1,feasible,0.4778325123152709,1.0,3.3448275862068964,8,8.0,0.0,0.0,0,0,6,3.625,29,115.0,1.0
high_compressibility,3,smoothed,none,0,7,10,1,feasible,0.4778325123152709,1.0,3.3448275862068964,10,10.0,0.0,0.0,0,0,3,2.9,29,163.0,1.0
high_compressibility,3,static_min,none,0,7,11,1,feasible,0.4778325123152709,1.0,3.3448275862068964,8,8.0,0.0,0.0,0,0,6,3.625,29,115.0,1.0
high_compressibility,3,capacity_aware_static,C,7,7,11,1,feasible,0.4778325123152709,1.0,3.3448275862068964,8,8.0,0.0,0.0,0,0,6,3.625,29,115.0,1.0
high_compressibility,3,smoothed,none,0,7,11,1,feasible,0.4778325123152709,1.0,3.3448275862068964,10,10.0,0.0,0.0,0,0,3,2.9,29,163.0,1.0
high_compressibility,3,static_min,none,0,7,12,1,feasible,0.4778325123152709,1.0,3.3448275862068964,8,8.0,0.0,0.0,0,0,6,3.625,29,115.0,1.0
high_compressibility,3,capacity_aware_static,C,7,7,12,1,feasible,0.4778325123152709,1.0,3.3448275862068964,8,8.0,0.0,0.0,0,0,6,3.625,29,115.0,1.0
high_compressibility,3,smoothed,none,0,7,12,1,feasible,0.4778325123152709,1.0,3.3448275862068964,10,10.0,0.0,0.0,0,0,3,2.9,29,163.0,1.0
high_compressibility,3,static_min,none,0,7,13,1,feasible,0.4778325123152709,1.0,3.3448275862068964,8,8.0,0.0,0.0,0,0,6,3.625,29,115.0,1.0
high_compressibility,3,capacity_aware_static,C,7,7,13,1,feasible,0.4778325123152709,1.0,3.3448275862068964,8,8.0,0.0,0.0,0,0,6,3.625,29,115.0,1.0
high_compressibility,3,smoothed,none,0,7,13,1,feasible,0.4778325123152709,1.0,3.3448275862068964,10,10.0,0.0,0.0,0,0,3,2.9,29,163.0,1.0
high_compressibility,3,static_min,none,0,7,14,1,feasible,0.4778325123152709,1.0,3.3448275862068964,8,8.0,0.0,0.0,0,0,6,3.625,29,115.0,1.0
high_compressibility,3,capacity_aware_static,C,7,7,14,1,feasible,0.4778325123152709,1.0,3.3448275862068964,8,8.0,0.0,0.0,0,0,6,3.625,29,115.0,1.0
high_compressibility,3,smoothed,none,0,7,14,1,feasible,0.4778325123152709,1.0,3.3448275862068964,10,10.0,0.0,0.0,0,0,3,2.9,29,163.0,1.0
high_compressibility,3,static_min,none,0,7,15,1,feasible,0.4778325123152709,1.0,3.3448275862068964,8,8.0,0.0,0.0,0,0,6,3.625,29,115.0,1.0
high_compressibility,3,capacity_aware_static,C,7,7,15,1,feasible,0.4778325123152709,1.0,3.3448275862068964,8,8.0,0.0,0.0,0,0,6,3.625,29,115.0,1.0
high_compressibility,3,smoothed,none,0,7,15,1,feasible,0.4778325123152709,1.0,3.3448275862068964,10,10.0,0.0,0.0,0,0,3,2.9,29,163.0,1.0
high_compressibility,5,static_min,none,0,1,0,0,peak_demand_exceeds_reachable_stock,0.4827586206896552,1.0,3.3793103448275863,8,inf,inf,1.0,23,23,7,3.625,29,inf,inf
high_compressibility,5,capacity_aware_static,C,1,1,0,1,feasible,0.4827586206896552,1.0,3.3793103448275863,29,29.0,0.0,0.0,0,0,1,1.0,29,257.0,1.0
high_compressibility,5,smoothed,none,0,1,0,0,peak_demand_exceeds_reachable_stock,0.4827586206896552,1.0,3.3793103448275863,10,inf,inf,1.0,19,19,3,2.9,29,inf,inf
high_compressibility,5,static_min,none,0,1,1,0,peak_demand_exceeds_reachable_stock,0.4827586206896552,1.0,3.3793103448275863,8,inf,inf,1.0,23,23,7,3.625,29,inf,inf
high_compressibility,5,capacity_aware_static,C,1,1,1,1,feasible,0.4827586206896552,1.0,3.3793103448275863,29,29.0,0.0,0.0,0,0,1,1.0,29,257.0,1.0
high_compressibility,5,smoothed,none,0,1,1,0,peak_demand_exceeds_reachable_stock,0.4827586206896552,1.0,3.3793103448275863,10,inf,inf,1.0,19,19,3,2.9,29,inf,inf
high_compressibility,5,static_min,none,0,1,2,0,peak_demand_exceeds_reachable_stock,0.4827586206896552,1.0,3.3793103448275863,8,inf,inf,1.0,23,23,7,3.625,29,inf,inf
high_compressibility,5,capacity_aware_static,C,1,1,2,1,feasible,0.4827586206896552,1.0,3.3793103448275863,29,29.0,0.0,0.0,0,0,1,1.0,29,257.0,1.0
high_compressibility,5,smoothed,none,0,1,2,1,feasible,0.4827586206896552,1.0,3.3793103448275863,10,29.0,19.0,0.6551724137931034,19,19,3,2.9,29,459.0,2.9
high_compressibility,5,static_min,none,0,1,3,0,peak_demand_exceeds_reachable_stock,0.4827586206896552,1.0,3.3793103448275863,8,inf,inf,1.0,23,23,7,3.625,29,inf,inf
high_compressibility,5,capacity_aware_static,C,1,1,3,1,feasible,0.4827586206896552,1.0,3.3793103448275863,29,29.0,0.0,0.0,0,0,1,1.0,29,257.0,1.0
high_compressibility,5,smoothed,none,0,1,3,1,feasible,0.4827586206896552,1.0,3.3793103448275863,10,29.0,19.0,0.6551724137931034,19,19,3,2.9,29,459.0,2.9
high_compressibility,5,static_min,none,0,1,4,0,peak_demand_exceeds_reachable_stock,0.4827586206896552,1.0,3.3793103448275863,8,inf,inf,1.0,23,23,7,3.625,29,inf,inf
high_compressibility,5,capacity_aware_static,C,1,1,4,1,feasible,0.4827586206896552,1.0,3.3793103448275863,29,29.0,0.0,0.0,0,0,1,1.0,29,257.0,1.0
high_compressibility,5,smoothed,none,0,1,4,1,feasible,0.4827586206896552,1.0,3.3793103448275863,10,29.0,19.0,0.6551724137931034,19,19,3,2.9,29,459.0,2.9
high_compressibility,5,static_min,none,0,1,5,0,peak_demand_exceeds_reachable_stock,0.4827586206896552,1.0,3.3793103448275863,8,inf,inf,1.0,23,23,7,3.625,29,inf,inf
high_compressibility,5,capacity_aware_static,C,1,1,5,1,feasible,0.4827586206896552,1.0,3.3793103448275863,29,29.0,0.0,0.0,0,0,1,1.0,29,257.0,1.0
high_compressibility,5,smoothed,none,0,1,5,1,feasible,0.4827586206896552,1.0,3.3793103448275863,10,29.0,19.0,0.6551724137931034,19,19,3,2.9,29,459.0,2.9
high_compressibility,5,static_min,none,0,1,6,1,feasible,0.4827586206896552,1.0,3.3793103448275863,8,31.0,23.0,0.7419354838709677,23,23,7,3.625,29,425.0,3.875
high_compressibility,5,capacity_aware_static,C,1,1,6,1,feasible,0.4827586206896552,1.0,3.3793103448275863,29,29.0,0.0,0.0,0,0,1,1.0,29,257.0,1.0
high_compressibility,5,smoothed,none,0,1,6,1,feasible,0.4827586206896552,1.0,3.3793103448275863,10,29.0,19.0,0.6551724137931034,19,19,3,2.9,29,459.0,2.9
high_compressibility,5,static_min,none,0,1,7,1,feasible,0.4827586206896552,1.0,3.3793103448275863,8,31.0,23.0,0.7419354838709677,23,23,7,3.625,29,425.0,3.875
high_compressibility,5,capacity_aware_static,C,1,1,7,1,feasible,0.4827586206896552,1.0,3.3793103448275863,29,29.0,0.0,0.0,0,0,1,1.0,29,257.0,1.0
high_compressibility,5,smoothed,none,0,1,7,1,feasible,0.4827586206896552,1.0,3.3793103448275863,10,29.0,19.0,0.6551724137931034,19,19,3,2.9,29,459.0,2.9
high_compressibility,5,static_min,none,0,1,8,1,feasible,0.4827586206896552,1.0,3.3793103448275863,8,31.0,23.0,0.7419354838709677,23,23,7,3.625,29,425.0,3.875
high_compressibility,5,capacity_aware_static,C,1,1,8,1,feasible,0.4827586206896552,1.0,3.3793103448275863,29,29.0,0.0,0.0,0,0,1,1.0,29,257.0,1.0
high_compressibility,5,smoothed,none,0,1,8,1,feasible,0.4827586206896552,1.0,3.3793103448275863,10,29.0,19.0,0.6551724137931034,19,19,3,2.9,29,459.0,2.9
high_compressibility,5,static_min,none,0,1,9,1,feasible,0.4827586206896552,1.0,3.3793103448275863,8,31.0,23.0,0.7419354838709677,23,23,7,3.625,29,425.0,3.875
high_compressibility,5,capacity_aware_static,C,1,1,9,1,feasible,0.4827586206896552,1.0,3.3793103448275863,29,29.0,0.0,0.0,0,0,1,1.0,29,257.0,1.0
high_compressibility,5,smoothed,none,0,1,9,1,feasible,0.4827586206896552,1.0,3.3793103448275863,10,29.0,19.0,0.6551724137931034,19,19,3,2.9,29,459.0,2.9
high_compressibility,5,static_min,none,0,1,10,1,feasible,0.4827586206896552,1.0,3.3793103448275863,8,31.0,23.0,0.7419354838709677,23,23,7,3.625,29,425.0,3.875
high_compressibility,5,capacity_aware_static,C,1,1,10,1,feasible,0.4827586206896552,1.0,3.3793103448275863,29,29.0,0.0,0.0,0,0,1,1.0,29,257.0,1.0
high_compressibility,5,smoothed,none,0,1,10,1,feasible,0.4827586206896552,1.0,3.3793103448275863,10,29.0,19.0,0.6551724137931034,19,19,3,2.9,29,459.0,2.9
high_compressibility,5,static_min,none,0,1,11,1,feasible,0.4827586206896552,1.0,3.3793103448275863,8,31.0,23.0,0.7419354838709677,23,23,7,3.625,29,425.0,3.875
high_compressibility,5,capacity_aware_static,C,1,1,11,1,feasible,0.4827586206896552,1.0,3.3793103448275863,29,29.0,0.0,0.0,0,0,1,1.0,29,257.0,1.0
high_compressibility,5,smoothed,none,0,1,11,1,feasible,0.4827586206896552,1.0,3.3793103448275863,10,29.0,19.0,0.6551724137931034,19,19,3,2.9,29,459.0,2.9
high_compressibility,5,static_min,none,0,1,12,1,feasible,0.4827586206896552,1.0,3.3793103448275863,8,31.0,23.0,0.7419354838709677,23,23,7,3.625,29,425.0,3.875
high_compressibility,5,capacity_aware_static,C,1,1,12,1,feasible,0.4827586206896552,1.0,3.3793103448275863,29,29.0,0.0,0.0,0,0,1,1.0,29,257.0,1.0
high_compressibility,5,smoothed,none,0,1,12,1,feasible,0.4827586206896552,1.0,3.3793103448275863,10,29.0,19.0,0.6551724137931034,19,19,3,2.9,29,459.0,2.9
high_compressibility,5,static_min,none,0,1,13,1,feasible,0.4827586206896552,1.0,3.3793103448275863,8,31.0,23.0,0.7419354838709677,23,23,7,3.625,29,425.0,3.875
high_compressibility,5,capacity_aware_static,C,1,1,13,1,feasible,0.4827586206896552,1.0,3.3793103448275863,29,29.0,0.0,0.0,0,0,1,1.0,29,257.0,1.0
high_compressibility,5,smoothed,none,0,1,13,1,feasible,0.4827586206896552,1.0,3.3793103448275863,10,29.0,19.0,0.6551724137931034,19,19,3,2.9,29,459.0,2.9
high_compressibility,5,static_min,none,0,1,14,1,feasible,0.4827586206896552,1.0,3.3793103448275863,8,31.0,23.0,0.7419354838709677,23,23,7,3.625,29,425.0,3.875
high_compressibility,5,capacity_aware_static,C,1,1,14,1,feasible,0.4827586206896552,1.0,3.3793103448275863,29,29.0,0.0,0.0,0,0,1,1.0,29,257.0,1.0
high_compressibility,5,smoothed,none,0,1,14,1,feasible,0.4827586206896552,1.0,3.3793103448275863,10,29.0,19.0,0.6551724137931034,19,19,3,2.9,29,459.0,2.9
high_compressibility,5,static_min,none,0,1,15,1,feasible,0.4827586206896552,1.0,3.3793103448275863,8,31.0,23.0,0.7419354838709677,23,23,7,3.625,29,425.0,3.875
high_compressibility,5,capacity_aware_static,C,1,1,15,1,feasible,0.4827586206896552,1.0,3.3793103448275863,29,29.0,0.0,0.0,0,0,1,1.0,29,257.0,1.0
high_compressibility,5,smoothed,none,0,1,15,1,feasible,0.4827586206896552,1.0,3.3793103448275863,10,29.0,19.0,0.6551724137931034,19,19,3,2.9,29,459.0,2.9
high_compressibility,5,static_min,none,0,2,0,0,peak_demand_exceeds_reachable_stock,0.4827586206896552,1.0,3.3793103448275863,8,inf,inf,1.0,17,17,7,3.625,29,inf,inf
high_compressibility,5,capacity_aware_static,C,2,2,0,1,feasible,0.4827586206896552,1.0,3.3793103448275863,15,15.0,0.0,0.0,0,0,2,1.9333333333333333,29,161.0,1.0
high_compressibility,5,smoothed,none,0,2,0,0,peak_demand_exceeds_reachable_stock,0.4827586206896552,1.0,3.3793103448275863,10,inf,inf,1.0,9,9,3,2.9,29,inf,inf
high_compressibility,5,static_min,none,0,2,1,0,peak_demand_exceeds_reachable_stock,0.4827586206896552,1.0,3.3793103448275863,8,inf,inf,1.0,17,17,7,3.625,29,inf,inf
high_compressibility,5,capacity_aware_static,C,2,2,1,1,feasible,0.4827586206896552,1.0,3.3793103448275863,15,15.0,0.0,0.0,0,0,2,1.9333333333333333,29,161.0,1.0
high_compressibility,5,smoothed,none,0,2,1,1,feasible,0.4827586206896552,1.0,3.3793103448275863,10,19.0,9.0,0.47368421052631576,9,9,3,2.9,29,305.0,1.9
high_compressibility,5,static_min,none,0,2,2,0,peak_demand_exceeds_reachable_stock,0.4827586206896552,1.0,3.3793103448275863,8,inf,inf,1.0,17,17,7,3.625,29,inf,inf
high_compressibility,5,capacity_aware_static,C,2,2,2,1,feasible,0.4827586206896552,1.0,3.3793103448275863,15,15.0,0.0,0.0,0,0,2,1.9333333333333333,29,161.0,1.0
high_compressibility,5,smoothed,none,0,2,2,1,feasible,0.4827586206896552,1.0,3.3793103448275863,10,15.0,5.0,0.3333333333333333,9,9,3,2.9,29,230.0,1.5
high_compressibility,5,static_min,none,0,2,3,0,peak_demand_exceeds_reachable_stock,0.4827586206896552,1.0,3.3793103448275863,8,inf,inf,1.0,17,17,7,3.625,29,inf,inf
high_compressibility,5,capacity_aware_static,C,2,2,3,1,feasible,0.4827586206896552,1.0,3.3793103448275863,15,15.0,0.0,0.0,0,0,2,1.9333333333333333,29,161.0,1.0
high_compressibility,5,smoothed,none,0,2,3,1,feasible,0.4827586206896552,1.0,3.3793103448275863,10,15.0,5.0,0.3333333333333333,9,9,3,2.9,29,230.0,1.5
high_compressibility,5,static_min,none,0,2,4,0,peak_demand_exceeds_reachable_stock,0.4827586206896552,1.0,3.3793103448275863,8,inf,inf,1.0,17,17,7,3.625,29,inf,inf
high_compressibility,5,capacity_aware_static,C,2,2,4,1,feasible,0.4827586206896552,1.0,3.3793103448275863,15,15.0,0.0,0.0,0,0,2,1.9333333333333333,29,161.0,1.0
high_compressibility,5,smoothed,none,0,2,4,1,feasible,0.4827586206896552,1.0,3.3793103448275863,10,15.0,5.0,0.3333333333333333,9,9,3,2.9,29,230.0,1.5
high_compressibility,5,static_min,none,0,2,5,1,feasible,0.4827586206896552,1.0,3.3793103448275863,8,17.0,9.0,0.5294117647058824,17,17,7,3.625,29,230.0,2.125
high_compressibility,5,capacity_aware_static,C,2,2,5,1,feasible,0.4827586206896552,1.0,3.3793103448275863,15,15.0,0.0,0.0,0,0,2,1.9333333333333333,29,161.0,1.0
high_compressibility,5,smoothed,none,0,2,5,1,feasible,0.4827586206896552,1.0,3.3793103448275863,10,15.0,5.0,0.3333333333333333,9,9,3,2.9,29,230.0,1.5
high_compressibility,5,static_min,none,0,2,6,1,feasible,0.4827586206896552,1.0,3.3793103448275863,8,17.0,9.0,0.5294117647058824,17,17,7,3.625,29,231.0,2.125
high_compressibility,5,capacity_aware_static,C,2,2,6,1,feasible,0.4827586206896552,1.0,3.3793103448275863,15,15.0,0.0,0.0,0,0,2,1.9333333333333333,29,161.0,1.0
high_compressibility,5,smoothed,none,0,2,6,1,feasible,0.4827586206896552,1.0,3.3793103448275863,10,15.0,5.0,0.3333333333333333,9,9,3,2.9,29,230.0,1.5
high_compressibility,5,static_min,none,0,2,7,1,feasible,0.4827586206896552,1.0,3.3793103448275863,8,17.0,9.0,0.5294117647058824,17,17,7,3.625,29,231.0,2.125
high_compressibility,5,capacity_aware_static,C,2,2,7,1,feasible,0.4827586206896552,1.0,3.3793103448275863,15,15.0,0.0,0.0,0,0,2,1.9333333333333333,29,161.0,1.0
high_compressibility,5,smoothed,none,0,2,7,1,feasible,0.4827586206896552,1.0,3.3793103448275863,10,15.0,5.0,0.3333333333333333,9,9,3,2.9,29,230.0,1.5
high_compressibility,5,static_min,none,0,2,8,1,feasible,0.4827586206896552,1.0,3.3793103448275863,8,17.0,9.0,0.5294117647058824,17,17,7,3.625,29,231.0,2.125
high_compressibility,5,capacity_aware_static,C,2,2,8,1,feasible,0.4827586206896552,1.0,3.3793103448275863,15,15.0,0.0,0.0,0,0,2,1.9333333333333333,29,161.0,1.0
high_compressibility,5,smoothed,none,0,2,8,1,feasible,0.4827586206896552,1.0,3.3793103448275863,10,15.0,5.0,0.3333333333333333,9,9,3,2.9,29,230.0,1.5
high_compressibility,5,static_min,none,0,2,9,1,feasible,0.4827586206896552,1.0,3.3793103448275863,8,17.0,9.0,0.5294117647058824,17,17,7,3.625,29,231.0,2.125
high_compressibility,5,capacity_aware_static,C,2,2,9,1,feasible,0.4827586206896552,1.0,3.3793103448275863,15,15.0,0.0,0.0,0,0,2,1.9333333333333333,29,161.0,1.0
high_compressibility,5,smoothed,none,0,2,9,1,feasible,0.4827586206896552,1.0,3.3793103448275863,10,15.0,5.0,0.3333333333333333,9,9,3,2.9,29,230.0,1.5
high_compressibility,5,static_min,none,0,2,10,1,feasible,0.4827586206896552,1.0,3.3793103448275863,8,17.0,9.0,0.5294117647058824,17,17,7,3.625,29,231.0,2.125
high_compressibility,5,capacity_aware_static,C,2,2,10,1,feasible,0.4827586206896552,1.0,3.3793103448275863,15,15.0,0.0,0.0,0,0,2,1.9333333333333333,29,161.0,1.0
high_compressibility,5,smoothed,none,0,2,10,1,feasible,0.4827586206896552,1.0,3.3793103448275863,10,15.0,5.0,0.3333333333333333,9,9,3,2.9,29,230.0,1.5
high_compressibility,5,static_min,none,0,2,11,1,feasible,0.4827586206896552,1.0,3.3793103448275863,8,17.0,9.0,0.5294117647058824,17,17,7,3.625,29,231.0,2.125
high_compressibility,5,capacity_aware_static,C,2,2,11,1,feasible,0.4827586206896552,1.0,3.3793103448275863,15,15.0,0.0,0.0,0,0,2,1.9333333333333333,29,161.0,1.0
high_compressibility,5,smoothed,none,0,2,11,1,feasible,0.4827586206896552,1.0,3.3793103448275863,10,15.0,5.0,0.3333333333333333,9,9,3,2.9,29,230.0,1.5
high_compressibility,5,static_min,none,0,2,12,1,feasible,0.4827586206896552,1.0,3.3793103448275863,8,17.0,9.0,0.5294117647058824,17,17,7,3.625,29,231.0,2.125
high_compressibility,5,capacity_aware_static,C,2,2,12,1,feasible,0.4827586206896552,1.0,3.3793103448275863,15,15.0,0.0,0.0,0,0,2,1.9333333333333333,29,161.0,1.0
high_compressibility,5,smoothed,none,0,2,12,1,feasible,0.4827586206896552,1.0,3.3793103448275863,10,15.0,5.0,0.3333333333333333,9,9,3,2.9,29,230.0,1.5
high_compressibility,5,static_min,none,0,2,13,1,feasible,0.4827586206896552,1.0,3.3793103448275863,8,17.0,9.0,0.5294117647058824,17,17,7,3.625,29,231.0,2.125
high_compressibility,5,capacity_aware_static,C,2,2,13,1,feasible,0.4827586206896552,1.0,3.3793103448275863,15,15.0,0.0,0.0,0,0,2,1.9333333333333333,29,161.0,1.0
high_compressibility,5,smoothed,none,0,2,13,1,feasible,0.4827586206896552,1.0,3.3793103448275863,10,15.0,5.0,0.3333333333333333,9,9,3,2.9,29,230.0,1.5
high_compressibility,5,static_min,none,0,2,14,1,feasible,0.4827586206896552,1.0,3.3793103448275863,8,17.0,9.0,0.5294117647058824,17,17,7,3.625,29,231.0,2.125
high_compressibility,5,capacity_aware_static,C,2,2,14,1,feasible,0.4827586206896552,1.0,3.3793103448275863,15,15.0,0.0,0.0,0,0,2,1.9333333333333333,29,161.0,1.0
high_compressibility,5,smoothed,none,0,2,14,1,feasible,0.4827586206896552,1.0,3.3793103448275863,10,15.0,5.0,0.3333333333333333,9,9,3,2.9,29,230.0,1.5
high_compressibility,5,static_min,none,0,2,15,1,feasible,0.4827586206896552,1.0,3.3793103448275863,8,17.0,9.0,0.5294117647058824,17,17,7,3.625,29,231.0,2.125
high_compressibility,5,capacity_aware_static,C,2,2,15,1,feasible,0.4827586206896552,1.0,3.3793103448275863,15,15.0,0.0,0.0,0,0,2,1.9333333333333333,29,161.0,1.0
high_compressibility,5,smoothed,none,0,2,15,1,feasible,0.4827586206896552,1.0,3.3793103448275863,10,15.0,5.0,0.3333333333333333,9,9,3,2.9,29,230.0,1.5
high_compressibility,5,static_min,none,0,3,0,0,peak_demand_exceeds_reachable_stock,0.4827586206896552,1.0,3.3793103448275863,8,inf,inf,1.0,11,11,7,3.625,29,inf,inf
high_compressibility,5,capacity_aware_static,C,3,3,0,1,feasible,0.4827586206896552,1.0,3.3793103448275863,10,10.0,0.0,0.0,0,0,3,2.9,29,129.0,1.0
high_compressibility,5,smoothed,none,0,3,0,1,feasible,0.4827586206896552,1.0,3.3793103448275863,10,10.0,0.0,0.0,0,0,3,2.9,29,154.0,1.0
high_compressibility,5,static_min,none,0,3,1,0,peak_demand_exceeds_reachable_stock,0.4827586206896552,1.0,3.3793103448275863,8,inf,inf,1.0,11,11,7,3.625,29,inf,inf
high_compressibility,5,capacity_aware_static,C,3,3,1,1,feasible,0.4827586206896552,1.0,3.3793103448275863,10,10.0,0.0,0.0,0,0,3,2.9,29,129.0,1.0
high_compressibility,5,smoothed,none,0,3,1,1,feasible,0.4827586206896552,1.0,3.3793103448275863,10,10.0,0.0,0.0,0,0,3,2.9,29,154.0,1.0
high_compressibility,5,static_min,none,0,3,2,0,peak_demand_exceeds_reachable_stock,0.4827586206896552,1.0,3.3793103448275863,8,inf,inf,1.0,11,11,7,3.625,29,inf,inf
high_compressibility,5,capacity_aware_static,C,3,3,2,1,feasible,0.4827586206896552,1.0,3.3793103448275863,10,10.0,0.0,0.0,0,0,3,2.9,29,129.0,1.0
high_compressibility,5,smoothed,none,0,3,2,1,feasible,0.4827586206896552,1.0,3.3793103448275863,10,10.0,0.0,0.0,0,0,3,2.9,29,154.0,1.0
high_compressibility,5,static_min,none,0,3,3,0,peak_demand_exceeds_reachable_stock,0.4827586206896552,1.0,3.3793103448275863,8,inf,inf,1.0,11,11,7,3.625,29,inf,inf
high_compressibility,5,capacity_aware_static,C,3,3,3,1,feasible,0.4827586206896552,1.0,3.3793103448275863,10,10.0,0.0,0.0,0,0,3,2.9,29,129.0,1.0
high_compressibility,5,smoothed,none,0,3,3,1,feasible,0.4827586206896552,1.0,3.3793103448275863,10,10.0,0.0,0.0,0,0,3,2.9,29,154.0,1.0
high_compressibility,5,static_min,none,0,3,4,1,feasible,0.4827586206896552,1.0,3.3793103448275863,8,13.0,5.0,0.38461538461538464,11,11,7,3.625,29,176.0,1.625
high_compressibility,5,capacity_aware_static,C,3,3,4,1,feasible,0.4827586206896552,1.0,3.3793103448275863,10,10.0,0.0,0.0,0,0,3,2.9,29,129.0,1.0
high_compressibility,5,smoothed,none,0,3,4,1,feasible,0.4827586206896552,1.0,3.3793103448275863,10,10.0,0.0,0.0,0,0,3,2.9,29,154.0,1.0
high_compressibility,5,static_min,none,0,3,5,1,feasible,0.4827586206896552,1.0,3.3793103448275863,8,12.0,4.0,0.3333333333333333,11,11,7,3.625,29,161.0,1.5
high_compressibility,5,capacity_aware_static,C,3,3,5,1,feasible,0.4827586206896552,1.0,3.3793103448275863,10,10.0,0.0,0.0,0,0,3,2.9,29,129.0,1.0
high_compressibility,5,smoothed,none,0,3,5,1,feasible,0.4827586206896552,1.0,3.3793103448275863,10,10.0,0.0,0.0,0,0,3,2.9,29,154.0,1.0
high_compressibility,5,static_min,none,0,3,6,1,feasible,0.4827586206896552,1.0,3.3793103448275863,8,12.0,4.0,0.3333333333333333,11,11,7,3.625,29,160.0,1.5
high_compressibility,5,capacity_aware_static,C,3,3,6,1,feasible,0.4827586206896552,1.0,3.3793103448275863,10,10.0,0.0,0.0,0,0,3,2.9,29,129.0,1.0
high_compressibility,5,smoothed,none,0,3,6,1,feasible,0.4827586206896552,1.0,3.3793103448275863,10,10.0,0.0,0.0,0,0,3,2.9,29,154.0,1.0
high_compressibility,5,static_min,none,0,3,7,1,feasible,0.4827586206896552,1.0,3.3793103448275863,8,12.0,4.0,0.3333333333333333,11,11,7,3.625,29,160.0,1.5
high_compressibility,5,capacity_aware_static,C,3,3,7,1,feasible,0.4827586206896552,1.0,3.3793103448275863,10,10.0,0.0,0.0,0,0,3,2.9,29,129.0,1.0
high_compressibility,5,smoothed,none,0,3,7,1,feasible,0.4827586206896552,1.0,3.3793103448275863,10,10.0,0.0,0.0,0,0,3,2.9,29,154.0,1.0
high_compressibility,5,static_min,none,0,3,8,1,feasible,0.4827586206896552,1.0,3.3793103448275863,8,12.0,4.0,0.3333333333333333,11,11,7,3.625,29,160.0,1.5
high_compressibility,5,capacity_aware_static,C,3,3,8,1,feasible,0.4827586206896552,1.0,3.3793103448275863,10,10.0,0.0,0.0,0,0,3,2.9,29,129.0,1.0
high_compressibility,5,smoothed,none,0,3,8,1,feasible,0.4827586206896552,1.0,3.3793103448275863,10,10.0,0.0,0.0,0,0,3,2.9,29,154.0,1.0
high_compressibility,5,static_min,none,0,3,9,1,feasible,0.4827586206896552,1.0,3.3793103448275863,8,12.0,4.0,0.3333333333333333,11,11,7,3.625,29,160.0,1.5
high_compressibility,5,capacity_aware_static,C,3,3,9,1,feasible,0.4827586206896552,1.0,3.3793103448275863,10,10.0,0.0,0.0,0,0,3,2.9,29,129.0,1.0
high_compressibility,5,smoothed,none,0,3,9,1,feasible,0.4827586206896552,1.0,3.3793103448275863,10,10.0,0.0,0.0,0,0,3,2.9,29,154.0,1.0
high_compressibility,5,static_min,none,0,3,10,1,feasible,0.4827586206896552,1.0,3.3793103448275863,8,12.0,4.0,0.3333333333333333,11,11,7,3.625,29,160.0,1.5
high_compressibility,5,capacity_aware_static,C,3,3,10,1,feasible,0.4827586206896552,1.0,3.3793103448275863,10,10.0,0.0,0.0,0,0,3,2.9,29,129.0,1.0
high_compressibility,5,smoothed,none,0,3,10,1,feasible,0.4827586206896552,1.0,3.3793103448275863,10,10.0,0.0,0.0,0,0,3,2.9,29,154.0,1.0
high_compressibility,5,static_min,none,0,3,11,1,feasible,0.4827586206896552,1.0,3.3793103448275863,8,12.0,4.0,0.3333333333333333,11,11,7,3.625,29,160.0,1.5
high_compressibility,5,capacity_aware_static,C,3,3,11,1,feasible,0.4827586206896552,1.0,3.3793103448275863,10,10.0,0.0,0.0,0,0,3,2.9,29,129.0,1.0
high_compressibility,5,smoothed,none,0,3,11,1,feasible,0.4827586206896552,1.0,3.3793103448275863,10,10.0,0.0,0.0,0,0,3,2.9,29,154.0,1.0
high_compressibility,5,static_min,none,0,3,12,1,feasible,0.4827586206896552,1.0,3.3793103448275863,8,12.0,4.0,0.3333333333333333,11,11,7,3.625,29,160.0,1.5
high_compressibility,5,capacity_aware_static,C,3,3,12,1,feasible,0.4827586206896552,1.0,3.3793103448275863,10,10.0,0.0,0.0,0,0,3,2.9,29,129.0,1.0
high_compressibility,5,smoothed,none,0,3,12,1,feasible,0.4827586206896552,1.0,3.3793103448275863,10,10.0,0.0,0.0,0,0,3,2.9,29,154.0,1.0
high_compressibility,5,static_min,none,0,3,13,1,feasible,0.4827586206896552,1.0,3.3793103448275863,8,12.0,4.0,0.3333333333333333,11,11,7,3.625,29,160.0,1.5
high_compressibility,5,capacity_aware_static,C,3,3,13,1,feasible,0.4827586206896552,1.0,3.3793103448275863,10,10.0,0.0,0.0,0,0,3,2.9,29,129.0,1.0
high_compressibility,5,smoothed,none,0,3,13,1,feasible,0.4827586206896552,1.0,3.3793103448275863,10,10.0,0.0,0.0,0,0,3,2.9,29,154.0,1.0
high_compressibility,5,static_min,none,0,3,14,1,feasible,0.4827586206896552,1.0,3.3793103448275863,8,12.0,4.0,0.3333333333333333,11,11,7,3.625,29,160.0,1.5
high_compressibility,5,capacity_aware_static,C,3,3,14,1,feasible,0.4827586206896552,1.0,3.3793103448275863,10,10.0,0.0,0.0,0,0,3,2.9,29,129.0,1.0
high_compressibility,5,smoothed,none,0,3,14,1,feasible,0.4827586206896552,1.0,3.3793103448275863,10,10.0,0.0,0.0,0,0,3,2.9,29,154.0,1.0
high_compressibility,5,static_min,none,0,3,15,1,feasible,0.4827586206896552,1.0,3.3793103448275863,8,12.0,4.0,0.3333333333333333,11,11,7,3.625,29,160.0,1.5
high_compressibility,5,capacity_aware_static,C,3,3,15,1,feasible,0.4827586206896552,1.0,3.3793103448275863,10,10.0,0.0,0.0,0,0,3,2.9,29,129.0,1.0
high_compressibility,5,smoothed,none,0,3,15,1,feasible,0.4827586206896552,1.0,3.3793103448275863,10,10.0,0.0,0.0,0,0,3,2.9,29,154.0,1.0
high_compressibility,5,static_min,none,0,4,0,0,peak_demand_exceeds_reachable_stock,0.4827586206896552,1.0,3.3793103448275863,8,inf,inf,1.0,5,6,7,3.625,29,inf,inf
high_compressibility,5,capacity_aware_static,C,4,4,0,1,feasible,0.4827586206896552,1.0,3.3793103448275863,9,9.0,0.0,0.0,0,0,4,3.2222222222222223,29,117.0,1.0
high_compressibility,5,smoothed,none,0,4,0,1,feasible,0.4827586206896552,1.0,3.3793103448275863,10,10.0,0.0,0.0,0,0,3,2.9,29,154.0,1.0
high_compressibility,5,static_min,none,0,4,1,0,peak_demand_exceeds_reachable_stock,0.4827586206896552,1.0,3.3793103448275863,8,inf,inf,1.0,5,6,7,3.625,29,inf,inf
high_compressibility,5,capacity_aware_static,C,4,4,1,1,feasible,0.4827586206896552,1.0,3.3793103448275863,9,9.0,0.0,0.0,0,0,4,3.2222222222222223,29,117.0,1.0
high_compressibility,5,smoothed,none,0,4,1,1,feasible,0.4827586206896552,1.0,3.3793103448275863,10,10.0,0.0,0.0,0,0,3,2.9,29,154.0,1.0
high_compressibility,5,static_min,none,0,4,2,0,peak_demand_exceeds_reachable_stock,0.4827586206896552,1.0,3.3793103448275863,8,inf,inf,1.0,5,6,7,3.625,29,inf,inf
high_compressibility,5,capacity_aware_static,C,4,4,2,1,feasible,0.4827586206896552,1.0,3.3793103448275863,9,9.0,0.0,0.0,0,0,4,3.2222222222222223,29,117.0,1.0
high_compressibility,5,smoothed,none,0,4,2,1,feasible,0.4827586206896552,1.0,3.3793103448275863,10,10.0,0.0,0.0,0,0,3,2.9,29,154.0,1.0
high_compressibility,5,static_min,none,0,4,3,1,feasible,0.4827586206896552,1.0,3.3793103448275863,8,10.0,2.0,0.2,5,6,7,3.625,29,136.0,1.25
high_compressibility,5,capacity_aware_static,C,4,4,3,1,feasible,0.4827586206896552,1.0,3.3793103448275863,9,9.0,0.0,0.0,0,0,4,3.2222222222222223,29,117.0,1.0
high_compressibility,5,smoothed,none,0,4,3,1,feasible,0.4827586206896552,1.0,3.3793103448275863,10,10.0,0.0,0.0,0,0,3,2.9,29,154.0,1.0
high_compressibility,5,static_min,none,0,4,4,1,feasible,0.4827586206896552,1.0,3.3793103448275863,8,10.0,2.0,0.2,5,6,7,3.625,29,136.0,1.25
high_compressibility,5,capacity_aware_static,C,4,4,4,1,feasible,0.4827586206896552,1.0,3.3793103448275863,9,9.0,0.0,0.0,0,0,4,3.2222222222222223,29,117.0,1.0
high_compressibility,5,smoothed,none,0,4,4,1,feasible,0.4827586206896552,1.0,3.3793103448275863,10,10.0,0.0,0.0,0,0,3,2.9,29,154.0,1.0
high_compressibility,5,static_min,none,0,4,5,1,feasible,0.4827586206896552,1.0,3.3793103448275863,8,10.0,2.0,0.2,5,6,7,3.625,29,136.0,1.25
high_compressibility,5,capacity_aware_static,C,4,4,5,1,feasible,0.4827586206896552,1.0,3.3793103448275863,9,9.0,0.0,0.0,0,0,4,3.2222222222222223,29,117.0,1.0
high_compressibility,5,smoothed,none,0,4,5,1,feasible,0.4827586206896552,1.0,3.3793103448275863,10,10.0,0.0,0.0,0,0,3,2.9,29,154.0,1.0
high_compressibility,5,static_min,none,0,4,6,1,feasible,0.4827586206896552,1.0,3.3793103448275863,8,10.0,2.0,0.2,5,6,7,3.625,29,136.0,1.25
high_compressibility,5,capacity_aware_static,C,4,4,6,1,feasible,0.4827586206896552,1.0,3.3793103448275863,9,9.0,0.0,0.0,0,0,4,3.2222222222222223,29,117.0,1.0
high_compressibility,5,smoothed,none,0,4,6,1,feasible,0.4827586206896552,1.0,3.3793103448275863,10,10.0,0.0,0.0,0,0,3,2.9,29,154.0,1.0
high_compressibility,5,static_min,none,0,4,7,1,feasible,0.4827586206896552,1.0,3.3793103448275863,8,10.0,2.0,0.2,5,6,7,3.625,29,136.0,1.25
high_compressibility,5,capacity_aware_static,C,4,4,7,1,feasible,0.4827586206896552,1.0,3.3793103448275863,9,9.0,0.0,0.0,0,0,4,3.2222222222222223,29,117.0,1.0
high_compressibility,5,smoothed,none,0,4,7,1,feasible,0.4827586206896552,1.0,3.3793103448275863,10,10.0,0.0,0.0,0,0,3,2.9,29,154.0,1.0
high_compressibility,5,static_min,none,0,4,8,1,feasible,0.4827586206896552,1.0,3.3793103448275863,8,10.0,2.0,0.2,5,6,7,3.625,29,136.0,1.25
high_compressibility,5,capacity_aware_static,C,4,4,8,1,feasible,0.4827586206896552,1.0,3.3793103448275863,9,9.0,0.0,0.0,0,0,4,3.2222222222222223,29,117.0,1.0
high_compressibility,5,smoothed,none,0,4,8,1,feasible,0.4827586206896552,1.0,3.3793103448275863,10,10.0,0.0,0.0,0,0,3,2.9,29,154.0,1.0
high_compressibility,5,static_min,none,0,4,9,1,feasible,0.4827586206896552,1.0,3.3793103448275863,8,10.0,2.0,0.2,5,6,7,3.625,29,136.0,1.25
high_compressibility,5,capacity_aware_static,C,4,4,9,1,feasible,0.4827586206896552,1.0,3.3793103448275863,9,9.0,0.0,0.0,0,0,4,3.2222222222222223,29,117.0,1.0
high_compressibility,5,smoothed,none,0,4,9,1,feasible,0.4827586206896552,1.0,3.3793103448275863,10,10.0,0.0,0.0,0,0,3,2.9,29,154.0,1.0
high_compressibility,5,static_min,none,0,4,10,1,feasible,0.4827586206896552,1.0,3.3793103448275863,8,10.0,2.0,0.2,5,6,7,3.625,29,136.0,1.25
high_compressibility,5,capacity_aware_static,C,4,4,10,1,feasible,0.4827586206896552,1.0,3.3793103448275863,9,9.0,0.0,0.0,0,0,4,3.2222222222222223,29,117.0,1.0
high_compressibility,5,smoothed,none,0,4,10,1,feasible,0.4827586206896552,1.0,3.3793103448275863,10,10.0,0.0,0.0,0,0,3,2.9,29,154.0,1.0
high_compressibility,5,static_min,none,0,4,11,1,feasible,0.4827586206896552,1.0,3.3793103448275863,8,10.0,2.0,0.2,5,6,7,3.625,29,136.0,1.25
high_compressibility,5,capacity_aware_static,C,4,4,11,1,feasible,0.4827586206896552,1.0,3.3793103448275863,9,9.0,0.0,0.0,0,0,4,3.2222222222222223,29,117.0,1.0
high_compressibility,5,smoothed,none,0,4,11,1,feasible,0.4827586206896552,1.0,3.3793103448275863,10,10.0,0.0,0.0,0,0,3,2.9,29,154.0,1.0
high_compressibility,5,static_min,none,0,4,12,1,feasible,0.4827586206896552,1.0,3.3793103448275863,8,10.0,2.0,0.2,5,6,7,3.625,29,136.0,1.25
high_compressibility,5,capacity_aware_static,C,4,4,12,1,feasible,0.4827586206896552,1.0,3.3793103448275863,9,9.0,0.0,0.0,0,0,4,3.2222222222222223,29,117.0,1.0
high_compressibility,5,smoothed,none,0,4,12,1,feasible,0.4827586206896552,1.0,3.3793103448275863,10,10.0,0.0,0.0,0,0,3,2.9,29,154.0,1.0
high_compressibility,5,static_min,none,0,4,13,1,feasible,0.4827586206896552,1.0,3.3793103448275863,8,10.0,2.0,0.2,5,6,7,3.625,29,136.0,1.25
high_compressibility,5,capacity_aware_static,C,4,4,13,1,feasible,0.4827586206896552,1.0,3.3793103448275863,9,9.0,0.0,0.0,0,0,4,3.2222222222222223,29,117.0,1.0
high_compressibility,5,smoothed,none,0,4,13,1,feasible,0.4827586206896552,1.0,3.3793103448275863,10,10.0,0.0,0.0,0,0,3,2.9,29,154.0,1.0
high_compressibility,5,static_min,none,0,4,14,1,feasible,0.4827586206896552,1.0,3.3793103448275863,8,10.0,2.0,0.2,5,6,7,3.625,29,136.0,1.25
high_compressibility,5,capacity_aware_static,C,4,4,14,1,feasible,0.4827586206896552,1.0,3.3793103448275863,9,9.0,0.0,0.0,0,0,4,3.2222222222222223,29,117.0,1.0
high_compressibility,5,smoothed,none,0,4,14,1,feasible,0.4827586206896552,1.0,3.3793103448275863,10,10.0,0.0,0.0,0,0,3,2.9,29,154.0,1.0
high_compressibility,5,static_min,none,0,4,15,1,feasible,0.4827586206896552,1.0,3.3793103448275863,8,10.0,2.0,0.2,5,6,7,3.625,29,136.0,1.25
high_compressibility,5,capacity_aware_static,C,4,4,15,1,feasible,0.4827586206896552,1.0,3.3793103448275863,9,9.0,0.0,0.0,0,0,4,3.2222222222222223,29,117.0,1.0
high_compressibility,5,smoothed,none,0,4,15,1,feasible,0.4827586206896552,1.0,3.3793103448275863,10,10.0,0.0,0.0,0,0,3,2.9,29,154.0,1.0
high_compressibility,5,static_min,none,0,5,0,0,peak_demand_exceeds_reachable_stock,0.4827586206896552,1.0,3.3793103448275863,8,inf,inf,1.0,3,3,7,3.625,29,inf,inf
high_compressibility,5,capacity_aware_static,C,5,5,0,1,feasible,0.4827586206896552,1.0,3.3793103448275863,8,8.0,0.0,0.0,0,0,5,3.625,29,111.0,1.0
high_compressibility,5,smoothed,none,0,5,0,1,feasible,0.4827586206896552,1.0,3.3793103448275863,10,10.0,0.0,0.0,0,0,3,2.9,29,154.0,1.0
high_compressibility,5,static_min,none,0,5,1,0,peak_demand_exceeds_reachable_stock,0.4827586206896552,1.0,3.3793103448275863,8,inf,inf,1.0,3,3,7,3.625,29,inf,inf
high_compressibility,5,capacity_aware_static,C,5,5,1,1,feasible,0.4827586206896552,1.0,3.3793103448275863,8,8.0,0.0,0.0,0,0,5,3.625,29,111.0,1.0
high_compressibility,5,smoothed,none,0,5,1,1,feasible,0.4827586206896552,1.0,3.3793103448275863,10,10.0,0.0,0.0,0,0,3,2.9,29,154.0,1.0
high_compressibility,5,static_min,none,0,5,2,1,feasible,0.4827586206896552,1.0,3.3793103448275863,8,10.0,2.0,0.2,3,3,7,3.625,29,136.0,1.25
high_compressibility,5,capacity_aware_static,C,5,5,2,1,feasible,0.4827586206896552,1.0,3.3793103448275863,8,8.0,0.0,0.0,0,0,5,3.625,29,111.0,1.0
high_compressibility,5,smoothed,none,0,5,2,1,feasible,0.4827586206896552,1.0,3.3793103448275863,10,10.0,0.0,0.0,0,0,3,2.9,29,154.0,1.0
high_compressibility,5,static_min,none,0,5,3,1,feasible,0.4827586206896552,1.0,3.3793103448275863,8,9.0,1.0,0.1111111111111111,3,3,7,3.625,29,122.0,1.125
high_compressibility,5,capacity_aware_static,C,5,5,3,1,feasible,0.4827586206896552,1.0,3.3793103448275863,8,8.0,0.0,0.0,0,0,5,3.625,29,111.0,1.0
high_compressibility,5,smoothed,none,0,5,3,1,feasible,0.4827586206896552,1.0,3.3793103448275863,10,10.0,0.0,0.0,0,0,3,2.9,29,154.0,1.0
high_compressibility,5,static_min,none,0,5,4,1,feasible,0.4827586206896552,1.0,3.3793103448275863,8,9.0,1.0,0.1111111111111111,3,3,7,3.625,29,122.0,1.125
high_compressibility,5,capacity_aware_static,C,5,5,4,1,feasible,0.4827586206896552,1.0,3.3793103448275863,8,8.0,0.0,0.0,0,0,5,3.625,29,111.0,1.0
high_compressibility,5,smoothed,none,0,5,4,1,feasible,0.4827586206896552,1.0,3.3793103448275863,10,10.0,0.0,0.0,0,0,3,2.9,29,154.0,1.0
high_compressibility,5,static_min,none,0,5,5,1,feasible,0.4827586206896552,1.0,3.3793103448275863,8,9.0,1.0,0.1111111111111111,3,3,7,3.625,29,122.0,1.125
high_compressibility,5,capacity_aware_static,C,5,5,5,1,feasible,0.4827586206896552,1.0,3.3793103448275863,8,8.0,0.0,0.0,0,0,5,3.625,29,111.0,1.0
high_compressibility,5,smoothed,none,0,5,5,1,feasible,0.4827586206896552,1.0,3.3793103448275863,10,10.0,0.0,0.0,0,0,3,2.9,29,154.0,1.0
high_compressibility,5,static_min,none,0,5,6,1,feasible,0.4827586206896552,1.0,3.3793103448275863,8,9.0,1.0,0.1111111111111111,3,3,7,3.625,29,122.0,1.125
high_compressibility,5,capacity_aware_static,C,5,5,6,1,feasible,0.4827586206896552,1.0,3.3793103448275863,8,8.0,0.0,0.0,0,0,5,3.625,29,111.0,1.0
high_compressibility,5,smoothed,none,0,5,6,1,feasible,0.4827586206896552,1.0,3.3793103448275863,10,10.0,0.0,0.0,0,0,3,2.9,29,154.0,1.0
high_compressibility,5,static_min,none,0,5,7,1,feasible,0.4827586206896552,1.0,3.3793103448275863,8,9.0,1.0,0.1111111111111111,3,3,7,3.625,29,122.0,1.125
high_compressibility,5,capacity_aware_static,C,5,5,7,1,feasible,0.4827586206896552,1.0,3.3793103448275863,8,8.0,0.0,0.0,0,0,5,3.625,29,111.0,1.0
high_compressibility,5,smoothed,none,0,5,7,1,feasible,0.4827586206896552,1.0,3.3793103448275863,10,10.0,0.0,0.0,0,0,3,2.9,29,154.0,1.0
high_compressibility,5,static_min,none,0,5,8,1,feasible,0.4827586206896552,1.0,3.3793103448275863,8,9.0,1.0,0.1111111111111111,3,3,7,3.625,29,122.0,1.125
high_compressibility,5,capacity_aware_static,C,5,5,8,1,feasible,0.4827586206896552,1.0,3.3793103448275863,8,8.0,0.0,0.0,0,0,5,3.625,29,111.0,1.0
high_compressibility,5,smoothed,none,0,5,8,1,feasible,0.4827586206896552,1.0,3.3793103448275863,10,10.0,0.0,0.0,0,0,3,2.9,29,154.0,1.0
high_compressibility,5,static_min,none,0,5,9,1,feasible,0.4827586206896552,1.0,3.3793103448275863,8,9.0,1.0,0.1111111111111111,3,3,7,3.625,29,122.0,1.125
high_compressibility,5,capacity_aware_static,C,5,5,9,1,feasible,0.4827586206896552,1.0,3.3793103448275863,8,8.0,0.0,0.0,0,0,5,3.625,29,111.0,1.0
high_compressibility,5,smoothed,none,0,5,9,1,feasible,0.4827586206896552,1.0,3.3793103448275863,10,10.0,0.0,0.0,0,0,3,2.9,29,154.0,1.0
high_compressibility,5,static_min,none,0,5,10,1,feasible,0.4827586206896552,1.0,3.3793103448275863,8,9.0,1.0,0.1111111111111111,3,3,7,3.625,29,122.0,1.125
high_compressibility,5,capacity_aware_static,C,5,5,10,1,feasible,0.4827586206896552,1.0,3.3793103448275863,8,8.0,0.0,0.0,0,0,5,3.625,29,111.0,1.0
high_compressibility,5,smoothed,none,0,5,10,1,feasible,0.4827586206896552,1.0,3.3793103448275863,10,10.0,0.0,0.0,0,0,3,2.9,29,154.0,1.0
high_compressibility,5,static_min,none,0,5,11,1,feasible,0.4827586206896552,1.0,3.3793103448275863,8,9.0,1.0,0.1111111111111111,3,3,7,3.625,29,122.0,1.125
high_compressibility,5,capacity_aware_static,C,5,5,11,1,feasible,0.4827586206896552,1.0,3.3793103448275863,8,8.0,0.0,0.0,0,0,5,3.625,29,111.0,1.0
high_compressibility,5,smoothed,none,0,5,11,1,feasible,0.4827586206896552,1.0,3.3793103448275863,10,10.0,0.0,0.0,0,0,3,2.9,29,154.0,1.0
high_compressibility,5,static_min,none,0,5,12,1,feasible,0.4827586206896552,1.0,3.3793103448275863,8,9.0,1.0,0.1111111111111111,3,3,7,3.625,29,122.0,1.125
high_compressibility,5,capacity_aware_static,C,5,5,12,1,feasible,0.4827586206896552,1.0,3.3793103448275863,8,8.0,0.0,0.0,0,0,5,3.625,29,111.0,1.0
high_compressibility,5,smoothed,none,0,5,12,1,feasible,0.4827586206896552,1.0,3.3793103448275863,10,10.0,0.0,0.0,0,0,3,2.9,29,154.0,1.0
high_compressibility,5,static_min,none,0,5,13,1,feasible,0.4827586206896552,1.0,3.3793103448275863,8,9.0,1.0,0.1111111111111111,3,3,7,3.625,29,122.0,1.125
high_compressibility,5,capacity_aware_static,C,5,5,13,1,feasible,0.4827586206896552,1.0,3.3793103448275863,8,8.0,0.0,0.0,0,0,5,3.625,29,111.0,1.0
high_compressibility,5,smoothed,none,0,5,13,1,feasible,0.4827586206896552,1.0,3.3793103448275863,10,10.0,0.0,0.0,0,0,3,2.9,29,154.0,1.0
high_compressibility,5,static_min,none,0,5,14,1,feasible,0.4827586206896552,1.0,3.3793103448275863,8,9.0,1.0,0.1111111111111111,3,3,7,3.625,29,122.0,1.125
high_compressibility,5,capacity_aware_static,C,5,5,14,1,feasible,0.4827586206896552,1.0,3.3793103448275863,8,8.0,0.0,0.0,0,0,5,3.625,29,111.0,1.0
high_compressibility,5,smoothed,none,0,5,14,1,feasible,0.4827586206896552,1.0,3.3793103448275863,10,10.0,0.0,0.0,0,0,3,2.9,29,154.0,1.0
high_compressibility,5,static_min,none,0,5,15,1,feasible,0.4827586206896552,1.0,3.3793103448275863,8,9.0,1.0,0.1111111111111111,3,3,7,3.625,29,122.0,1.125
high_compressibility,5,capacity_aware_static,C,5,5,15,1,feasible,0.4827586206896552,1.0,3.3793103448275863,8,8.0,0.0,0.0,0,0,5,3.625,29,111.0,1.0
high_compressibility,5,smoothed,none,0,5,15,1,feasible,0.4827586206896552,1.0,3.3793103448275863,10,10.0,0.0,0.0,0,0,3,2.9,29,154.0,1.0
high_compressibility,5,static_min,none,0,6,0,0,peak_demand_exceeds_reachable_stock,0.4827586206896552,1.0,3.3793103448275863,8,inf,inf,1.0,1,1,7,3.625,29,inf,inf
high_compressibility,5,capacity_aware_static,C,6,6,0,1,feasible,0.4827586206896552,1.0,3.3793103448275863,8,8.0,0.0,0.0,0,0,6,3.625,29,111.0,1.0
high_compressibility,5,smoothed,none,0,6,0,1,feasible,0.4827586206896552,1.0,3.3793103448275863,10,10.0,0.0,0.0,0,0,3,2.9,29,154.0,1.0
high_compressibility,5,static_min,none,0,6,1,1,feasible,0.4827586206896552,1.0,3.3793103448275863,8,9.0,1.0,0.1111111111111111,1,1,7,3.625,29,122.0,1.125
high_compressibility,5,capacity_aware_static,C,6,6,1,1,feasible,0.4827586206896552,1.0,3.3793103448275863,8,8.0,0.0,0.0,0,0,6,3.625,29,111.0,1.0
high_compressibility,5,smoothed,none,0,6,1,1,feasible,0.4827586206896552,1.0,3.3793103448275863,10,10.0,0.0,0.0,0,0,3,2.9,29,154.0,1.0
high_compressibility,5,static_min,none,0,6,2,1,feasible,0.4827586206896552,1.0,3.3793103448275863,8,9.0,1.0,0.1111111111111111,1,1,7,3.625,29,122.0,1.125
high_compressibility,5,capacity_aware_static,C,6,6,2,1,feasible,0.4827586206896552,1.0,3.3793103448275863,8,8.0,0.0,0.0,0,0,6,3.625,29,111.0,1.0
high_compressibility,5,smoothed,none,0,6,2,1,feasible,0.4827586206896552,1.0,3.3793103448275863,10,10.0,0.0,0.0,0,0,3,2.9,29,154.0,1.0
high_compressibility,5,static_min,none,0,6,3,1,feasible,0.4827586206896552,1.0,3.3793103448275863,8,9.0,1.0,0.1111111111111111,1,1,7,3.625,29,122.0,1.125
high_compressibility,5,capacity_aware_static,C,6,6,3,1,feasible,0.4827586206896552,1.0,3.3793103448275863,8,8.0,0.0,0.0,0,0,6,3.625,29,111.0,1.0
high_compressibility,5,smoothed,none,0,6,3,1,feasible,0.4827586206896552,1.0,3.3793103448275863,10,10.0,0.0,0.0,0,0,3,2.9,29,154.0,1.0
high_compressibility,5,static_min,none,0,6,4,1,feasible,0.4827586206896552,1.0,3.3793103448275863,8,9.0,1.0,0.1111111111111111,1,1,7,3.625,29,122.0,1.125
high_compressibility,5,capacity_aware_static,C,6,6,4,1,feasible,0.4827586206896552,1.0,3.3793103448275863,8,8.0,0.0,0.0,0,0,6,3.625,29,111.0,1.0
high_compressibility,5,smoothed,none,0,6,4,1,feasible,0.4827586206896552,1.0,3.3793103448275863,10,10.0,0.0,0.0,0,0,3,2.9,29,154.0,1.0
high_compressibility,5,static_min,none,0,6,5,1,feasible,0.4827586206896552,1.0,3.3793103448275863,8,9.0,1.0,0.1111111111111111,1,1,7,3.625,29,122.0,1.125
high_compressibility,5,capacity_aware_static,C,6,6,5,1,feasible,0.4827586206896552,1.0,3.3793103448275863,8,8.0,0.0,0.0,0,0,6,3.625,29,111.0,1.0
high_compressibility,5,smoothed,none,0,6,5,1,feasible,0.4827586206896552,1.0,3.3793103448275863,10,10.0,0.0,0.0,0,0,3,2.9,29,154.0,1.0
high_compressibility,5,static_min,none,0,6,6,1,feasible,0.4827586206896552,1.0,3.3793103448275863,8,9.0,1.0,0.1111111111111111,1,1,7,3.625,29,122.0,1.125
high_compressibility,5,capacity_aware_static,C,6,6,6,1,feasible,0.4827586206896552,1.0,3.3793103448275863,8,8.0,0.0,0.0,0,0,6,3.625,29,111.0,1.0
high_compressibility,5,smoothed,none,0,6,6,1,feasible,0.4827586206896552,1.0,3.3793103448275863,10,10.0,0.0,0.0,0,0,3,2.9,29,154.0,1.0
high_compressibility,5,static_min,none,0,6,7,1,feasible,0.4827586206896552,1.0,3.3793103448275863,8,9.0,1.0,0.1111111111111111,1,1,7,3.625,29,122.0,1.125
high_compressibility,5,capacity_aware_static,C,6,6,7,1,feasible,0.4827586206896552,1.0,3.3793103448275863,8,8.0,0.0,0.0,0,0,6,3.625,29,111.0,1.0
high_compressibility,5,smoothed,none,0,6,7,1,feasible,0.4827586206896552,1.0,3.3793103448275863,10,10.0,0.0,0.0,0,0,3,2.9,29,154.0,1.0
high_compressibility,5,static_min,none,0,6,8,1,feasible,0.4827586206896552,1.0,3.3793103448275863,8,9.0,1.0,0.1111111111111111,1,1,7,3.625,29,122.0,1.125
high_compressibility,5,capacity_aware_static,C,6,6,8,1,feasible,0.4827586206896552,1.0,3.3793103448275863,8,8.0,0.0,0.0,0,0,6,3.625,29,111.0,1.0
high_compressibility,5,smoothed,none,0,6,8,1,feasible,0.4827586206896552,1.0,3.3793103448275863,10,10.0,0.0,0.0,0,0,3,2.9,29,154.0,1.0
high_compressibility,5,static_min,none,0,6,9,1,feasible,0.4827586206896552,1.0,3.3793103448275863,8,9.0,1.0,0.1111111111111111,1,1,7,3.625,29,122.0,1.125
high_compressibility,5,capacity_aware_static,C,6,6,9,1,feasible,0.4827586206896552,1.0,3.3793103448275863,8,8.0,0.0,0.0,0,0,6,3.625,29,111.0,1.0
high_compressibility,5,smoothed,none,0,6,9,1,feasible,0.4827586206896552,1.0,3.3793103448275863,10,10.0,0.0,0.0,0,0,3,2.9,29,154.0,1.0
high_compressibility,5,static_min,none,0,6,10,1,feasible,0.4827586206896552,1.0,3.3793103448275863,8,9.0,1.0,0.1111111111111111,1,1,7,3.625,29,122.0,1.125
high_compressibility,5,capacity_aware_static,C,6,6,10,1,feasible,0.4827586206896552,1.0,3.3793103448275863,8,8.0,0.0,0.0,0,0,6,3.625,29,111.0,1.0
high_compressibility,5,smoothed,none,0,6,10,1,feasible,0.4827586206896552,1.0,3.3793103448275863,10,10.0,0.0,0.0,0,0,3,2.9,29,154.0,1.0
high_compressibility,5,static_min,none,0,6,11,1,feasible,0.4827586206896552,1.0,3.3793103448275863,8,9.0,1.0,0.1111111111111111,1,1,7,3.625,29,122.0,1.125
high_compressibility,5,capacity_aware_static,C,6,6,11,1,feasible,0.4827586206896552,1.0,3.3793103448275863,8,8.0,0.0,0.0,0,0,6,3.625,29,111.0,1.0
high_compressibility,5,smoothed,none,0,6,11,1,feasible,0.4827586206896552,1.0,3.3793103448275863,10,10.0,0.0,0.0,0,0,3,2.9,29,154.0,1.0
high_compressibility,5,static_min,none,0,6,12,1,feasible,0.4827586206896552,1.0,3.3793103448275863,8,9.0,1.0,0.1111111111111111,1,1,7,3.625,29,122.0,1.125
high_compressibility,5,capacity_aware_static,C,6,6,12,1,feasible,0.4827586206896552,1.0,3.3793103448275863,8,8.0,0.0,0.0,0,0,6,3.625,29,111.0,1.0
high_compressibility,5,smoothed,none,0,6,12,1,feasible,0.4827586206896552,1.0,3.3793103448275863,10,10.0,0.0,0.0,0,0,3,2.9,29,154.0,1.0
high_compressibility,5,static_min,none,0,6,13,1,feasible,0.4827586206896552,1.0,3.3793103448275863,8,9.0,1.0,0.1111111111111111,1,1,7,3.625,29,122.0,1.125
high_compressibility,5,capacity_aware_static,C,6,6,13,1,feasible,0.4827586206896552,1.0,3.3793103448275863,8,8.0,0.0,0.0,0,0,6,3.625,29,111.0,1.0
high_compressibility,5,smoothed,none,0,6,13,1,feasible,0.4827586206896552,1.0,3.3793103448275863,10,10.0,0.0,0.0,0,0,3,2.9,29,154.0,1.0
high_compressibility,5,static_min,none,0,6,14,1,feasible,0.4827586206896552,1.0,3.3793103448275863,8,9.0,1.0,0.1111111111111111,1,1,7,3.625,29,122.0,1.125
high_compressibility,5,capacity_aware_static,C,6,6,14,1,feasible,0.4827586206896552,1.0,3.3793103448275863,8,8.0,0.0,0.0,0,0,6,3.625,29,111.0,1.0
high_compressibility,5,smoothed,none,0,6,14,1,feasible,0.4827586206896552,1.0,3.3793103448275863,10,10.0,0.0,0.0,0,0,3,2.9,29,154.0,1.0
high_compressibility,5,static_min,none,0,6,15,1,feasible,0.4827586206896552,1.0,3.3793103448275863,8,9.0,1.0,0.1111111111111111,1,1,7,3.625,29,122.0,1.125
high_compressibility,5,capacity_aware_static,C,6,6,15,1,feasible,0.4827586206896552,1.0,3.3793103448275863,8,8.0,0.0,0.0,0,0,6,3.625,29,111.0,1.0
high_compressibility,5,smoothed,none,0,6,15,1,feasible,0.4827586206896552,1.0,3.3793103448275863,10,10.0,0.0,0.0,0,0,3,2.9,29,154.0,1.0
high_compressibility,5,static_min,none,0,7,0,1,feasible,0.4827586206896552,1.0,3.3793103448275863,8,8.0,0.0,0.0,0,0,7,3.625,29,114.0,1.0
high_compressibility,5,capacity_aware_static,C,7,7,0,1,feasible,0.4827586206896552,1.0,3.3793103448275863,8,8.0,0.0,0.0,0,0,7,3.625,29,114.0,1.0
high_compressibility,5,smoothed,none,0,7,0,1,feasible,0.4827586206896552,1.0,3.3793103448275863,10,10.0,0.0,0.0,0,0,3,2.9,29,154.0,1.0
high_compressibility,5,static_min,none,0,7,1,1,feasible,0.4827586206896552,1.0,3.3793103448275863,8,8.0,0.0,0.0,0,0,7,3.625,29,114.0,1.0
high_compressibility,5,capacity_aware_static,C,7,7,1,1,feasible,0.4827586206896552,1.0,3.3793103448275863,8,8.0,0.0,0.0,0,0,7,3.625,29,114.0,1.0
high_compressibility,5,smoothed,none,0,7,1,1,feasible,0.4827586206896552,1.0,3.3793103448275863,10,10.0,0.0,0.0,0,0,3,2.9,29,154.0,1.0
high_compressibility,5,static_min,none,0,7,2,1,feasible,0.4827586206896552,1.0,3.3793103448275863,8,8.0,0.0,0.0,0,0,7,3.625,29,114.0,1.0
high_compressibility,5,capacity_aware_static,C,7,7,2,1,feasible,0.4827586206896552,1.0,3.3793103448275863,8,8.0,0.0,0.0,0,0,7,3.625,29,114.0,1.0
high_compressibility,5,smoothed,none,0,7,2,1,feasible,0.4827586206896552,1.0,3.3793103448275863,10,10.0,0.0,0.0,0,0,3,2.9,29,154.0,1.0
high_compressibility,5,static_min,none,0,7,3,1,feasible,0.4827586206896552,1.0,3.3793103448275863,8,8.0,0.0,0.0,0,0,7,3.625,29,114.0,1.0
high_compressibility,5,capacity_aware_static,C,7,7,3,1,feasible,0.4827586206896552,1.0,3.3793103448275863,8,8.0,0.0,0.0,0,0,7,3.625,29,114.0,1.0
high_compressibility,5,smoothed,none,0,7,3,1,feasible,0.4827586206896552,1.0,3.3793103448275863,10,10.0,0.0,0.0,0,0,3,2.9,29,154.0,1.0
high_compressibility,5,static_min,none,0,7,4,1,feasible,0.4827586206896552,1.0,3.3793103448275863,8,8.0,0.0,0.0,0,0,7,3.625,29,114.0,1.0
high_compressibility,5,capacity_aware_static,C,7,7,4,1,feasible,0.4827586206896552,1.0,3.3793103448275863,8,8.0,0.0,0.0,0,0,7,3.625,29,114.0,1.0
high_compressibility,5,smoothed,none,0,7,4,1,feasible,0.4827586206896552,1.0,3.3793103448275863,10,10.0,0.0,0.0,0,0,3,2.9,29,154.0,1.0
high_compressibility,5,static_min,none,0,7,5,1,feasible,0.4827586206896552,1.0,3.3793103448275863,8,8.0,0.0,0.0,0,0,7,3.625,29,114.0,1.0
high_compressibility,5,capacity_aware_static,C,7,7,5,1,feasible,0.4827586206896552,1.0,3.3793103448275863,8,8.0,0.0,0.0,0,0,7,3.625,29,114.0,1.0
high_compressibility,5,smoothed,none,0,7,5,1,feasible,0.4827586206896552,1.0,3.3793103448275863,10,10.0,0.0,0.0,0,0,3,2.9,29,154.0,1.0
high_compressibility,5,static_min,none,0,7,6,1,feasible,0.4827586206896552,1.0,3.3793103448275863,8,8.0,0.0,0.0,0,0,7,3.625,29,114.0,1.0
high_compressibility,5,capacity_aware_static,C,7,7,6,1,feasible,0.4827586206896552,1.0,3.3793103448275863,8,8.0,0.0,0.0,0,0,7,3.625,29,114.0,1.0
high_compressibility,5,smoothed,none,0,7,6,1,feasible,0.4827586206896552,1.0,3.3793103448275863,10,10.0,0.0,0.0,0,0,3,2.9,29,154.0,1.0
high_compressibility,5,static_min,none,0,7,7,1,feasible,0.4827586206896552,1.0,3.3793103448275863,8,8.0,0.0,0.0,0,0,7,3.625,29,114.0,1.0
high_compressibility,5,capacity_aware_static,C,7,7,7,1,feasible,0.4827586206896552,1.0,3.3793103448275863,8,8.0,0.0,0.0,0,0,7,3.625,29,114.0,1.0
high_compressibility,5,smoothed,none,0,7,7,1,feasible,0.4827586206896552,1.0,3.3793103448275863,10,10.0,0.0,0.0,0,0,3,2.9,29,154.0,1.0
high_compressibility,5,static_min,none,0,7,8,1,feasible,0.4827586206896552,1.0,3.3793103448275863,8,8.0,0.0,0.0,0,0,7,3.625,29,114.0,1.0
high_compressibility,5,capacity_aware_static,C,7,7,8,1,feasible,0.4827586206896552,1.0,3.3793103448275863,8,8.0,0.0,0.0,0,0,7,3.625,29,114.0,1.0
high_compressibility,5,smoothed,none,0,7,8,1,feasible,0.4827586206896552,1.0,3.3793103448275863,10,10.0,0.0,0.0,0,0,3,2.9,29,154.0,1.0
high_compressibility,5,static_min,none,0,7,9,1,feasible,0.4827586206896552,1.0,3.3793103448275863,8,8.0,0.0,0.0,0,0,7,3.625,29,114.0,1.0
high_compressibility,5,capacity_aware_static,C,7,7,9,1,feasible,0.4827586206896552,1.0,3.3793103448275863,8,8.0,0.0,0.0,0,0,7,3.625,29,114.0,1.0
high_compressibility,5,smoothed,none,0,7,9,1,feasible,0.4827586206896552,1.0,3.3793103448275863,10,10.0,0.0,0.0,0,0,3,2.9,29,154.0,1.0
high_compressibility,5,static_min,none,0,7,10,1,feasible,0.4827586206896552,1.0,3.3793103448275863,8,8.0,0.0,0.0,0,0,7,3.625,29,114.0,1.0
high_compressibility,5,capacity_aware_static,C,7,7,10,1,feasible,0.4827586206896552,1.0,3.3793103448275863,8,8.0,0.0,0.0,0,0,7,3.625,29,114.0,1.0
high_compressibility,5,smoothed,none,0,7,10,1,feasible,0.4827586206896552,1.0,3.3793103448275863,10,10.0,0.0,0.0,0,0,3,2.9,29,154.0,1.0
high_compressibility,5,static_min,none,0,7,11,1,feasible,0.4827586206896552,1.0,3.3793103448275863,8,8.0,0.0,0.0,0,0,7,3.625,29,114.0,1.0
high_compressibility,5,capacity_aware_static,C,7,7,11,1,feasible,0.4827586206896552,1.0,3.3793103448275863,8,8.0,0.0,0.0,0,0,7,3.625,29,114.0,1.0
high_compressibility,5,smoothed,none,0,7,11,1,feasible,0.4827586206896552,1.0,3.3793103448275863,10,10.0,0.0,0.0,0,0,3,2.9,29,154.0,1.0
high_compressibility,5,static_min,none,0,7,12,1,feasible,0.4827586206896552,1.0,3.3793103448275863,8,8.0,0.0,0.0,0,0,7,3.625,29,114.0,1.0
high_compressibility,5,capacity_aware_static,C,7,7,12,1,feasible,0.4827586206896552,1.0,3.3793103448275863,8,8.0,0.0,0.0,0,0,7,3.625,29,114.0,1.0
high_compressibility,5,smoothed,none,0,7,12,1,feasible,0.4827586206896552,1.0,3.3793103448275863,10,10.0,0.0,0.0,0,0,3,2.9,29,154.0,1.0
high_compressibility,5,static_min,none,0,7,13,1,feasible,0.4827586206896552,1.0,3.3793103448275863,8,8.0,0.0,0.0,0,0,7,3.625,29,114.0,1.0
high_compressibility,5,capacity_aware_static,C,7,7,13,1,feasible,0.4827586206896552,1.0,3.3793103448275863,8,8.0,0.0,0.0,0,0,7,3.625,29,114.0,1.0
high_compressibility,5,smoothed,none,0,7,13,1,feasible,0.4827586206896552,1.0,3.3793103448275863,10,10.0,0.0,0.0,0,0,3,2.9,29,154.0,1.0
high_compressibility,5,static_min,none,0,7,14,1,feasible,0.4827586206896552,1.0,3.3793103448275863,8,8.0,0.0,0.0,0,0,7,3.625,29,114.0,1.0
high_compressibility,5,capacity_aware_static,C,7,7,14,1,feasible,0.4827586206896552,1.0,3.3793103448275863,8,8.0,0.0,0.0,0,0,7,3.625,29,114.0,1.0
high_compressibility,5,smoothed,none,0,7,14,1,feasible,0.4827586206896552,1.0,3.3793103448275863,10,10.0,0.0,0.0,0,0,3,2.9,29,154.0,1.0
high_compressibility,5,static_min,none,0,7,15,1,feasible,0.4827586206896552,1.0,3.3793103448275863,8,8.0,0.0,0.0,0,0,7,3.625,29,114.0,1.0
high_compressibility,5,capacity_aware_static,C,7,7,15,1,feasible,0.4827586206896552,1.0,3.3793103448275863,8,8.0,0.0,0.0,0,0,7,3.625,29,114.0,1.0
high_compressibility,5,smoothed,none,0,7,15,1,feasible,0.4827586206896552,1.0,3.3793103448275863,10,10.0,0.0,0.0,0,0,3,2.9,29,154.0,1.0
high_compressibility,7,static_min,none,0,1,0,0,peak_demand_exceeds_reachable_stock,0.4778325123152709,1.0,3.3448275862068964,8,inf,inf,1.0,23,23,6,3.625,29,inf,inf
high_compressibility,7,capacity_aware_static,C,1,1,0,1,feasible,0.4778325123152709,1.0,3.3448275862068964,29,29.0,0.0,0.0,0,0,1,1.0,29,335.0,1.0
high_compressibility,7,smoothed,none,0,1,0,0,peak_demand_exceeds_reachable_stock,0.4778325123152709,1.0,3.3448275862068964,10,inf,inf,1.0,19,19,3,2.9,29,inf,inf
high_compressibility,7,static_min,none,0,1,1,0,peak_demand_exceeds_reachable_stock,0.4778325123152709,1.0,3.3448275862068964,8,inf,inf,1.0,23,23,6,3.625,29,inf,inf
high_compressibility,7,capacity_aware_static,C,1,1,1,1,feasible,0.4778325123152709,1.0,3.3448275862068964,29,29.0,0.0,0.0,0,0,1,1.0,29,335.0,1.0
high_compressibility,7,smoothed,none,0,1,1,0,peak_demand_exceeds_reachable_stock,0.4778325123152709,1.0,3.3448275862068964,10,inf,inf,1.0,19,19,3,2.9,29,inf,inf
high_compressibility,7,static_min,none,0,1,2,0,peak_demand_exceeds_reachable_stock,0.4778325123152709,1.0,3.3448275862068964,8,inf,inf,1.0,23,23,6,3.625,29,inf,inf
high_compressibility,7,capacity_aware_static,C,1,1,2,1,feasible,0.4778325123152709,1.0,3.3448275862068964,29,29.0,0.0,0.0,0,0,1,1.0,29,335.0,1.0
high_compressibility,7,smoothed,none,0,1,2,1,feasible,0.4778325123152709,1.0,3.3448275862068964,10,29.0,19.0,0.6551724137931034,19,19,3,2.9,29,476.0,2.9
high_compressibility,7,static_min,none,0,1,3,0,peak_demand_exceeds_reachable_stock,0.4778325123152709,1.0,3.3448275862068964,8,inf,inf,1.0,23,23,6,3.625,29,inf,inf
high_compressibility,7,capacity_aware_static,C,1,1,3,1,feasible,0.4778325123152709,1.0,3.3448275862068964,29,29.0,0.0,0.0,0,0,1,1.0,29,335.0,1.0
high_compressibility,7,smoothed,none,0,1,3,1,feasible,0.4778325123152709,1.0,3.3448275862068964,10,29.0,19.0,0.6551724137931034,19,19,3,2.9,29,476.0,2.9
high_compressibility,7,static_min,none,0,1,4,0,peak_demand_exceeds_reachable_stock,0.4778325123152709,1.0,3.3448275862068964,8,inf,inf,1.0,23,23,6,3.625,29,inf,inf
high_compressibility,7,capacity_aware_static,C,1,1,4,1,feasible,0.4778325123152709,1.0,3.3448275862068964,29,29.0,0.0,0.0,0,0,1,1.0,29,335.0,1.0
high_compressibility,7,smoothed,none,0,1,4,1,feasible,0.4778325123152709,1.0,3.3448275862068964,10,29.0,19.0,0.6551724137931034,19,19,3,2.9,29,476.0,2.9
high_compressibility,7,static_min,none,0,1,5,1,feasible,0.4778325123152709,1.0,3.3448275862068964,8,31.0,23.0,0.7419354838709677,23,23,6,3.625,29,428.0,3.875
high_compressibility,7,capacity_aware_static,C,1,1,5,1,feasible,0.4778325123152709,1.0,3.3448275862068964,29,29.0,0.0,0.0,0,0,1,1.0,29,335.0,1.0
high_compressibility,7,smoothed,none,0,1,5,1,feasible,0.4778325123152709,1.0,3.3448275862068964,10,29.0,19.0,0.6551724137931034,19,19,3,2.9,29,476.0,2.9
high_compressibility,7,static_min,none,0,1,6,1,feasible,0.4778325123152709,1.0,3.3448275862068964,8,31.0,23.0,0.7419354838709677,23,23,6,3.625,29,428.0,3.875
high_compressibility,7,capacity_aware_static,C,1,1,6,1,feasible,0.4778325123152709,1.0,3.3448275862068964,29,29.0,0.0,0.0,0,0,1,1.0,29,335.0,1.0
high_compressibility,7,smoothed,none,0,1,6,1,feasible,0.4778325123152709,1.0,3.3448275862068964,10,29.0,19.0,0.6551724137931034,19,19,3,2.9,29,476.0,2.9
high_compressibility,7,static_min,none,0,1,7,1,feasible,0.4778325123152709,1.0,3.3448275862068964,8,31.0,23.0,0.7419354838709677,23,23,6,3.625,29,428.0,3.875
high_compressibility,7,capacity_aware_static,C,1,1,7,1,feasible,0.4778325123152709,1.0,3.3448275862068964,29,29.0,0.0,0.0,0,0,1,1.0,29,335.0,1.0
high_compressibility,7,smoothed,none,0,1,7,1,feasible,0.4778325123152709,1.0,3.3448275862068964,10,29.0,19.0,0.6551724137931034,19,19,3,2.9,29,476.0,2.9
high_compressibility,7,static_min,none,0,1,8,1,feasible,0.4778325123152709,1.0,3.3448275862068964,8,31.0,23.0,0.7419354838709677,23,23,6,3.625,29,428.0,3.875
high_compressibility,7,capacity_aware_static,C,1,1,8,1,feasible,0.4778325123152709,1.0,3.3448275862068964,29,29.0,0.0,0.0,0,0,1,1.0,29,335.0,1.0
high_compressibility,7,smoothed,none,0,1,8,1,feasible,0.4778325123152709,1.0,3.3448275862068964,10,29.0,19.0,0.6551724137931034,19,19,3,2.9,29,476.0,2.9
high_compressibility,7,static_min,none,0,1,9,1,feasible,0.4778325123152709,1.0,3.3448275862068964,8,31.0,23.0,0.7419354838709677,23,23,6,3.625,29,428.0,3.875
high_compressibility,7,capacity_aware_static,C,1,1,9,1,feasible,0.4778325123152709,1.0,3.3448275862068964,29,29.0,0.0,0.0,0,0,1,1.0,29,335.0,1.0
high_compressibility,7,smoothed,none,0,1,9,1,feasible,0.4778325123152709,1.0,3.3448275862068964,10,29.0,19.0,0.6551724137931034,19,19,3,2.9,29,476.0,2.9
high_compressibility,7,static_min,none,0,1,10,1,feasible,0.4778325123152709,1.0,3.3448275862068964,8,31.0,23.0,0.7419354838709677,23,23,6,3.625,29,428.0,3.875
high_compressibility,7,capacity_aware_static,C,1,1,10,1,feasible,0.4778325123152709,1.0,3.3448275862068964,29,29.0,0.0,0.0,0,0,1,1.0,29,335.0,1.0
high_compressibility,7,smoothed,none,0,1,10,1,feasible,0.4778325123152709,1.0,3.3448275862068964,10,29.0,19.0,0.6551724137931034,19,19,3,2.9,29,476.0,2.9
high_compressibility,7,static_min,none,0,1,11,1,feasible,0.4778325123152709,1.0,3.3448275862068964,8,31.0,23.0,0.7419354838709677,23,23,6,3.625,29,428.0,3.875
high_compressibility,7,capacity_aware_static,C,1,1,11,1,feasible,0.4778325123152709,1.0,3.3448275862068964,29,29.0,0.0,0.0,0,0,1,1.0,29,335.0,1.0
high_compressibility,7,smoothed,none,0,1,11,1,feasible,0.4778325123152709,1.0,3.3448275862068964,10,29.0,19.0,0.6551724137931034,19,19,3,2.9,29,476.0,2.9
high_compressibility,7,static_min,none,0,1,12,1,feasible,0.4778325123152709,1.0,3.3448275862068964,8,31.0,23.0,0.7419354838709677,23,23,6,3.625,29,428.0,3.875
high_compressibility,7,capacity_aware_static,C,1,1,12,1,feasible,0.4778325123152709,1.0,3.3448275862068964,29,29.0,0.0,0.0,0,0,1,1.0,29,335.0,1.0
high_compressibility,7,smoothed,none,0,1,12,1,feasible,0.4778325123152709,1.0,3.3448275862068964,10,29.0,19.0,0.6551724137931034,19,19,3,2.9,29,476.0,2.9
high_compressibility,7,static_min,none,0,1,13,1,feasible,0.4778325123152709,1.0,3.3448275862068964,8,31.0,23.0,0.7419354838709677,23,23,6,3.625,29,428.0,3.875
high_compressibility,7,capacity_aware_static,C,1,1,13,1,feasible,0.4778325123152709,1.0,3.3448275862068964,29,29.0,0.0,0.0,0,0,1,1.0,29,335.0,1.0
high_compressibility,7,smoothed,none,0,1,13,1,feasible,0.4778325123152709,1.0,3.3448275862068964,10,29.0,19.0,0.6551724137931034,19,19,3,2.9,29,476.0,2.9
high_compressibility,7,static_min,none,0,1,14,1,feasible,0.4778325123152709,1.0,3.3448275862068964,8,31.0,23.0,0.7419354838709677,23,23,6,3.625,29,428.0,3.875
high_compressibility,7,capacity_aware_static,C,1,1,14,1,feasible,0.4778325123152709,1.0,3.3448275862068964,29,29.0,0.0,0.0,0,0,1,1.0,29,335.0,1.0
high_compressibility,7,smoothed,none,0,1,14,1,feasible,0.4778325123152709,1.0,3.3448275862068964,10,29.0,19.0,0.6551724137931034,19,19,3,2.9,29,476.0,2.9
high_compressibility,7,static_min,none,0,1,15,1,feasible,0.4778325123152709,1.0,3.3448275862068964,8,31.0,23.0,0.7419354838709677,23,23,6,3.625,29,428.0,3.875
high_compressibility,7,capacity_aware_static,C,1,1,15,1,feasible,0.4778325123152709,1.0,3.3448275862068964,29,29.0,0.0,0.0,0,0,1,1.0,29,335.0,1.0
high_compressibility,7,smoothed,none,0,1,15,1,feasible,0.4778325123152709,1.0,3.3448275862068964,10,29.0,19.0,0.6551724137931034,19,19,3,2.9,29,476.0,2.9
high_compressibility,7,static_min,none,0,2,0,0,peak_demand_exceeds_reachable_stock,0.4778325123152709,1.0,3.3448275862068964,8,inf,inf,1.0,17,17,6,3.625,29,inf,inf
high_compressibility,7,capacity_aware_static,C,2,2,0,1,feasible,0.4778325123152709,1.0,3.3448275862068964,15,15.0,0.0,0.0,0,0,2,1.9333333333333333,29,195.0,1.0
high_compressibility,7,smoothed,none,0,2,0,0,peak_demand_exceeds_reachable_stock,0.4778325123152709,1.0,3.3448275862068964,10,inf,inf,1.0,9,9,3,2.9,29,inf,inf
high_compressibility,7,static_min,none,0,2,1,0,peak_demand_exceeds_reachable_stock,0.4778325123152709,1.0,3.3448275862068964,8,inf,inf,1.0,17,17,6,3.625,29,inf,inf
high_compressibility,7,capacity_aware_static,C,2,2,1,1,feasible,0.4778325123152709,1.0,3.3448275862068964,15,15.0,0.0,0.0,0,0,2,1.9333333333333333,29,195.0,1.0
high_compressibility,7,smoothed,none,0,2,1,1,feasible,0.4778325123152709,1.0,3.3448275862068964,10,19.0,9.0,0.47368421052631576,9,9,3,2.9,29,316.0,1.9
high_compressibility,7,static_min,none,0,2,2,0,peak_demand_exceeds_reachable_stock,0.4778325123152709,1.0,3.3448275862068964,8,inf,inf,1.0,17,17,6,3.625,29,inf,inf
high_compressibility,7,capacity_aware_static,C,2,2,2,1,feasible,0.4778325123152709,1.0,3.3448275862068964,15,15.0,0.0,0.0,0,0,2,1.9333333333333333,29,195.0,1.0
high_compressibility,7,smoothed,none,0,2,2,1,feasible,0.4778325123152709,1.0,3.3448275862068964,10,15.0,5.0,0.3333333333333333,9,9,3,2.9,29,239.0,1.5
high_compressibility,7,static_min,none,0,2,3,0,peak_demand_exceeds_reachable_stock,0.4778325123152709,1.0,3.3448275862068964,8,inf,inf,1.0,17,17,6,3.625,29,inf,inf
high_compressibility,7,capacity_aware_static,C,2,2,3,1,feasible,0.4778325123152709,1.0,3.3448275862068964,15,15.0,0.0,0.0,0,0,2,1.9333333333333333,29,195.0,1.0
high_compressibility,7,smoothed,none,0,2,3,1,feasible,0.4778325123152709,1.0,3.3448275862068964,10,15.0,5.0,0.3333333333333333,9,9,3,2.9,29,239.0,1.5
high_compressibility,7,static_min,none,0,2,4,1,feasible,0.4778325123152709,1.0,3.3448275862068964,8,17.0,9.0,0.5294117647058824,17,17,6,3.625,29,238.0,2.125
high_compressibility,7,capacity_aware_static,C,2,2,4,1,feasible,0.4778325123152709,1.0,3.3448275862068964,15,15.0,0.0,0.0,0,0,2,1.9333333333333333,29,195.0,1.0
high_compressibility,7,smoothed,none,0,2,4,1,feasible,0.4778325123152709,1.0,3.3448275862068964,10,15.0,5.0,0.3333333333333333,9,9,3,2.9,29,239.0,1.5
high_compressibility,7,static_min,none,0,2,5,1,feasible,0.4778325123152709,1.0,3.3448275862068964,8,17.0,9.0,0.5294117647058824,17,17,6,3.625,29,238.0,2.125
high_compressibility,7,capacity_aware_static,C,2,2,5,1,feasible,0.4778325123152709,1.0,3.3448275862068964,15,15.0,0.0,0.0,0,0,2,1.9333333333333333,29,195.0,1.0
high_compressibility,7,smoothed,none,0,2,5,1,feasible,0.4778325123152709,1.0,3.3448275862068964,10,15.0,5.0,0.3333333333333333,9,9,3,2.9,29,239.0,1.5
high_compressibility,7,static_min,none,0,2,6,1,feasible,0.4778325123152709,1.0,3.3448275862068964,8,17.0,9.0,0.5294117647058824,17,17,6,3.625,29,238.0,2.125
high_compressibility,7,capacity_aware_static,C,2,2,6,1,feasible,0.4778325123152709,1.0,3.3448275862068964,15,15.0,0.0,0.0,0,0,2,1.9333333333333333,29,195.0,1.0
high_compressibility,7,smoothed,none,0,2,6,1,feasible,0.4778325123152709,1.0,3.3448275862068964,10,15.0,5.0,0.3333333333333333,9,9,3,2.9,29,239.0,1.5
high_compressibility,7,static_min,none,0,2,7,1,feasible,0.4778325123152709,1.0,3.3448275862068964,8,17.0,9.0,0.5294117647058824,17,17,6,3.625,29,238.0,2.125
high_compressibility,7,capacity_aware_static,C,2,2,7,1,feasible,0.4778325123152709,1.0,3.3448275862068964,15,15.0,0.0,0.0,0,0,2,1.9333333333333333,29,195.0,1.0
high_compressibility,7,smoothed,none,0,2,7,1,feasible,0.4778325123152709,1.0,3.3448275862068964,10,15.0,5.0,0.3333333333333333,9,9,3,2.9,29,239.0,1.5
high_compressibility,7,static_min,none,0,2,8,1,feasible,0.4778325123152709,1.0,3.3448275862068964,8,17.0,9.0,0.5294117647058824,17,17,6,3.625,29,238.0,2.125
high_compressibility,7,capacity_aware_static,C,2,2,8,1,feasible,0.4778325123152709,1.0,3.3448275862068964,15,15.0,0.0,0.0,0,0,2,1.9333333333333333,29,195.0,1.0
high_compressibility,7,smoothed,none,0,2,8,1,feasible,0.4778325123152709,1.0,3.3448275862068964,10,15.0,5.0,0.3333333333333333,9,9,3,2.9,29,239.0,1.5
high_compressibility,7,static_min,none,0,2,9,1,feasible,0.4778325123152709,1.0,3.3448275862068964,8,17.0,9.0,0.5294117647058824,17,17,6,3.625,29,238.0,2.125
high_compressibility,7,capacity_aware_static,C,2,2,9,1,feasible,0.4778325123152709,1.0,3.3448275862068964,15,15.0,0.0,0.0,0,0,2,1.9333333333333333,29,195.0,1.0
high_compressibility,7,smoothed,none,0,2,9,1,feasible,0.4778325123152709,1.0,3.3448275862068964,10,15.0,5.0,0.3333333333333333,9,9,3,2.9,29,239.0,1.5
high_compressibility,7,static_min,none,0,2,10,1,feasible,0.4778325123152709,1.0,3.3448275862068964,8,17.0,9.0,0.5294117647058824,17,17,6,3.625,29,238.0,2.125
high_compressibility,7,capacity_aware_static,C,2,2,10,1,feasible,0.4778325123152709,1.0,3.3448275862068964,15,15.0,0.0,0.0,0,0,2,1.9333333333333333,29,195.0,1.0
high_compressibility,7,smoothed,none,0,2,10,1,feasible,0.4778325123152709,1.0,3.3448275862068964,10,15.0,5.0,0.3333333333333333,9,9,3,2.9,29,239.0,1.5
high_compressibility,7,static_min,none,0,2,11,1,feasible,0.4778325123152709,1.0,3.3448275862068964,8,17.0,9.0,0.5294117647058824,17,17,6,3.625,29,238.0,2.125
high_compressibility,7,capacity_aware_static,C,2,2,11,1,feasible,0.4778325123152709,1.0,3.3448275862068964,15,15.0,0.0,0.0,0,0,2,1.9333333333333333,29,195.0,1.0
high_compressibility,7,smoothed,none,0,2,11,1,feasible,0.4778325123152709,1.0,3.3448275862068964,10,15.0,5.0,0.3333333333333333,9,9,3,2.9,29,239.0,1.5
high_compressibility,7,static_min,none,0,2,12,1,feasible,0.4778325123152709,1.0,3.3448275862068964,8,17.0,9.0,0.5294117647058824,17,17,6,3.625,29,238.0,2.125
high_compressibility,7,capacity_aware_static,C,2,2,12,1,feasible,0.4778325123152709,1.0,3.3448275862068964,15,15.0,0.0,0.0,0,0,2,1.9333333333333333,29,195.0,1.0
high_compressibility,7,smoothed,none,0,2,12,1,feasible,0.4778325123152709,1.0,3.3448275862068964,10,15.0,5.0,0.3333333333333333,9,9,3,2.9,29,239.0,1.5
high_compressibility,7,static_min,none,0,2,13,1,feasible,0.4778325123152709,1.0,3.3448275862068964,8,17.0,9.0,0.5294117647058824,17,17,6,3.625,29,238.0,2.125
high_compressibility,7,capacity_aware_static,C,2,2,13,1,feasible,0.4778325123152709,1.0,3.3448275862068964,15,15.0,0.0,0.0,0,0,2,1.9333333333333333,29,195.0,1.0
high_compressibility,7,smoothed,none,0,2,13,1,feasible,0.4778325123152709,1.0,3.3448275862068964,10,15.0,5.0,0.3333333333333333,9,9,3,2.9,29,239.0,1.5
high_compressibility,7,static_min,none,0,2,14,1,feasible,0.4778325123152709,1.0,3.3448275862068964,8,17.0,9.0,0.5294117647058824,17,17,6,3.625,29,238.0,2.125
high_compressibility,7,capacity_aware_static,C,2,2,14,1,feasible,0.4778325123152709,1.0,3.3448275862068964,15,15.0,0.0,0.0,0,0,2,1.9333333333333333,29,195.0,1.0
high_compressibility,7,smoothed,none,0,2,14,1,feasible,0.4778325123152709,1.0,3.3448275862068964,10,15.0,5.0,0.3333333333333333,9,9,3,2.9,29,239.0,1.5
high_compressibility,7,static_min,none,0,2,15,1,feasible,0.4778325123152709,1.0,3.3448275862068964,8,17.0,9.0,0.5294117647058824,17,17,6,3.625,29,238.0,2.125
high_compressibility,7,capacity_aware_static,C,2,2,15,1,feasible,0.4778325123152709,1.0,3.3448275862068964,15,15.0,0.0,0.0,0,0,2,1.9333333333333333,29,195.0,1.0
high_compressibility,7,smoothed,none,0,2,15,1,feasible,0.4778325123152709,1.0,3.3448275862068964,10,15.0,5.0,0.3333333333333333,9,9,3,2.9,29,239.0,1.5
high_compressibility,7,static_min,none,0,3,0,0,peak_demand_exceeds_reachable_stock,0.4778325123152709,1.0,3.3448275862068964,8,inf,inf,1.0,11,11,6,3.625,29,inf,inf
high_compressibility,7,capacity_aware_static,C,3,3,0,1,feasible,0.4778325123152709,1.0,3.3448275862068964,11,11.0,0.0,0.0,0,0,3,2.6363636363636362,29,148.0,1.0
high_compressibility,7,smoothed,none,0,3,0,1,feasible,0.4778325123152709,1.0,3.3448275862068964,10,10.0,0.0,0.0,0,0,3,2.9,29,160.0,1.0
high_compressibility,7,static_min,none,0,3,1,0,peak_demand_exceeds_reachable_stock,0.4778325123152709,1.0,3.3448275862068964,8,inf,inf,1.0,11,11,6,3.625,29,inf,inf
high_compressibility,7,capacity_aware_static,C,3,3,1,1,feasible,0.4778325123152709,1.0,3.3448275862068964,11,11.0,0.0,0.0,0,0,3,2.6363636363636362,29,148.0,1.0
high_compressibility,7,smoothed,none,0,3,1,1,feasible,0.4778325123152709,1.0,3.3448275862068964,10,10.0,0.0,0.0,0,0,3,2.9,29,160.0,1.0
high_compressibility,7,static_min,none,0,3,2,0,peak_demand_exceeds_reachable_stock,0.4778325123152709,1.0,3.3448275862068964,8,inf,inf,1.0,11,11,6,3.625,29,inf,inf
high_compressibility,7,capacity_aware_static,C,3,3,2,1,feasible,0.4778325123152709,1.0,3.3448275862068964,11,11.0,0.0,0.0,0,0,3,2.6363636363636362,29,148.0,1.0
high_compressibility,7,smoothed,none,0,3,2,1,feasible,0.4778325123152709,1.0,3.3448275862068964,10,10.0,0.0,0.0,0,0,3,2.9,29,160.0,1.0
high_compressibility,7,static_min,none,0,3,3,1,feasible,0.4778325123152709,1.0,3.3448275862068964,8,12.0,4.0,0.3333333333333333,11,11,6,3.625,29,169.0,1.5
high_compressibility,7,capacity_aware_static,C,3,3,3,1,feasible,0.4778325123152709,1.0,3.3448275862068964,11,11.0,0.0,0.0,0,0,3,2.6363636363636362,29,148.0,1.0
high_compressibility,7,smoothed,none,0,3,3,1,feasible,0.4778325123152709,1.0,3.3448275862068964,10,10.0,0.0,0.0,0,0,3,2.9,29,160.0,1.0
high_compressibility,7,static_min,none,0,3,4,1,feasible,0.4778325123152709,1.0,3.3448275862068964,8,12.0,4.0,0.3333333333333333,11,11,6,3.625,29,169.0,1.5
high_compressibility,7,capacity_aware_static,C,3,3,4,1,feasible,0.4778325123152709,1.0,3.3448275862068964,11,11.0,0.0,0.0,0,0,3,2.6363636363636362,29,148.0,1.0
high_compressibility,7,smoothed,none,0,3,4,1,feasible,0.4778325123152709,1.0,3.3448275862068964,10,10.0,0.0,0.0,0,0,3,2.9,29,160.0,1.0
high_compressibility,7,static_min,none,0,3,5,1,feasible,0.4778325123152709,1.0,3.3448275862068964,8,12.0,4.0,0.3333333333333333,11,11,6,3.625,29,169.0,1.5
high_compressibility,7,capacity_aware_static,C,3,3,5,1,feasible,0.4778325123152709,1.0,3.3448275862068964,11,11.0,0.0,0.0,0,0,3,2.6363636363636362,29,148.0,1.0
high_compressibility,7,smoothed,none,0,3,5,1,feasible,0.4778325123152709,1.0,3.3448275862068964,10,10.0,0.0,0.0,0,0,3,2.9,29,160.0,1.0
high_compressibility,7,static_min,none,0,3,6,1,feasible,0.4778325123152709,1.0,3.3448275862068964,8,12.0,4.0,0.3333333333333333,11,11,6,3.625,29,169.0,1.5
high_compressibility,7,capacity_aware_static,C,3,3,6,1,feasible,0.4778325123152709,1.0,3.3448275862068964,11,11.0,0.0,0.0,0,0,3,2.6363636363636362,29,148.0,1.0
high_compressibility,7,smoothed,none,0,3,6,1,feasible,0.4778325123152709,1.0,3.3448275862068964,10,10.0,0.0,0.0,0,0,3,2.9,29,160.0,1.0
high_compressibility,7,static_min,none,0,3,7,1,feasible,0.4778325123152709,1.0,3.3448275862068964,8,12.0,4.0,0.3333333333333333,11,11,6,3.625,29,169.0,1.5
high_compressibility,7,capacity_aware_static,C,3,3,7,1,feasible,0.4778325123152709,1.0,3.3448275862068964,11,11.0,0.0,0.0,0,0,3,2.6363636363636362,29,148.0,1.0
high_compressibility,7,smoothed,none,0,3,7,1,feasible,0.4778325123152709,1.0,3.3448275862068964,10,10.0,0.0,0.0,0,0,3,2.9,29,160.0,1.0
high_compressibility,7,static_min,none,0,3,8,1,feasible,0.4778325123152709,1.0,3.3448275862068964,8,12.0,4.0,0.3333333333333333,11,11,6,3.625,29,169.0,1.5
high_compressibility,7,capacity_aware_static,C,3,3,8,1,feasible,0.4778325123152709,1.0,3.3448275862068964,11,11.0,0.0,0.0,0,0,3,2.6363636363636362,29,148.0,1.0
high_compressibility,7,smoothed,none,0,3,8,1,feasible,0.4778325123152709,1.0,3.3448275862068964,10,10.0,0.0,0.0,0,0,3,2.9,29,160.0,1.0
high_compressibility,7,static_min,none,0,3,9,1,feasible,0.4778325123152709,1.0,3.3448275862068964,8,12.0,4.0,0.3333333333333333,11,11,6,3.625,29,169.0,1.5
high_compressibility,7,capacity_aware_static,C,3,3,9,1,feasible,0.4778325123152709,1.0,3.3448275862068964,11,11.0,0.0,0.0,0,0,3,2.6363636363636362,29,148.0,1.0
high_compressibility,7,smoothed,none,0,3,9,1,feasible,0.4778325123152709,1.0,3.3448275862068964,10,10.0,0.0,0.0,0,0,3,2.9,29,160.0,1.0
high_compressibility,7,static_min,none,0,3,10,1,feasible,0.4778325123152709,1.0,3.3448275862068964,8,12.0,4.0,0.3333333333333333,11,11,6,3.625,29,169.0,1.5
high_compressibility,7,capacity_aware_static,C,3,3,10,1,feasible,0.4778325123152709,1.0,3.3448275862068964,11,11.0,0.0,0.0,0,0,3,2.6363636363636362,29,148.0,1.0
high_compressibility,7,smoothed,none,0,3,10,1,feasible,0.4778325123152709,1.0,3.3448275862068964,10,10.0,0.0,0.0,0,0,3,2.9,29,160.0,1.0
high_compressibility,7,static_min,none,0,3,11,1,feasible,0.4778325123152709,1.0,3.3448275862068964,8,12.0,4.0,0.3333333333333333,11,11,6,3.625,29,169.0,1.5
high_compressibility,7,capacity_aware_static,C,3,3,11,1,feasible,0.4778325123152709,1.0,3.3448275862068964,11,11.0,0.0,0.0,0,0,3,2.6363636363636362,29,148.0,1.0
high_compressibility,7,smoothed,none,0,3,11,1,feasible,0.4778325123152709,1.0,3.3448275862068964,10,10.0,0.0,0.0,0,0,3,2.9,29,160.0,1.0
high_compressibility,7,static_min,none,0,3,12,1,feasible,0.4778325123152709,1.0,3.3448275862068964,8,12.0,4.0,0.3333333333333333,11,11,6,3.625,29,169.0,1.5
high_compressibility,7,capacity_aware_static,C,3,3,12,1,feasible,0.4778325123152709,1.0,3.3448275862068964,11,11.0,0.0,0.0,0,0,3,2.6363636363636362,29,148.0,1.0
high_compressibility,7,smoothed,none,0,3,12,1,feasible,0.4778325123152709,1.0,3.3448275862068964,10,10.0,0.0,0.0,0,0,3,2.9,29,160.0,1.0
high_compressibility,7,static_min,none,0,3,13,1,feasible,0.4778325123152709,1.0,3.3448275862068964,8,12.0,4.0,0.3333333333333333,11,11,6,3.625,29,169.0,1.5
high_compressibility,7,capacity_aware_static,C,3,3,13,1,feasible,0.4778325123152709,1.0,3.3448275862068964,11,11.0,0.0,0.0,0,0,3,2.6363636363636362,29,148.0,1.0
high_compressibility,7,smoothed,none,0,3,13,1,feasible,0.4778325123152709,1.0,3.3448275862068964,10,10.0,0.0,0.0,0,0,3,2.9,29,160.0,1.0
high_compressibility,7,static_min,none,0,3,14,1,feasible,0.4778325123152709,1.0,3.3448275862068964,8,12.0,4.0,0.3333333333333333,11,11,6,3.625,29,169.0,1.5
high_compressibility,7,capacity_aware_static,C,3,3,14,1,feasible,0.4778325123152709,1.0,3.3448275862068964,11,11.0,0.0,0.0,0,0,3,2.6363636363636362,29,148.0,1.0
high_compressibility,7,smoothed,none,0,3,14,1,feasible,0.4778325123152709,1.0,3.3448275862068964,10,10.0,0.0,0.0,0,0,3,2.9,29,160.0,1.0
high_compressibility,7,static_min,none,0,3,15,1,feasible,0.4778325123152709,1.0,3.3448275862068964,8,12.0,4.0,0.3333333333333333,11,11,6,3.625,29,169.0,1.5
high_compressibility,7,capacity_aware_static,C,3,3,15,1,feasible,0.4778325123152709,1.0,3.3448275862068964,11,11.0,0.0,0.0,0,0,3,2.6363636363636362,29,148.0,1.0
high_compressibility,7,smoothed,none,0,3,15,1,feasible,0.4778325123152709,1.0,3.3448275862068964,10,10.0,0.0,0.0,0,0,3,2.9,29,160.0,1.0
high_compressibility,7,static_min,none,0,4,0,0,peak_demand_exceeds_reachable_stock,0.4778325123152709,1.0,3.3448275862068964,8,inf,inf,1.0,6,6,6,3.625,29,inf,inf
high_compressibility,7,capacity_aware_static,C,4,4,0,1,feasible,0.4778325123152709,1.0,3.3448275862068964,9,9.0,0.0,0.0,0,0,4,3.2222222222222223,29,127.0,1.0
high_compressibility,7,smoothed,none,0,4,0,1,feasible,0.4778325123152709,1.0,3.3448275862068964,10,10.0,0.0,0.0,0,0,3,2.9,29,160.0,1.0
high_compressibility,7,static_min,none,0,4,1,0,peak_demand_exceeds_reachable_stock,0.4778325123152709,1.0,3.3448275862068964,8,inf,inf,1.0,6,6,6,3.625,29,inf,inf
high_compressibility,7,capacity_aware_static,C,4,4,1,1,feasible,0.4778325123152709,1.0,3.3448275862068964,9,9.0,0.0,0.0,0,0,4,3.2222222222222223,29,127.0,1.0
high_compressibility,7,smoothed,none,0,4,1,1,feasible,0.4778325123152709,1.0,3.3448275862068964,10,10.0,0.0,0.0,0,0,3,2.9,29,160.0,1.0
high_compressibility,7,static_min,none,0,4,2,1,feasible,0.4778325123152709,1.0,3.3448275862068964,8,11.0,3.0,0.2727272727272727,6,6,6,3.625,29,154.0,1.375
high_compressibility,7,capacity_aware_static,C,4,4,2,1,feasible,0.4778325123152709,1.0,3.3448275862068964,9,9.0,0.0,0.0,0,0,4,3.2222222222222223,29,127.0,1.0
high_compressibility,7,smoothed,none,0,4,2,1,feasible,0.4778325123152709,1.0,3.3448275862068964,10,10.0,0.0,0.0,0,0,3,2.9,29,160.0,1.0
high_compressibility,7,static_min,none,0,4,3,1,feasible,0.4778325123152709,1.0,3.3448275862068964,8,11.0,3.0,0.2727272727272727,6,6,6,3.625,29,154.0,1.375
high_compressibility,7,capacity_aware_static,C,4,4,3,1,feasible,0.4778325123152709,1.0,3.3448275862068964,9,9.0,0.0,0.0,0,0,4,3.2222222222222223,29,127.0,1.0
high_compressibility,7,smoothed,none,0,4,3,1,feasible,0.4778325123152709,1.0,3.3448275862068964,10,10.0,0.0,0.0,0,0,3,2.9,29,160.0,1.0
high_compressibility,7,static_min,none,0,4,4,1,feasible,0.4778325123152709,1.0,3.3448275862068964,8,10.0,2.0,0.2,6,6,6,3.625,29,140.0,1.25
high_compressibility,7,capacity_aware_static,C,4,4,4,1,feasible,0.4778325123152709,1.0,3.3448275862068964,9,9.0,0.0,0.0,0,0,4,3.2222222222222223,29,127.0,1.0
high_compressibility,7,smoothed,none,0,4,4,1,feasible,0.4778325123152709,1.0,3.3448275862068964,10,10.0,0.0,0.0,0,0,3,2.9,29,160.0,1.0
high_compressibility,7,static_min,none,0,4,5,1,feasible,0.4778325123152709,1.0,3.3448275862068964,8,10.0,2.0,0.2,6,6,6,3.625,29,140.0,1.25
high_compressibility,7,capacity_aware_static,C,4,4,5,1,feasible,0.4778325123152709,1.0,3.3448275862068964,9,9.0,0.0,0.0,0,0,4,3.2222222222222223,29,127.0,1.0
high_compressibility,7,smoothed,none,0,4,5,1,feasible,0.4778325123152709,1.0,3.3448275862068964,10,10.0,0.0,0.0,0,0,3,2.9,29,160.0,1.0
high_compressibility,7,static_min,none,0,4,6,1,feasible,0.4778325123152709,1.0,3.3448275862068964,8,10.0,2.0,0.2,6,6,6,3.625,29,140.0,1.25
high_compressibility,7,capacity_aware_static,C,4,4,6,1,feasible,0.4778325123152709,1.0,3.3448275862068964,9,9.0,0.0,0.0,0,0,4,3.2222222222222223,29,127.0,1.0
high_compressibility,7,smoothed,none,0,4,6,1,feasible,0.4778325123152709,1.0,3.3448275862068964,10,10.0,0.0,0.0,0,0,3,2.9,29,160.0,1.0
high_compressibility,7,static_min,none,0,4,7,1,feasible,0.4778325123152709,1.0,3.3448275862068964,8,10.0,2.0,0.2,6,6,6,3.625,29,140.0,1.25
high_compressibility,7,capacity_aware_static,C,4,4,7,1,feasible,0.4778325123152709,1.0,3.3448275862068964,9,9.0,0.0,0.0,0,0,4,3.2222222222222223,29,127.0,1.0
high_compressibility,7,smoothed,none,0,4,7,1,feasible,0.4778325123152709,1.0,3.3448275862068964,10,10.0,0.0,0.0,0,0,3,2.9,29,160.0,1.0
high_compressibility,7,static_min,none,0,4,8,1,feasible,0.4778325123152709,1.0,3.3448275862068964,8,10.0,2.0,0.2,6,6,6,3.625,29,140.0,1.25
high_compressibility,7,capacity_aware_static,C,4,4,8,1,feasible,0.4778325123152709,1.0,3.3448275862068964,9,9.0,0.0,0.0,0,0,4,3.2222222222222223,29,127.0,1.0
high_compressibility,7,smoothed,none,0,4,8,1,feasible,0.4778325123152709,1.0,3.3448275862068964,10,10.0,0.0,0.0,0,0,3,2.9,29,160.0,1.0
high_compressibility,7,static_min,none,0,4,9,1,feasible,0.4778325123152709,1.0,3.3448275862068964,8,10.0,2.0,0.2,6,6,6,3.625,29,140.0,1.25
high_compressibility,7,capacity_aware_static,C,4,4,9,1,feasible,0.4778325123152709,1.0,3.3448275862068964,9,9.0,0.0,0.0,0,0,4,3.2222222222222223,29,127.0,1.0
high_compressibility,7,smoothed,none,0,4,9,1,feasible,0.4778325123152709,1.0,3.3448275862068964,10,10.0,0.0,0.0,0,0,3,2.9,29,160.0,1.0
high_compressibility,7,static_min,none,0,4,10,1,feasible,0.4778325123152709,1.0,3.3448275862068964,8,10.0,2.0,0.2,6,6,6,3.625,29,140.0,1.25
high_compressibility,7,capacity_aware_static,C,4,4,10,1,feasible,0.4778325123152709,1.0,3.3448275862068964,9,9.0,0.0,0.0,0,0,4,3.2222222222222223,29,127.0,1.0
high_compressibility,7,smoothed,none,0,4,10,1,feasible,0.4778325123152709,1.0,3.3448275862068964,10,10.0,0.0,0.0,0,0,3,2.9,29,160.0,1.0
high_compressibility,7,static_min,none,0,4,11,1,feasible,0.4778325123152709,1.0,3.3448275862068964,8,10.0,2.0,0.2,6,6,6,3.625,29,140.0,1.25
high_compressibility,7,capacity_aware_static,C,4,4,11,1,feasible,0.4778325123152709,1.0,3.3448275862068964,9,9.0,0.0,0.0,0,0,4,3.2222222222222223,29,127.0,1.0
high_compressibility,7,smoothed,none,0,4,11,1,feasible,0.4778325123152709,1.0,3.3448275862068964,10,10.0,0.0,0.0,0,0,3,2.9,29,160.0,1.0
high_compressibility,7,static_min,none,0,4,12,1,feasible,0.4778325123152709,1.0,3.3448275862068964,8,10.0,2.0,0.2,6,6,6,3.625,29,140.0,1.25
high_compressibility,7,capacity_aware_static,C,4,4,12,1,feasible,0.4778325123152709,1.0,3.3448275862068964,9,9.0,0.0,0.0,0,0,4,3.2222222222222223,29,127.0,1.0
high_compressibility,7,smoothed,none,0,4,12,1,feasible,0.4778325123152709,1.0,3.3448275862068964,10,10.0,0.0,0.0,0,0,3,2.9,29,160.0,1.0
high_compressibility,7,static_min,none,0,4,13,1,feasible,0.4778325123152709,1.0,3.3448275862068964,8,10.0,2.0,0.2,6,6,6,3.625,29,140.0,1.25
high_compressibility,7,capacity_aware_static,C,4,4,13,1,feasible,0.4778325123152709,1.0,3.3448275862068964,9,9.0,0.0,0.0,0,0,4,3.2222222222222223,29,127.0,1.0
high_compressibility,7,smoothed,none,0,4,13,1,feasible,0.4778325123152709,1.0,3.3448275862068964,10,10.0,0.0,0.0,0,0,3,2.9,29,160.0,1.0
high_compressibility,7,static_min,none,0,4,14,1,feasible,0.4778325123152709,1.0,3.3448275862068964,8,10.0,2.0,0.2,6,6,6,3.625,29,140.0,1.25
high_compressibility,7,capacity_aware_static,C,4,4,14,1,feasible,0.4778325123152709,1.0,3.3448275862068964,9,9.0,0.0,0.0,0,0,4,3.2222222222222223,29,127.0,1.0
high_compressibility,7,smoothed,none,0,4,14,1,feasible,0.4778325123152709,1.0,3.3448275862068964,10,10.0,0.0,0.0,0,0,3,2.9,29,160.0,1.0
high_compressibility,7,static_min,none,0,4,15,1,feasible,0.4778325123152709,1.0,3.3448275862068964,8,10.0,2.0,0.2,6,6,6,3.625,29,140.0,1.25
high_compressibility,7,capacity_aware_static,C,4,4,15,1,feasible,0.4778325123152709,1.0,3.3448275862068964,9,9.0,0.0,0.0,0,0,4,3.2222222222222223,29,127.0,1.0
high_compressibility,7,smoothed,none,0,4,15,1,feasible,0.4778325123152709,1.0,3.3448275862068964,10,10.0,0.0,0.0,0,0,3,2.9,29,160.0,1.0
high_compressibility,7,static_min,none,0,5,0,0,peak_demand_exceeds_reachable_stock,0.4778325123152709,1.0,3.3448275862068964,8,inf,inf,1.0,3,3,6,3.625,29,inf,inf
high_compressibility,7,capacity_aware_static,C,5,5,0,1,feasible,0.4778325123152709,1.0,3.3448275862068964,8,8.0,0.0,0.0,0,0,5,3.625,29,116.0,1.0
high_compressibility,7,smoothed,none,0,5,0,1,feasible,0.4778325123152709,1.0,3.3448275862068964,10,10.0,0.0,0.0,0,0,3,2.9,29,160.0,1.0
high_compressibility,7,static_min,none,0,5,1,1,feasible,0.4778325123152709,1.0,3.3448275862068964,8,11.0,3.0,0.2727272727272727,3,3,6,3.625,29,154.0,1.375
high_compressibility,7,capacity_aware_static,C,5,5,1,1,feasible,0.4778325123152709,1.0,3.3448275862068964,8,8.0,0.0,0.0,0,0,5,3.625,29,116.0,1.0
high_compressibility,7,smoothed,none,0,5,1,1,feasible,0.4778325123152709,1.0,3.3448275862068964,10,10.0,0.0,0.0,0,0,3,2.9,29,160.0,1.0
high_compressibility,7,static_min,none,0,5,2,1,feasible,0.4778325123152709,1.0,3.3448275862068964,8,10.0,2.0,0.2,3,3,6,3.625,29,140.0,1.25
high_compressibility,7,capacity_aware_static,C,5,5,2,1,feasible,0.4778325123152709,1.0,3.3448275862068964,8,8.0,0.0,0.0,0,0,5,3.625,29,116.0,1.0
high_compressibility,7,smoothed,none,0,5,2,1,feasible,0.4778325123152709,1.0,3.3448275862068964,10,10.0,0.0,0.0,0,0,3,2.9,29,160.0,1.0
high_compressibility,7,static_min,none,0,5,3,1,feasible,0.4778325123152709,1.0,3.3448275862068964,8,9.0,1.0,0.1111111111111111,3,3,6,3.625,29,125.0,1.125
high_compressibility,7,capacity_aware_static,C,5,5,3,1,feasible,0.4778325123152709,1.0,3.3448275862068964,8,8.0,0.0,0.0,0,0,5,3.625,29,116.0,1.0
high_compressibility,7,smoothed,none,0,5,3,1,feasible,0.4778325123152709,1.0,3.3448275862068964,10,10.0,0.0,0.0,0,0,3,2.9,29,160.0,1.0
high_compressibility,7,static_min,none,0,5,4,1,feasible,0.4778325123152709,1.0,3.3448275862068964,8,9.0,1.0,0.1111111111111111,3,3,6,3.625,29,125.0,1.125
high_compressibility,7,capacity_aware_static,C,5,5,4,1,feasible,0.4778325123152709,1.0,3.3448275862068964,8,8.0,0.0,0.0,0,0,5,3.625,29,116.0,1.0
high_compressibility,7,smoothed,none,0,5,4,1,feasible,0.4778325123152709,1.0,3.3448275862068964,10,10.0,0.0,0.0,0,0,3,2.9,29,160.0,1.0
high_compressibility,7,static_min,none,0,5,5,1,feasible,0.4778325123152709,1.0,3.3448275862068964,8,9.0,1.0,0.1111111111111111,3,3,6,3.625,29,125.0,1.125
high_compressibility,7,capacity_aware_static,C,5,5,5,1,feasible,0.4778325123152709,1.0,3.3448275862068964,8,8.0,0.0,0.0,0,0,5,3.625,29,116.0,1.0
high_compressibility,7,smoothed,none,0,5,5,1,feasible,0.4778325123152709,1.0,3.3448275862068964,10,10.0,0.0,0.0,0,0,3,2.9,29,160.0,1.0
high_compressibility,7,static_min,none,0,5,6,1,feasible,0.4778325123152709,1.0,3.3448275862068964,8,9.0,1.0,0.1111111111111111,3,3,6,3.625,29,125.0,1.125
high_compressibility,7,capacity_aware_static,C,5,5,6,1,feasible,0.4778325123152709,1.0,3.3448275862068964,8,8.0,0.0,0.0,0,0,5,3.625,29,116.0,1.0
high_compressibility,7,smoothed,none,0,5,6,1,feasible,0.4778325123152709,1.0,3.3448275862068964,10,10.0,0.0,0.0,0,0,3,2.9,29,160.0,1.0
high_compressibility,7,static_min,none,0,5,7,1,feasible,0.4778325123152709,1.0,3.3448275862068964,8,9.0,1.0,0.1111111111111111,3,3,6,3.625,29,125.0,1.125
high_compressibility,7,capacity_aware_static,C,5,5,7,1,feasible,0.4778325123152709,1.0,3.3448275862068964,8,8.0,0.0,0.0,0,0,5,3.625,29,116.0,1.0
high_compressibility,7,smoothed,none,0,5,7,1,feasible,0.4778325123152709,1.0,3.3448275862068964,10,10.0,0.0,0.0,0,0,3,2.9,29,160.0,1.0
high_compressibility,7,static_min,none,0,5,8,1,feasible,0.4778325123152709,1.0,3.3448275862068964,8,9.0,1.0,0.1111111111111111,3,3,6,3.625,29,125.0,1.125
high_compressibility,7,capacity_aware_static,C,5,5,8,1,feasible,0.4778325123152709,1.0,3.3448275862068964,8,8.0,0.0,0.0,0,0,5,3.625,29,116.0,1.0
high_compressibility,7,smoothed,none,0,5,8,1,feasible,0.4778325123152709,1.0,3.3448275862068964,10,10.0,0.0,0.0,0,0,3,2.9,29,160.0,1.0
high_compressibility,7,static_min,none,0,5,9,1,feasible,0.4778325123152709,1.0,3.3448275862068964,8,9.0,1.0,0.1111111111111111,3,3,6,3.625,29,125.0,1.125
high_compressibility,7,capacity_aware_static,C,5,5,9,1,feasible,0.4778325123152709,1.0,3.3448275862068964,8,8.0,0.0,0.0,0,0,5,3.625,29,116.0,1.0
high_compressibility,7,smoothed,none,0,5,9,1,feasible,0.4778325123152709,1.0,3.3448275862068964,10,10.0,0.0,0.0,0,0,3,2.9,29,160.0,1.0
high_compressibility,7,static_min,none,0,5,10,1,feasible,0.4778325123152709,1.0,3.3448275862068964,8,9.0,1.0,0.1111111111111111,3,3,6,3.625,29,125.0,1.125
high_compressibility,7,capacity_aware_static,C,5,5,10,1,feasible,0.4778325123152709,1.0,3.3448275862068964,8,8.0,0.0,0.0,0,0,5,3.625,29,116.0,1.0
high_compressibility,7,smoothed,none,0,5,10,1,feasible,0.4778325123152709,1.0,3.3448275862068964,10,10.0,0.0,0.0,0,0,3,2.9,29,160.0,1.0
high_compressibility,7,static_min,none,0,5,11,1,feasible,0.4778325123152709,1.0,3.3448275862068964,8,9.0,1.0,0.1111111111111111,3,3,6,3.625,29,125.0,1.125
high_compressibility,7,capacity_aware_static,C,5,5,11,1,feasible,0.4778325123152709,1.0,3.3448275862068964,8,8.0,0.0,0.0,0,0,5,3.625,29,116.0,1.0
high_compressibility,7,smoothed,none,0,5,11,1,feasible,0.4778325123152709,1.0,3.3448275862068964,10,10.0,0.0,0.0,0,0,3,2.9,29,160.0,1.0
high_compressibility,7,static_min,none,0,5,12,1,feasible,0.4778325123152709,1.0,3.3448275862068964,8,9.0,1.0,0.1111111111111111,3,3,6,3.625,29,125.0,1.125
high_compressibility,7,capacity_aware_static,C,5,5,12,1,feasible,0.4778325123152709,1.0,3.3448275862068964,8,8.0,0.0,0.0,0,0,5,3.625,29,116.0,1.0
high_compressibility,7,smoothed,none,0,5,12,1,feasible,0.4778325123152709,1.0,3.3448275862068964,10,10.0,0.0,0.0,0,0,3,2.9,29,160.0,1.0
high_compressibility,7,static_min,none,0,5,13,1,feasible,0.4778325123152709,1.0,3.3448275862068964,8,9.0,1.0,0.1111111111111111,3,3,6,3.625,29,125.0,1.125
high_compressibility,7,capacity_aware_static,C,5,5,13,1,feasible,0.4778325123152709,1.0,3.3448275862068964,8,8.0,0.0,0.0,0,0,5,3.625,29,116.0,1.0
high_compressibility,7,smoothed,none,0,5,13,1,feasible,0.4778325123152709,1.0,3.3448275862068964,10,10.0,0.0,0.0,0,0,3,2.9,29,160.0,1.0
high_compressibility,7,static_min,none,0,5,14,1,feasible,0.4778325123152709,1.0,3.3448275862068964,8,9.0,1.0,0.1111111111111111,3,3,6,3.625,29,125.0,1.125
high_compressibility,7,capacity_aware_static,C,5,5,14,1,feasible,0.4778325123152709,1.0,3.3448275862068964,8,8.0,0.0,0.0,0,0,5,3.625,29,116.0,1.0
high_compressibility,7,smoothed,none,0,5,14,1,feasible,0.4778325123152709,1.0,3.3448275862068964,10,10.0,0.0,0.0,0,0,3,2.9,29,160.0,1.0
high_compressibility,7,static_min,none,0,5,15,1,feasible,0.4778325123152709,1.0,3.3448275862068964,8,9.0,1.0,0.1111111111111111,3,3,6,3.625,29,125.0,1.125
high_compressibility,7,capacity_aware_static,C,5,5,15,1,feasible,0.4778325123152709,1.0,3.3448275862068964,8,8.0,0.0,0.0,0,0,5,3.625,29,116.0,1.0
high_compressibility,7,smoothed,none,0,5,15,1,feasible,0.4778325123152709,1.0,3.3448275862068964,10,10.0,0.0,0.0,0,0,3,2.9,29,160.0,1.0
high_compressibility,7,static_min,none,0,6,0,1,feasible,0.4778325123152709,1.0,3.3448275862068964,8,8.0,0.0,0.0,0,0,6,3.625,29,117.0,1.0
high_compressibility,7,capacity_aware_static,C,6,6,0,1,feasible,0.4778325123152709,1.0,3.3448275862068964,8,8.0,0.0,0.0,0,0,6,3.625,29,117.0,1.0
high_compressibility,7,smoothed,none,0,6,0,1,feasible,0.4778325123152709,1.0,3.3448275862068964,10,10.0,0.0,0.0,0,0,3,2.9,29,160.0,1.0
high_compressibility,7,static_min,none,0,6,1,1,feasible,0.4778325123152709,1.0,3.3448275862068964,8,8.0,0.0,0.0,0,0,6,3.625,29,117.0,1.0
high_compressibility,7,capacity_aware_static,C,6,6,1,1,feasible,0.4778325123152709,1.0,3.3448275862068964,8,8.0,0.0,0.0,0,0,6,3.625,29,117.0,1.0
high_compressibility,7,smoothed,none,0,6,1,1,feasible,0.4778325123152709,1.0,3.3448275862068964,10,10.0,0.0,0.0,0,0,3,2.9,29,160.0,1.0
high_compressibility,7,static_min,none,0,6,2,1,feasible,0.4778325123152709,1.0,3.3448275862068964,8,8.0,0.0,0.0,0,0,6,3.625,29,117.0,1.0
high_compressibility,7,capacity_aware_static,C,6,6,2,1,feasible,0.4778325123152709,1.0,3.3448275862068964,8,8.0,0.0,0.0,0,0,6,3.625,29,117.0,1.0
high_compressibility,7,smoothed,none,0,6,2,1,feasible,0.4778325123152709,1.0,3.3448275862068964,10,10.0,0.0,0.0,0,0,3,2.9,29,160.0,1.0
high_compressibility,7,static_min,none,0,6,3,1,feasible,0.4778325123152709,1.0,3.3448275862068964,8,8.0,0.0,0.0,0,0,6,3.625,29,117.0,1.0
high_compressibility,7,capacity_aware_static,C,6,6,3,1,feasible,0.4778325123152709,1.0,3.3448275862068964,8,8.0,0.0,0.0,0,0,6,3.625,29,117.0,1.0
high_compressibility,7,smoothed,none,0,6,3,1,feasible,0.4778325123152709,1.0,3.3448275862068964,10,10.0,0.0,0.0,0,0,3,2.9,29,160.0,1.0
high_compressibility,7,static_min,none,0,6,4,1,feasible,0.4778325123152709,1.0,3.3448275862068964,8,8.0,0.0,0.0,0,0,6,3.625,29,117.0,1.0
high_compressibility,7,capacity_aware_static,C,6,6,4,1,feasible,0.4778325123152709,1.0,3.3448275862068964,8,8.0,0.0,0.0,0,0,6,3.625,29,117.0,1.0
high_compressibility,7,smoothed,none,0,6,4,1,feasible,0.4778325123152709,1.0,3.3448275862068964,10,10.0,0.0,0.0,0,0,3,2.9,29,160.0,1.0
high_compressibility,7,static_min,none,0,6,5,1,feasible,0.4778325123152709,1.0,3.3448275862068964,8,8.0,0.0,0.0,0,0,6,3.625,29,117.0,1.0
high_compressibility,7,capacity_aware_static,C,6,6,5,1,feasible,0.4778325123152709,1.0,3.3448275862068964,8,8.0,0.0,0.0,0,0,6,3.625,29,117.0,1.0
high_compressibility,7,smoothed,none,0,6,5,1,feasible,0.4778325123152709,1.0,3.3448275862068964,10,10.0,0.0,0.0,0,0,3,2.9,29,160.0,1.0
high_compressibility,7,static_min,none,0,6,6,1,feasible,0.4778325123152709,1.0,3.3448275862068964,8,8.0,0.0,0.0,0,0,6,3.625,29,117.0,1.0
high_compressibility,7,capacity_aware_static,C,6,6,6,1,feasible,0.4778325123152709,1.0,3.3448275862068964,8,8.0,0.0,0.0,0,0,6,3.625,29,117.0,1.0
high_compressibility,7,smoothed,none,0,6,6,1,feasible,0.4778325123152709,1.0,3.3448275862068964,10,10.0,0.0,0.0,0,0,3,2.9,29,160.0,1.0
high_compressibility,7,static_min,none,0,6,7,1,feasible,0.4778325123152709,1.0,3.3448275862068964,8,8.0,0.0,0.0,0,0,6,3.625,29,117.0,1.0
high_compressibility,7,capacity_aware_static,C,6,6,7,1,feasible,0.4778325123152709,1.0,3.3448275862068964,8,8.0,0.0,0.0,0,0,6,3.625,29,117.0,1.0
high_compressibility,7,smoothed,none,0,6,7,1,feasible,0.4778325123152709,1.0,3.3448275862068964,10,10.0,0.0,0.0,0,0,3,2.9,29,160.0,1.0
high_compressibility,7,static_min,none,0,6,8,1,feasible,0.4778325123152709,1.0,3.3448275862068964,8,8.0,0.0,0.0,0,0,6,3.625,29,117.0,1.0
high_compressibility,7,capacity_aware_static,C,6,6,8,1,feasible,0.4778325123152709,1.0,3.3448275862068964,8,8.0,0.0,0.0,0,0,6,3.625,29,117.0,1.0
high_compressibility,7,smoothed,none,0,6,8,1,feasible,0.4778325123152709,1.0,3.3448275862068964,10,10.0,0.0,0.0,0,0,3,2.9,29,160.0,1.0
high_compressibility,7,static_min,none,0,6,9,1,feasible,0.4778325123152709,1.0,3.3448275862068964,8,8.0,0.0,0.0,0,0,6,3.625,29,117.0,1.0
high_compressibility,7,capacity_aware_static,C,6,6,9,1,feasible,0.4778325123152709,1.0,3.3448275862068964,8,8.0,0.0,0.0,0,0,6,3.625,29,117.0,1.0
high_compressibility,7,smoothed,none,0,6,9,1,feasible,0.4778325123152709,1.0,3.3448275862068964,10,10.0,0.0,0.0,0,0,3,2.9,29,160.0,1.0
high_compressibility,7,static_min,none,0,6,10,1,feasible,0.4778325123152709,1.0,3.3448275862068964,8,8.0,0.0,0.0,0,0,6,3.625,29,117.0,1.0
high_compressibility,7,capacity_aware_static,C,6,6,10,1,feasible,0.4778325123152709,1.0,3.3448275862068964,8,8.0,0.0,0.0,0,0,6,3.625,29,117.0,1.0
high_compressibility,7,smoothed,none,0,6,10,1,feasible,0.4778325123152709,1.0,3.3448275862068964,10,10.0,0.0,0.0,0,0,3,2.9,29,160.0,1.0
high_compressibility,7,static_min,none,0,6,11,1,feasible,0.4778325123152709,1.0,3.3448275862068964,8,8.0,0.0,0.0,0,0,6,3.625,29,117.0,1.0
high_compressibility,7,capacity_aware_static,C,6,6,11,1,feasible,0.4778325123152709,1.0,3.3448275862068964,8,8.0,0.0,0.0,0,0,6,3.625,29,117.0,1.0
high_compressibility,7,smoothed,none,0,6,11,1,feasible,0.4778325123152709,1.0,3.3448275862068964,10,10.0,0.0,0.0,0,0,3,2.9,29,160.0,1.0
high_compressibility,7,static_min,none,0,6,12,1,feasible,0.4778325123152709,1.0,3.3448275862068964,8,8.0,0.0,0.0,0,0,6,3.625,29,117.0,1.0
high_compressibility,7,capacity_aware_static,C,6,6,12,1,feasible,0.4778325123152709,1.0,3.3448275862068964,8,8.0,0.0,0.0,0,0,6,3.625,29,117.0,1.0
high_compressibility,7,smoothed,none,0,6,12,1,feasible,0.4778325123152709,1.0,3.3448275862068964,10,10.0,0.0,0.0,0,0,3,2.9,29,160.0,1.0
high_compressibility,7,static_min,none,0,6,13,1,feasible,0.4778325123152709,1.0,3.3448275862068964,8,8.0,0.0,0.0,0,0,6,3.625,29,117.0,1.0
high_compressibility,7,capacity_aware_static,C,6,6,13,1,feasible,0.4778325123152709,1.0,3.3448275862068964,8,8.0,0.0,0.0,0,0,6,3.625,29,117.0,1.0
high_compressibility,7,smoothed,none,0,6,13,1,feasible,0.4778325123152709,1.0,3.3448275862068964,10,10.0,0.0,0.0,0,0,3,2.9,29,160.0,1.0
high_compressibility,7,static_min,none,0,6,14,1,feasible,0.4778325123152709,1.0,3.3448275862068964,8,8.0,0.0,0.0,0,0,6,3.625,29,117.0,1.0
high_compressibility,7,capacity_aware_static,C,6,6,14,1,feasible,0.4778325123152709,1.0,3.3448275862068964,8,8.0,0.0,0.0,0,0,6,3.625,29,117.0,1.0
high_compressibility,7,smoothed,none,0,6,14,1,feasible,0.4778325123152709,1.0,3.3448275862068964,10,10.0,0.0,0.0,0,0,3,2.9,29,160.0,1.0
high_compressibility,7,static_min,none,0,6,15,1,feasible,0.4778325123152709,1.0,3.3448275862068964,8,8.0,0.0,0.0,0,0,6,3.625,29,117.0,1.0
high_compressibility,7,capacity_aware_static,C,6,6,15,1,feasible,0.4778325123152709,1.0,3.3448275862068964,8,8.0,0.0,0.0,0,0,6,3.625,29,117.0,1.0
high_compressibility,7,smoothed,none,0,6,15,1,feasible,0.4778325123152709,1.0,3.3448275862068964,10,10.0,0.0,0.0,0,0,3,2.9,29,160.0,1.0
high_compressibility,7,static_min,none,0,7,0,1,feasible,0.4778325123152709,1.0,3.3448275862068964,8,8.0,0.0,0.0,0,0,6,3.625,29,117.0,1.0
high_compressibility,7,capacity_aware_static,C,7,7,0,1,feasible,0.4778325123152709,1.0,3.3448275862068964,8,8.0,0.0,0.0,0,0,6,3.625,29,117.0,1.0
high_compressibility,7,smoothed,none,0,7,0,1,feasible,0.4778325123152709,1.0,3.3448275862068964,10,10.0,0.0,0.0,0,0,3,2.9,29,160.0,1.0
high_compressibility,7,static_min,none,0,7,1,1,feasible,0.4778325123152709,1.0,3.3448275862068964,8,8.0,0.0,0.0,0,0,6,3.625,29,117.0,1.0
high_compressibility,7,capacity_aware_static,C,7,7,1,1,feasible,0.4778325123152709,1.0,3.3448275862068964,8,8.0,0.0,0.0,0,0,6,3.625,29,117.0,1.0
high_compressibility,7,smoothed,none,0,7,1,1,feasible,0.4778325123152709,1.0,3.3448275862068964,10,10.0,0.0,0.0,0,0,3,2.9,29,160.0,1.0
high_compressibility,7,static_min,none,0,7,2,1,feasible,0.4778325123152709,1.0,3.3448275862068964,8,8.0,0.0,0.0,0,0,6,3.625,29,117.0,1.0
high_compressibility,7,capacity_aware_static,C,7,7,2,1,feasible,0.4778325123152709,1.0,3.3448275862068964,8,8.0,0.0,0.0,0,0,6,3.625,29,117.0,1.0
high_compressibility,7,smoothed,none,0,7,2,1,feasible,0.4778325123152709,1.0,3.3448275862068964,10,10.0,0.0,0.0,0,0,3,2.9,29,160.0,1.0
high_compressibility,7,static_min,none,0,7,3,1,feasible,0.4778325123152709,1.0,3.3448275862068964,8,8.0,0.0,0.0,0,0,6,3.625,29,117.0,1.0
high_compressibility,7,capacity_aware_static,C,7,7,3,1,feasible,0.4778325123152709,1.0,3.3448275862068964,8,8.0,0.0,0.0,0,0,6,3.625,29,117.0,1.0
high_compressibility,7,smoothed,none,0,7,3,1,feasible,0.4778325123152709,1.0,3.3448275862068964,10,10.0,0.0,0.0,0,0,3,2.9,29,160.0,1.0
high_compressibility,7,static_min,none,0,7,4,1,feasible,0.4778325123152709,1.0,3.3448275862068964,8,8.0,0.0,0.0,0,0,6,3.625,29,117.0,1.0
high_compressibility,7,capacity_aware_static,C,7,7,4,1,feasible,0.4778325123152709,1.0,3.3448275862068964,8,8.0,0.0,0.0,0,0,6,3.625,29,117.0,1.0
high_compressibility,7,smoothed,none,0,7,4,1,feasible,0.4778325123152709,1.0,3.3448275862068964,10,10.0,0.0,0.0,0,0,3,2.9,29,160.0,1.0
high_compressibility,7,static_min,none,0,7,5,1,feasible,0.4778325123152709,1.0,3.3448275862068964,8,8.0,0.0,0.0,0,0,6,3.625,29,117.0,1.0
high_compressibility,7,capacity_aware_static,C,7,7,5,1,feasible,0.4778325123152709,1.0,3.3448275862068964,8,8.0,0.0,0.0,0,0,6,3.625,29,117.0,1.0
high_compressibility,7,smoothed,none,0,7,5,1,feasible,0.4778325123152709,1.0,3.3448275862068964,10,10.0,0.0,0.0,0,0,3,2.9,29,160.0,1.0
high_compressibility,7,static_min,none,0,7,6,1,feasible,0.4778325123152709,1.0,3.3448275862068964,8,8.0,0.0,0.0,0,0,6,3.625,29,117.0,1.0
high_compressibility,7,capacity_aware_static,C,7,7,6,1,feasible,0.4778325123152709,1.0,3.3448275862068964,8,8.0,0.0,0.0,0,0,6,3.625,29,117.0,1.0
high_compressibility,7,smoothed,none,0,7,6,1,feasible,0.4778325123152709,1.0,3.3448275862068964,10,10.0,0.0,0.0,0,0,3,2.9,29,160.0,1.0
high_compressibility,7,static_min,none,0,7,7,1,feasible,0.4778325123152709,1.0,3.3448275862068964,8,8.0,0.0,0.0,0,0,6,3.625,29,117.0,1.0
high_compressibility,7,capacity_aware_static,C,7,7,7,1,feasible,0.4778325123152709,1.0,3.3448275862068964,8,8.0,0.0,0.0,0,0,6,3.625,29,117.0,1.0
high_compressibility,7,smoothed,none,0,7,7,1,feasible,0.4778325123152709,1.0,3.3448275862068964,10,10.0,0.0,0.0,0,0,3,2.9,29,160.0,1.0
high_compressibility,7,static_min,none,0,7,8,1,feasible,0.4778325123152709,1.0,3.3448275862068964,8,8.0,0.0,0.0,0,0,6,3.625,29,117.0,1.0
high_compressibility,7,capacity_aware_static,C,7,7,8,1,feasible,0.4778325123152709,1.0,3.3448275862068964,8,8.0,0.0,0.0,0,0,6,3.625,29,117.0,1.0
high_compressibility,7,smoothed,none,0,7,8,1,feasible,0.4778325123152709,1.0,3.3448275862068964,10,10.0,0.0,0.0,0,0,3,2.9,29,160.0,1.0
high_compressibility,7,static_min,none,0,7,9,1,feasible,0.4778325123152709,1.0,3.3448275862068964,8,8.0,0.0,0.0,0,0,6,3.625,29,117.0,1.0
high_compressibility,7,capacity_aware_static,C,7,7,9,1,feasible,0.4778325123152709,1.0,3.3448275862068964,8,8.0,0.0,0.0,0,0,6,3.625,29,117.0,1.0
high_compressibility,7,smoothed,none,0,7,9,1,feasible,0.4778325123152709,1.0,3.3448275862068964,10,10.0,0.0,0.0,0,0,3,2.9,29,160.0,1.0
high_compressibility,7,static_min,none,0,7,10,1,feasible,0.4778325123152709,1.0,3.3448275862068964,8,8.0,0.0,0.0,0,0,6,3.625,29,117.0,1.0
high_compressibility,7,capacity_aware_static,C,7,7,10,1,feasible,0.4778325123152709,1.0,3.3448275862068964,8,8.0,0.0,0.0,0,0,6,3.625,29,117.0,1.0
high_compressibility,7,smoothed,none,0,7,10,1,feasible,0.4778325123152709,1.0,3.3448275862068964,10,10.0,0.0,0.0,0,0,3,2.9,29,160.0,1.0
high_compressibility,7,static_min,none,0,7,11,1,feasible,0.4778325123152709,1.0,3.3448275862068964,8,8.0,0.0,0.0,0,0,6,3.625,29,117.0,1.0
high_compressibility,7,capacity_aware_static,C,7,7,11,1,feasible,0.4778325123152709,1.0,3.3448275862068964,8,8.0,0.0,0.0,0,0,6,3.625,29,117.0,1.0
high_compressibility,7,smoothed,none,0,7,11,1,feasible,0.4778325123152709,1.0,3.3448275862068964,10,10.0,0.0,0.0,0,0,3,2.9,29,160.0,1.0
high_compressibility,7,static_min,none,0,7,12,1,feasible,0.4778325123152709,1.0,3.3448275862068964,8,8.0,0.0,0.0,0,0,6,3.625,29,117.0,1.0
high_compressibility,7,capacity_aware_static,C,7,7,12,1,feasible,0.4778325123152709,1.0,3.3448275862068964,8,8.0,0.0,0.0,0,0,6,3.625,29,117.0,1.0
high_compressibility,7,smoothed,none,0,7,12,1,feasible,0.4778325123152709,1.0,3.3448275862068964,10,10.0,0.0,0.0,0,0,3,2.9,29,160.0,1.0
high_compressibility,7,static_min,none,0,7,13,1,feasible,0.4778325123152709,1.0,3.3448275862068964,8,8.0,0.0,0.0,0,0,6,3.625,29,117.0,1.0
high_compressibility,7,capacity_aware_static,C,7,7,13,1,feasible,0.4778325123152709,1.0,3.3448275862068964,8,8.0,0.0,0.0,0,0,6,3.625,29,117.0,1.0
high_compressibility,7,smoothed,none,0,7,13,1,feasible,0.4778325123152709,1.0,3.3448275862068964,10,10.0,0.0,0.0,0,0,3,2.9,29,160.0,1.0
high_compressibility,7,static_min,none,0,7,14,1,feasible,0.4778325123152709,1.0,3.3448275862068964,8,8.0,0.0,0.0,0,0,6,3.625,29,117.0,1.0
high_compressibility,7,capacity_aware_static,C,7,7,14,1,feasible,0.4778325123152709,1.0,3.3448275862068964,8,8.0,0.0,0.0,0,0,6,3.625,29,117.0,1.0
high_compressibility,7,smoothed,none,0,7,14,1,feasible,0.4778325123152709,1.0,3.3448275862068964,10,10.0,0.0,0.0,0,0,3,2.9,29,160.0,1.0
high_compressibility,7,static_min,none,0,7,15,1,feasible,0.4778325123152709,1.0,3.3448275862068964,8,8.0,0.0,0.0,0,0,6,3.625,29,117.0,1.0
high_compressibility,7,capacity_aware_static,C,7,7,15,1,feasible,0.4778325123152709,1.0,3.3448275862068964,8,8.0,0.0,0.0,0,0,6,3.625,29,117.0,1.0
high_compressibility,7,smoothed,none,0,7,15,1,feasible,0.4778325123152709,1.0,3.3448275862068964,10,10.0,0.0,0.0,0,0,3,2.9,29,160.0,1.0
high_compressibility,9,static_min,none,0,1,0,0,peak_demand_exceeds_reachable_stock,0.36453201970443355,1.0,2.5517241379310347,8,inf,inf,1.0,23,23,6,3.625,29,inf,inf
high_compressibility,9,capacity_aware_static,C,1,1,0,1,feasible,0.36453201970443355,1.0,2.5517241379310347,29,29.0,0.0,0.0,0,0,1,1.0,29,346.0,1.0
high_compressibility,9,smoothed,none,0,1,0,0,peak_demand_exceeds_reachable_stock,0.36453201970443355,1.0,2.5517241379310347,9,inf,inf,1.0,20,20,4,3.2222222222222223,29,inf,inf
high_compressibility,9,static_min,none,0,1,1,0,peak_demand_exceeds_reachable_stock,0.36453201970443355,1.0,2.5517241379310347,8,inf,inf,1.0,23,23,6,3.625,29,inf,inf
high_compressibility,9,capacity_aware_static,C,1,1,1,1,feasible,0.36453201970443355,1.0,2.5517241379310347,29,29.0,0.0,0.0,0,0,1,1.0,29,346.0,1.0
high_compressibility,9,smoothed,none,0,1,1,0,peak_demand_exceeds_reachable_stock,0.36453201970443355,1.0,2.5517241379310347,9,inf,inf,1.0,20,20,4,3.2222222222222223,29,inf,inf
high_compressibility,9,static_min,none,0,1,2,0,peak_demand_exceeds_reachable_stock,0.36453201970443355,1.0,2.5517241379310347,8,inf,inf,1.0,23,23,6,3.625,29,inf,inf
high_compressibility,9,capacity_aware_static,C,1,1,2,1,feasible,0.36453201970443355,1.0,2.5517241379310347,29,29.0,0.0,0.0,0,0,1,1.0,29,346.0,1.0
high_compressibility,9,smoothed,none,0,1,2,0,peak_demand_exceeds_reachable_stock,0.36453201970443355,1.0,2.5517241379310347,9,inf,inf,1.0,20,20,4,3.2222222222222223,29,inf,inf
high_compressibility,9,static_min,none,0,1,3,0,peak_demand_exceeds_reachable_stock,0.36453201970443355,1.0,2.5517241379310347,8,inf,inf,1.0,23,23,6,3.625,29,inf,inf
high_compressibility,9,capacity_aware_static,C,1,1,3,1,feasible,0.36453201970443355,1.0,2.5517241379310347,29,29.0,0.0,0.0,0,0,1,1.0,29,346.0,1.0
high_compressibility,9,smoothed,none,0,1,3,1,feasible,0.36453201970443355,1.0,2.5517241379310347,9,29.0,20.0,0.6896551724137931,20,20,4,3.2222222222222223,29,497.0,3.2222222222222223
high_compressibility,9,static_min,none,0,1,4,0,peak_demand_exceeds_reachable_stock,0.36453201970443355,1.0,2.5517241379310347,8,inf,inf,1.0,23,23,6,3.625,29,inf,inf
high_compressibility,9,capacity_aware_static,C,1,1,4,1,feasible,0.36453201970443355,1.0,2.5517241379310347,29,29.0,0.0,0.0,0,0,1,1.0,29,346.0,1.0
high_compressibility,9,smoothed,none,0,1,4,1,feasible,0.36453201970443355,1.0,2.5517241379310347,9,29.0,20.0,0.6896551724137931,20,20,4,3.2222222222222223,29,497.0,3.2222222222222223
high_compressibility,9,static_min,none,0,1,5,1,feasible,0.36453201970443355,1.0,2.5517241379310347,8,31.0,23.0,0.7419354838709677,23,23,6,3.625,29,440.0,3.875
high_compressibility,9,capacity_aware_static,C,1,1,5,1,feasible,0.36453201970443355,1.0,2.5517241379310347,29,29.0,0.0,0.0,0,0,1,1.0,29,346.0,1.0
high_compressibility,9,smoothed,none,0,1,5,1,feasible,0.36453201970443355,1.0,2.5517241379310347,9,29.0,20.0,0.6896551724137931,20,20,4,3.2222222222222223,29,497.0,3.2222222222222223
high_compressibility,9,static_min,none,0,1,6,1,feasible,0.36453201970443355,1.0,2.5517241379310347,8,31.0,23.0,0.7419354838709677,23,23,6,3.625,29,440.0,3.875
high_compressibility,9,capacity_aware_static,C,1,1,6,1,feasible,0.36453201970443355,1.0,2.5517241379310347,29,29.0,0.0,0.0,0,0,1,1.0,29,346.0,1.0
high_compressibility,9,smoothed,none,0,1,6,1,feasible,0.36453201970443355,1.0,2.5517241379310347,9,29.0,20.0,0.6896551724137931,20,20,4,3.2222222222222223,29,497.0,3.2222222222222223
high_compressibility,9,static_min,none,0,1,7,1,feasible,0.36453201970443355,1.0,2.5517241379310347,8,31.0,23.0,0.7419354838709677,23,23,6,3.625,29,440.0,3.875
high_compressibility,9,capacity_aware_static,C,1,1,7,1,feasible,0.36453201970443355,1.0,2.5517241379310347,29,29.0,0.0,0.0,0,0,1,1.0,29,346.0,1.0
high_compressibility,9,smoothed,none,0,1,7,1,feasible,0.36453201970443355,1.0,2.5517241379310347,9,29.0,20.0,0.6896551724137931,20,20,4,3.2222222222222223,29,497.0,3.2222222222222223
high_compressibility,9,static_min,none,0,1,8,1,feasible,0.36453201970443355,1.0,2.5517241379310347,8,31.0,23.0,0.7419354838709677,23,23,6,3.625,29,440.0,3.875
high_compressibility,9,capacity_aware_static,C,1,1,8,1,feasible,0.36453201970443355,1.0,2.5517241379310347,29,29.0,0.0,0.0,0,0,1,1.0,29,346.0,1.0
high_compressibility,9,smoothed,none,0,1,8,1,feasible,0.36453201970443355,1.0,2.5517241379310347,9,29.0,20.0,0.6896551724137931,20,20,4,3.2222222222222223,29,497.0,3.2222222222222223
high_compressibility,9,static_min,none,0,1,9,1,feasible,0.36453201970443355,1.0,2.5517241379310347,8,31.0,23.0,0.7419354838709677,23,23,6,3.625,29,440.0,3.875
high_compressibility,9,capacity_aware_static,C,1,1,9,1,feasible,0.36453201970443355,1.0,2.5517241379310347,29,29.0,0.0,0.0,0,0,1,1.0,29,346.0,1.0
high_compressibility,9,smoothed,none,0,1,9,1,feasible,0.36453201970443355,1.0,2.5517241379310347,9,29.0,20.0,0.6896551724137931,20,20,4,3.2222222222222223,29,497.0,3.2222222222222223
high_compressibility,9,static_min,none,0,1,10,1,feasible,0.36453201970443355,1.0,2.5517241379310347,8,31.0,23.0,0.7419354838709677,23,23,6,3.625,29,440.0,3.875
high_compressibility,9,capacity_aware_static,C,1,1,10,1,feasible,0.36453201970443355,1.0,2.5517241379310347,29,29.0,0.0,0.0,0,0,1,1.0,29,346.0,1.0
high_compressibility,9,smoothed,none,0,1,10,1,feasible,0.36453201970443355,1.0,2.5517241379310347,9,29.0,20.0,0.6896551724137931,20,20,4,3.2222222222222223,29,497.0,3.2222222222222223
high_compressibility,9,static_min,none,0,1,11,1,feasible,0.36453201970443355,1.0,2.5517241379310347,8,31.0,23.0,0.7419354838709677,23,23,6,3.625,29,440.0,3.875
high_compressibility,9,capacity_aware_static,C,1,1,11,1,feasible,0.36453201970443355,1.0,2.5517241379310347,29,29.0,0.0,0.0,0,0,1,1.0,29,346.0,1.0
high_compressibility,9,smoothed,none,0,1,11,1,feasible,0.36453201970443355,1.0,2.5517241379310347,9,29.0,20.0,0.6896551724137931,20,20,4,3.2222222222222223,29,497.0,3.2222222222222223
high_compressibility,9,static_min,none,0,1,12,1,feasible,0.36453201970443355,1.0,2.5517241379310347,8,31.0,23.0,0.7419354838709677,23,23,6,3.625,29,440.0,3.875
high_compressibility,9,capacity_aware_static,C,1,1,12,1,feasible,0.36453201970443355,1.0,2.5517241379310347,29,29.0,0.0,0.0,0,0,1,1.0,29,346.0,1.0
high_compressibility,9,smoothed,none,0,1,12,1,feasible,0.36453201970443355,1.0,2.5517241379310347,9,29.0,20.0,0.6896551724137931,20,20,4,3.2222222222222223,29,497.0,3.2222222222222223
high_compressibility,9,static_min,none,0,1,13,1,feasible,0.36453201970443355,1.0,2.5517241379310347,8,31.0,23.0,0.7419354838709677,23,23,6,3.625,29,440.0,3.875
high_compressibility,9,capacity_aware_static,C,1,1,13,1,feasible,0.36453201970443355,1.0,2.5517241379310347,29,29.0,0.0,0.0,0,0,1,1.0,29,346.0,1.0
high_compressibility,9,smoothed,none,0,1,13,1,feasible,0.36453201970443355,1.0,2.5517241379310347,9,29.0,20.0,0.6896551724137931,20,20,4,3.2222222222222223,29,497.0,3.2222222222222223
high_compressibility,9,static_min,none,0,1,14,1,feasible,0.36453201970443355,1.0,2.5517241379310347,8,31.0,23.0,0.7419354838709677,23,23,6,3.625,29,440.0,3.875
high_compressibility,9,capacity_aware_static,C,1,1,14,1,feasible,0.36453201970443355,1.0,2.5517241379310347,29,29.0,0.0,0.0,0,0,1,1.0,29,346.0,1.0
high_compressibility,9,smoothed,none,0,1,14,1,feasible,0.36453201970443355,1.0,2.5517241379310347,9,29.0,20.0,0.6896551724137931,20,20,4,3.2222222222222223,29,497.0,3.2222222222222223
high_compressibility,9,static_min,none,0,1,15,1,feasible,0.36453201970443355,1.0,2.5517241379310347,8,31.0,23.0,0.7419354838709677,23,23,6,3.625,29,440.0,3.875
high_compressibility,9,capacity_aware_static,C,1,1,15,1,feasible,0.36453201970443355,1.0,2.5517241379310347,29,29.0,0.0,0.0,0,0,1,1.0,29,346.0,1.0
high_compressibility,9,smoothed,none,0,1,15,1,feasible,0.36453201970443355,1.0,2.5517241379310347,9,29.0,20.0,0.6896551724137931,20,20,4,3.2222222222222223,29,497.0,3.2222222222222223
high_compressibility,9,static_min,none,0,2,0,0,peak_demand_exceeds_reachable_stock,0.36453201970443355,1.0,2.5517241379310347,8,inf,inf,1.0,17,17,6,3.625,29,inf,inf
high_compressibility,9,capacity_aware_static,C,2,2,0,1,feasible,0.36453201970443355,1.0,2.5517241379310347,16,16.0,0.0,0.0,0,0,2,1.8125,29,205.0,1.0
high_compressibility,9,smoothed,none,0,2,0,0,peak_demand_exceeds_reachable_stock,0.36453201970443355,1.0,2.5517241379310347,9,inf,inf,1.0,11,11,4,3.2222222222222223,29,inf,inf
high_compressibility,9,static_min,none,0,2,1,0,peak_demand_exceeds_reachable_stock,0.36453201970443355,1.0,2.5517241379310347,8,inf,inf,1.0,17,17,6,3.625,29,inf,inf
high_compressibility,9,capacity_aware_static,C,2,2,1,1,feasible,0.36453201970443355,1.0,2.5517241379310347,16,16.0,0.0,0.0,0,0,2,1.8125,29,205.0,1.0
high_compressibility,9,smoothed,none,0,2,1,0,peak_demand_exceeds_reachable_stock,0.36453201970443355,1.0,2.5517241379310347,9,inf,inf,1.0,11,11,4,3.2222222222222223,29,inf,inf
high_compressibility,9,static_min,none,0,2,2,0,peak_demand_exceeds_reachable_stock,0.36453201970443355,1.0,2.5517241379310347,8,inf,inf,1.0,17,17,6,3.625,29,inf,inf
high_compressibility,9,capacity_aware_static,C,2,2,2,1,feasible,0.36453201970443355,1.0,2.5517241379310347,16,16.0,0.0,0.0,0,0,2,1.8125,29,205.0,1.0
high_compressibility,9,smoothed,none,0,2,2,1,feasible,0.36453201970443355,1.0,2.5517241379310347,9,16.0,7.0,0.4375,11,11,4,3.2222222222222223,29,272.0,1.7777777777777777
high_compressibility,9,static_min,none,0,2,3,0,peak_demand_exceeds_reachable_stock,0.36453201970443355,1.0,2.5517241379310347,8,inf,inf,1.0,17,17,6,3.625,29,inf,inf
high_compressibility,9,capacity_aware_static,C,2,2,3,1,feasible,0.36453201970443355,1.0,2.5517241379310347,16,16.0,0.0,0.0,0,0,2,1.8125,29,205.0,1.0
high_compressibility,9,smoothed,none,0,2,3,1,feasible,0.36453201970443355,1.0,2.5517241379310347,9,15.0,6.0,0.4,11,11,4,3.2222222222222223,29,245.0,1.6666666666666667
high_compressibility,9,static_min,none,0,2,4,1,feasible,0.36453201970443355,1.0,2.5517241379310347,8,17.0,9.0,0.5294117647058824,17,17,6,3.625,29,242.0,2.125
high_compressibility,9,capacity_aware_static,C,2,2,4,1,feasible,0.36453201970443355,1.0,2.5517241379310347,16,16.0,0.0,0.0,0,0,2,1.8125,29,205.0,1.0
high_compressibility,9,smoothed,none,0,2,4,1,feasible,0.36453201970443355,1.0,2.5517241379310347,9,15.0,6.0,0.4,11,11,4,3.2222222222222223,29,245.0,1.6666666666666667
high_compressibility,9,static_min,none,0,2,5,1,feasible,0.36453201970443355,1.0,2.5517241379310347,8,17.0,9.0,0.5294117647058824,17,17,6,3.625,29,242.0,2.125
high_compressibility,9,capacity_aware_static,C,2,2,5,1,feasible,0.36453201970443355,1.0,2.5517241379310347,16,16.0,0.0,0.0,0,0,2,1.8125,29,205.0,1.0
high_compressibility,9,smoothed,none,0,2,5,1,feasible,0.36453201970443355,1.0,2.5517241379310347,9,15.0,6.0,0.4,11,11,4,3.2222222222222223,29,245.0,1.6666666666666667
high_compressibility,9,static_min,none,0,2,6,1,feasible,0.36453201970443355,1.0,2.5517241379310347,8,17.0,9.0,0.5294117647058824,17,17,6,3.625,29,242.0,2.125
high_compressibility,9,capacity_aware_static,C,2,2,6,1,feasible,0.36453201970443355,1.0,2.5517241379310347,16,16.0,0.0,0.0,0,0,2,1.8125,29,205.0,1.0
high_compressibility,9,smoothed,none,0,2,6,1,feasible,0.36453201970443355,1.0,2.5517241379310347,9,15.0,6.0,0.4,11,11,4,3.2222222222222223,29,245.0,1.6666666666666667
high_compressibility,9,static_min,none,0,2,7,1,feasible,0.36453201970443355,1.0,2.5517241379310347,8,17.0,9.0,0.5294117647058824,17,17,6,3.625,29,242.0,2.125
high_compressibility,9,capacity_aware_static,C,2,2,7,1,feasible,0.36453201970443355,1.0,2.5517241379310347,16,16.0,0.0,0.0,0,0,2,1.8125,29,205.0,1.0
high_compressibility,9,smoothed,none,0,2,7,1,feasible,0.36453201970443355,1.0,2.5517241379310347,9,15.0,6.0,0.4,11,11,4,3.2222222222222223,29,245.0,1.6666666666666667
high_compressibility,9,static_min,none,0,2,8,1,feasible,0.36453201970443355,1.0,2.5517241379310347,8,17.0,9.0,0.5294117647058824,17,17,6,3.625,29,242.0,2.125
high_compressibility,9,capacity_aware_static,C,2,2,8,1,feasible,0.36453201970443355,1.0,2.5517241379310347,16,16.0,0.0,0.0,0,0,2,1.8125,29,205.0,1.0
high_compressibility,9,smoothed,none,0,2,8,1,feasible,0.36453201970443355,1.0,2.5517241379310347,9,15.0,6.0,0.4,11,11,4,3.2222222222222223,29,245.0,1.6666666666666667
high_compressibility,9,static_min,none,0,2,9,1,feasible,0.36453201970443355,1.0,2.5517241379310347,8,17.0,9.0,0.5294117647058824,17,17,6,3.625,29,242.0,2.125
high_compressibility,9,capacity_aware_static,C,2,2,9,1,feasible,0.36453201970443355,1.0,2.5517241379310347,16,16.0,0.0,0.0,0,0,2,1.8125,29,205.0,1.0
high_compressibility,9,smoothed,none,0,2,9,1,feasible,0.36453201970443355,1.0,2.5517241379310347,9,15.0,6.0,0.4,11,11,4,3.2222222222222223,29,245.0,1.6666666666666667
high_compressibility,9,static_min,none,0,2,10,1,feasible,0.36453201970443355,1.0,2.5517241379310347,8,17.0,9.0,0.5294117647058824,17,17,6,3.625,29,242.0,2.125
high_compressibility,9,capacity_aware_static,C,2,2,10,1,feasible,0.36453201970443355,1.0,2.5517241379310347,16,16.0,0.0,0.0,0,0,2,1.8125,29,205.0,1.0
high_compressibility,9,smoothed,none,0,2,10,1,feasible,0.36453201970443355,1.0,2.5517241379310347,9,15.0,6.0,0.4,11,11,4,3.2222222222222223,29,245.0,1.6666666666666667
high_compressibility,9,static_min,none,0,2,11,1,feasible,0.36453201970443355,1.0,2.5517241379310347,8,17.0,9.0,0.5294117647058824,17,17,6,3.625,29,242.0,2.125
high_compressibility,9,capacity_aware_static,C,2,2,11,1,feasible,0.36453201970443355,1.0,2.5517241379310347,16,16.0,0.0,0.0,0,0,2,1.8125,29,205.0,1.0
high_compressibility,9,smoothed,none,0,2,11,1,feasible,0.36453201970443355,1.0,2.5517241379310347,9,15.0,6.0,0.4,11,11,4,3.2222222222222223,29,245.0,1.6666666666666667
high_compressibility,9,static_min,none,0,2,12,1,feasible,0.36453201970443355,1.0,2.5517241379310347,8,17.0,9.0,0.5294117647058824,17,17,6,3.625,29,242.0,2.125
high_compressibility,9,capacity_aware_static,C,2,2,12,1,feasible,0.36453201970443355,1.0,2.5517241379310347,16,16.0,0.0,0.0,0,0,2,1.8125,29,205.0,1.0
high_compressibility,9,smoothed,none,0,2,12,1,feasible,0.36453201970443355,1.0,2.5517241379310347,9,15.0,6.0,0.4,11,11,4,3.2222222222222223,29,245.0,1.6666666666666667
high_compressibility,9,static_min,none,0,2,13,1,feasible,0.36453201970443355,1.0,2.5517241379310347,8,17.0,9.0,0.5294117647058824,17,17,6,3.625,29,242.0,2.125
high_compressibility,9,capacity_aware_static,C,2,2,13,1,feasible,0.36453201970443355,1.0,2.5517241379310347,16,16.0,0.0,0.0,0,0,2,1.8125,29,205.0,1.0
high_compressibility,9,smoothed,none,0,2,13,1,feasible,0.36453201970443355,1.0,2.5517241379310347,9,15.0,6.0,0.4,11,11,4,3.2222222222222223,29,245.0,1.6666666666666667
high_compressibility,9,static_min,none,0,2,14,1,feasible,0.36453201970443355,1.0,2.5517241379310347,8,17.0,9.0,0.5294117647058824,17,17,6,3.625,29,242.0,2.125
high_compressibility,9,capacity_aware_static,C,2,2,14,1,feasible,0.36453201970443355,1.0,2.5517241379310347,16,16.0,0.0,0.0,0,0,2,1.8125,29,205.0,1.0
high_compressibility,9,smoothed,none,0,2,14,1,feasible,0.36453201970443355,1.0,2.5517241379310347,9,15.0,6.0,0.4,11,11,4,3.2222222222222223,29,245.0,1.6666666666666667
high_compressibility,9,static_min,none,0,2,15,1,feasible,0.36453201970443355,1.0,2.5517241379310347,8,17.0,9.0,0.5294117647058824,17,17,6,3.625,29,242.0,2.125
high_compressibility,9,capacity_aware_static,C,2,2,15,1,feasible,0.36453201970443355,1.0,2.5517241379310347,16,16.0,0.0,0.0,0,0,2,1.8125,29,205.0,1.0
high_compressibility,9,smoothed,none,0,2,15,1,feasible,0.36453201970443355,1.0,2.5517241379310347,9,15.0,6.0,0.4,11,11,4,3.2222222222222223,29,245.0,1.6666666666666667
high_compressibility,9,static_min,none,0,3,0,0,peak_demand_exceeds_reachable_stock,0.36453201970443355,1.0,2.5517241379310347,8,inf,inf,1.0,12,12,6,3.625,29,inf,inf
high_compressibility,9,capacity_aware_static,C,3,3,0,1,feasible,0.36453201970443355,1.0,2.5517241379310347,11,11.0,0.0,0.0,0,0,3,2.6363636363636362,29,155.0,1.0
high_compressibility,9,smoothed,none,0,3,0,0,peak_demand_exceeds_reachable_stock,0.36453201970443355,1.0,2.5517241379310347,9,inf,inf,1.0,2,2,4,3.2222222222222223,29,inf,inf
high_compressibility,9,static_min,none,0,3,1,0,peak_demand_exceeds_reachable_stock,0.36453201970443355,1.0,2.5517241379310347,8,inf,inf,1.0,12,12,6,3.625,29,inf,inf
high_compressibility,9,capacity_aware_static,C,3,3,1,1,feasible,0.36453201970443355,1.0,2.5517241379310347,11,11.0,0.0,0.0,0,0,3,2.6363636363636362,29,155.0,1.0
high_compressibility,9,smoothed,none,0,3,1,1,feasible,0.36453201970443355,1.0,2.5517241379310347,9,11.0,2.0,0.18181818181818182,2,2,4,3.2222222222222223,29,201.0,1.2222222222222223
high_compressibility,9,static_min,none,0,3,2,0,peak_demand_exceeds_reachable_stock,0.36453201970443355,1.0,2.5517241379310347,8,inf,inf,1.0,12,12,6,3.625,29,inf,inf
high_compressibility,9,capacity_aware_static,C,3,3,2,1,feasible,0.36453201970443355,1.0,2.5517241379310347,11,11.0,0.0,0.0,0,0,3,2.6363636363636362,29,155.0,1.0
high_compressibility,9,smoothed,none,0,3,2,1,feasible,0.36453201970443355,1.0,2.5517241379310347,9,10.0,1.0,0.1,2,2,4,3.2222222222222223,29,174.0,1.1111111111111112
high_compressibility,9,static_min,none,0,3,3,1,feasible,0.36453201970443355,1.0,2.5517241379310347,8,12.0,4.0,0.3333333333333333,12,12,6,3.625,29,172.0,1.5
high_compressibility,9,capacity_aware_static,C,3,3,3,1,feasible,0.36453201970443355,1.0,2.5517241379310347,11,11.0,0.0,0.0,0,0,3,2.6363636363636362,29,155.0,1.0
high_compressibility,9,smoothed,none,0,3,3,1,feasible,0.36453201970443355,1.0,2.5517241379310347,9,10.0,1.0,0.1,2,2,4,3.2222222222222223,29,174.0,1.1111111111111112
high_compressibility,9,static_min,none,0,3,4,1,feasible,0.36453201970443355,1.0,2.5517241379310347,8,12.0,4.0,0.3333333333333333,12,12,6,3.625,29,172.0,1.5
high_compressibility,9,capacity_aware_static,C,3,3,4,1,feasible,0.36453201970443355,1.0,2.5517241379310347,11,11.0,0.0,0.0,0,0,3,2.6363636363636362,29,155.0,1.0
high_compressibility,9,smoothed,none,0,3,4,1,feasible,0.36453201970443355,1.0,2.5517241379310347,9,10.0,1.0,0.1,2,2,4,3.2222222222222223,29,174.0,1.1111111111111112
high_compressibility,9,static_min,none,0,3,5,1,feasible,0.36453201970443355,1.0,2.5517241379310347,8,12.0,4.0,0.3333333333333333,12,12,6,3.625,29,172.0,1.5
high_compressibility,9,capacity_aware_static,C,3,3,5,1,feasible,0.36453201970443355,1.0,2.5517241379310347,11,11.0,0.0,0.0,0,0,3,2.6363636363636362,29,155.0,1.0
high_compressibility,9,smoothed,none,0,3,5,1,feasible,0.36453201970443355,1.0,2.5517241379310347,9,10.0,1.0,0.1,2,2,4,3.2222222222222223,29,174.0,1.1111111111111112
high_compressibility,9,static_min,none,0,3,6,1,feasible,0.36453201970443355,1.0,2.5517241379310347,8,12.0,4.0,0.3333333333333333,12,12,6,3.625,29,172.0,1.5
high_compressibility,9,capacity_aware_static,C,3,3,6,1,feasible,0.36453201970443355,1.0,2.5517241379310347,11,11.0,0.0,0.0,0,0,3,2.6363636363636362,29,155.0,1.0
high_compressibility,9,smoothed,none,0,3,6,1,feasible,0.36453201970443355,1.0,2.5517241379310347,9,10.0,1.0,0.1,2,2,4,3.2222222222222223,29,174.0,1.1111111111111112
high_compressibility,9,static_min,none,0,3,7,1,feasible,0.36453201970443355,1.0,2.5517241379310347,8,12.0,4.0,0.3333333333333333,12,12,6,3.625,29,172.0,1.5
high_compressibility,9,capacity_aware_static,C,3,3,7,1,feasible,0.36453201970443355,1.0,2.5517241379310347,11,11.0,0.0,0.0,0,0,3,2.6363636363636362,29,155.0,1.0
high_compressibility,9,smoothed,none,0,3,7,1,feasible,0.36453201970443355,1.0,2.5517241379310347,9,10.0,1.0,0.1,2,2,4,3.2222222222222223,29,174.0,1.1111111111111112
high_compressibility,9,static_min,none,0,3,8,1,feasible,0.36453201970443355,1.0,2.5517241379310347,8,12.0,4.0,0.3333333333333333,12,12,6,3.625,29,172.0,1.5
high_compressibility,9,capacity_aware_static,C,3,3,8,1,feasible,0.36453201970443355,1.0,2.5517241379310347,11,11.0,0.0,0.0,0,0,3,2.6363636363636362,29,155.0,1.0
high_compressibility,9,smoothed,none,0,3,8,1,feasible,0.36453201970443355,1.0,2.5517241379310347,9,10.0,1.0,0.1,2,2,4,3.2222222222222223,29,174.0,1.1111111111111112
high_compressibility,9,static_min,none,0,3,9,1,feasible,0.36453201970443355,1.0,2.5517241379310347,8,12.0,4.0,0.3333333333333333,12,12,6,3.625,29,172.0,1.5
high_compressibility,9,capacity_aware_static,C,3,3,9,1,feasible,0.36453201970443355,1.0,2.5517241379310347,11,11.0,0.0,0.0,0,0,3,2.6363636363636362,29,155.0,1.0
high_compressibility,9,smoothed,none,0,3,9,1,feasible,0.36453201970443355,1.0,2.5517241379310347,9,10.0,1.0,0.1,2,2,4,3.2222222222222223,29,174.0,1.1111111111111112
high_compressibility,9,static_min,none,0,3,10,1,feasible,0.36453201970443355,1.0,2.5517241379310347,8,12.0,4.0,0.3333333333333333,12,12,6,3.625,29,172.0,1.5
high_compressibility,9,capacity_aware_static,C,3,3,10,1,feasible,0.36453201970443355,1.0,2.5517241379310347,11,11.0,0.0,0.0,0,0,3,2.6363636363636362,29,155.0,1.0
high_compressibility,9,smoothed,none,0,3,10,1,feasible,0.36453201970443355,1.0,2.5517241379310347,9,10.0,1.0,0.1,2,2,4,3.2222222222222223,29,174.0,1.1111111111111112
high_compressibility,9,static_min,none,0,3,11,1,feasible,0.36453201970443355,1.0,2.5517241379310347,8,12.0,4.0,0.3333333333333333,12,12,6,3.625,29,172.0,1.5
high_compressibility,9,capacity_aware_static,C,3,3,11,1,feasible,0.36453201970443355,1.0,2.5517241379310347,11,11.0,0.0,0.0,0,0,3,2.6363636363636362,29,155.0,1.0
high_compressibility,9,smoothed,none,0,3,11,1,feasible,0.36453201970443355,1.0,2.5517241379310347,9,10.0,1.0,0.1,2,2,4,3.2222222222222223,29,174.0,1.1111111111111112
high_compressibility,9,static_min,none,0,3,12,1,feasible,0.36453201970443355,1.0,2.5517241379310347,8,12.0,4.0,0.3333333333333333,12,12,6,3.625,29,172.0,1.5
high_compressibility,9,capacity_aware_static,C,3,3,12,1,feasible,0.36453201970443355,1.0,2.5517241379310347,11,11.0,0.0,0.0,0,0,3,2.6363636363636362,29,155.0,1.0
high_compressibility,9,smoothed,none,0,3,12,1,feasible,0.36453201970443355,1.0,2.5517241379310347,9,10.0,1.0,0.1,2,2,4,3.2222222222222223,29,174.0,1.1111111111111112
high_compressibility,9,static_min,none,0,3,13,1,feasible,0.36453201970443355,1.0,2.5517241379310347,8,12.0,4.0,0.3333333333333333,12,12,6,3.625,29,172.0,1.5
high_compressibility,9,capacity_aware_static,C,3,3,13,1,feasible,0.36453201970443355,1.0,2.5517241379310347,11,11.0,0.0,0.0,0,0,3,2.6363636363636362,29,155.0,1.0
high_compressibility,9,smoothed,none,0,3,13,1,feasible,0.36453201970443355,1.0,2.5517241379310347,9,10.0,1.0,0.1,2,2,4,3.2222222222222223,29,174.0,1.1111111111111112
high_compressibility,9,static_min,none,0,3,14,1,feasible,0.36453201970443355,1.0,2.5517241379310347,8,12.0,4.0,0.3333333333333333,12,12,6,3.625,29,172.0,1.5
high_compressibility,9,capacity_aware_static,C,3,3,14,1,feasible,0.36453201970443355,1.0,2.5517241379310347,11,11.0,0.0,0.0,0,0,3,2.6363636363636362,29,155.0,1.0
high_compressibility,9,smoothed,none,0,3,14,1,feasible,0.36453201970443355,1.0,2.5517241379310347,9,10.0,1.0,0.1,2,2,4,3.2222222222222223,29,174.0,1.1111111111111112
high_compressibility,9,static_min,none,0,3,15,1,feasible,0.36453201970443355,1.0,2.5517241379310347,8,12.0,4.0,0.3333333333333333,12,12,6,3.625,29,172.0,1.5
high_compressibility,9,capacity_aware_static,C,3,3,15,1,feasible,0.36453201970443355,1.0,2.5517241379310347,11,11.0,0.0,0.0,0,0,3,2.6363636363636362,29,155.0,1.0
high_compressibility,9,smoothed,none,0,3,15,1,feasible,0.36453201970443355,1.0,2.5517241379310347,9,10.0,1.0,0.1,2,2,4,3.2222222222222223,29,174.0,1.1111111111111112
high_compressibility,9,static_min,none,0,4,0,0,peak_demand_exceeds_reachable_stock,0.36453201970443355,1.0,2.5517241379310347,8,inf,inf,1.0,7,7,6,3.625,29,inf,inf
high_compressibility,9,capacity_aware_static,C,4,4,0,1,feasible,0.36453201970443355,1.0,2.5517241379310347,9,9.0,0.0,0.0,0,0,4,3.2222222222222223,29,132.0,1.0
high_compressibility,9,smoothed,none,0,4,0,1,feasible,0.36453201970443355,1.0,2.5517241379310347,9,9.0,0.0,0.0,0,0,4,3.2222222222222223,29,148.0,1.0
high_compressibility,9,static_min,none,0,4,1,0,peak_demand_exceeds_reachable_stock,0.36453201970443355,1.0,2.5517241379310347,8,inf,inf,1.0,7,7,6,3.625,29,inf,inf
high_compressibility,9,capacity_aware_static,C,4,4,1,1,feasible,0.36453201970443355,1.0,2.5517241379310347,9,9.0,0.0,0.0,0,0,4,3.2222222222222223,29,132.0,1.0
high_compressibility,9,smoothed,none,0,4,1,1,feasible,0.36453201970443355,1.0,2.5517241379310347,9,9.0,0.0,0.0,0,0,4,3.2222222222222223,29,148.0,1.0
high_compressibility,9,static_min,none,0,4,2,1,feasible,0.36453201970443355,1.0,2.5517241379310347,8,12.0,4.0,0.3333333333333333,7,7,6,3.625,29,172.0,1.5
high_compressibility,9,capacity_aware_static,C,4,4,2,1,feasible,0.36453201970443355,1.0,2.5517241379310347,9,9.0,0.0,0.0,0,0,4,3.2222222222222223,29,132.0,1.0
high_compressibility,9,smoothed,none,0,4,2,1,feasible,0.36453201970443355,1.0,2.5517241379310347,9,9.0,0.0,0.0,0,0,4,3.2222222222222223,29,148.0,1.0
high_compressibility,9,static_min,none,0,4,3,1,feasible,0.36453201970443355,1.0,2.5517241379310347,8,11.0,3.0,0.2727272727272727,7,7,6,3.625,29,158.0,1.375
high_compressibility,9,capacity_aware_static,C,4,4,3,1,feasible,0.36453201970443355,1.0,2.5517241379310347,9,9.0,0.0,0.0,0,0,4,3.2222222222222223,29,132.0,1.0
high_compressibility,9,smoothed,none,0,4,3,1,feasible,0.36453201970443355,1.0,2.5517241379310347,9,9.0,0.0,0.0,0,0,4,3.2222222222222223,29,148.0,1.0
high_compressibility,9,static_min,none,0,4,4,1,feasible,0.36453201970443355,1.0,2.5517241379310347,8,10.0,2.0,0.2,7,7,6,3.625,29,143.0,1.25
high_compressibility,9,capacity_aware_static,C,4,4,4,1,feasible,0.36453201970443355,1.0,2.5517241379310347,9,9.0,0.0,0.0,0,0,4,3.2222222222222223,29,132.0,1.0
high_compressibility,9,smoothed,none,0,4,4,1,feasible,0.36453201970443355,1.0,2.5517241379310347,9,9.0,0.0,0.0,0,0,4,3.2222222222222223,29,148.0,1.0
high_compressibility,9,static_min,none,0,4,5,1,feasible,0.36453201970443355,1.0,2.5517241379310347,8,10.0,2.0,0.2,7,7,6,3.625,29,143.0,1.25
high_compressibility,9,capacity_aware_static,C,4,4,5,1,feasible,0.36453201970443355,1.0,2.5517241379310347,9,9.0,0.0,0.0,0,0,4,3.2222222222222223,29,132.0,1.0
high_compressibility,9,smoothed,none,0,4,5,1,feasible,0.36453201970443355,1.0,2.5517241379310347,9,9.0,0.0,0.0,0,0,4,3.2222222222222223,29,148.0,1.0
high_compressibility,9,static_min,none,0,4,6,1,feasible,0.36453201970443355,1.0,2.5517241379310347,8,10.0,2.0,0.2,7,7,6,3.625,29,143.0,1.25
high_compressibility,9,capacity_aware_static,C,4,4,6,1,feasible,0.36453201970443355,1.0,2.5517241379310347,9,9.0,0.0,0.0,0,0,4,3.2222222222222223,29,132.0,1.0
high_compressibility,9,smoothed,none,0,4,6,1,feasible,0.36453201970443355,1.0,2.5517241379310347,9,9.0,0.0,0.0,0,0,4,3.2222222222222223,29,148.0,1.0
high_compressibility,9,static_min,none,0,4,7,1,feasible,0.36453201970443355,1.0,2.5517241379310347,8,10.0,2.0,0.2,7,7,6,3.625,29,143.0,1.25
high_compressibility,9,capacity_aware_static,C,4,4,7,1,feasible,0.36453201970443355,1.0,2.5517241379310347,9,9.0,0.0,0.0,0,0,4,3.2222222222222223,29,132.0,1.0
high_compressibility,9,smoothed,none,0,4,7,1,feasible,0.36453201970443355,1.0,2.5517241379310347,9,9.0,0.0,0.0,0,0,4,3.2222222222222223,29,148.0,1.0
high_compressibility,9,static_min,none,0,4,8,1,feasible,0.36453201970443355,1.0,2.5517241379310347,8,10.0,2.0,0.2,7,7,6,3.625,29,143.0,1.25
high_compressibility,9,capacity_aware_static,C,4,4,8,1,feasible,0.36453201970443355,1.0,2.5517241379310347,9,9.0,0.0,0.0,0,0,4,3.2222222222222223,29,132.0,1.0
high_compressibility,9,smoothed,none,0,4,8,1,feasible,0.36453201970443355,1.0,2.5517241379310347,9,9.0,0.0,0.0,0,0,4,3.2222222222222223,29,148.0,1.0
high_compressibility,9,static_min,none,0,4,9,1,feasible,0.36453201970443355,1.0,2.5517241379310347,8,10.0,2.0,0.2,7,7,6,3.625,29,143.0,1.25
high_compressibility,9,capacity_aware_static,C,4,4,9,1,feasible,0.36453201970443355,1.0,2.5517241379310347,9,9.0,0.0,0.0,0,0,4,3.2222222222222223,29,132.0,1.0
high_compressibility,9,smoothed,none,0,4,9,1,feasible,0.36453201970443355,1.0,2.5517241379310347,9,9.0,0.0,0.0,0,0,4,3.2222222222222223,29,148.0,1.0
high_compressibility,9,static_min,none,0,4,10,1,feasible,0.36453201970443355,1.0,2.5517241379310347,8,10.0,2.0,0.2,7,7,6,3.625,29,143.0,1.25
high_compressibility,9,capacity_aware_static,C,4,4,10,1,feasible,0.36453201970443355,1.0,2.5517241379310347,9,9.0,0.0,0.0,0,0,4,3.2222222222222223,29,132.0,1.0
high_compressibility,9,smoothed,none,0,4,10,1,feasible,0.36453201970443355,1.0,2.5517241379310347,9,9.0,0.0,0.0,0,0,4,3.2222222222222223,29,148.0,1.0
high_compressibility,9,static_min,none,0,4,11,1,feasible,0.36453201970443355,1.0,2.5517241379310347,8,10.0,2.0,0.2,7,7,6,3.625,29,143.0,1.25
high_compressibility,9,capacity_aware_static,C,4,4,11,1,feasible,0.36453201970443355,1.0,2.5517241379310347,9,9.0,0.0,0.0,0,0,4,3.2222222222222223,29,132.0,1.0
high_compressibility,9,smoothed,none,0,4,11,1,feasible,0.36453201970443355,1.0,2.5517241379310347,9,9.0,0.0,0.0,0,0,4,3.2222222222222223,29,148.0,1.0
high_compressibility,9,static_min,none,0,4,12,1,feasible,0.36453201970443355,1.0,2.5517241379310347,8,10.0,2.0,0.2,7,7,6,3.625,29,143.0,1.25
high_compressibility,9,capacity_aware_static,C,4,4,12,1,feasible,0.36453201970443355,1.0,2.5517241379310347,9,9.0,0.0,0.0,0,0,4,3.2222222222222223,29,132.0,1.0
high_compressibility,9,smoothed,none,0,4,12,1,feasible,0.36453201970443355,1.0,2.5517241379310347,9,9.0,0.0,0.0,0,0,4,3.2222222222222223,29,148.0,1.0
high_compressibility,9,static_min,none,0,4,13,1,feasible,0.36453201970443355,1.0,2.5517241379310347,8,10.0,2.0,0.2,7,7,6,3.625,29,143.0,1.25
high_compressibility,9,capacity_aware_static,C,4,4,13,1,feasible,0.36453201970443355,1.0,2.5517241379310347,9,9.0,0.0,0.0,0,0,4,3.2222222222222223,29,132.0,1.0
high_compressibility,9,smoothed,none,0,4,13,1,feasible,0.36453201970443355,1.0,2.5517241379310347,9,9.0,0.0,0.0,0,0,4,3.2222222222222223,29,148.0,1.0
high_compressibility,9,static_min,none,0,4,14,1,feasible,0.36453201970443355,1.0,2.5517241379310347,8,10.0,2.0,0.2,7,7,6,3.625,29,143.0,1.25
high_compressibility,9,capacity_aware_static,C,4,4,14,1,feasible,0.36453201970443355,1.0,2.5517241379310347,9,9.0,0.0,0.0,0,0,4,3.2222222222222223,29,132.0,1.0
high_compressibility,9,smoothed,none,0,4,14,1,feasible,0.36453201970443355,1.0,2.5517241379310347,9,9.0,0.0,0.0,0,0,4,3.2222222222222223,29,148.0,1.0
high_compressibility,9,static_min,none,0,4,15,1,feasible,0.36453201970443355,1.0,2.5517241379310347,8,10.0,2.0,0.2,7,7,6,3.625,29,143.0,1.25
high_compressibility,9,capacity_aware_static,C,4,4,15,1,feasible,0.36453201970443355,1.0,2.5517241379310347,9,9.0,0.0,0.0,0,0,4,3.2222222222222223,29,132.0,1.0
high_compressibility,9,smoothed,none,0,4,15,1,feasible,0.36453201970443355,1.0,2.5517241379310347,9,9.0,0.0,0.0,0,0,4,3.2222222222222223,29,148.0,1.0
high_compressibility,9,static_min,none,0,5,0,0,peak_demand_exceeds_reachable_stock,0.36453201970443355,1.0,2.5517241379310347,8,inf,inf,1.0,3,3,6,3.625,29,inf,inf
high_compressibility,9,capacity_aware_static,C,5,5,0,1,feasible,0.36453201970443355,1.0,2.5517241379310347,8,8.0,0.0,0.0,0,0,5,3.625,29,121.0,1.0
high_compressibility,9,smoothed,none,0,5,0,1,feasible,0.36453201970443355,1.0,2.5517241379310347,9,9.0,0.0,0.0,0,0,4,3.2222222222222223,29,148.0,1.0
high_compressibility,9,static_min,none,0,5,1,1,feasible,0.36453201970443355,1.0,2.5517241379310347,8,11.0,3.0,0.2727272727272727,3,3,6,3.625,29,158.0,1.375
high_compressibility,9,capacity_aware_static,C,5,5,1,1,feasible,0.36453201970443355,1.0,2.5517241379310347,8,8.0,0.0,0.0,0,0,5,3.625,29,121.0,1.0
high_compressibility,9,smoothed,none,0,5,1,1,feasible,0.36453201970443355,1.0,2.5517241379310347,9,9.0,0.0,0.0,0,0,4,3.2222222222222223,29,148.0,1.0
high_compressibility,9,static_min,none,0,5,2,1,feasible,0.36453201970443355,1.0,2.5517241379310347,8,10.0,2.0,0.2,3,3,6,3.625,29,143.0,1.25
high_compressibility,9,capacity_aware_static,C,5,5,2,1,feasible,0.36453201970443355,1.0,2.5517241379310347,8,8.0,0.0,0.0,0,0,5,3.625,29,121.0,1.0
high_compressibility,9,smoothed,none,0,5,2,1,feasible,0.36453201970443355,1.0,2.5517241379310347,9,9.0,0.0,0.0,0,0,4,3.2222222222222223,29,148.0,1.0
high_compressibility,9,static_min,none,0,5,3,1,feasible,0.36453201970443355,1.0,2.5517241379310347,8,9.0,1.0,0.1111111111111111,3,3,6,3.625,29,127.0,1.125
high_compressibility,9,capacity_aware_static,C,5,5,3,1,feasible,0.36453201970443355,1.0,2.5517241379310347,8,8.0,0.0,0.0,0,0,5,3.625,29,121.0,1.0
high_compressibility,9,smoothed,none,0,5,3,1,feasible,0.36453201970443355,1.0,2.5517241379310347,9,9.0,0.0,0.0,0,0,4,3.2222222222222223,29,148.0,1.0
high_compressibility,9,static_min,none,0,5,4,1,feasible,0.36453201970443355,1.0,2.5517241379310347,8,9.0,1.0,0.1111111111111111,3,3,6,3.625,29,127.0,1.125
high_compressibility,9,capacity_aware_static,C,5,5,4,1,feasible,0.36453201970443355,1.0,2.5517241379310347,8,8.0,0.0,0.0,0,0,5,3.625,29,121.0,1.0
high_compressibility,9,smoothed,none,0,5,4,1,feasible,0.36453201970443355,1.0,2.5517241379310347,9,9.0,0.0,0.0,0,0,4,3.2222222222222223,29,148.0,1.0
high_compressibility,9,static_min,none,0,5,5,1,feasible,0.36453201970443355,1.0,2.5517241379310347,8,9.0,1.0,0.1111111111111111,3,3,6,3.625,29,127.0,1.125
high_compressibility,9,capacity_aware_static,C,5,5,5,1,feasible,0.36453201970443355,1.0,2.5517241379310347,8,8.0,0.0,0.0,0,0,5,3.625,29,121.0,1.0
high_compressibility,9,smoothed,none,0,5,5,1,feasible,0.36453201970443355,1.0,2.5517241379310347,9,9.0,0.0,0.0,0,0,4,3.2222222222222223,29,148.0,1.0
high_compressibility,9,static_min,none,0,5,6,1,feasible,0.36453201970443355,1.0,2.5517241379310347,8,9.0,1.0,0.1111111111111111,3,3,6,3.625,29,127.0,1.125
high_compressibility,9,capacity_aware_static,C,5,5,6,1,feasible,0.36453201970443355,1.0,2.5517241379310347,8,8.0,0.0,0.0,0,0,5,3.625,29,121.0,1.0
high_compressibility,9,smoothed,none,0,5,6,1,feasible,0.36453201970443355,1.0,2.5517241379310347,9,9.0,0.0,0.0,0,0,4,3.2222222222222223,29,148.0,1.0
high_compressibility,9,static_min,none,0,5,7,1,feasible,0.36453201970443355,1.0,2.5517241379310347,8,9.0,1.0,0.1111111111111111,3,3,6,3.625,29,127.0,1.125
high_compressibility,9,capacity_aware_static,C,5,5,7,1,feasible,0.36453201970443355,1.0,2.5517241379310347,8,8.0,0.0,0.0,0,0,5,3.625,29,121.0,1.0
high_compressibility,9,smoothed,none,0,5,7,1,feasible,0.36453201970443355,1.0,2.5517241379310347,9,9.0,0.0,0.0,0,0,4,3.2222222222222223,29,148.0,1.0
high_compressibility,9,static_min,none,0,5,8,1,feasible,0.36453201970443355,1.0,2.5517241379310347,8,9.0,1.0,0.1111111111111111,3,3,6,3.625,29,127.0,1.125
high_compressibility,9,capacity_aware_static,C,5,5,8,1,feasible,0.36453201970443355,1.0,2.5517241379310347,8,8.0,0.0,0.0,0,0,5,3.625,29,121.0,1.0
high_compressibility,9,smoothed,none,0,5,8,1,feasible,0.36453201970443355,1.0,2.5517241379310347,9,9.0,0.0,0.0,0,0,4,3.2222222222222223,29,148.0,1.0
high_compressibility,9,static_min,none,0,5,9,1,feasible,0.36453201970443355,1.0,2.5517241379310347,8,9.0,1.0,0.1111111111111111,3,3,6,3.625,29,127.0,1.125
high_compressibility,9,capacity_aware_static,C,5,5,9,1,feasible,0.36453201970443355,1.0,2.5517241379310347,8,8.0,0.0,0.0,0,0,5,3.625,29,121.0,1.0
high_compressibility,9,smoothed,none,0,5,9,1,feasible,0.36453201970443355,1.0,2.5517241379310347,9,9.0,0.0,0.0,0,0,4,3.2222222222222223,29,148.0,1.0
high_compressibility,9,static_min,none,0,5,10,1,feasible,0.36453201970443355,1.0,2.5517241379310347,8,9.0,1.0,0.1111111111111111,3,3,6,3.625,29,127.0,1.125
high_compressibility,9,capacity_aware_static,C,5,5,10,1,feasible,0.36453201970443355,1.0,2.5517241379310347,8,8.0,0.0,0.0,0,0,5,3.625,29,121.0,1.0
high_compressibility,9,smoothed,none,0,5,10,1,feasible,0.36453201970443355,1.0,2.5517241379310347,9,9.0,0.0,0.0,0,0,4,3.2222222222222223,29,148.0,1.0
high_compressibility,9,static_min,none,0,5,11,1,feasible,0.36453201970443355,1.0,2.5517241379310347,8,9.0,1.0,0.1111111111111111,3,3,6,3.625,29,127.0,1.125
high_compressibility,9,capacity_aware_static,C,5,5,11,1,feasible,0.36453201970443355,1.0,2.5517241379310347,8,8.0,0.0,0.0,0,0,5,3.625,29,121.0,1.0
high_compressibility,9,smoothed,none,0,5,11,1,feasible,0.36453201970443355,1.0,2.5517241379310347,9,9.0,0.0,0.0,0,0,4,3.2222222222222223,29,148.0,1.0
high_compressibility,9,static_min,none,0,5,12,1,feasible,0.36453201970443355,1.0,2.5517241379310347,8,9.0,1.0,0.1111111111111111,3,3,6,3.625,29,127.0,1.125
high_compressibility,9,capacity_aware_static,C,5,5,12,1,feasible,0.36453201970443355,1.0,2.5517241379310347,8,8.0,0.0,0.0,0,0,5,3.625,29,121.0,1.0
high_compressibility,9,smoothed,none,0,5,12,1,feasible,0.36453201970443355,1.0,2.5517241379310347,9,9.0,0.0,0.0,0,0,4,3.2222222222222223,29,148.0,1.0
high_compressibility,9,static_min,none,0,5,13,1,feasible,0.36453201970443355,1.0,2.5517241379310347,8,9.0,1.0,0.1111111111111111,3,3,6,3.625,29,127.0,1.125
high_compressibility,9,capacity_aware_static,C,5,5,13,1,feasible,0.36453201970443355,1.0,2.5517241379310347,8,8.0,0.0,0.0,0,0,5,3.625,29,121.0,1.0
high_compressibility,9,smoothed,none,0,5,13,1,feasible,0.36453201970443355,1.0,2.5517241379310347,9,9.0,0.0,0.0,0,0,4,3.2222222222222223,29,148.0,1.0
high_compressibility,9,static_min,none,0,5,14,1,feasible,0.36453201970443355,1.0,2.5517241379310347,8,9.0,1.0,0.1111111111111111,3,3,6,3.625,29,127.0,1.125
high_compressibility,9,capacity_aware_static,C,5,5,14,1,feasible,0.36453201970443355,1.0,2.5517241379310347,8,8.0,0.0,0.0,0,0,5,3.625,29,121.0,1.0
high_compressibility,9,smoothed,none,0,5,14,1,feasible,0.36453201970443355,1.0,2.5517241379310347,9,9.0,0.0,0.0,0,0,4,3.2222222222222223,29,148.0,1.0
high_compressibility,9,static_min,none,0,5,15,1,feasible,0.36453201970443355,1.0,2.5517241379310347,8,9.0,1.0,0.1111111111111111,3,3,6,3.625,29,127.0,1.125
high_compressibility,9,capacity_aware_static,C,5,5,15,1,feasible,0.36453201970443355,1.0,2.5517241379310347,8,8.0,0.0,0.0,0,0,5,3.625,29,121.0,1.0
high_compressibility,9,smoothed,none,0,5,15,1,feasible,0.36453201970443355,1.0,2.5517241379310347,9,9.0,0.0,0.0,0,0,4,3.2222222222222223,29,148.0,1.0
high_compressibility,9,static_min,none,0,6,0,1,feasible,0.36453201970443355,1.0,2.5517241379310347,8,8.0,0.0,0.0,0,0,6,3.625,29,119.0,1.0
high_compressibility,9,capacity_aware_static,C,6,6,0,1,feasible,0.36453201970443355,1.0,2.5517241379310347,8,8.0,0.0,0.0,0,0,6,3.625,29,119.0,1.0
high_compressibility,9,smoothed,none,0,6,0,1,feasible,0.36453201970443355,1.0,2.5517241379310347,9,9.0,0.0,0.0,0,0,4,3.2222222222222223,29,148.0,1.0
high_compressibility,9,static_min,none,0,6,1,1,feasible,0.36453201970443355,1.0,2.5517241379310347,8,8.0,0.0,0.0,0,0,6,3.625,29,119.0,1.0
high_compressibility,9,capacity_aware_static,C,6,6,1,1,feasible,0.36453201970443355,1.0,2.5517241379310347,8,8.0,0.0,0.0,0,0,6,3.625,29,119.0,1.0
high_compressibility,9,smoothed,none,0,6,1,1,feasible,0.36453201970443355,1.0,2.5517241379310347,9,9.0,0.0,0.0,0,0,4,3.2222222222222223,29,148.0,1.0
high_compressibility,9,static_min,none,0,6,2,1,feasible,0.36453201970443355,1.0,2.5517241379310347,8,8.0,0.0,0.0,0,0,6,3.625,29,119.0,1.0
high_compressibility,9,capacity_aware_static,C,6,6,2,1,feasible,0.36453201970443355,1.0,2.5517241379310347,8,8.0,0.0,0.0,0,0,6,3.625,29,119.0,1.0
high_compressibility,9,smoothed,none,0,6,2,1,feasible,0.36453201970443355,1.0,2.5517241379310347,9,9.0,0.0,0.0,0,0,4,3.2222222222222223,29,148.0,1.0
high_compressibility,9,static_min,none,0,6,3,1,feasible,0.36453201970443355,1.0,2.5517241379310347,8,8.0,0.0,0.0,0,0,6,3.625,29,119.0,1.0
high_compressibility,9,capacity_aware_static,C,6,6,3,1,feasible,0.36453201970443355,1.0,2.5517241379310347,8,8.0,0.0,0.0,0,0,6,3.625,29,119.0,1.0
high_compressibility,9,smoothed,none,0,6,3,1,feasible,0.36453201970443355,1.0,2.5517241379310347,9,9.0,0.0,0.0,0,0,4,3.2222222222222223,29,148.0,1.0
high_compressibility,9,static_min,none,0,6,4,1,feasible,0.36453201970443355,1.0,2.5517241379310347,8,8.0,0.0,0.0,0,0,6,3.625,29,119.0,1.0
high_compressibility,9,capacity_aware_static,C,6,6,4,1,feasible,0.36453201970443355,1.0,2.5517241379310347,8,8.0,0.0,0.0,0,0,6,3.625,29,119.0,1.0
high_compressibility,9,smoothed,none,0,6,4,1,feasible,0.36453201970443355,1.0,2.5517241379310347,9,9.0,0.0,0.0,0,0,4,3.2222222222222223,29,148.0,1.0
high_compressibility,9,static_min,none,0,6,5,1,feasible,0.36453201970443355,1.0,2.5517241379310347,8,8.0,0.0,0.0,0,0,6,3.625,29,119.0,1.0
high_compressibility,9,capacity_aware_static,C,6,6,5,1,feasible,0.36453201970443355,1.0,2.5517241379310347,8,8.0,0.0,0.0,0,0,6,3.625,29,119.0,1.0
high_compressibility,9,smoothed,none,0,6,5,1,feasible,0.36453201970443355,1.0,2.5517241379310347,9,9.0,0.0,0.0,0,0,4,3.2222222222222223,29,148.0,1.0
high_compressibility,9,static_min,none,0,6,6,1,feasible,0.36453201970443355,1.0,2.5517241379310347,8,8.0,0.0,0.0,0,0,6,3.625,29,119.0,1.0
high_compressibility,9,capacity_aware_static,C,6,6,6,1,feasible,0.36453201970443355,1.0,2.5517241379310347,8,8.0,0.0,0.0,0,0,6,3.625,29,119.0,1.0
high_compressibility,9,smoothed,none,0,6,6,1,feasible,0.36453201970443355,1.0,2.5517241379310347,9,9.0,0.0,0.0,0,0,4,3.2222222222222223,29,148.0,1.0
high_compressibility,9,static_min,none,0,6,7,1,feasible,0.36453201970443355,1.0,2.5517241379310347,8,8.0,0.0,0.0,0,0,6,3.625,29,119.0,1.0
high_compressibility,9,capacity_aware_static,C,6,6,7,1,feasible,0.36453201970443355,1.0,2.5517241379310347,8,8.0,0.0,0.0,0,0,6,3.625,29,119.0,1.0
high_compressibility,9,smoothed,none,0,6,7,1,feasible,0.36453201970443355,1.0,2.5517241379310347,9,9.0,0.0,0.0,0,0,4,3.2222222222222223,29,148.0,1.0
high_compressibility,9,static_min,none,0,6,8,1,feasible,0.36453201970443355,1.0,2.5517241379310347,8,8.0,0.0,0.0,0,0,6,3.625,29,119.0,1.0
high_compressibility,9,capacity_aware_static,C,6,6,8,1,feasible,0.36453201970443355,1.0,2.5517241379310347,8,8.0,0.0,0.0,0,0,6,3.625,29,119.0,1.0
high_compressibility,9,smoothed,none,0,6,8,1,feasible,0.36453201970443355,1.0,2.5517241379310347,9,9.0,0.0,0.0,0,0,4,3.2222222222222223,29,148.0,1.0
high_compressibility,9,static_min,none,0,6,9,1,feasible,0.36453201970443355,1.0,2.5517241379310347,8,8.0,0.0,0.0,0,0,6,3.625,29,119.0,1.0
high_compressibility,9,capacity_aware_static,C,6,6,9,1,feasible,0.36453201970443355,1.0,2.5517241379310347,8,8.0,0.0,0.0,0,0,6,3.625,29,119.0,1.0
high_compressibility,9,smoothed,none,0,6,9,1,feasible,0.36453201970443355,1.0,2.5517241379310347,9,9.0,0.0,0.0,0,0,4,3.2222222222222223,29,148.0,1.0
high_compressibility,9,static_min,none,0,6,10,1,feasible,0.36453201970443355,1.0,2.5517241379310347,8,8.0,0.0,0.0,0,0,6,3.625,29,119.0,1.0
high_compressibility,9,capacity_aware_static,C,6,6,10,1,feasible,0.36453201970443355,1.0,2.5517241379310347,8,8.0,0.0,0.0,0,0,6,3.625,29,119.0,1.0
high_compressibility,9,smoothed,none,0,6,10,1,feasible,0.36453201970443355,1.0,2.5517241379310347,9,9.0,0.0,0.0,0,0,4,3.2222222222222223,29,148.0,1.0
high_compressibility,9,static_min,none,0,6,11,1,feasible,0.36453201970443355,1.0,2.5517241379310347,8,8.0,0.0,0.0,0,0,6,3.625,29,119.0,1.0
high_compressibility,9,capacity_aware_static,C,6,6,11,1,feasible,0.36453201970443355,1.0,2.5517241379310347,8,8.0,0.0,0.0,0,0,6,3.625,29,119.0,1.0
high_compressibility,9,smoothed,none,0,6,11,1,feasible,0.36453201970443355,1.0,2.5517241379310347,9,9.0,0.0,0.0,0,0,4,3.2222222222222223,29,148.0,1.0
high_compressibility,9,static_min,none,0,6,12,1,feasible,0.36453201970443355,1.0,2.5517241379310347,8,8.0,0.0,0.0,0,0,6,3.625,29,119.0,1.0
high_compressibility,9,capacity_aware_static,C,6,6,12,1,feasible,0.36453201970443355,1.0,2.5517241379310347,8,8.0,0.0,0.0,0,0,6,3.625,29,119.0,1.0
high_compressibility,9,smoothed,none,0,6,12,1,feasible,0.36453201970443355,1.0,2.5517241379310347,9,9.0,0.0,0.0,0,0,4,3.2222222222222223,29,148.0,1.0
high_compressibility,9,static_min,none,0,6,13,1,feasible,0.36453201970443355,1.0,2.5517241379310347,8,8.0,0.0,0.0,0,0,6,3.625,29,119.0,1.0
high_compressibility,9,capacity_aware_static,C,6,6,13,1,feasible,0.36453201970443355,1.0,2.5517241379310347,8,8.0,0.0,0.0,0,0,6,3.625,29,119.0,1.0
high_compressibility,9,smoothed,none,0,6,13,1,feasible,0.36453201970443355,1.0,2.5517241379310347,9,9.0,0.0,0.0,0,0,4,3.2222222222222223,29,148.0,1.0
high_compressibility,9,static_min,none,0,6,14,1,feasible,0.36453201970443355,1.0,2.5517241379310347,8,8.0,0.0,0.0,0,0,6,3.625,29,119.0,1.0
high_compressibility,9,capacity_aware_static,C,6,6,14,1,feasible,0.36453201970443355,1.0,2.5517241379310347,8,8.0,0.0,0.0,0,0,6,3.625,29,119.0,1.0
high_compressibility,9,smoothed,none,0,6,14,1,feasible,0.36453201970443355,1.0,2.5517241379310347,9,9.0,0.0,0.0,0,0,4,3.2222222222222223,29,148.0,1.0
high_compressibility,9,static_min,none,0,6,15,1,feasible,0.36453201970443355,1.0,2.5517241379310347,8,8.0,0.0,0.0,0,0,6,3.625,29,119.0,1.0
high_compressibility,9,capacity_aware_static,C,6,6,15,1,feasible,0.36453201970443355,1.0,2.5517241379310347,8,8.0,0.0,0.0,0,0,6,3.625,29,119.0,1.0
high_compressibility,9,smoothed,none,0,6,15,1,feasible,0.36453201970443355,1.0,2.5517241379310347,9,9.0,0.0,0.0,0,0,4,3.2222222222222223,29,148.0,1.0
high_compressibility,9,static_min,none,0,7,0,1,feasible,0.36453201970443355,1.0,2.5517241379310347,8,8.0,0.0,0.0,0,0,6,3.625,29,119.0,1.0
high_compressibility,9,capacity_aware_static,C,7,7,0,1,feasible,0.36453201970443355,1.0,2.5517241379310347,8,8.0,0.0,0.0,0,0,6,3.625,29,119.0,1.0
high_compressibility,9,smoothed,none,0,7,0,1,feasible,0.36453201970443355,1.0,2.5517241379310347,9,9.0,0.0,0.0,0,0,4,3.2222222222222223,29,148.0,1.0
high_compressibility,9,static_min,none,0,7,1,1,feasible,0.36453201970443355,1.0,2.5517241379310347,8,8.0,0.0,0.0,0,0,6,3.625,29,119.0,1.0
high_compressibility,9,capacity_aware_static,C,7,7,1,1,feasible,0.36453201970443355,1.0,2.5517241379310347,8,8.0,0.0,0.0,0,0,6,3.625,29,119.0,1.0
high_compressibility,9,smoothed,none,0,7,1,1,feasible,0.36453201970443355,1.0,2.5517241379310347,9,9.0,0.0,0.0,0,0,4,3.2222222222222223,29,148.0,1.0
high_compressibility,9,static_min,none,0,7,2,1,feasible,0.36453201970443355,1.0,2.5517241379310347,8,8.0,0.0,0.0,0,0,6,3.625,29,119.0,1.0
high_compressibility,9,capacity_aware_static,C,7,7,2,1,feasible,0.36453201970443355,1.0,2.5517241379310347,8,8.0,0.0,0.0,0,0,6,3.625,29,119.0,1.0
high_compressibility,9,smoothed,none,0,7,2,1,feasible,0.36453201970443355,1.0,2.5517241379310347,9,9.0,0.0,0.0,0,0,4,3.2222222222222223,29,148.0,1.0
high_compressibility,9,static_min,none,0,7,3,1,feasible,0.36453201970443355,1.0,2.5517241379310347,8,8.0,0.0,0.0,0,0,6,3.625,29,119.0,1.0
high_compressibility,9,capacity_aware_static,C,7,7,3,1,feasible,0.36453201970443355,1.0,2.5517241379310347,8,8.0,0.0,0.0,0,0,6,3.625,29,119.0,1.0
high_compressibility,9,smoothed,none,0,7,3,1,feasible,0.36453201970443355,1.0,2.5517241379310347,9,9.0,0.0,0.0,0,0,4,3.2222222222222223,29,148.0,1.0
high_compressibility,9,static_min,none,0,7,4,1,feasible,0.36453201970443355,1.0,2.5517241379310347,8,8.0,0.0,0.0,0,0,6,3.625,29,119.0,1.0
high_compressibility,9,capacity_aware_static,C,7,7,4,1,feasible,0.36453201970443355,1.0,2.5517241379310347,8,8.0,0.0,0.0,0,0,6,3.625,29,119.0,1.0
high_compressibility,9,smoothed,none,0,7,4,1,feasible,0.36453201970443355,1.0,2.5517241379310347,9,9.0,0.0,0.0,0,0,4,3.2222222222222223,29,148.0,1.0
high_compressibility,9,static_min,none,0,7,5,1,feasible,0.36453201970443355,1.0,2.5517241379310347,8,8.0,0.0,0.0,0,0,6,3.625,29,119.0,1.0
high_compressibility,9,capacity_aware_static,C,7,7,5,1,feasible,0.36453201970443355,1.0,2.5517241379310347,8,8.0,0.0,0.0,0,0,6,3.625,29,119.0,1.0
high_compressibility,9,smoothed,none,0,7,5,1,feasible,0.36453201970443355,1.0,2.5517241379310347,9,9.0,0.0,0.0,0,0,4,3.2222222222222223,29,148.0,1.0
high_compressibility,9,static_min,none,0,7,6,1,feasible,0.36453201970443355,1.0,2.5517241379310347,8,8.0,0.0,0.0,0,0,6,3.625,29,119.0,1.0
high_compressibility,9,capacity_aware_static,C,7,7,6,1,feasible,0.36453201970443355,1.0,2.5517241379310347,8,8.0,0.0,0.0,0,0,6,3.625,29,119.0,1.0
high_compressibility,9,smoothed,none,0,7,6,1,feasible,0.36453201970443355,1.0,2.5517241379310347,9,9.0,0.0,0.0,0,0,4,3.2222222222222223,29,148.0,1.0
high_compressibility,9,static_min,none,0,7,7,1,feasible,0.36453201970443355,1.0,2.5517241379310347,8,8.0,0.0,0.0,0,0,6,3.625,29,119.0,1.0
high_compressibility,9,capacity_aware_static,C,7,7,7,1,feasible,0.36453201970443355,1.0,2.5517241379310347,8,8.0,0.0,0.0,0,0,6,3.625,29,119.0,1.0
high_compressibility,9,smoothed,none,0,7,7,1,feasible,0.36453201970443355,1.0,2.5517241379310347,9,9.0,0.0,0.0,0,0,4,3.2222222222222223,29,148.0,1.0
high_compressibility,9,static_min,none,0,7,8,1,feasible,0.36453201970443355,1.0,2.5517241379310347,8,8.0,0.0,0.0,0,0,6,3.625,29,119.0,1.0
high_compressibility,9,capacity_aware_static,C,7,7,8,1,feasible,0.36453201970443355,1.0,2.5517241379310347,8,8.0,0.0,0.0,0,0,6,3.625,29,119.0,1.0
high_compressibility,9,smoothed,none,0,7,8,1,feasible,0.36453201970443355,1.0,2.5517241379310347,9,9.0,0.0,0.0,0,0,4,3.2222222222222223,29,148.0,1.0
high_compressibility,9,static_min,none,0,7,9,1,feasible,0.36453201970443355,1.0,2.5517241379310347,8,8.0,0.0,0.0,0,0,6,3.625,29,119.0,1.0
high_compressibility,9,capacity_aware_static,C,7,7,9,1,feasible,0.36453201970443355,1.0,2.5517241379310347,8,8.0,0.0,0.0,0,0,6,3.625,29,119.0,1.0
high_compressibility,9,smoothed,none,0,7,9,1,feasible,0.36453201970443355,1.0,2.5517241379310347,9,9.0,0.0,0.0,0,0,4,3.2222222222222223,29,148.0,1.0
high_compressibility,9,static_min,none,0,7,10,1,feasible,0.36453201970443355,1.0,2.5517241379310347,8,8.0,0.0,0.0,0,0,6,3.625,29,119.0,1.0
high_compressibility,9,capacity_aware_static,C,7,7,10,1,feasible,0.36453201970443355,1.0,2.5517241379310347,8,8.0,0.0,0.0,0,0,6,3.625,29,119.0,1.0
high_compressibility,9,smoothed,none,0,7,10,1,feasible,0.36453201970443355,1.0,2.5517241379310347,9,9.0,0.0,0.0,0,0,4,3.2222222222222223,29,148.0,1.0
high_compressibility,9,static_min,none,0,7,11,1,feasible,0.36453201970443355,1.0,2.5517241379310347,8,8.0,0.0,0.0,0,0,6,3.625,29,119.0,1.0
high_compressibility,9,capacity_aware_static,C,7,7,11,1,feasible,0.36453201970443355,1.0,2.5517241379310347,8,8.0,0.0,0.0,0,0,6,3.625,29,119.0,1.0
high_compressibility,9,smoothed,none,0,7,11,1,feasible,0.36453201970443355,1.0,2.5517241379310347,9,9.0,0.0,0.0,0,0,4,3.2222222222222223,29,148.0,1.0
high_compressibility,9,static_min,none,0,7,12,1,feasible,0.36453201970443355,1.0,2.5517241379310347,8,8.0,0.0,0.0,0,0,6,3.625,29,119.0,1.0
high_compressibility,9,capacity_aware_static,C,7,7,12,1,feasible,0.36453201970443355,1.0,2.5517241379310347,8,8.0,0.0,0.0,0,0,6,3.625,29,119.0,1.0
high_compressibility,9,smoothed,none,0,7,12,1,feasible,0.36453201970443355,1.0,2.5517241379310347,9,9.0,0.0,0.0,0,0,4,3.2222222222222223,29,148.0,1.0
high_compressibility,9,static_min,none,0,7,13,1,feasible,0.36453201970443355,1.0,2.5517241379310347,8,8.0,0.0,0.0,0,0,6,3.625,29,119.0,1.0
high_compressibility,9,capacity_aware_static,C,7,7,13,1,feasible,0.36453201970443355,1.0,2.5517241379310347,8,8.0,0.0,0.0,0,0,6,3.625,29,119.0,1.0
high_compressibility,9,smoothed,none,0,7,13,1,feasible,0.36453201970443355,1.0,2.5517241379310347,9,9.0,0.0,0.0,0,0,4,3.2222222222222223,29,148.0,1.0
high_compressibility,9,static_min,none,0,7,14,1,feasible,0.36453201970443355,1.0,2.5517241379310347,8,8.0,0.0,0.0,0,0,6,3.625,29,119.0,1.0
high_compressibility,9,capacity_aware_static,C,7,7,14,1,feasible,0.36453201970443355,1.0,2.5517241379310347,8,8.0,0.0,0.0,0,0,6,3.625,29,119.0,1.0
high_compressibility,9,smoothed,none,0,7,14,1,feasible,0.36453201970443355,1.0,2.5517241379310347,9,9.0,0.0,0.0,0,0,4,3.2222222222222223,29,148.0,1.0
high_compressibility,9,static_min,none,0,7,15,1,feasible,0.36453201970443355,1.0,2.5517241379310347,8,8.0,0.0,0.0,0,0,6,3.625,29,119.0,1.0
high_compressibility,9,capacity_aware_static,C,7,7,15,1,feasible,0.36453201970443355,1.0,2.5517241379310347,8,8.0,0.0,0.0,0,0,6,3.625,29,119.0,1.0
high_compressibility,9,smoothed,none,0,7,15,1,feasible,0.36453201970443355,1.0,2.5517241379310347,9,9.0,0.0,0.0,0,0,4,3.2222222222222223,29,148.0,1.0
medium_compressibility,1,static_min,none,0,1,0,0,peak_demand_exceeds_reachable_stock,0.2125,0.68,3.4,17,inf,inf,1.0,9,10,3,1.4705882352941178,25,inf,inf
medium_compressibility,1,capacity_aware_static,C,1,1,0,1,feasible,0.2125,0.68,3.4,25,25.0,0.0,0.0,0,0,1,1.0,25,235.0,1.0
medium_compressibility,1,smoothed,none,0,1,0,0,peak_demand_exceeds_reachable_stock,0.2125,0.68,3.4,19,inf,inf,1.0,6,6,2,1.3157894736842106,25,inf,inf
medium_compressibility,1,static_min,none,0,1,1,0,peak_demand_exceeds_reachable_stock,0.2125,0.68,3.4,17,inf,inf,1.0,9,10,3,1.4705882352941178,25,inf,inf
medium_compressibility,1,capacity_aware_static,C,1,1,1,1,feasible,0.2125,0.68,3.4,25,25.0,0.0,0.0,0,0,1,1.0,25,235.0,1.0
medium_compressibility,1,smoothed,none,0,1,1,1,feasible,0.2125,0.68,3.4,19,25.0,6.0,0.24,6,6,2,1.3157894736842106,25,278.0,1.3157894736842106
medium_compressibility,1,static_min,none,0,1,2,1,feasible,0.2125,0.68,3.4,17,26.0,9.0,0.34615384615384615,9,10,3,1.4705882352941178,25,272.0,1.5294117647058822
medium_compressibility,1,capacity_aware_static,C,1,1,2,1,feasible,0.2125,0.68,3.4,25,25.0,0.0,0.0,0,0,1,1.0,25,235.0,1.0
medium_compressibility,1,smoothed,none,0,1,2,1,feasible,0.2125,0.68,3.4,19,25.0,6.0,0.24,6,6,2,1.3157894736842106,25,278.0,1.3157894736842106
medium_compressibility,1,static_min,none,0,1,3,1,feasible,0.2125,0.68,3.4,17,26.0,9.0,0.34615384615384615,9,10,3,1.4705882352941178,25,272.0,1.5294117647058822
medium_compressibility,1,capacity_aware_static,C,1,1,3,1,feasible,0.2125,0.68,3.4,25,25.0,0.0,0.0,0,0,1,1.0,25,235.0,1.0
medium_compressibility,1,smoothed,none,0,1,3,1,feasible,0.2125,0.68,3.4,19,25.0,6.0,0.24,6,6,2,1.3157894736842106,25,278.0,1.3157894736842106
medium_compressibility,1,static_min,none,0,1,4,1,feasible,0.2125,0.68,3.4,17,26.0,9.0,0.34615384615384615,9,10,3,1.4705882352941178,25,272.0,1.5294117647058822
medium_compressibility,1,capacity_aware_static,C,1,1,4,1,feasible,0.2125,0.68,3.4,25,25.0,0.0,0.0,0,0,1,1.0,25,235.0,1.0
medium_compressibility,1,smoothed,none,0,1,4,1,feasible,0.2125,0.68,3.4,19,25.0,6.0,0.24,6,6,2,1.3157894736842106,25,278.0,1.3157894736842106
medium_compressibility,1,static_min,none,0,1,5,1,feasible,0.2125,0.68,3.4,17,26.0,9.0,0.34615384615384615,9,10,3,1.4705882352941178,25,272.0,1.5294117647058822
medium_compressibility,1,capacity_aware_static,C,1,1,5,1,feasible,0.2125,0.68,3.4,25,25.0,0.0,0.0,0,0,1,1.0,25,235.0,1.0
medium_compressibility,1,smoothed,none,0,1,5,1,feasible,0.2125,0.68,3.4,19,25.0,6.0,0.24,6,6,2,1.3157894736842106,25,278.0,1.3157894736842106
medium_compressibility,1,static_min,none,0,1,6,1,feasible,0.2125,0.68,3.4,17,26.0,9.0,0.34615384615384615,9,10,3,1.4705882352941178,25,272.0,1.5294117647058822
medium_compressibility,1,capacity_aware_static,C,1,1,6,1,feasible,0.2125,0.68,3.4,25,25.0,0.0,0.0,0,0,1,1.0,25,235.0,1.0
medium_compressibility,1,smoothed,none,0,1,6,1,feasible,0.2125,0.68,3.4,19,25.0,6.0,0.24,6,6,2,1.3157894736842106,25,278.0,1.3157894736842106
medium_compressibility,1,static_min,none,0,1,7,1,feasible,0.2125,0.68,3.4,17,26.0,9.0,0.34615384615384615,9,10,3,1.4705882352941178,25,272.0,1.5294117647058822
medium_compressibility,1,capacity_aware_static,C,1,1,7,1,feasible,0.2125,0.68,3.4,25,25.0,0.0,0.0,0,0,1,1.0,25,235.0,1.0
medium_compressibility,1,smoothed,none,0,1,7,1,feasible,0.2125,0.68,3.4,19,25.0,6.0,0.24,6,6,2,1.3157894736842106,25,278.0,1.3157894736842106
medium_compressibility,1,static_min,none,0,1,8,1,feasible,0.2125,0.68,3.4,17,26.0,9.0,0.34615384615384615,9,10,3,1.4705882352941178,25,272.0,1.5294117647058822
medium_compressibility,1,capacity_aware_static,C,1,1,8,1,feasible,0.2125,0.68,3.4,25,25.0,0.0,0.0,0,0,1,1.0,25,235.0,1.0
medium_compressibility,1,smoothed,none,0,1,8,1,feasible,0.2125,0.68,3.4,19,25.0,6.0,0.24,6,6,2,1.3157894736842106,25,278.0,1.3157894736842106
medium_compressibility,1,static_min,none,0,1,9,1,feasible,0.2125,0.68,3.4,17,26.0,9.0,0.34615384615384615,9,10,3,1.4705882352941178,25,272.0,1.5294117647058822
medium_compressibility,1,capacity_aware_static,C,1,1,9,1,feasible,0.2125,0.68,3.4,25,25.0,0.0,0.0,0,0,1,1.0,25,235.0,1.0
medium_compressibility,1,smoothed,none,0,1,9,1,feasible,0.2125,0.68,3.4,19,25.0,6.0,0.24,6,6,2,1.3157894736842106,25,278.0,1.3157894736842106
medium_compressibility,1,static_min,none,0,1,10,1,feasible,0.2125,0.68,3.4,17,26.0,9.0,0.34615384615384615,9,10,3,1.4705882352941178,25,272.0,1.5294117647058822
medium_compressibility,1,capacity_aware_static,C,1,1,10,1,feasible,0.2125,0.68,3.4,25,25.0,0.0,0.0,0,0,1,1.0,25,235.0,1.0
medium_compressibility,1,smoothed,none,0,1,10,1,feasible,0.2125,0.68,3.4,19,25.0,6.0,0.24,6,6,2,1.3157894736842106,25,278.0,1.3157894736842106
medium_compressibility,1,static_min,none,0,1,11,1,feasible,0.2125,0.68,3.4,17,26.0,9.0,0.34615384615384615,9,10,3,1.4705882352941178,25,272.0,1.5294117647058822
medium_compressibility,1,capacity_aware_static,C,1,1,11,1,feasible,0.2125,0.68,3.4,25,25.0,0.0,0.0,0,0,1,1.0,25,235.0,1.0
medium_compressibility,1,smoothed,none,0,1,11,1,feasible,0.2125,0.68,3.4,19,25.0,6.0,0.24,6,6,2,1.3157894736842106,25,278.0,1.3157894736842106
medium_compressibility,1,static_min,none,0,1,12,1,feasible,0.2125,0.68,3.4,17,26.0,9.0,0.34615384615384615,9,10,3,1.4705882352941178,25,272.0,1.5294117647058822
medium_compressibility,1,capacity_aware_static,C,1,1,12,1,feasible,0.2125,0.68,3.4,25,25.0,0.0,0.0,0,0,1,1.0,25,235.0,1.0
medium_compressibility,1,smoothed,none,0,1,12,1,feasible,0.2125,0.68,3.4,19,25.0,6.0,0.24,6,6,2,1.3157894736842106,25,278.0,1.3157894736842106
medium_compressibility,1,static_min,none,0,1,13,1,feasible,0.2125,0.68,3.4,17,26.0,9.0,0.34615384615384615,9,10,3,1.4705882352941178,25,272.0,1.5294117647058822
medium_compressibility,1,capacity_aware_static,C,1,1,13,1,feasible,0.2125,0.68,3.4,25,25.0,0.0,0.0,0,0,1,1.0,25,235.0,1.0
medium_compressibility,1,smoothed,none,0,1,13,1,feasible,0.2125,0.68,3.4,19,25.0,6.0,0.24,6,6,2,1.3157894736842106,25,278.0,1.3157894736842106
medium_compressibility,1,static_min,none,0,1,14,1,feasible,0.2125,0.68,3.4,17,26.0,9.0,0.34615384615384615,9,10,3,1.4705882352941178,25,272.0,1.5294117647058822
medium_compressibility,1,capacity_aware_static,C,1,1,14,1,feasible,0.2125,0.68,3.4,25,25.0,0.0,0.0,0,0,1,1.0,25,235.0,1.0
medium_compressibility,1,smoothed,none,0,1,14,1,feasible,0.2125,0.68,3.4,19,25.0,6.0,0.24,6,6,2,1.3157894736842106,25,278.0,1.3157894736842106
medium_compressibility,1,static_min,none,0,1,15,1,feasible,0.2125,0.68,3.4,17,26.0,9.0,0.34615384615384615,9,10,3,1.4705882352941178,25,272.0,1.5294117647058822
medium_compressibility,1,capacity_aware_static,C,1,1,15,1,feasible,0.2125,0.68,3.4,25,25.0,0.0,0.0,0,0,1,1.0,25,235.0,1.0
medium_compressibility,1,smoothed,none,0,1,15,1,feasible,0.2125,0.68,3.4,19,25.0,6.0,0.24,6,6,2,1.3157894736842106,25,278.0,1.3157894736842106
medium_compressibility,1,static_min,none,0,2,0,0,peak_demand_exceeds_reachable_stock,0.2125,0.68,3.4,17,inf,inf,1.0,2,3,3,1.4705882352941178,25,inf,inf
medium_compressibility,1,capacity_aware_static,C,2,2,0,1,feasible,0.2125,0.68,3.4,17,17.0,0.0,0.0,0,0,2,1.4705882352941178,25,171.0,1.0
medium_compressibility,1,smoothed,none,0,2,0,1,feasible,0.2125,0.68,3.4,19,19.0,0.0,0.0,0,0,2,1.3157894736842106,25,204.0,1.0
medium_compressibility,1,static_min,none,0,2,1,1,feasible,0.2125,0.68,3.4,17,19.0,2.0,0.10526315789473684,2,3,3,1.4705882352941178,25,195.0,1.1176470588235294
medium_compressibility,1,capacity_aware_static,C,2,2,1,1,feasible,0.2125,0.68,3.4,17,17.0,0.0,0.0,0,0,2,1.4705882352941178,25,171.0,1.0
medium_compressibility,1,smoothed,none,0,2,1,1,feasible,0.2125,0.68,3.4,19,19.0,0.0,0.0,0,0,2,1.3157894736842106,25,204.0,1.0
medium_compressibility,1,static_min,none,0,2,2,1,feasible,0.2125,0.68,3.4,17,18.0,1.0,0.05555555555555555,2,3,3,1.4705882352941178,25,183.0,1.0588235294117647
medium_compressibility,1,capacity_aware_static,C,2,2,2,1,feasible,0.2125,0.68,3.4,17,17.0,0.0,0.0,0,0,2,1.4705882352941178,25,171.0,1.0
medium_compressibility,1,smoothed,none,0,2,2,1,feasible,0.2125,0.68,3.4,19,19.0,0.0,0.0,0,0,2,1.3157894736842106,25,204.0,1.0
medium_compressibility,1,static_min,none,0,2,3,1,feasible,0.2125,0.68,3.4,17,18.0,1.0,0.05555555555555555,2,3,3,1.4705882352941178,25,183.0,1.0588235294117647
medium_compressibility,1,capacity_aware_static,C,2,2,3,1,feasible,0.2125,0.68,3.4,17,17.0,0.0,0.0,0,0,2,1.4705882352941178,25,171.0,1.0
medium_compressibility,1,smoothed,none,0,2,3,1,feasible,0.2125,0.68,3.4,19,19.0,0.0,0.0,0,0,2,1.3157894736842106,25,204.0,1.0
medium_compressibility,1,static_min,none,0,2,4,1,feasible,0.2125,0.68,3.4,17,18.0,1.0,0.05555555555555555,2,3,3,1.4705882352941178,25,183.0,1.0588235294117647
medium_compressibility,1,capacity_aware_static,C,2,2,4,1,feasible,0.2125,0.68,3.4,17,17.0,0.0,0.0,0,0,2,1.4705882352941178,25,171.0,1.0
medium_compressibility,1,smoothed,none,0,2,4,1,feasible,0.2125,0.68,3.4,19,19.0,0.0,0.0,0,0,2,1.3157894736842106,25,204.0,1.0
medium_compressibility,1,static_min,none,0,2,5,1,feasible,0.2125,0.68,3.4,17,18.0,1.0,0.05555555555555555,2,3,3,1.4705882352941178,25,183.0,1.0588235294117647
medium_compressibility,1,capacity_aware_static,C,2,2,5,1,feasible,0.2125,0.68,3.4,17,17.0,0.0,0.0,0,0,2,1.4705882352941178,25,171.0,1.0
medium_compressibility,1,smoothed,none,0,2,5,1,feasible,0.2125,0.68,3.4,19,19.0,0.0,0.0,0,0,2,1.3157894736842106,25,204.0,1.0
medium_compressibility,1,static_min,none,0,2,6,1,feasible,0.2125,0.68,3.4,17,18.0,1.0,0.05555555555555555,2,3,3,1.4705882352941178,25,183.0,1.0588235294117647
medium_compressibility,1,capacity_aware_static,C,2,2,6,1,feasible,0.2125,0.68,3.4,17,17.0,0.0,0.0,0,0,2,1.4705882352941178,25,171.0,1.0
medium_compressibility,1,smoothed,none,0,2,6,1,feasible,0.2125,0.68,3.4,19,19.0,0.0,0.0,0,0,2,1.3157894736842106,25,204.0,1.0
medium_compressibility,1,static_min,none,0,2,7,1,feasible,0.2125,0.68,3.4,17,18.0,1.0,0.05555555555555555,2,3,3,1.4705882352941178,25,183.0,1.0588235294117647
medium_compressibility,1,capacity_aware_static,C,2,2,7,1,feasible,0.2125,0.68,3.4,17,17.0,0.0,0.0,0,0,2,1.4705882352941178,25,171.0,1.0
medium_compressibility,1,smoothed,none,0,2,7,1,feasible,0.2125,0.68,3.4,19,19.0,0.0,0.0,0,0,2,1.3157894736842106,25,204.0,1.0
medium_compressibility,1,static_min,none,0,2,8,1,feasible,0.2125,0.68,3.4,17,18.0,1.0,0.05555555555555555,2,3,3,1.4705882352941178,25,183.0,1.0588235294117647
medium_compressibility,1,capacity_aware_static,C,2,2,8,1,feasible,0.2125,0.68,3.4,17,17.0,0.0,0.0,0,0,2,1.4705882352941178,25,171.0,1.0
medium_compressibility,1,smoothed,none,0,2,8,1,feasible,0.2125,0.68,3.4,19,19.0,0.0,0.0,0,0,2,1.3157894736842106,25,204.0,1.0
medium_compressibility,1,static_min,none,0,2,9,1,feasible,0.2125,0.68,3.4,17,18.0,1.0,0.05555555555555555,2,3,3,1.4705882352941178,25,183.0,1.0588235294117647
medium_compressibility,1,capacity_aware_static,C,2,2,9,1,feasible,0.2125,0.68,3.4,17,17.0,0.0,0.0,0,0,2,1.4705882352941178,25,171.0,1.0
medium_compressibility,1,smoothed,none,0,2,9,1,feasible,0.2125,0.68,3.4,19,19.0,0.0,0.0,0,0,2,1.3157894736842106,25,204.0,1.0
medium_compressibility,1,static_min,none,0,2,10,1,feasible,0.2125,0.68,3.4,17,18.0,1.0,0.05555555555555555,2,3,3,1.4705882352941178,25,183.0,1.0588235294117647
medium_compressibility,1,capacity_aware_static,C,2,2,10,1,feasible,0.2125,0.68,3.4,17,17.0,0.0,0.0,0,0,2,1.4705882352941178,25,171.0,1.0
medium_compressibility,1,smoothed,none,0,2,10,1,feasible,0.2125,0.68,3.4,19,19.0,0.0,0.0,0,0,2,1.3157894736842106,25,204.0,1.0
medium_compressibility,1,static_min,none,0,2,11,1,feasible,0.2125,0.68,3.4,17,18.0,1.0,0.05555555555555555,2,3,3,1.4705882352941178,25,183.0,1.0588235294117647
medium_compressibility,1,capacity_aware_static,C,2,2,11,1,feasible,0.2125,0.68,3.4,17,17.0,0.0,0.0,0,0,2,1.4705882352941178,25,171.0,1.0
medium_compressibility,1,smoothed,none,0,2,11,1,feasible,0.2125,0.68,3.4,19,19.0,0.0,0.0,0,0,2,1.3157894736842106,25,204.0,1.0
medium_compressibility,1,static_min,none,0,2,12,1,feasible,0.2125,0.68,3.4,17,18.0,1.0,0.05555555555555555,2,3,3,1.4705882352941178,25,183.0,1.0588235294117647
medium_compressibility,1,capacity_aware_static,C,2,2,12,1,feasible,0.2125,0.68,3.4,17,17.0,0.0,0.0,0,0,2,1.4705882352941178,25,171.0,1.0
medium_compressibility,1,smoothed,none,0,2,12,1,feasible,0.2125,0.68,3.4,19,19.0,0.0,0.0,0,0,2,1.3157894736842106,25,204.0,1.0
medium_compressibility,1,static_min,none,0,2,13,1,feasible,0.2125,0.68,3.4,17,18.0,1.0,0.05555555555555555,2,3,3,1.4705882352941178,25,183.0,1.0588235294117647
medium_compressibility,1,capacity_aware_static,C,2,2,13,1,feasible,0.2125,0.68,3.4,17,17.0,0.0,0.0,0,0,2,1.4705882352941178,25,171.0,1.0
medium_compressibility,1,smoothed,none,0,2,13,1,feasible,0.2125,0.68,3.4,19,19.0,0.0,0.0,0,0,2,1.3157894736842106,25,204.0,1.0
medium_compressibility,1,static_min,none,0,2,14,1,feasible,0.2125,0.68,3.4,17,18.0,1.0,0.05555555555555555,2,3,3,1.4705882352941178,25,183.0,1.0588235294117647
medium_compressibility,1,capacity_aware_static,C,2,2,14,1,feasible,0.2125,0.68,3.4,17,17.0,0.0,0.0,0,0,2,1.4705882352941178,25,171.0,1.0
medium_compressibility,1,smoothed,none,0,2,14,1,feasible,0.2125,0.68,3.4,19,19.0,0.0,0.0,0,0,2,1.3157894736842106,25,204.0,1.0
medium_compressibility,1,static_min,none,0,2,15,1,feasible,0.2125,0.68,3.4,17,18.0,1.0,0.05555555555555555,2,3,3,1.4705882352941178,25,183.0,1.0588235294117647
medium_compressibility,1,capacity_aware_static,C,2,2,15,1,feasible,0.2125,0.68,3.4,17,17.0,0.0,0.0,0,0,2,1.4705882352941178,25,171.0,1.0
medium_compressibility,1,smoothed,none,0,2,15,1,feasible,0.2125,0.68,3.4,19,19.0,0.0,0.0,0,0,2,1.3157894736842106,25,204.0,1.0
medium_compressibility,1,static_min,none,0,3,0,1,feasible,0.2125,0.68,3.4,17,17.0,0.0,0.0,0,0,3,1.4705882352941178,25,171.0,1.0
medium_compressibility,1,capacity_aware_static,C,3,3,0,1,feasible,0.2125,0.68,3.4,17,17.0,0.0,0.0,0,0,3,1.4705882352941178,25,171.0,1.0
medium_compressibility,1,smoothed,none,0,3,0,1,feasible,0.2125,0.68,3.4,19,19.0,0.0,0.0,0,0,2,1.3157894736842106,25,204.0,1.0
medium_compressibility,1,static_min,none,0,3,1,1,feasible,0.2125,0.68,3.4,17,17.0,0.0,0.0,0,0,3,1.4705882352941178,25,171.0,1.0
medium_compressibility,1,capacity_aware_static,C,3,3,1,1,feasible,0.2125,0.68,3.4,17,17.0,0.0,0.0,0,0,3,1.4705882352941178,25,171.0,1.0
medium_compressibility,1,smoothed,none,0,3,1,1,feasible,0.2125,0.68,3.4,19,19.0,0.0,0.0,0,0,2,1.3157894736842106,25,204.0,1.0
medium_compressibility,1,static_min,none,0,3,2,1,feasible,0.2125,0.68,3.4,17,17.0,0.0,0.0,0,0,3,1.4705882352941178,25,171.0,1.0
medium_compressibility,1,capacity_aware_static,C,3,3,2,1,feasible,0.2125,0.68,3.4,17,17.0,0.0,0.0,0,0,3,1.4705882352941178,25,171.0,1.0
medium_compressibility,1,smoothed,none,0,3,2,1,feasible,0.2125,0.68,3.4,19,19.0,0.0,0.0,0,0,2,1.3157894736842106,25,204.0,1.0
medium_compressibility,1,static_min,none,0,3,3,1,feasible,0.2125,0.68,3.4,17,17.0,0.0,0.0,0,0,3,1.4705882352941178,25,171.0,1.0
medium_compressibility,1,capacity_aware_static,C,3,3,3,1,feasible,0.2125,0.68,3.4,17,17.0,0.0,0.0,0,0,3,1.4705882352941178,25,171.0,1.0
medium_compressibility,1,smoothed,none,0,3,3,1,feasible,0.2125,0.68,3.4,19,19.0,0.0,0.0,0,0,2,1.3157894736842106,25,204.0,1.0
medium_compressibility,1,static_min,none,0,3,4,1,feasible,0.2125,0.68,3.4,17,17.0,0.0,0.0,0,0,3,1.4705882352941178,25,171.0,1.0
medium_compressibility,1,capacity_aware_static,C,3,3,4,1,feasible,0.2125,0.68,3.4,17,17.0,0.0,0.0,0,0,3,1.4705882352941178,25,171.0,1.0
medium_compressibility,1,smoothed,none,0,3,4,1,feasible,0.2125,0.68,3.4,19,19.0,0.0,0.0,0,0,2,1.3157894736842106,25,204.0,1.0
medium_compressibility,1,static_min,none,0,3,5,1,feasible,0.2125,0.68,3.4,17,17.0,0.0,0.0,0,0,3,1.4705882352941178,25,171.0,1.0
medium_compressibility,1,capacity_aware_static,C,3,3,5,1,feasible,0.2125,0.68,3.4,17,17.0,0.0,0.0,0,0,3,1.4705882352941178,25,171.0,1.0
medium_compressibility,1,smoothed,none,0,3,5,1,feasible,0.2125,0.68,3.4,19,19.0,0.0,0.0,0,0,2,1.3157894736842106,25,204.0,1.0
medium_compressibility,1,static_min,none,0,3,6,1,feasible,0.2125,0.68,3.4,17,17.0,0.0,0.0,0,0,3,1.4705882352941178,25,171.0,1.0
medium_compressibility,1,capacity_aware_static,C,3,3,6,1,feasible,0.2125,0.68,3.4,17,17.0,0.0,0.0,0,0,3,1.4705882352941178,25,171.0,1.0
medium_compressibility,1,smoothed,none,0,3,6,1,feasible,0.2125,0.68,3.4,19,19.0,0.0,0.0,0,0,2,1.3157894736842106,25,204.0,1.0
medium_compressibility,1,static_min,none,0,3,7,1,feasible,0.2125,0.68,3.4,17,17.0,0.0,0.0,0,0,3,1.4705882352941178,25,171.0,1.0
medium_compressibility,1,capacity_aware_static,C,3,3,7,1,feasible,0.2125,0.68,3.4,17,17.0,0.0,0.0,0,0,3,1.4705882352941178,25,171.0,1.0
medium_compressibility,1,smoothed,none,0,3,7,1,feasible,0.2125,0.68,3.4,19,19.0,0.0,0.0,0,0,2,1.3157894736842106,25,204.0,1.0
medium_compressibility,1,static_min,none,0,3,8,1,feasible,0.2125,0.68,3.4,17,17.0,0.0,0.0,0,0,3,1.4705882352941178,25,171.0,1.0
medium_compressibility,1,capacity_aware_static,C,3,3,8,1,feasible,0.2125,0.68,3.4,17,17.0,0.0,0.0,0,0,3,1.4705882352941178,25,171.0,1.0
medium_compressibility,1,smoothed,none,0,3,8,1,feasible,0.2125,0.68,3.4,19,19.0,0.0,0.0,0,0,2,1.3157894736842106,25,204.0,1.0
medium_compressibility,1,static_min,none,0,3,9,1,feasible,0.2125,0.68,3.4,17,17.0,0.0,0.0,0,0,3,1.4705882352941178,25,171.0,1.0
medium_compressibility,1,capacity_aware_static,C,3,3,9,1,feasible,0.2125,0.68,3.4,17,17.0,0.0,0.0,0,0,3,1.4705882352941178,25,171.0,1.0
medium_compressibility,1,smoothed,none,0,3,9,1,feasible,0.2125,0.68,3.4,19,19.0,0.0,0.0,0,0,2,1.3157894736842106,25,204.0,1.0
medium_compressibility,1,static_min,none,0,3,10,1,feasible,0.2125,0.68,3.4,17,17.0,0.0,0.0,0,0,3,1.4705882352941178,25,171.0,1.0
medium_compressibility,1,capacity_aware_static,C,3,3,10,1,feasible,0.2125,0.68,3.4,17,17.0,0.0,0.0,0,0,3,1.4705882352941178,25,171.0,1.0
medium_compressibility,1,smoothed,none,0,3,10,1,feasible,0.2125,0.68,3.4,19,19.0,0.0,0.0,0,0,2,1.3157894736842106,25,204.0,1.0
medium_compressibility,1,static_min,none,0,3,11,1,feasible,0.2125,0.68,3.4,17,17.0,0.0,0.0,0,0,3,1.4705882352941178,25,171.0,1.0
medium_compressibility,1,capacity_aware_static,C,3,3,11,1,feasible,0.2125,0.68,3.4,17,17.0,0.0,0.0,0,0,3,1.4705882352941178,25,171.0,1.0
medium_compressibility,1,smoothed,none,0,3,11,1,feasible,0.2125,0.68,3.4,19,19.0,0.0,0.0,0,0,2,1.3157894736842106,25,204.0,1.0
medium_compressibility,1,static_min,none,0,3,12,1,feasible,0.2125,0.68,3.4,17,17.0,0.0,0.0,0,0,3,1.4705882352941178,25,171.0,1.0
medium_compressibility,1,capacity_aware_static,C,3,3,12,1,feasible,0.2125,0.68,3.4,17,17.0,0.0,0.0,0,0,3,1.4705882352941178,25,171.0,1.0
medium_compressibility,1,smoothed,none,0,3,12,1,feasible,0.2125,0.68,3.4,19,19.0,0.0,0.0,0,0,2,1.3157894736842106,25,204.0,1.0
medium_compressibility,1,static_min,none,0,3,13,1,feasible,0.2125,0.68,3.4,17,17.0,0.0,0.0,0,0,3,1.4705882352941178,25,171.0,1.0
medium_compressibility,1,capacity_aware_static,C,3,3,13,1,feasible,0.2125,0.68,3.4,17,17.0,0.0,0.0,0,0,3,1.4705882352941178,25,171.0,1.0
medium_compressibility,1,smoothed,none,0,3,13,1,feasible,0.2125,0.68,3.4,19,19.0,0.0,0.0,0,0,2,1.3157894736842106,25,204.0,1.0
medium_compressibility,1,static_min,none,0,3,14,1,feasible,0.2125,0.68,3.4,17,17.0,0.0,0.0,0,0,3,1.4705882352941178,25,171.0,1.0
medium_compressibility,1,capacity_aware_static,C,3,3,14,1,feasible,0.2125,0.68,3.4,17,17.0,0.0,0.0,0,0,3,1.4705882352941178,25,171.0,1.0
medium_compressibility,1,smoothed,none,0,3,14,1,feasible,0.2125,0.68,3.4,19,19.0,0.0,0.0,0,0,2,1.3157894736842106,25,204.0,1.0
medium_compressibility,1,static_min,none,0,3,15,1,feasible,0.2125,0.68,3.4,17,17.0,0.0,0.0,0,0,3,1.4705882352941178,25,171.0,1.0
medium_compressibility,1,capacity_aware_static,C,3,3,15,1,feasible,0.2125,0.68,3.4,17,17.0,0.0,0.0,0,0,3,1.4705882352941178,25,171.0,1.0
medium_compressibility,1,smoothed,none,0,3,15,1,feasible,0.2125,0.68,3.4,19,19.0,0.0,0.0,0,0,2,1.3157894736842106,25,204.0,1.0
medium_compressibility,1,static_min,none,0,4,0,1,feasible,0.2125,0.68,3.4,17,17.0,0.0,0.0,0,0,3,1.4705882352941178,25,171.0,1.0
medium_compressibility,1,capacity_aware_static,C,4,4,0,1,feasible,0.2125,0.68,3.4,17,17.0,0.0,0.0,0,0,3,1.4705882352941178,25,171.0,1.0
medium_compressibility,1,smoothed,none,0,4,0,1,feasible,0.2125,0.68,3.4,19,19.0,0.0,0.0,0,0,2,1.3157894736842106,25,204.0,1.0
medium_compressibility,1,static_min,none,0,4,1,1,feasible,0.2125,0.68,3.4,17,17.0,0.0,0.0,0,0,3,1.4705882352941178,25,171.0,1.0
medium_compressibility,1,capacity_aware_static,C,4,4,1,1,feasible,0.2125,0.68,3.4,17,17.0,0.0,0.0,0,0,3,1.4705882352941178,25,171.0,1.0
medium_compressibility,1,smoothed,none,0,4,1,1,feasible,0.2125,0.68,3.4,19,19.0,0.0,0.0,0,0,2,1.3157894736842106,25,204.0,1.0
medium_compressibility,1,static_min,none,0,4,2,1,feasible,0.2125,0.68,3.4,17,17.0,0.0,0.0,0,0,3,1.4705882352941178,25,171.0,1.0
medium_compressibility,1,capacity_aware_static,C,4,4,2,1,feasible,0.2125,0.68,3.4,17,17.0,0.0,0.0,0,0,3,1.4705882352941178,25,171.0,1.0
medium_compressibility,1,smoothed,none,0,4,2,1,feasible,0.2125,0.68,3.4,19,19.0,0.0,0.0,0,0,2,1.3157894736842106,25,204.0,1.0
medium_compressibility,1,static_min,none,0,4,3,1,feasible,0.2125,0.68,3.4,17,17.0,0.0,0.0,0,0,3,1.4705882352941178,25,171.0,1.0
medium_compressibility,1,capacity_aware_static,C,4,4,3,1,feasible,0.2125,0.68,3.4,17,17.0,0.0,0.0,0,0,3,1.4705882352941178,25,171.0,1.0
medium_compressibility,1,smoothed,none,0,4,3,1,feasible,0.2125,0.68,3.4,19,19.0,0.0,0.0,0,0,2,1.3157894736842106,25,204.0,1.0
medium_compressibility,1,static_min,none,0,4,4,1,feasible,0.2125,0.68,3.4,17,17.0,0.0,0.0,0,0,3,1.4705882352941178,25,171.0,1.0
medium_compressibility,1,capacity_aware_static,C,4,4,4,1,feasible,0.2125,0.68,3.4,17,17.0,0.0,0.0,0,0,3,1.4705882352941178,25,171.0,1.0
medium_compressibility,1,smoothed,none,0,4,4,1,feasible,0.2125,0.68,3.4,19,19.0,0.0,0.0,0,0,2,1.3157894736842106,25,204.0,1.0
medium_compressibility,1,static_min,none,0,4,5,1,feasible,0.2125,0.68,3.4,17,17.0,0.0,0.0,0,0,3,1.4705882352941178,25,171.0,1.0
medium_compressibility,1,capacity_aware_static,C,4,4,5,1,feasible,0.2125,0.68,3.4,17,17.0,0.0,0.0,0,0,3,1.4705882352941178,25,171.0,1.0
medium_compressibility,1,smoothed,none,0,4,5,1,feasible,0.2125,0.68,3.4,19,19.0,0.0,0.0,0,0,2,1.3157894736842106,25,204.0,1.0
medium_compressibility,1,static_min,none,0,4,6,1,feasible,0.2125,0.68,3.4,17,17.0,0.0,0.0,0,0,3,1.4705882352941178,25,171.0,1.0
medium_compressibility,1,capacity_aware_static,C,4,4,6,1,feasible,0.2125,0.68,3.4,17,17.0,0.0,0.0,0,0,3,1.4705882352941178,25,171.0,1.0
medium_compressibility,1,smoothed,none,0,4,6,1,feasible,0.2125,0.68,3.4,19,19.0,0.0,0.0,0,0,2,1.3157894736842106,25,204.0,1.0
medium_compressibility,1,static_min,none,0,4,7,1,feasible,0.2125,0.68,3.4,17,17.0,0.0,0.0,0,0,3,1.4705882352941178,25,171.0,1.0
medium_compressibility,1,capacity_aware_static,C,4,4,7,1,feasible,0.2125,0.68,3.4,17,17.0,0.0,0.0,0,0,3,1.4705882352941178,25,171.0,1.0
medium_compressibility,1,smoothed,none,0,4,7,1,feasible,0.2125,0.68,3.4,19,19.0,0.0,0.0,0,0,2,1.3157894736842106,25,204.0,1.0
medium_compressibility,1,static_min,none,0,4,8,1,feasible,0.2125,0.68,3.4,17,17.0,0.0,0.0,0,0,3,1.4705882352941178,25,171.0,1.0
medium_compressibility,1,capacity_aware_static,C,4,4,8,1,feasible,0.2125,0.68,3.4,17,17.0,0.0,0.0,0,0,3,1.4705882352941178,25,171.0,1.0
medium_compressibility,1,smoothed,none,0,4,8,1,feasible,0.2125,0.68,3.4,19,19.0,0.0,0.0,0,0,2,1.3157894736842106,25,204.0,1.0
medium_compressibility,1,static_min,none,0,4,9,1,feasible,0.2125,0.68,3.4,17,17.0,0.0,0.0,0,0,3,1.4705882352941178,25,171.0,1.0
medium_compressibility,1,capacity_aware_static,C,4,4,9,1,feasible,0.2125,0.68,3.4,17,17.0,0.0,0.0,0,0,3,1.4705882352941178,25,171.0,1.0
medium_compressibility,1,smoothed,none,0,4,9,1,feasible,0.2125,0.68,3.4,19,19.0,0.0,0.0,0,0,2,1.3157894736842106,25,204.0,1.0
medium_compressibility,1,static_min,none,0,4,10,1,feasible,0.2125,0.68,3.4,17,17.0,0.0,0.0,0,0,3,1.4705882352941178,25,171.0,1.0
medium_compressibility,1,capacity_aware_static,C,4,4,10,1,feasible,0.2125,0.68,3.4,17,17.0,0.0,0.0,0,0,3,1.4705882352941178,25,171.0,1.0
medium_compressibility,1,smoothed,none,0,4,10,1,feasible,0.2125,0.68,3.4,19,19.0,0.0,0.0,0,0,2,1.3157894736842106,25,204.0,1.0
medium_compressibility,1,static_min,none,0,4,11,1,feasible,0.2125,0.68,3.4,17,17.0,0.0,0.0,0,0,3,1.4705882352941178,25,171.0,1.0
medium_compressibility,1,capacity_aware_static,C,4,4,11,1,feasible,0.2125,0.68,3.4,17,17.0,0.0,0.0,0,0,3,1.4705882352941178,25,171.0,1.0
medium_compressibility,1,smoothed,none,0,4,11,1,feasible,0.2125,0.68,3.4,19,19.0,0.0,0.0,0,0,2,1.3157894736842106,25,204.0,1.0
medium_compressibility,1,static_min,none,0,4,12,1,feasible,0.2125,0.68,3.4,17,17.0,0.0,0.0,0,0,3,1.4705882352941178,25,171.0,1.0
medium_compressibility,1,capacity_aware_static,C,4,4,12,1,feasible,0.2125,0.68,3.4,17,17.0,0.0,0.0,0,0,3,1.4705882352941178,25,171.0,1.0
medium_compressibility,1,smoothed,none,0,4,12,1,feasible,0.2125,0.68,3.4,19,19.0,0.0,0.0,0,0,2,1.3157894736842106,25,204.0,1.0
medium_compressibility,1,static_min,none,0,4,13,1,feasible,0.2125,0.68,3.4,17,17.0,0.0,0.0,0,0,3,1.4705882352941178,25,171.0,1.0
medium_compressibility,1,capacity_aware_static,C,4,4,13,1,feasible,0.2125,0.68,3.4,17,17.0,0.0,0.0,0,0,3,1.4705882352941178,25,171.0,1.0
medium_compressibility,1,smoothed,none,0,4,13,1,feasible,0.2125,0.68,3.4,19,19.0,0.0,0.0,0,0,2,1.3157894736842106,25,204.0,1.0
medium_compressibility,1,static_min,none,0,4,14,1,feasible,0.2125,0.68,3.4,17,17.0,0.0,0.0,0,0,3,1.4705882352941178,25,171.0,1.0
medium_compressibility,1,capacity_aware_static,C,4,4,14,1,feasible,0.2125,0.68,3.4,17,17.0,0.0,0.0,0,0,3,1.4705882352941178,25,171.0,1.0
medium_compressibility,1,smoothed,none,0,4,14,1,feasible,0.2125,0.68,3.4,19,19.0,0.0,0.0,0,0,2,1.3157894736842106,25,204.0,1.0
medium_compressibility,1,static_min,none,0,4,15,1,feasible,0.2125,0.68,3.4,17,17.0,0.0,0.0,0,0,3,1.4705882352941178,25,171.0,1.0
medium_compressibility,1,capacity_aware_static,C,4,4,15,1,feasible,0.2125,0.68,3.4,17,17.0,0.0,0.0,0,0,3,1.4705882352941178,25,171.0,1.0
medium_compressibility,1,smoothed,none,0,4,15,1,feasible,0.2125,0.68,3.4,19,19.0,0.0,0.0,0,0,2,1.3157894736842106,25,204.0,1.0
medium_compressibility,1,static_min,none,0,5,0,1,feasible,0.2125,0.68,3.4,17,17.0,0.0,0.0,0,0,3,1.4705882352941178,25,171.0,1.0
medium_compressibility,1,capacity_aware_static,C,5,5,0,1,feasible,0.2125,0.68,3.4,17,17.0,0.0,0.0,0,0,3,1.4705882352941178,25,171.0,1.0
medium_compressibility,1,smoothed,none,0,5,0,1,feasible,0.2125,0.68,3.4,19,19.0,0.0,0.0,0,0,2,1.3157894736842106,25,204.0,1.0
medium_compressibility,1,static_min,none,0,5,1,1,feasible,0.2125,0.68,3.4,17,17.0,0.0,0.0,0,0,3,1.4705882352941178,25,171.0,1.0
medium_compressibility,1,capacity_aware_static,C,5,5,1,1,feasible,0.2125,0.68,3.4,17,17.0,0.0,0.0,0,0,3,1.4705882352941178,25,171.0,1.0
medium_compressibility,1,smoothed,none,0,5,1,1,feasible,0.2125,0.68,3.4,19,19.0,0.0,0.0,0,0,2,1.3157894736842106,25,204.0,1.0
medium_compressibility,1,static_min,none,0,5,2,1,feasible,0.2125,0.68,3.4,17,17.0,0.0,0.0,0,0,3,1.4705882352941178,25,171.0,1.0
medium_compressibility,1,capacity_aware_static,C,5,5,2,1,feasible,0.2125,0.68,3.4,17,17.0,0.0,0.0,0,0,3,1.4705882352941178,25,171.0,1.0
medium_compressibility,1,smoothed,none,0,5,2,1,feasible,0.2125,0.68,3.4,19,19.0,0.0,0.0,0,0,2,1.3157894736842106,25,204.0,1.0
medium_compressibility,1,static_min,none,0,5,3,1,feasible,0.2125,0.68,3.4,17,17.0,0.0,0.0,0,0,3,1.4705882352941178,25,171.0,1.0
medium_compressibility,1,capacity_aware_static,C,5,5,3,1,feasible,0.2125,0.68,3.4,17,17.0,0.0,0.0,0,0,3,1.4705882352941178,25,171.0,1.0
medium_compressibility,1,smoothed,none,0,5,3,1,feasible,0.2125,0.68,3.4,19,19.0,0.0,0.0,0,0,2,1.3157894736842106,25,204.0,1.0
medium_compressibility,1,static_min,none,0,5,4,1,feasible,0.2125,0.68,3.4,17,17.0,0.0,0.0,0,0,3,1.4705882352941178,25,171.0,1.0
medium_compressibility,1,capacity_aware_static,C,5,5,4,1,feasible,0.2125,0.68,3.4,17,17.0,0.0,0.0,0,0,3,1.4705882352941178,25,171.0,1.0
medium_compressibility,1,smoothed,none,0,5,4,1,feasible,0.2125,0.68,3.4,19,19.0,0.0,0.0,0,0,2,1.3157894736842106,25,204.0,1.0
medium_compressibility,1,static_min,none,0,5,5,1,feasible,0.2125,0.68,3.4,17,17.0,0.0,0.0,0,0,3,1.4705882352941178,25,171.0,1.0
medium_compressibility,1,capacity_aware_static,C,5,5,5,1,feasible,0.2125,0.68,3.4,17,17.0,0.0,0.0,0,0,3,1.4705882352941178,25,171.0,1.0
medium_compressibility,1,smoothed,none,0,5,5,1,feasible,0.2125,0.68,3.4,19,19.0,0.0,0.0,0,0,2,1.3157894736842106,25,204.0,1.0
medium_compressibility,1,static_min,none,0,5,6,1,feasible,0.2125,0.68,3.4,17,17.0,0.0,0.0,0,0,3,1.4705882352941178,25,171.0,1.0
medium_compressibility,1,capacity_aware_static,C,5,5,6,1,feasible,0.2125,0.68,3.4,17,17.0,0.0,0.0,0,0,3,1.4705882352941178,25,171.0,1.0
medium_compressibility,1,smoothed,none,0,5,6,1,feasible,0.2125,0.68,3.4,19,19.0,0.0,0.0,0,0,2,1.3157894736842106,25,204.0,1.0
medium_compressibility,1,static_min,none,0,5,7,1,feasible,0.2125,0.68,3.4,17,17.0,0.0,0.0,0,0,3,1.4705882352941178,25,171.0,1.0
medium_compressibility,1,capacity_aware_static,C,5,5,7,1,feasible,0.2125,0.68,3.4,17,17.0,0.0,0.0,0,0,3,1.4705882352941178,25,171.0,1.0
medium_compressibility,1,smoothed,none,0,5,7,1,feasible,0.2125,0.68,3.4,19,19.0,0.0,0.0,0,0,2,1.3157894736842106,25,204.0,1.0
medium_compressibility,1,static_min,none,0,5,8,1,feasible,0.2125,0.68,3.4,17,17.0,0.0,0.0,0,0,3,1.4705882352941178,25,171.0,1.0
medium_compressibility,1,capacity_aware_static,C,5,5,8,1,feasible,0.2125,0.68,3.4,17,17.0,0.0,0.0,0,0,3,1.4705882352941178,25,171.0,1.0
medium_compressibility,1,smoothed,none,0,5,8,1,feasible,0.2125,0.68,3.4,19,19.0,0.0,0.0,0,0,2,1.3157894736842106,25,204.0,1.0
medium_compressibility,1,static_min,none,0,5,9,1,feasible,0.2125,0.68,3.4,17,17.0,0.0,0.0,0,0,3,1.4705882352941178,25,171.0,1.0
medium_compressibility,1,capacity_aware_static,C,5,5,9,1,feasible,0.2125,0.68,3.4,17,17.0,0.0,0.0,0,0,3,1.4705882352941178,25,171.0,1.0
medium_compressibility,1,smoothed,none,0,5,9,1,feasible,0.2125,0.68,3.4,19,19.0,0.0,0.0,0,0,2,1.3157894736842106,25,204.0,1.0
medium_compressibility,1,static_min,none,0,5,10,1,feasible,0.2125,0.68,3.4,17,17.0,0.0,0.0,0,0,3,1.4705882352941178,25,171.0,1.0
medium_compressibility,1,capacity_aware_static,C,5,5,10,1,feasible,0.2125,0.68,3.4,17,17.0,0.0,0.0,0,0,3,1.4705882352941178,25,171.0,1.0
medium_compressibility,1,smoothed,none,0,5,10,1,feasible,0.2125,0.68,3.4,19,19.0,0.0,0.0,0,0,2,1.3157894736842106,25,204.0,1.0
medium_compressibility,1,static_min,none,0,5,11,1,feasible,0.2125,0.68,3.4,17,17.0,0.0,0.0,0,0,3,1.4705882352941178,25,171.0,1.0
medium_compressibility,1,capacity_aware_static,C,5,5,11,1,feasible,0.2125,0.68,3.4,17,17.0,0.0,0.0,0,0,3,1.4705882352941178,25,171.0,1.0
medium_compressibility,1,smoothed,none,0,5,11,1,feasible,0.2125,0.68,3.4,19,19.0,0.0,0.0,0,0,2,1.3157894736842106,25,204.0,1.0
medium_compressibility,1,static_min,none,0,5,12,1,feasible,0.2125,0.68,3.4,17,17.0,0.0,0.0,0,0,3,1.4705882352941178,25,171.0,1.0
medium_compressibility,1,capacity_aware_static,C,5,5,12,1,feasible,0.2125,0.68,3.4,17,17.0,0.0,0.0,0,0,3,1.4705882352941178,25,171.0,1.0
medium_compressibility,1,smoothed,none,0,5,12,1,feasible,0.2125,0.68,3.4,19,19.0,0.0,0.0,0,0,2,1.3157894736842106,25,204.0,1.0
medium_compressibility,1,static_min,none,0,5,13,1,feasible,0.2125,0.68,3.4,17,17.0,0.0,0.0,0,0,3,1.4705882352941178,25,171.0,1.0
medium_compressibility,1,capacity_aware_static,C,5,5,13,1,feasible,0.2125,0.68,3.4,17,17.0,0.0,0.0,0,0,3,1.4705882352941178,25,171.0,1.0
medium_compressibility,1,smoothed,none,0,5,13,1,feasible,0.2125,0.68,3.4,19,19.0,0.0,0.0,0,0,2,1.3157894736842106,25,204.0,1.0
medium_compressibility,1,static_min,none,0,5,14,1,feasible,0.2125,0.68,3.4,17,17.0,0.0,0.0,0,0,3,1.4705882352941178,25,171.0,1.0
medium_compressibility,1,capacity_aware_static,C,5,5,14,1,feasible,0.2125,0.68,3.4,17,17.0,0.0,0.0,0,0,3,1.4705882352941178,25,171.0,1.0
medium_compressibility,1,smoothed,none,0,5,14,1,feasible,0.2125,0.68,3.4,19,19.0,0.0,0.0,0,0,2,1.3157894736842106,25,204.0,1.0
medium_compressibility,1,static_min,none,0,5,15,1,feasible,0.2125,0.68,3.4,17,17.0,0.0,0.0,0,0,3,1.4705882352941178,25,171.0,1.0
medium_compressibility,1,capacity_aware_static,C,5,5,15,1,feasible,0.2125,0.68,3.4,17,17.0,0.0,0.0,0,0,3,1.4705882352941178,25,171.0,1.0
medium_compressibility,1,smoothed,none,0,5,15,1,feasible,0.2125,0.68,3.4,19,19.0,0.0,0.0,0,0,2,1.3157894736842106,25,204.0,1.0
medium_compressibility,1,static_min,none,0,6,0,1,feasible,0.2125,0.68,3.4,17,17.0,0.0,0.0,0,0,3,1.4705882352941178,25,171.0,1.0
medium_compressibility,1,capacity_aware_static,C,6,6,0,1,feasible,0.2125,0.68,3.4,17,17.0,0.0,0.0,0,0,3,1.4705882352941178,25,171.0,1.0
medium_compressibility,1,smoothed,none,0,6,0,1,feasible,0.2125,0.68,3.4,19,19.0,0.0,0.0,0,0,2,1.3157894736842106,25,204.0,1.0
medium_compressibility,1,static_min,none,0,6,1,1,feasible,0.2125,0.68,3.4,17,17.0,0.0,0.0,0,0,3,1.4705882352941178,25,171.0,1.0
medium_compressibility,1,capacity_aware_static,C,6,6,1,1,feasible,0.2125,0.68,3.4,17,17.0,0.0,0.0,0,0,3,1.4705882352941178,25,171.0,1.0
medium_compressibility,1,smoothed,none,0,6,1,1,feasible,0.2125,0.68,3.4,19,19.0,0.0,0.0,0,0,2,1.3157894736842106,25,204.0,1.0
medium_compressibility,1,static_min,none,0,6,2,1,feasible,0.2125,0.68,3.4,17,17.0,0.0,0.0,0,0,3,1.4705882352941178,25,171.0,1.0
medium_compressibility,1,capacity_aware_static,C,6,6,2,1,feasible,0.2125,0.68,3.4,17,17.0,0.0,0.0,0,0,3,1.4705882352941178,25,171.0,1.0
medium_compressibility,1,smoothed,none,0,6,2,1,feasible,0.2125,0.68,3.4,19,19.0,0.0,0.0,0,0,2,1.3157894736842106,25,204.0,1.0
medium_compressibility,1,static_min,none,0,6,3,1,feasible,0.2125,0.68,3.4,17,17.0,0.0,0.0,0,0,3,1.4705882352941178,25,171.0,1.0
medium_compressibility,1,capacity_aware_static,C,6,6,3,1,feasible,0.2125,0.68,3.4,17,17.0,0.0,0.0,0,0,3,1.4705882352941178,25,171.0,1.0
medium_compressibility,1,smoothed,none,0,6,3,1,feasible,0.2125,0.68,3.4,19,19.0,0.0,0.0,0,0,2,1.3157894736842106,25,204.0,1.0
medium_compressibility,1,static_min,none,0,6,4,1,feasible,0.2125,0.68,3.4,17,17.0,0.0,0.0,0,0,3,1.4705882352941178,25,171.0,1.0
medium_compressibility,1,capacity_aware_static,C,6,6,4,1,feasible,0.2125,0.68,3.4,17,17.0,0.0,0.0,0,0,3,1.4705882352941178,25,171.0,1.0
medium_compressibility,1,smoothed,none,0,6,4,1,feasible,0.2125,0.68,3.4,19,19.0,0.0,0.0,0,0,2,1.3157894736842106,25,204.0,1.0
medium_compressibility,1,static_min,none,0,6,5,1,feasible,0.2125,0.68,3.4,17,17.0,0.0,0.0,0,0,3,1.4705882352941178,25,171.0,1.0
medium_compressibility,1,capacity_aware_static,C,6,6,5,1,feasible,0.2125,0.68,3.4,17,17.0,0.0,0.0,0,0,3,1.4705882352941178,25,171.0,1.0
medium_compressibility,1,smoothed,none,0,6,5,1,feasible,0.2125,0.68,3.4,19,19.0,0.0,0.0,0,0,2,1.3157894736842106,25,204.0,1.0
medium_compressibility,1,static_min,none,0,6,6,1,feasible,0.2125,0.68,3.4,17,17.0,0.0,0.0,0,0,3,1.4705882352941178,25,171.0,1.0
medium_compressibility,1,capacity_aware_static,C,6,6,6,1,feasible,0.2125,0.68,3.4,17,17.0,0.0,0.0,0,0,3,1.4705882352941178,25,171.0,1.0
medium_compressibility,1,smoothed,none,0,6,6,1,feasible,0.2125,0.68,3.4,19,19.0,0.0,0.0,0,0,2,1.3157894736842106,25,204.0,1.0
medium_compressibility,1,static_min,none,0,6,7,1,feasible,0.2125,0.68,3.4,17,17.0,0.0,0.0,0,0,3,1.4705882352941178,25,171.0,1.0
medium_compressibility,1,capacity_aware_static,C,6,6,7,1,feasible,0.2125,0.68,3.4,17,17.0,0.0,0.0,0,0,3,1.4705882352941178,25,171.0,1.0
medium_compressibility,1,smoothed,none,0,6,7,1,feasible,0.2125,0.68,3.4,19,19.0,0.0,0.0,0,0,2,1.3157894736842106,25,204.0,1.0
medium_compressibility,1,static_min,none,0,6,8,1,feasible,0.2125,0.68,3.4,17,17.0,0.0,0.0,0,0,3,1.4705882352941178,25,171.0,1.0
medium_compressibility,1,capacity_aware_static,C,6,6,8,1,feasible,0.2125,0.68,3.4,17,17.0,0.0,0.0,0,0,3,1.4705882352941178,25,171.0,1.0
medium_compressibility,1,smoothed,none,0,6,8,1,feasible,0.2125,0.68,3.4,19,19.0,0.0,0.0,0,0,2,1.3157894736842106,25,204.0,1.0
medium_compressibility,1,static_min,none,0,6,9,1,feasible,0.2125,0.68,3.4,17,17.0,0.0,0.0,0,0,3,1.4705882352941178,25,171.0,1.0
medium_compressibility,1,capacity_aware_static,C,6,6,9,1,feasible,0.2125,0.68,3.4,17,17.0,0.0,0.0,0,0,3,1.4705882352941178,25,171.0,1.0
medium_compressibility,1,smoothed,none,0,6,9,1,feasible,0.2125,0.68,3.4,19,19.0,0.0,0.0,0,0,2,1.3157894736842106,25,204.0,1.0
medium_compressibility,1,static_min,none,0,6,10,1,feasible,0.2125,0.68,3.4,17,17.0,0.0,0.0,0,0,3,1.4705882352941178,25,171.0,1.0
medium_compressibility,1,capacity_aware_static,C,6,6,10,1,feasible,0.2125,0.68,3.4,17,17.0,0.0,0.0,0,0,3,1.4705882352941178,25,171.0,1.0
medium_compressibility,1,smoothed,none,0,6,10,1,feasible,0.2125,0.68,3.4,19,19.0,0.0,0.0,0,0,2,1.3157894736842106,25,204.0,1.0
medium_compressibility,1,static_min,none,0,6,11,1,feasible,0.2125,0.68,3.4,17,17.0,0.0,0.0,0,0,3,1.4705882352941178,25,171.0,1.0
medium_compressibility,1,capacity_aware_static,C,6,6,11,1,feasible,0.2125,0.68,3.4,17,17.0,0.0,0.0,0,0,3,1.4705882352941178,25,171.0,1.0
medium_compressibility,1,smoothed,none,0,6,11,1,feasible,0.2125,0.68,3.4,19,19.0,0.0,0.0,0,0,2,1.3157894736842106,25,204.0,1.0
medium_compressibility,1,static_min,none,0,6,12,1,feasible,0.2125,0.68,3.4,17,17.0,0.0,0.0,0,0,3,1.4705882352941178,25,171.0,1.0
medium_compressibility,1,capacity_aware_static,C,6,6,12,1,feasible,0.2125,0.68,3.4,17,17.0,0.0,0.0,0,0,3,1.4705882352941178,25,171.0,1.0
medium_compressibility,1,smoothed,none,0,6,12,1,feasible,0.2125,0.68,3.4,19,19.0,0.0,0.0,0,0,2,1.3157894736842106,25,204.0,1.0
medium_compressibility,1,static_min,none,0,6,13,1,feasible,0.2125,0.68,3.4,17,17.0,0.0,0.0,0,0,3,1.4705882352941178,25,171.0,1.0
medium_compressibility,1,capacity_aware_static,C,6,6,13,1,feasible,0.2125,0.68,3.4,17,17.0,0.0,0.0,0,0,3,1.4705882352941178,25,171.0,1.0
medium_compressibility,1,smoothed,none,0,6,13,1,feasible,0.2125,0.68,3.4,19,19.0,0.0,0.0,0,0,2,1.3157894736842106,25,204.0,1.0
medium_compressibility,1,static_min,none,0,6,14,1,feasible,0.2125,0.68,3.4,17,17.0,0.0,0.0,0,0,3,1.4705882352941178,25,171.0,1.0
medium_compressibility,1,capacity_aware_static,C,6,6,14,1,feasible,0.2125,0.68,3.4,17,17.0,0.0,0.0,0,0,3,1.4705882352941178,25,171.0,1.0
medium_compressibility,1,smoothed,none,0,6,14,1,feasible,0.2125,0.68,3.4,19,19.0,0.0,0.0,0,0,2,1.3157894736842106,25,204.0,1.0
medium_compressibility,1,static_min,none,0,6,15,1,feasible,0.2125,0.68,3.4,17,17.0,0.0,0.0,0,0,3,1.4705882352941178,25,171.0,1.0
medium_compressibility,1,capacity_aware_static,C,6,6,15,1,feasible,0.2125,0.68,3.4,17,17.0,0.0,0.0,0,0,3,1.4705882352941178,25,171.0,1.0
medium_compressibility,1,smoothed,none,0,6,15,1,feasible,0.2125,0.68,3.4,19,19.0,0.0,0.0,0,0,2,1.3157894736842106,25,204.0,1.0
medium_compressibility,1,static_min,none,0,7,0,1,feasible,0.2125,0.68,3.4,17,17.0,0.0,0.0,0,0,3,1.4705882352941178,25,171.0,1.0
medium_compressibility,1,capacity_aware_static,C,7,7,0,1,feasible,0.2125,0.68,3.4,17,17.0,0.0,0.0,0,0,3,1.4705882352941178,25,171.0,1.0
medium_compressibility,1,smoothed,none,0,7,0,1,feasible,0.2125,0.68,3.4,19,19.0,0.0,0.0,0,0,2,1.3157894736842106,25,204.0,1.0
medium_compressibility,1,static_min,none,0,7,1,1,feasible,0.2125,0.68,3.4,17,17.0,0.0,0.0,0,0,3,1.4705882352941178,25,171.0,1.0
medium_compressibility,1,capacity_aware_static,C,7,7,1,1,feasible,0.2125,0.68,3.4,17,17.0,0.0,0.0,0,0,3,1.4705882352941178,25,171.0,1.0
medium_compressibility,1,smoothed,none,0,7,1,1,feasible,0.2125,0.68,3.4,19,19.0,0.0,0.0,0,0,2,1.3157894736842106,25,204.0,1.0
medium_compressibility,1,static_min,none,0,7,2,1,feasible,0.2125,0.68,3.4,17,17.0,0.0,0.0,0,0,3,1.4705882352941178,25,171.0,1.0
medium_compressibility,1,capacity_aware_static,C,7,7,2,1,feasible,0.2125,0.68,3.4,17,17.0,0.0,0.0,0,0,3,1.4705882352941178,25,171.0,1.0
medium_compressibility,1,smoothed,none,0,7,2,1,feasible,0.2125,0.68,3.4,19,19.0,0.0,0.0,0,0,2,1.3157894736842106,25,204.0,1.0
medium_compressibility,1,static_min,none,0,7,3,1,feasible,0.2125,0.68,3.4,17,17.0,0.0,0.0,0,0,3,1.4705882352941178,25,171.0,1.0
medium_compressibility,1,capacity_aware_static,C,7,7,3,1,feasible,0.2125,0.68,3.4,17,17.0,0.0,0.0,0,0,3,1.4705882352941178,25,171.0,1.0
medium_compressibility,1,smoothed,none,0,7,3,1,feasible,0.2125,0.68,3.4,19,19.0,0.0,0.0,0,0,2,1.3157894736842106,25,204.0,1.0
medium_compressibility,1,static_min,none,0,7,4,1,feasible,0.2125,0.68,3.4,17,17.0,0.0,0.0,0,0,3,1.4705882352941178,25,171.0,1.0
medium_compressibility,1,capacity_aware_static,C,7,7,4,1,feasible,0.2125,0.68,3.4,17,17.0,0.0,0.0,0,0,3,1.4705882352941178,25,171.0,1.0
medium_compressibility,1,smoothed,none,0,7,4,1,feasible,0.2125,0.68,3.4,19,19.0,0.0,0.0,0,0,2,1.3157894736842106,25,204.0,1.0
medium_compressibility,1,static_min,none,0,7,5,1,feasible,0.2125,0.68,3.4,17,17.0,0.0,0.0,0,0,3,1.4705882352941178,25,171.0,1.0
medium_compressibility,1,capacity_aware_static,C,7,7,5,1,feasible,0.2125,0.68,3.4,17,17.0,0.0,0.0,0,0,3,1.4705882352941178,25,171.0,1.0
medium_compressibility,1,smoothed,none,0,7,5,1,feasible,0.2125,0.68,3.4,19,19.0,0.0,0.0,0,0,2,1.3157894736842106,25,204.0,1.0
medium_compressibility,1,static_min,none,0,7,6,1,feasible,0.2125,0.68,3.4,17,17.0,0.0,0.0,0,0,3,1.4705882352941178,25,171.0,1.0
medium_compressibility,1,capacity_aware_static,C,7,7,6,1,feasible,0.2125,0.68,3.4,17,17.0,0.0,0.0,0,0,3,1.4705882352941178,25,171.0,1.0
medium_compressibility,1,smoothed,none,0,7,6,1,feasible,0.2125,0.68,3.4,19,19.0,0.0,0.0,0,0,2,1.3157894736842106,25,204.0,1.0
medium_compressibility,1,static_min,none,0,7,7,1,feasible,0.2125,0.68,3.4,17,17.0,0.0,0.0,0,0,3,1.4705882352941178,25,171.0,1.0
medium_compressibility,1,capacity_aware_static,C,7,7,7,1,feasible,0.2125,0.68,3.4,17,17.0,0.0,0.0,0,0,3,1.4705882352941178,25,171.0,1.0
medium_compressibility,1,smoothed,none,0,7,7,1,feasible,0.2125,0.68,3.4,19,19.0,0.0,0.0,0,0,2,1.3157894736842106,25,204.0,1.0
medium_compressibility,1,static_min,none,0,7,8,1,feasible,0.2125,0.68,3.4,17,17.0,0.0,0.0,0,0,3,1.4705882352941178,25,171.0,1.0
medium_compressibility,1,capacity_aware_static,C,7,7,8,1,feasible,0.2125,0.68,3.4,17,17.0,0.0,0.0,0,0,3,1.4705882352941178,25,171.0,1.0
medium_compressibility,1,smoothed,none,0,7,8,1,feasible,0.2125,0.68,3.4,19,19.0,0.0,0.0,0,0,2,1.3157894736842106,25,204.0,1.0
medium_compressibility,1,static_min,none,0,7,9,1,feasible,0.2125,0.68,3.4,17,17.0,0.0,0.0,0,0,3,1.4705882352941178,25,171.0,1.0
medium_compressibility,1,capacity_aware_static,C,7,7,9,1,feasible,0.2125,0.68,3.4,17,17.0,0.0,0.0,0,0,3,1.4705882352941178,25,171.0,1.0
medium_compressibility,1,smoothed,none,0,7,9,1,feasible,0.2125,0.68,3.4,19,19.0,0.0,0.0,0,0,2,1.3157894736842106,25,204.0,1.0
medium_compressibility,1,static_min,none,0,7,10,1,feasible,0.2125,0.68,3.4,17,17.0,0.0,0.0,0,0,3,1.4705882352941178,25,171.0,1.0
medium_compressibility,1,capacity_aware_static,C,7,7,10,1,feasible,0.2125,0.68,3.4,17,17.0,0.0,0.0,0,0,3,1.4705882352941178,25,171.0,1.0
medium_compressibility,1,smoothed,none,0,7,10,1,feasible,0.2125,0.68,3.4,19,19.0,0.0,0.0,0,0,2,1.3157894736842106,25,204.0,1.0
medium_compressibility,1,static_min,none,0,7,11,1,feasible,0.2125,0.68,3.4,17,17.0,0.0,0.0,0,0,3,1.4705882352941178,25,171.0,1.0
medium_compressibility,1,capacity_aware_static,C,7,7,11,1,feasible,0.2125,0.68,3.4,17,17.0,0.0,0.0,0,0,3,1.4705882352941178,25,171.0,1.0
medium_compressibility,1,smoothed,none,0,7,11,1,feasible,0.2125,0.68,3.4,19,19.0,0.0,0.0,0,0,2,1.3157894736842106,25,204.0,1.0
medium_compressibility,1,static_min,none,0,7,12,1,feasible,0.2125,0.68,3.4,17,17.0,0.0,0.0,0,0,3,1.4705882352941178,25,171.0,1.0
medium_compressibility,1,capacity_aware_static,C,7,7,12,1,feasible,0.2125,0.68,3.4,17,17.0,0.0,0.0,0,0,3,1.4705882352941178,25,171.0,1.0
medium_compressibility,1,smoothed,none,0,7,12,1,feasible,0.2125,0.68,3.4,19,19.0,0.0,0.0,0,0,2,1.3157894736842106,25,204.0,1.0
medium_compressibility,1,static_min,none,0,7,13,1,feasible,0.2125,0.68,3.4,17,17.0,0.0,0.0,0,0,3,1.4705882352941178,25,171.0,1.0
medium_compressibility,1,capacity_aware_static,C,7,7,13,1,feasible,0.2125,0.68,3.4,17,17.0,0.0,0.0,0,0,3,1.4705882352941178,25,171.0,1.0
medium_compressibility,1,smoothed,none,0,7,13,1,feasible,0.2125,0.68,3.4,19,19.0,0.0,0.0,0,0,2,1.3157894736842106,25,204.0,1.0
medium_compressibility,1,static_min,none,0,7,14,1,feasible,0.2125,0.68,3.4,17,17.0,0.0,0.0,0,0,3,1.4705882352941178,25,171.0,1.0
medium_compressibility,1,capacity_aware_static,C,7,7,14,1,feasible,0.2125,0.68,3.4,17,17.0,0.0,0.0,0,0,3,1.4705882352941178,25,171.0,1.0
medium_compressibility,1,smoothed,none,0,7,14,1,feasible,0.2125,0.68,3.4,19,19.0,0.0,0.0,0,0,2,1.3157894736842106,25,204.0,1.0
medium_compressibility,1,static_min,none,0,7,15,1,feasible,0.2125,0.68,3.4,17,17.0,0.0,0.0,0,0,3,1.4705882352941178,25,171.0,1.0
medium_compressibility,1,capacity_aware_static,C,7,7,15,1,feasible,0.2125,0.68,3.4,17,17.0,0.0,0.0,0,0,3,1.4705882352941178,25,171.0,1.0
medium_compressibility,1,smoothed,none,0,7,15,1,feasible,0.2125,0.68,3.4,19,19.0,0.0,0.0,0,0,2,1.3157894736842106,25,204.0,1.0
medium_compressibility,3,static_min,none,0,1,0,0,peak_demand_exceeds_reachable_stock,0.3169230769230769,0.88,4.12,14,inf,inf,1.0,13,13,5,1.7857142857142858,25,inf,inf
medium_compressibility,3,capacity_aware_static,C,1,1,0,1,feasible,0.3169230769230769,0.88,4.12,26,26.0,0.0,0.0,0,0,1,0.9615384615384616,25,266.0,1.0
medium_compressibility,3,smoothed,none,0,1,0,0,peak_demand_exceeds_reachable_stock,0.3169230769230769,0.88,4.12,14,inf,inf,1.0,12,12,2,1.7857142857142858,25,inf,inf
medium_compressibility,3,static_min,none,0,1,1,0,peak_demand_exceeds_reachable_stock,0.3169230769230769,0.88,4.12,14,inf,inf,1.0,13,13,5,1.7857142857142858,25,inf,inf
medium_compressibility,3,capacity_aware_static,C,1,1,1,1,feasible,0.3169230769230769,0.88,4.12,26,26.0,0.0,0.0,0,0,1,0.9615384615384616,25,266.0,1.0
medium_compressibility,3,smoothed,none,0,1,1,1,feasible,0.3169230769230769,0.88,4.12,14,26.0,12.0,0.46153846153846156,12,12,2,1.7857142857142858,25,392.0,1.8571428571428572
medium_compressibility,3,static_min,none,0,1,2,0,peak_demand_exceeds_reachable_stock,0.3169230769230769,0.88,4.12,14,inf,inf,1.0,13,13,5,1.7857142857142858,25,inf,inf
medium_compressibility,3,capacity_aware_static,C,1,1,2,1,feasible,0.3169230769230769,0.88,4.12,26,26.0,0.0,0.0,0,0,1,0.9615384615384616,25,266.0,1.0
medium_compressibility,3,smoothed,none,0,1,2,1,feasible,0.3169230769230769,0.88,4.12,14,26.0,12.0,0.46153846153846156,12,12,2,1.7857142857142858,25,392.0,1.8571428571428572
medium_compressibility,3,static_min,none,0,1,3,0,peak_demand_exceeds_reachable_stock,0.3169230769230769,0.88,4.12,14,inf,inf,1.0,13,13,5,1.7857142857142858,25,inf,inf
medium_compressibility,3,capacity_aware_static,C,1,1,3,1,feasible,0.3169230769230769,0.88,4.12,26,26.0,0.0,0.0,0,0,1,0.9615384615384616,25,266.0,1.0
medium_compressibility,3,smoothed,none,0,1,3,1,feasible,0.3169230769230769,0.88,4.12,14,26.0,12.0,0.46153846153846156,12,12,2,1.7857142857142858,25,392.0,1.8571428571428572
medium_compressibility,3,static_min,none,0,1,4,1,feasible,0.3169230769230769,0.88,4.12,14,27.0,13.0,0.48148148148148145,13,13,5,1.7857142857142858,25,314.0,1.9285714285714286
medium_compressibility,3,capacity_aware_static,C,1,1,4,1,feasible,0.3169230769230769,0.88,4.12,26,26.0,0.0,0.0,0,0,1,0.9615384615384616,25,266.0,1.0
medium_compressibility,3,smoothed,none,0,1,4,1,feasible,0.3169230769230769,0.88,4.12,14,26.0,12.0,0.46153846153846156,12,12,2,1.7857142857142858,25,392.0,1.8571428571428572
medium_compressibility,3,static_min,none,0,1,5,1,feasible,0.3169230769230769,0.88,4.12,14,27.0,13.0,0.48148148148148145,13,13,5,1.7857142857142858,25,314.0,1.9285714285714286
medium_compressibility,3,capacity_aware_static,C,1,1,5,1,feasible,0.3169230769230769,0.88,4.12,26,26.0,0.0,0.0,0,0,1,0.9615384615384616,25,266.0,1.0
medium_compressibility,3,smoothed,none,0,1,5,1,feasible,0.3169230769230769,0.88,4.12,14,26.0,12.0,0.46153846153846156,12,12,2,1.7857142857142858,25,392.0,1.8571428571428572
medium_compressibility,3,static_min,none,0,1,6,1,feasible,0.3169230769230769,0.88,4.12,14,27.0,13.0,0.48148148148148145,13,13,5,1.7857142857142858,25,314.0,1.9285714285714286
medium_compressibility,3,capacity_aware_static,C,1,1,6,1,feasible,0.3169230769230769,0.88,4.12,26,26.0,0.0,0.0,0,0,1,0.9615384615384616,25,266.0,1.0
medium_compressibility,3,smoothed,none,0,1,6,1,feasible,0.3169230769230769,0.88,4.12,14,26.0,12.0,0.46153846153846156,12,12,2,1.7857142857142858,25,392.0,1.8571428571428572
medium_compressibility,3,static_min,none,0,1,7,1,feasible,0.3169230769230769,0.88,4.12,14,27.0,13.0,0.48148148148148145,13,13,5,1.7857142857142858,25,314.0,1.9285714285714286
medium_compressibility,3,capacity_aware_static,C,1,1,7,1,feasible,0.3169230769230769,0.88,4.12,26,26.0,0.0,0.0,0,0,1,0.9615384615384616,25,266.0,1.0
medium_compressibility,3,smoothed,none,0,1,7,1,feasible,0.3169230769230769,0.88,4.12,14,26.0,12.0,0.46153846153846156,12,12,2,1.7857142857142858,25,392.0,1.8571428571428572
medium_compressibility,3,static_min,none,0,1,8,1,feasible,0.3169230769230769,0.88,4.12,14,27.0,13.0,0.48148148148148145,13,13,5,1.7857142857142858,25,314.0,1.9285714285714286
medium_compressibility,3,capacity_aware_static,C,1,1,8,1,feasible,0.3169230769230769,0.88,4.12,26,26.0,0.0,0.0,0,0,1,0.9615384615384616,25,266.0,1.0
medium_compressibility,3,smoothed,none,0,1,8,1,feasible,0.3169230769230769,0.88,4.12,14,26.0,12.0,0.46153846153846156,12,12,2,1.7857142857142858,25,392.0,1.8571428571428572
medium_compressibility,3,static_min,none,0,1,9,1,feasible,0.3169230769230769,0.88,4.12,14,27.0,13.0,0.48148148148148145,13,13,5,1.7857142857142858,25,314.0,1.9285714285714286
medium_compressibility,3,capacity_aware_static,C,1,1,9,1,feasible,0.3169230769230769,0.88,4.12,26,26.0,0.0,0.0,0,0,1,0.9615384615384616,25,266.0,1.0
medium_compressibility,3,smoothed,none,0,1,9,1,feasible,0.3169230769230769,0.88,4.12,14,26.0,12.0,0.46153846153846156,12,12,2,1.7857142857142858,25,392.0,1.8571428571428572
medium_compressibility,3,static_min,none,0,1,10,1,feasible,0.3169230769230769,0.88,4.12,14,27.0,13.0,0.48148148148148145,13,13,5,1.7857142857142858,25,314.0,1.9285714285714286
medium_compressibility,3,capacity_aware_static,C,1,1,10,1,feasible,0.3169230769230769,0.88,4.12,26,26.0,0.0,0.0,0,0,1,0.9615384615384616,25,266.0,1.0
medium_compressibility,3,smoothed,none,0,1,10,1,feasible,0.3169230769230769,0.88,4.12,14,26.0,12.0,0.46153846153846156,12,12,2,1.7857142857142858,25,392.0,1.8571428571428572
medium_compressibility,3,static_min,none,0,1,11,1,feasible,0.3169230769230769,0.88,4.12,14,27.0,13.0,0.48148148148148145,13,13,5,1.7857142857142858,25,314.0,1.9285714285714286
medium_compressibility,3,capacity_aware_static,C,1,1,11,1,feasible,0.3169230769230769,0.88,4.12,26,26.0,0.0,0.0,0,0,1,0.9615384615384616,25,266.0,1.0
medium_compressibility,3,smoothed,none,0,1,11,1,feasible,0.3169230769230769,0.88,4.12,14,26.0,12.0,0.46153846153846156,12,12,2,1.7857142857142858,25,392.0,1.8571428571428572
medium_compressibility,3,static_min,none,0,1,12,1,feasible,0.3169230769230769,0.88,4.12,14,27.0,13.0,0.48148148148148145,13,13,5,1.7857142857142858,25,314.0,1.9285714285714286
medium_compressibility,3,capacity_aware_static,C,1,1,12,1,feasible,0.3169230769230769,0.88,4.12,26,26.0,0.0,0.0,0,0,1,0.9615384615384616,25,266.0,1.0
medium_compressibility,3,smoothed,none,0,1,12,1,feasible,0.3169230769230769,0.88,4.12,14,26.0,12.0,0.46153846153846156,12,12,2,1.7857142857142858,25,392.0,1.8571428571428572
medium_compressibility,3,static_min,none,0,1,13,1,feasible,0.3169230769230769,0.88,4.12,14,27.0,13.0,0.48148148148148145,13,13,5,1.7857142857142858,25,314.0,1.9285714285714286
medium_compressibility,3,capacity_aware_static,C,1,1,13,1,feasible,0.3169230769230769,0.88,4.12,26,26.0,0.0,0.0,0,0,1,0.9615384615384616,25,266.0,1.0
medium_compressibility,3,smoothed,none,0,1,13,1,feasible,0.3169230769230769,0.88,4.12,14,26.0,12.0,0.46153846153846156,12,12,2,1.7857142857142858,25,392.0,1.8571428571428572
medium_compressibility,3,static_min,none,0,1,14,1,feasible,0.3169230769230769,0.88,4.12,14,27.0,13.0,0.48148148148148145,13,13,5,1.7857142857142858,25,314.0,1.9285714285714286
medium_compressibility,3,capacity_aware_static,C,1,1,14,1,feasible,0.3169230769230769,0.88,4.12,26,26.0,0.0,0.0,0,0,1,0.9615384615384616,25,266.0,1.0
medium_compressibility,3,smoothed,none,0,1,14,1,feasible,0.3169230769230769,0.88,4.12,14,26.0,12.0,0.46153846153846156,12,12,2,1.7857142857142858,25,392.0,1.8571428571428572
medium_compressibility,3,static_min,none,0,1,15,1,feasible,0.3169230769230769,0.88,4.12,14,27.0,13.0,0.48148148148148145,13,13,5,1.7857142857142858,25,314.0,1.9285714285714286
medium_compressibility,3,capacity_aware_static,C,1,1,15,1,feasible,0.3169230769230769,0.88,4.12,26,26.0,0.0,0.0,0,0,1,0.9615384615384616,25,266.0,1.0
medium_compressibility,3,smoothed,none,0,1,15,1,feasible,0.3169230769230769,0.88,4.12,14,26.0,12.0,0.46153846153846156,12,12,2,1.7857142857142858,25,392.0,1.8571428571428572
medium_compressibility,3,static_min,none,0,2,0,0,peak_demand_exceeds_reachable_stock,0.3169230769230769,0.88,4.12,14,inf,inf,1.0,5,6,5,1.7857142857142858,25,inf,inf
medium_compressibility,3,capacity_aware_static,C,2,2,0,1,feasible,0.3169230769230769,0.88,4.12,16,16.0,0.0,0.0,0,0,2,1.5625,25,173.0,1.0
medium_compressibility,3,smoothed,none,0,2,0,1,feasible,0.3169230769230769,0.88,4.12,14,14.0,0.0,0.0,0,0,2,1.7857142857142858,25,202.0,1.0
medium_compressibility,3,static_min,none,0,2,1,0,peak_demand_exceeds_reachable_stock,0.3169230769230769,0.88,4.12,14,inf,inf,1.0,5,6,5,1.7857142857142858,25,inf,inf
medium_compressibility,3,capacity_aware_static,C,2,2,1,1,feasible,0.3169230769230769,0.88,4.12,16,16.0,0.0,0.0,0,0,2,1.5625,25,173.0,1.0
medium_compressibility,3,smoothed,none,0,2,1,1,feasible,0.3169230769230769,0.88,4.12,14,14.0,0.0,0.0,0,0,2,1.7857142857142858,25,202.0,1.0
medium_compressibility,3,static_min,none,0,2,2,0,peak_demand_exceeds_reachable_stock,0.3169230769230769,0.88,4.12,14,inf,inf,1.0,5,6,5,1.7857142857142858,25,inf,inf
medium_compressibility,3,capacity_aware_static,C,2,2,2,1,feasible,0.3169230769230769,0.88,4.12,16,16.0,0.0,0.0,0,0,2,1.5625,25,173.0,1.0
medium_compressibility,3,smoothed,none,0,2,2,1,feasible,0.3169230769230769,0.88,4.12,14,14.0,0.0,0.0,0,0,2,1.7857142857142858,25,202.0,1.0
medium_compressibility,3,static_min,none,0,2,3,1,feasible,0.3169230769230769,0.88,4.12,14,17.0,3.0,0.17647058823529413,5,6,5,1.7857142857142858,25,192.0,1.2142857142857142
medium_compressibility,3,capacity_aware_static,C,2,2,3,1,feasible,0.3169230769230769,0.88,4.12,16,16.0,0.0,0.0,0,0,2,1.5625,25,173.0,1.0
medium_compressibility,3,smoothed,none,0,2,3,1,feasible,0.3169230769230769,0.88,4.12,14,14.0,0.0,0.0,0,0,2,1.7857142857142858,25,202.0,1.0
medium_compressibility,3,static_min,none,0,2,4,1,feasible,0.3169230769230769,0.88,4.12,14,17.0,3.0,0.17647058823529413,5,6,5,1.7857142857142858,25,192.0,1.2142857142857142
medium_compressibility,3,capacity_aware_static,C,2,2,4,1,feasible,0.3169230769230769,0.88,4.12,16,16.0,0.0,0.0,0,0,2,1.5625,25,173.0,1.0
medium_compressibility,3,smoothed,none,0,2,4,1,feasible,0.3169230769230769,0.88,4.12,14,14.0,0.0,0.0,0,0,2,1.7857142857142858,25,202.0,1.0
medium_compressibility,3,static_min,none,0,2,5,1,feasible,0.3169230769230769,0.88,4.12,14,17.0,3.0,0.17647058823529413,5,6,5,1.7857142857142858,25,192.0,1.2142857142857142
medium_compressibility,3,capacity_aware_static,C,2,2,5,1,feasible,0.3169230769230769,0.88,4.12,16,16.0,0.0,0.0,0,0,2,1.5625,25,173.0,1.0
medium_compressibility,3,smoothed,none,0,2,5,1,feasible,0.3169230769230769,0.88,4.12,14,14.0,0.0,0.0,0,0,2,1.7857142857142858,25,202.0,1.0
medium_compressibility,3,static_min,none,0,2,6,1,feasible,0.3169230769230769,0.88,4.12,14,17.0,3.0,0.17647058823529413,5,6,5,1.7857142857142858,25,192.0,1.2142857142857142
medium_compressibility,3,capacity_aware_static,C,2,2,6,1,feasible,0.3169230769230769,0.88,4.12,16,16.0,0.0,0.0,0,0,2,1.5625,25,173.0,1.0
medium_compressibility,3,smoothed,none,0,2,6,1,feasible,0.3169230769230769,0.88,4.12,14,14.0,0.0,0.0,0,0,2,1.7857142857142858,25,202.0,1.0
medium_compressibility,3,static_min,none,0,2,7,1,feasible,0.3169230769230769,0.88,4.12,14,17.0,3.0,0.17647058823529413,5,6,5,1.7857142857142858,25,192.0,1.2142857142857142
medium_compressibility,3,capacity_aware_static,C,2,2,7,1,feasible,0.3169230769230769,0.88,4.12,16,16.0,0.0,0.0,0,0,2,1.5625,25,173.0,1.0
medium_compressibility,3,smoothed,none,0,2,7,1,feasible,0.3169230769230769,0.88,4.12,14,14.0,0.0,0.0,0,0,2,1.7857142857142858,25,202.0,1.0
medium_compressibility,3,static_min,none,0,2,8,1,feasible,0.3169230769230769,0.88,4.12,14,17.0,3.0,0.17647058823529413,5,6,5,1.7857142857142858,25,192.0,1.2142857142857142
medium_compressibility,3,capacity_aware_static,C,2,2,8,1,feasible,0.3169230769230769,0.88,4.12,16,16.0,0.0,0.0,0,0,2,1.5625,25,173.0,1.0
medium_compressibility,3,smoothed,none,0,2,8,1,feasible,0.3169230769230769,0.88,4.12,14,14.0,0.0,0.0,0,0,2,1.7857142857142858,25,202.0,1.0
medium_compressibility,3,static_min,none,0,2,9,1,feasible,0.3169230769230769,0.88,4.12,14,17.0,3.0,0.17647058823529413,5,6,5,1.7857142857142858,25,192.0,1.2142857142857142
medium_compressibility,3,capacity_aware_static,C,2,2,9,1,feasible,0.3169230769230769,0.88,4.12,16,16.0,0.0,0.0,0,0,2,1.5625,25,173.0,1.0
medium_compressibility,3,smoothed,none,0,2,9,1,feasible,0.3169230769230769,0.88,4.12,14,14.0,0.0,0.0,0,0,2,1.7857142857142858,25,202.0,1.0
medium_compressibility,3,static_min,none,0,2,10,1,feasible,0.3169230769230769,0.88,4.12,14,17.0,3.0,0.17647058823529413,5,6,5,1.7857142857142858,25,192.0,1.2142857142857142
medium_compressibility,3,capacity_aware_static,C,2,2,10,1,feasible,0.3169230769230769,0.88,4.12,16,16.0,0.0,0.0,0,0,2,1.5625,25,173.0,1.0
medium_compressibility,3,smoothed,none,0,2,10,1,feasible,0.3169230769230769,0.88,4.12,14,14.0,0.0,0.0,0,0,2,1.7857142857142858,25,202.0,1.0
medium_compressibility,3,static_min,none,0,2,11,1,feasible,0.3169230769230769,0.88,4.12,14,17.0,3.0,0.17647058823529413,5,6,5,1.7857142857142858,25,192.0,1.2142857142857142
medium_compressibility,3,capacity_aware_static,C,2,2,11,1,feasible,0.3169230769230769,0.88,4.12,16,16.0,0.0,0.0,0,0,2,1.5625,25,173.0,1.0
medium_compressibility,3,smoothed,none,0,2,11,1,feasible,0.3169230769230769,0.88,4.12,14,14.0,0.0,0.0,0,0,2,1.7857142857142858,25,202.0,1.0
medium_compressibility,3,static_min,none,0,2,12,1,feasible,0.3169230769230769,0.88,4.12,14,17.0,3.0,0.17647058823529413,5,6,5,1.7857142857142858,25,192.0,1.2142857142857142
medium_compressibility,3,capacity_aware_static,C,2,2,12,1,feasible,0.3169230769230769,0.88,4.12,16,16.0,0.0,0.0,0,0,2,1.5625,25,173.0,1.0
medium_compressibility,3,smoothed,none,0,2,12,1,feasible,0.3169230769230769,0.88,4.12,14,14.0,0.0,0.0,0,0,2,1.7857142857142858,25,202.0,1.0
medium_compressibility,3,static_min,none,0,2,13,1,feasible,0.3169230769230769,0.88,4.12,14,17.0,3.0,0.17647058823529413,5,6,5,1.7857142857142858,25,192.0,1.2142857142857142
medium_compressibility,3,capacity_aware_static,C,2,2,13,1,feasible,0.3169230769230769,0.88,4.12,16,16.0,0.0,0.0,0,0,2,1.5625,25,173.0,1.0
medium_compressibility,3,smoothed,none,0,2,13,1,feasible,0.3169230769230769,0.88,4.12,14,14.0,0.0,0.0,0,0,2,1.7857142857142858,25,202.0,1.0
medium_compressibility,3,static_min,none,0,2,14,1,feasible,0.3169230769230769,0.88,4.12,14,17.0,3.0,0.17647058823529413,5,6,5,1.7857142857142858,25,192.0,1.2142857142857142
medium_compressibility,3,capacity_aware_static,C,2,2,14,1,feasible,0.3169230769230769,0.88,4.12,16,16.0,0.0,0.0,0,0,2,1.5625,25,173.0,1.0
medium_compressibility,3,smoothed,none,0,2,14,1,feasible,0.3169230769230769,0.88,4.12,14,14.0,0.0,0.0,0,0,2,1.7857142857142858,25,202.0,1.0
medium_compressibility,3,static_min,none,0,2,15,1,feasible,0.3169230769230769,0.88,4.12,14,17.0,3.0,0.17647058823529413,5,6,5,1.7857142857142858,25,192.0,1.2142857142857142
medium_compressibility,3,capacity_aware_static,C,2,2,15,1,feasible,0.3169230769230769,0.88,4.12,16,16.0,0.0,0.0,0,0,2,1.5625,25,173.0,1.0
medium_compressibility,3,smoothed,none,0,2,15,1,feasible,0.3169230769230769,0.88,4.12,14,14.0,0.0,0.0,0,0,2,1.7857142857142858,25,202.0,1.0
medium_compressibility,3,static_min,none,0,3,0,0,peak_demand_exceeds_reachable_stock,0.3169230769230769,0.88,4.12,14,inf,inf,1.0,2,3,5,1.7857142857142858,25,inf,inf
medium_compressibility,3,capacity_aware_static,C,3,3,0,1,feasible,0.3169230769230769,0.88,4.12,14,14.0,0.0,0.0,0,0,3,1.7857142857142858,25,156.0,1.0
medium_compressibility,3,smoothed,none,0,3,0,1,feasible,0.3169230769230769,0.88,4.12,14,14.0,0.0,0.0,0,0,2,1.7857142857142858,25,202.0,1.0
medium_compressibility,3,static_min,none,0,3,1,0,peak_demand_exceeds_reachable_stock,0.3169230769230769,0.88,4.12,14,inf,inf,1.0,2,3,5,1.7857142857142858,25,inf,inf
medium_compressibility,3,capacity_aware_static,C,3,3,1,1,feasible,0.3169230769230769,0.88,4.12,14,14.0,0.0,0.0,0,0,3,1.7857142857142858,25,156.0,1.0
medium_compressibility,3,smoothed,none,0,3,1,1,feasible,0.3169230769230769,0.88,4.12,14,14.0,0.0,0.0,0,0,2,1.7857142857142858,25,202.0,1.0
medium_compressibility,3,static_min,none,0,3,2,1,feasible,0.3169230769230769,0.88,4.12,14,16.0,2.0,0.125,2,3,5,1.7857142857142858,25,179.0,1.1428571428571428
medium_compressibility,3,capacity_aware_static,C,3,3,2,1,feasible,0.3169230769230769,0.88,4.12,14,14.0,0.0,0.0,0,0,3,1.7857142857142858,25,156.0,1.0
medium_compressibility,3,smoothed,none,0,3,2,1,feasible,0.3169230769230769,0.88,4.12,14,14.0,0.0,0.0,0,0,2,1.7857142857142858,25,202.0,1.0
medium_compressibility,3,static_min,none,0,3,3,1,feasible,0.3169230769230769,0.88,4.12,14,15.0,1.0,0.06666666666666667,2,3,5,1.7857142857142858,25,165.0,1.0714285714285714
medium_compressibility,3,capacity_aware_static,C,3,3,3,1,feasible,0.3169230769230769,0.88,4.12,14,14.0,0.0,0.0,0,0,3,1.7857142857142858,25,156.0,1.0
medium_compressibility,3,smoothed,none,0,3,3,1,feasible,0.3169230769230769,0.88,4.12,14,14.0,0.0,0.0,0,0,2,1.7857142857142858,25,202.0,1.0
medium_compressibility,3,static_min,none,0,3,4,1,feasible,0.3169230769230769,0.88,4.12,14,15.0,1.0,0.06666666666666667,2,3,5,1.7857142857142858,25,165.0,1.0714285714285714
medium_compressibility,3,capacity_aware_static,C,3,3,4,1,feasible,0.3169230769230769,0.88,4.12,14,14.0,0.0,0.0,0,0,3,1.7857142857142858,25,156.0,1.0
medium_compressibility,3,smoothed,none,0,3,4,1,feasible,0.3169230769230769,0.88,4.12,14,14.0,0.0,0.0,0,0,2,1.7857142857142858,25,202.0,1.0
medium_compressibility,3,static_min,none,0,3,5,1,feasible,0.3169230769230769,0.88,4.12,14,15.0,1.0,0.06666666666666667,2,3,5,1.7857142857142858,25,165.0,1.0714285714285714
medium_compressibility,3,capacity_aware_static,C,3,3,5,1,feasible,0.3169230769230769,0.88,4.12,14,14.0,0.0,0.0,0,0,3,1.7857142857142858,25,156.0,1.0
medium_compressibility,3,smoothed,none,0,3,5,1,feasible,0.3169230769230769,0.88,4.12,14,14.0,0.0,0.0,0,0,2,1.7857142857142858,25,202.0,1.0
medium_compressibility,3,static_min,none,0,3,6,1,feasible,0.3169230769230769,0.88,4.12,14,15.0,1.0,0.06666666666666667,2,3,5,1.7857142857142858,25,165.0,1.0714285714285714
medium_compressibility,3,capacity_aware_static,C,3,3,6,1,feasible,0.3169230769230769,0.88,4.12,14,14.0,0.0,0.0,0,0,3,1.7857142857142858,25,156.0,1.0
medium_compressibility,3,smoothed,none,0,3,6,1,feasible,0.3169230769230769,0.88,4.12,14,14.0,0.0,0.0,0,0,2,1.7857142857142858,25,202.0,1.0
medium_compressibility,3,static_min,none,0,3,7,1,feasible,0.3169230769230769,0.88,4.12,14,15.0,1.0,0.06666666666666667,2,3,5,1.7857142857142858,25,165.0,1.0714285714285714
medium_compressibility,3,capacity_aware_static,C,3,3,7,1,feasible,0.3169230769230769,0.88,4.12,14,14.0,0.0,0.0,0,0,3,1.7857142857142858,25,156.0,1.0
medium_compressibility,3,smoothed,none,0,3,7,1,feasible,0.3169230769230769,0.88,4.12,14,14.0,0.0,0.0,0,0,2,1.7857142857142858,25,202.0,1.0
medium_compressibility,3,static_min,none,0,3,8,1,feasible,0.3169230769230769,0.88,4.12,14,15.0,1.0,0.06666666666666667,2,3,5,1.7857142857142858,25,165.0,1.0714285714285714
medium_compressibility,3,capacity_aware_static,C,3,3,8,1,feasible,0.3169230769230769,0.88,4.12,14,14.0,0.0,0.0,0,0,3,1.7857142857142858,25,156.0,1.0
medium_compressibility,3,smoothed,none,0,3,8,1,feasible,0.3169230769230769,0.88,4.12,14,14.0,0.0,0.0,0,0,2,1.7857142857142858,25,202.0,1.0
medium_compressibility,3,static_min,none,0,3,9,1,feasible,0.3169230769230769,0.88,4.12,14,15.0,1.0,0.06666666666666667,2,3,5,1.7857142857142858,25,165.0,1.0714285714285714
medium_compressibility,3,capacity_aware_static,C,3,3,9,1,feasible,0.3169230769230769,0.88,4.12,14,14.0,0.0,0.0,0,0,3,1.7857142857142858,25,156.0,1.0
medium_compressibility,3,smoothed,none,0,3,9,1,feasible,0.3169230769230769,0.88,4.12,14,14.0,0.0,0.0,0,0,2,1.7857142857142858,25,202.0,1.0
medium_compressibility,3,static_min,none,0,3,10,1,feasible,0.3169230769230769,0.88,4.12,14,15.0,1.0,0.06666666666666667,2,3,5,1.7857142857142858,25,165.0,1.0714285714285714
medium_compressibility,3,capacity_aware_static,C,3,3,10,1,feasible,0.3169230769230769,0.88,4.12,14,14.0,0.0,0.0,0,0,3,1.7857142857142858,25,156.0,1.0
medium_compressibility,3,smoothed,none,0,3,10,1,feasible,0.3169230769230769,0.88,4.12,14,14.0,0.0,0.0,0,0,2,1.7857142857142858,25,202.0,1.0
medium_compressibility,3,static_min,none,0,3,11,1,feasible,0.3169230769230769,0.88,4.12,14,15.0,1.0,0.06666666666666667,2,3,5,1.7857142857142858,25,165.0,1.0714285714285714
medium_compressibility,3,capacity_aware_static,C,3,3,11,1,feasible,0.3169230769230769,0.88,4.12,14,14.0,0.0,0.0,0,0,3,1.7857142857142858,25,156.0,1.0
medium_compressibility,3,smoothed,none,0,3,11,1,feasible,0.3169230769230769,0.88,4.12,14,14.0,0.0,0.0,0,0,2,1.7857142857142858,25,202.0,1.0
medium_compressibility,3,static_min,none,0,3,12,1,feasible,0.3169230769230769,0.88,4.12,14,15.0,1.0,0.06666666666666667,2,3,5,1.7857142857142858,25,165.0,1.0714285714285714
medium_compressibility,3,capacity_aware_static,C,3,3,12,1,feasible,0.3169230769230769,0.88,4.12,14,14.0,0.0,0.0,0,0,3,1.7857142857142858,25,156.0,1.0
medium_compressibility,3,smoothed,none,0,3,12,1,feasible,0.3169230769230769,0.88,4.12,14,14.0,0.0,0.0,0,0,2,1.7857142857142858,25,202.0,1.0
medium_compressibility,3,static_min,none,0,3,13,1,feasible,0.3169230769230769,0.88,4.12,14,15.0,1.0,0.06666666666666667,2,3,5,1.7857142857142858,25,165.0,1.0714285714285714
medium_compressibility,3,capacity_aware_static,C,3,3,13,1,feasible,0.3169230769230769,0.88,4.12,14,14.0,0.0,0.0,0,0,3,1.7857142857142858,25,156.0,1.0
medium_compressibility,3,smoothed,none,0,3,13,1,feasible,0.3169230769230769,0.88,4.12,14,14.0,0.0,0.0,0,0,2,1.7857142857142858,25,202.0,1.0
medium_compressibility,3,static_min,none,0,3,14,1,feasible,0.3169230769230769,0.88,4.12,14,15.0,1.0,0.06666666666666667,2,3,5,1.7857142857142858,25,165.0,1.0714285714285714
medium_compressibility,3,capacity_aware_static,C,3,3,14,1,feasible,0.3169230769230769,0.88,4.12,14,14.0,0.0,0.0,0,0,3,1.7857142857142858,25,156.0,1.0
medium_compressibility,3,smoothed,none,0,3,14,1,feasible,0.3169230769230769,0.88,4.12,14,14.0,0.0,0.0,0,0,2,1.7857142857142858,25,202.0,1.0
medium_compressibility,3,static_min,none,0,3,15,1,feasible,0.3169230769230769,0.88,4.12,14,15.0,1.0,0.06666666666666667,2,3,5,1.7857142857142858,25,165.0,1.0714285714285714
medium_compressibility,3,capacity_aware_static,C,3,3,15,1,feasible,0.3169230769230769,0.88,4.12,14,14.0,0.0,0.0,0,0,3,1.7857142857142858,25,156.0,1.0
medium_compressibility,3,smoothed,none,0,3,15,1,feasible,0.3169230769230769,0.88,4.12,14,14.0,0.0,0.0,0,0,2,1.7857142857142858,25,202.0,1.0
medium_compressibility,3,static_min,none,0,4,0,0,peak_demand_exceeds_reachable_stock,0.3169230769230769,0.88,4.12,14,inf,inf,1.0,0,1,5,1.7857142857142858,25,inf,inf
medium_compressibility,3,capacity_aware_static,C,4,4,0,1,feasible,0.3169230769230769,0.88,4.12,14,14.0,0.0,0.0,0,0,4,1.7857142857142858,25,154.0,1.0
medium_compressibility,3,smoothed,none,0,4,0,1,feasible,0.3169230769230769,0.88,4.12,14,14.0,0.0,0.0,0,0,2,1.7857142857142858,25,202.0,1.0
medium_compressibility,3,static_min,none,0,4,1,1,feasible,0.3169230769230769,0.88,4.12,14,14.0,0.0,0.0,0,1,5,1.7857142857142858,25,152.0,1.0
medium_compressibility,3,capacity_aware_static,C,4,4,1,1,feasible,0.3169230769230769,0.88,4.12,14,14.0,0.0,0.0,0,0,4,1.7857142857142858,25,154.0,1.0
medium_compressibility,3,smoothed,none,0,4,1,1,feasible,0.3169230769230769,0.88,4.12,14,14.0,0.0,0.0,0,0,2,1.7857142857142858,25,202.0,1.0
medium_compressibility,3,static_min,none,0,4,2,1,feasible,0.3169230769230769,0.88,4.12,14,14.0,0.0,0.0,0,1,5,1.7857142857142858,25,152.0,1.0
medium_compressibility,3,capacity_aware_static,C,4,4,2,1,feasible,0.3169230769230769,0.88,4.12,14,14.0,0.0,0.0,0,0,4,1.7857142857142858,25,154.0,1.0
medium_compressibility,3,smoothed,none,0,4,2,1,feasible,0.3169230769230769,0.88,4.12,14,14.0,0.0,0.0,0,0,2,1.7857142857142858,25,202.0,1.0
medium_compressibility,3,static_min,none,0,4,3,1,feasible,0.3169230769230769,0.88,4.12,14,14.0,0.0,0.0,0,1,5,1.7857142857142858,25,152.0,1.0
medium_compressibility,3,capacity_aware_static,C,4,4,3,1,feasible,0.3169230769230769,0.88,4.12,14,14.0,0.0,0.0,0,0,4,1.7857142857142858,25,154.0,1.0
medium_compressibility,3,smoothed,none,0,4,3,1,feasible,0.3169230769230769,0.88,4.12,14,14.0,0.0,0.0,0,0,2,1.7857142857142858,25,202.0,1.0
medium_compressibility,3,static_min,none,0,4,4,1,feasible,0.3169230769230769,0.88,4.12,14,14.0,0.0,0.0,0,1,5,1.7857142857142858,25,152.0,1.0
medium_compressibility,3,capacity_aware_static,C,4,4,4,1,feasible,0.3169230769230769,0.88,4.12,14,14.0,0.0,0.0,0,0,4,1.7857142857142858,25,154.0,1.0
medium_compressibility,3,smoothed,none,0,4,4,1,feasible,0.3169230769230769,0.88,4.12,14,14.0,0.0,0.0,0,0,2,1.7857142857142858,25,202.0,1.0
medium_compressibility,3,static_min,none,0,4,5,1,feasible,0.3169230769230769,0.88,4.12,14,14.0,0.0,0.0,0,1,5,1.7857142857142858,25,152.0,1.0
medium_compressibility,3,capacity_aware_static,C,4,4,5,1,feasible,0.3169230769230769,0.88,4.12,14,14.0,0.0,0.0,0,0,4,1.7857142857142858,25,154.0,1.0
medium_compressibility,3,smoothed,none,0,4,5,1,feasible,0.3169230769230769,0.88,4.12,14,14.0,0.0,0.0,0,0,2,1.7857142857142858,25,202.0,1.0
medium_compressibility,3,static_min,none,0,4,6,1,feasible,0.3169230769230769,0.88,4.12,14,14.0,0.0,0.0,0,1,5,1.7857142857142858,25,152.0,1.0
medium_compressibility,3,capacity_aware_static,C,4,4,6,1,feasible,0.3169230769230769,0.88,4.12,14,14.0,0.0,0.0,0,0,4,1.7857142857142858,25,154.0,1.0
medium_compressibility,3,smoothed,none,0,4,6,1,feasible,0.3169230769230769,0.88,4.12,14,14.0,0.0,0.0,0,0,2,1.7857142857142858,25,202.0,1.0
medium_compressibility,3,static_min,none,0,4,7,1,feasible,0.3169230769230769,0.88,4.12,14,14.0,0.0,0.0,0,1,5,1.7857142857142858,25,152.0,1.0
medium_compressibility,3,capacity_aware_static,C,4,4,7,1,feasible,0.3169230769230769,0.88,4.12,14,14.0,0.0,0.0,0,0,4,1.7857142857142858,25,154.0,1.0
medium_compressibility,3,smoothed,none,0,4,7,1,feasible,0.3169230769230769,0.88,4.12,14,14.0,0.0,0.0,0,0,2,1.7857142857142858,25,202.0,1.0
medium_compressibility,3,static_min,none,0,4,8,1,feasible,0.3169230769230769,0.88,4.12,14,14.0,0.0,0.0,0,1,5,1.7857142857142858,25,152.0,1.0
medium_compressibility,3,capacity_aware_static,C,4,4,8,1,feasible,0.3169230769230769,0.88,4.12,14,14.0,0.0,0.0,0,0,4,1.7857142857142858,25,154.0,1.0
medium_compressibility,3,smoothed,none,0,4,8,1,feasible,0.3169230769230769,0.88,4.12,14,14.0,0.0,0.0,0,0,2,1.7857142857142858,25,202.0,1.0
medium_compressibility,3,static_min,none,0,4,9,1,feasible,0.3169230769230769,0.88,4.12,14,14.0,0.0,0.0,0,1,5,1.7857142857142858,25,152.0,1.0
medium_compressibility,3,capacity_aware_static,C,4,4,9,1,feasible,0.3169230769230769,0.88,4.12,14,14.0,0.0,0.0,0,0,4,1.7857142857142858,25,154.0,1.0
medium_compressibility,3,smoothed,none,0,4,9,1,feasible,0.3169230769230769,0.88,4.12,14,14.0,0.0,0.0,0,0,2,1.7857142857142858,25,202.0,1.0
medium_compressibility,3,static_min,none,0,4,10,1,feasible,0.3169230769230769,0.88,4.12,14,14.0,0.0,0.0,0,1,5,1.7857142857142858,25,152.0,1.0
medium_compressibility,3,capacity_aware_static,C,4,4,10,1,feasible,0.3169230769230769,0.88,4.12,14,14.0,0.0,0.0,0,0,4,1.7857142857142858,25,154.0,1.0
medium_compressibility,3,smoothed,none,0,4,10,1,feasible,0.3169230769230769,0.88,4.12,14,14.0,0.0,0.0,0,0,2,1.7857142857142858,25,202.0,1.0
medium_compressibility,3,static_min,none,0,4,11,1,feasible,0.3169230769230769,0.88,4.12,14,14.0,0.0,0.0,0,1,5,1.7857142857142858,25,152.0,1.0
medium_compressibility,3,capacity_aware_static,C,4,4,11,1,feasible,0.3169230769230769,0.88,4.12,14,14.0,0.0,0.0,0,0,4,1.7857142857142858,25,154.0,1.0
medium_compressibility,3,smoothed,none,0,4,11,1,feasible,0.3169230769230769,0.88,4.12,14,14.0,0.0,0.0,0,0,2,1.7857142857142858,25,202.0,1.0
medium_compressibility,3,static_min,none,0,4,12,1,feasible,0.3169230769230769,0.88,4.12,14,14.0,0.0,0.0,0,1,5,1.7857142857142858,25,152.0,1.0
medium_compressibility,3,capacity_aware_static,C,4,4,12,1,feasible,0.3169230769230769,0.88,4.12,14,14.0,0.0,0.0,0,0,4,1.7857142857142858,25,154.0,1.0
medium_compressibility,3,smoothed,none,0,4,12,1,feasible,0.3169230769230769,0.88,4.12,14,14.0,0.0,0.0,0,0,2,1.7857142857142858,25,202.0,1.0
medium_compressibility,3,static_min,none,0,4,13,1,feasible,0.3169230769230769,0.88,4.12,14,14.0,0.0,0.0,0,1,5,1.7857142857142858,25,152.0,1.0
medium_compressibility,3,capacity_aware_static,C,4,4,13,1,feasible,0.3169230769230769,0.88,4.12,14,14.0,0.0,0.0,0,0,4,1.7857142857142858,25,154.0,1.0
medium_compressibility,3,smoothed,none,0,4,13,1,feasible,0.3169230769230769,0.88,4.12,14,14.0,0.0,0.0,0,0,2,1.7857142857142858,25,202.0,1.0
medium_compressibility,3,static_min,none,0,4,14,1,feasible,0.3169230769230769,0.88,4.12,14,14.0,0.0,0.0,0,1,5,1.7857142857142858,25,152.0,1.0
medium_compressibility,3,capacity_aware_static,C,4,4,14,1,feasible,0.3169230769230769,0.88,4.12,14,14.0,0.0,0.0,0,0,4,1.7857142857142858,25,154.0,1.0
medium_compressibility,3,smoothed,none,0,4,14,1,feasible,0.3169230769230769,0.88,4.12,14,14.0,0.0,0.0,0,0,2,1.7857142857142858,25,202.0,1.0
medium_compressibility,3,static_min,none,0,4,15,1,feasible,0.3169230769230769,0.88,4.12,14,14.0,0.0,0.0,0,1,5,1.7857142857142858,25,152.0,1.0
medium_compressibility,3,capacity_aware_static,C,4,4,15,1,feasible,0.3169230769230769,0.88,4.12,14,14.0,0.0,0.0,0,0,4,1.7857142857142858,25,154.0,1.0
medium_compressibility,3,smoothed,none,0,4,15,1,feasible,0.3169230769230769,0.88,4.12,14,14.0,0.0,0.0,0,0,2,1.7857142857142858,25,202.0,1.0
medium_compressibility,3,static_min,none,0,5,0,1,feasible,0.3169230769230769,0.88,4.12,14,14.0,0.0,0.0,0,0,5,1.7857142857142858,25,152.0,1.0
medium_compressibility,3,capacity_aware_static,C,5,5,0,1,feasible,0.3169230769230769,0.88,4.12,14,14.0,0.0,0.0,0,0,5,1.7857142857142858,25,152.0,1.0
medium_compressibility,3,smoothed,none,0,5,0,1,feasible,0.3169230769230769,0.88,4.12,14,14.0,0.0,0.0,0,0,2,1.7857142857142858,25,202.0,1.0
medium_compressibility,3,static_min,none,0,5,1,1,feasible,0.3169230769230769,0.88,4.12,14,14.0,0.0,0.0,0,0,5,1.7857142857142858,25,152.0,1.0
medium_compressibility,3,capacity_aware_static,C,5,5,1,1,feasible,0.3169230769230769,0.88,4.12,14,14.0,0.0,0.0,0,0,5,1.7857142857142858,25,152.0,1.0
medium_compressibility,3,smoothed,none,0,5,1,1,feasible,0.3169230769230769,0.88,4.12,14,14.0,0.0,0.0,0,0,2,1.7857142857142858,25,202.0,1.0
medium_compressibility,3,static_min,none,0,5,2,1,feasible,0.3169230769230769,0.88,4.12,14,14.0,0.0,0.0,0,0,5,1.7857142857142858,25,152.0,1.0
medium_compressibility,3,capacity_aware_static,C,5,5,2,1,feasible,0.3169230769230769,0.88,4.12,14,14.0,0.0,0.0,0,0,5,1.7857142857142858,25,152.0,1.0
medium_compressibility,3,smoothed,none,0,5,2,1,feasible,0.3169230769230769,0.88,4.12,14,14.0,0.0,0.0,0,0,2,1.7857142857142858,25,202.0,1.0
medium_compressibility,3,static_min,none,0,5,3,1,feasible,0.3169230769230769,0.88,4.12,14,14.0,0.0,0.0,0,0,5,1.7857142857142858,25,152.0,1.0
medium_compressibility,3,capacity_aware_static,C,5,5,3,1,feasible,0.3169230769230769,0.88,4.12,14,14.0,0.0,0.0,0,0,5,1.7857142857142858,25,152.0,1.0
medium_compressibility,3,smoothed,none,0,5,3,1,feasible,0.3169230769230769,0.88,4.12,14,14.0,0.0,0.0,0,0,2,1.7857142857142858,25,202.0,1.0
medium_compressibility,3,static_min,none,0,5,4,1,feasible,0.3169230769230769,0.88,4.12,14,14.0,0.0,0.0,0,0,5,1.7857142857142858,25,152.0,1.0
medium_compressibility,3,capacity_aware_static,C,5,5,4,1,feasible,0.3169230769230769,0.88,4.12,14,14.0,0.0,0.0,0,0,5,1.7857142857142858,25,152.0,1.0
medium_compressibility,3,smoothed,none,0,5,4,1,feasible,0.3169230769230769,0.88,4.12,14,14.0,0.0,0.0,0,0,2,1.7857142857142858,25,202.0,1.0
medium_compressibility,3,static_min,none,0,5,5,1,feasible,0.3169230769230769,0.88,4.12,14,14.0,0.0,0.0,0,0,5,1.7857142857142858,25,152.0,1.0
medium_compressibility,3,capacity_aware_static,C,5,5,5,1,feasible,0.3169230769230769,0.88,4.12,14,14.0,0.0,0.0,0,0,5,1.7857142857142858,25,152.0,1.0
medium_compressibility,3,smoothed,none,0,5,5,1,feasible,0.3169230769230769,0.88,4.12,14,14.0,0.0,0.0,0,0,2,1.7857142857142858,25,202.0,1.0
medium_compressibility,3,static_min,none,0,5,6,1,feasible,0.3169230769230769,0.88,4.12,14,14.0,0.0,0.0,0,0,5,1.7857142857142858,25,152.0,1.0
medium_compressibility,3,capacity_aware_static,C,5,5,6,1,feasible,0.3169230769230769,0.88,4.12,14,14.0,0.0,0.0,0,0,5,1.7857142857142858,25,152.0,1.0
medium_compressibility,3,smoothed,none,0,5,6,1,feasible,0.3169230769230769,0.88,4.12,14,14.0,0.0,0.0,0,0,2,1.7857142857142858,25,202.0,1.0
medium_compressibility,3,static_min,none,0,5,7,1,feasible,0.3169230769230769,0.88,4.12,14,14.0,0.0,0.0,0,0,5,1.7857142857142858,25,152.0,1.0
medium_compressibility,3,capacity_aware_static,C,5,5,7,1,feasible,0.3169230769230769,0.88,4.12,14,14.0,0.0,0.0,0,0,5,1.7857142857142858,25,152.0,1.0
medium_compressibility,3,smoothed,none,0,5,7,1,feasible,0.3169230769230769,0.88,4.12,14,14.0,0.0,0.0,0,0,2,1.7857142857142858,25,202.0,1.0
medium_compressibility,3,static_min,none,0,5,8,1,feasible,0.3169230769230769,0.88,4.12,14,14.0,0.0,0.0,0,0,5,1.7857142857142858,25,152.0,1.0
medium_compressibility,3,capacity_aware_static,C,5,5,8,1,feasible,0.3169230769230769,0.88,4.12,14,14.0,0.0,0.0,0,0,5,1.7857142857142858,25,152.0,1.0
medium_compressibility,3,smoothed,none,0,5,8,1,feasible,0.3169230769230769,0.88,4.12,14,14.0,0.0,0.0,0,0,2,1.7857142857142858,25,202.0,1.0
medium_compressibility,3,static_min,none,0,5,9,1,feasible,0.3169230769230769,0.88,4.12,14,14.0,0.0,0.0,0,0,5,1.7857142857142858,25,152.0,1.0
medium_compressibility,3,capacity_aware_static,C,5,5,9,1,feasible,0.3169230769230769,0.88,4.12,14,14.0,0.0,0.0,0,0,5,1.7857142857142858,25,152.0,1.0
medium_compressibility,3,smoothed,none,0,5,9,1,feasible,0.3169230769230769,0.88,4.12,14,14.0,0.0,0.0,0,0,2,1.7857142857142858,25,202.0,1.0
medium_compressibility,3,static_min,none,0,5,10,1,feasible,0.3169230769230769,0.88,4.12,14,14.0,0.0,0.0,0,0,5,1.7857142857142858,25,152.0,1.0
medium_compressibility,3,capacity_aware_static,C,5,5,10,1,feasible,0.3169230769230769,0.88,4.12,14,14.0,0.0,0.0,0,0,5,1.7857142857142858,25,152.0,1.0
medium_compressibility,3,smoothed,none,0,5,10,1,feasible,0.3169230769230769,0.88,4.12,14,14.0,0.0,0.0,0,0,2,1.7857142857142858,25,202.0,1.0
medium_compressibility,3,static_min,none,0,5,11,1,feasible,0.3169230769230769,0.88,4.12,14,14.0,0.0,0.0,0,0,5,1.7857142857142858,25,152.0,1.0
medium_compressibility,3,capacity_aware_static,C,5,5,11,1,feasible,0.3169230769230769,0.88,4.12,14,14.0,0.0,0.0,0,0,5,1.7857142857142858,25,152.0,1.0
medium_compressibility,3,smoothed,none,0,5,11,1,feasible,0.3169230769230769,0.88,4.12,14,14.0,0.0,0.0,0,0,2,1.7857142857142858,25,202.0,1.0
medium_compressibility,3,static_min,none,0,5,12,1,feasible,0.3169230769230769,0.88,4.12,14,14.0,0.0,0.0,0,0,5,1.7857142857142858,25,152.0,1.0
medium_compressibility,3,capacity_aware_static,C,5,5,12,1,feasible,0.3169230769230769,0.88,4.12,14,14.0,0.0,0.0,0,0,5,1.7857142857142858,25,152.0,1.0
medium_compressibility,3,smoothed,none,0,5,12,1,feasible,0.3169230769230769,0.88,4.12,14,14.0,0.0,0.0,0,0,2,1.7857142857142858,25,202.0,1.0
medium_compressibility,3,static_min,none,0,5,13,1,feasible,0.3169230769230769,0.88,4.12,14,14.0,0.0,0.0,0,0,5,1.7857142857142858,25,152.0,1.0
medium_compressibility,3,capacity_aware_static,C,5,5,13,1,feasible,0.3169230769230769,0.88,4.12,14,14.0,0.0,0.0,0,0,5,1.7857142857142858,25,152.0,1.0
medium_compressibility,3,smoothed,none,0,5,13,1,feasible,0.3169230769230769,0.88,4.12,14,14.0,0.0,0.0,0,0,2,1.7857142857142858,25,202.0,1.0
medium_compressibility,3,static_min,none,0,5,14,1,feasible,0.3169230769230769,0.88,4.12,14,14.0,0.0,0.0,0,0,5,1.7857142857142858,25,152.0,1.0
medium_compressibility,3,capacity_aware_static,C,5,5,14,1,feasible,0.3169230769230769,0.88,4.12,14,14.0,0.0,0.0,0,0,5,1.7857142857142858,25,152.0,1.0
medium_compressibility,3,smoothed,none,0,5,14,1,feasible,0.3169230769230769,0.88,4.12,14,14.0,0.0,0.0,0,0,2,1.7857142857142858,25,202.0,1.0
medium_compressibility,3,static_min,none,0,5,15,1,feasible,0.3169230769230769,0.88,4.12,14,14.0,0.0,0.0,0,0,5,1.7857142857142858,25,152.0,1.0
medium_compressibility,3,capacity_aware_static,C,5,5,15,1,feasible,0.3169230769230769,0.88,4.12,14,14.0,0.0,0.0,0,0,5,1.7857142857142858,25,152.0,1.0
medium_compressibility,3,smoothed,none,0,5,15,1,feasible,0.3169230769230769,0.88,4.12,14,14.0,0.0,0.0,0,0,2,1.7857142857142858,25,202.0,1.0
medium_compressibility,3,static_min,none,0,6,0,1,feasible,0.3169230769230769,0.88,4.12,14,14.0,0.0,0.0,0,0,5,1.7857142857142858,25,152.0,1.0
medium_compressibility,3,capacity_aware_static,C,6,6,0,1,feasible,0.3169230769230769,0.88,4.12,14,14.0,0.0,0.0,0,0,5,1.7857142857142858,25,152.0,1.0
medium_compressibility,3,smoothed,none,0,6,0,1,feasible,0.3169230769230769,0.88,4.12,14,14.0,0.0,0.0,0,0,2,1.7857142857142858,25,202.0,1.0
medium_compressibility,3,static_min,none,0,6,1,1,feasible,0.3169230769230769,0.88,4.12,14,14.0,0.0,0.0,0,0,5,1.7857142857142858,25,152.0,1.0
medium_compressibility,3,capacity_aware_static,C,6,6,1,1,feasible,0.3169230769230769,0.88,4.12,14,14.0,0.0,0.0,0,0,5,1.7857142857142858,25,152.0,1.0
medium_compressibility,3,smoothed,none,0,6,1,1,feasible,0.3169230769230769,0.88,4.12,14,14.0,0.0,0.0,0,0,2,1.7857142857142858,25,202.0,1.0
medium_compressibility,3,static_min,none,0,6,2,1,feasible,0.3169230769230769,0.88,4.12,14,14.0,0.0,0.0,0,0,5,1.7857142857142858,25,152.0,1.0
medium_compressibility,3,capacity_aware_static,C,6,6,2,1,feasible,0.3169230769230769,0.88,4.12,14,14.0,0.0,0.0,0,0,5,1.7857142857142858,25,152.0,1.0
medium_compressibility,3,smoothed,none,0,6,2,1,feasible,0.3169230769230769,0.88,4.12,14,14.0,0.0,0.0,0,0,2,1.7857142857142858,25,202.0,1.0
medium_compressibility,3,static_min,none,0,6,3,1,feasible,0.3169230769230769,0.88,4.12,14,14.0,0.0,0.0,0,0,5,1.7857142857142858,25,152.0,1.0
medium_compressibility,3,capacity_aware_static,C,6,6,3,1,feasible,0.3169230769230769,0.88,4.12,14,14.0,0.0,0.0,0,0,5,1.7857142857142858,25,152.0,1.0
medium_compressibility,3,smoothed,none,0,6,3,1,feasible,0.3169230769230769,0.88,4.12,14,14.0,0.0,0.0,0,0,2,1.7857142857142858,25,202.0,1.0
medium_compressibility,3,static_min,none,0,6,4,1,feasible,0.3169230769230769,0.88,4.12,14,14.0,0.0,0.0,0,0,5,1.7857142857142858,25,152.0,1.0
medium_compressibility,3,capacity_aware_static,C,6,6,4,1,feasible,0.3169230769230769,0.88,4.12,14,14.0,0.0,0.0,0,0,5,1.7857142857142858,25,152.0,1.0
medium_compressibility,3,smoothed,none,0,6,4,1,feasible,0.3169230769230769,0.88,4.12,14,14.0,0.0,0.0,0,0,2,1.7857142857142858,25,202.0,1.0
medium_compressibility,3,static_min,none,0,6,5,1,feasible,0.3169230769230769,0.88,4.12,14,14.0,0.0,0.0,0,0,5,1.7857142857142858,25,152.0,1.0
medium_compressibility,3,capacity_aware_static,C,6,6,5,1,feasible,0.3169230769230769,0.88,4.12,14,14.0,0.0,0.0,0,0,5,1.7857142857142858,25,152.0,1.0
medium_compressibility,3,smoothed,none,0,6,5,1,feasible,0.3169230769230769,0.88,4.12,14,14.0,0.0,0.0,0,0,2,1.7857142857142858,25,202.0,1.0
medium_compressibility,3,static_min,none,0,6,6,1,feasible,0.3169230769230769,0.88,4.12,14,14.0,0.0,0.0,0,0,5,1.7857142857142858,25,152.0,1.0
medium_compressibility,3,capacity_aware_static,C,6,6,6,1,feasible,0.3169230769230769,0.88,4.12,14,14.0,0.0,0.0,0,0,5,1.7857142857142858,25,152.0,1.0
medium_compressibility,3,smoothed,none,0,6,6,1,feasible,0.3169230769230769,0.88,4.12,14,14.0,0.0,0.0,0,0,2,1.7857142857142858,25,202.0,1.0
medium_compressibility,3,static_min,none,0,6,7,1,feasible,0.3169230769230769,0.88,4.12,14,14.0,0.0,0.0,0,0,5,1.7857142857142858,25,152.0,1.0
medium_compressibility,3,capacity_aware_static,C,6,6,7,1,feasible,0.3169230769230769,0.88,4.12,14,14.0,0.0,0.0,0,0,5,1.7857142857142858,25,152.0,1.0
medium_compressibility,3,smoothed,none,0,6,7,1,feasible,0.3169230769230769,0.88,4.12,14,14.0,0.0,0.0,0,0,2,1.7857142857142858,25,202.0,1.0
medium_compressibility,3,static_min,none,0,6,8,1,feasible,0.3169230769230769,0.88,4.12,14,14.0,0.0,0.0,0,0,5,1.7857142857142858,25,152.0,1.0
medium_compressibility,3,capacity_aware_static,C,6,6,8,1,feasible,0.3169230769230769,0.88,4.12,14,14.0,0.0,0.0,0,0,5,1.7857142857142858,25,152.0,1.0
medium_compressibility,3,smoothed,none,0,6,8,1,feasible,0.3169230769230769,0.88,4.12,14,14.0,0.0,0.0,0,0,2,1.7857142857142858,25,202.0,1.0
medium_compressibility,3,static_min,none,0,6,9,1,feasible,0.3169230769230769,0.88,4.12,14,14.0,0.0,0.0,0,0,5,1.7857142857142858,25,152.0,1.0
medium_compressibility,3,capacity_aware_static,C,6,6,9,1,feasible,0.3169230769230769,0.88,4.12,14,14.0,0.0,0.0,0,0,5,1.7857142857142858,25,152.0,1.0
medium_compressibility,3,smoothed,none,0,6,9,1,feasible,0.3169230769230769,0.88,4.12,14,14.0,0.0,0.0,0,0,2,1.7857142857142858,25,202.0,1.0
medium_compressibility,3,static_min,none,0,6,10,1,feasible,0.3169230769230769,0.88,4.12,14,14.0,0.0,0.0,0,0,5,1.7857142857142858,25,152.0,1.0
medium_compressibility,3,capacity_aware_static,C,6,6,10,1,feasible,0.3169230769230769,0.88,4.12,14,14.0,0.0,0.0,0,0,5,1.7857142857142858,25,152.0,1.0
medium_compressibility,3,smoothed,none,0,6,10,1,feasible,0.3169230769230769,0.88,4.12,14,14.0,0.0,0.0,0,0,2,1.7857142857142858,25,202.0,1.0
medium_compressibility,3,static_min,none,0,6,11,1,feasible,0.3169230769230769,0.88,4.12,14,14.0,0.0,0.0,0,0,5,1.7857142857142858,25,152.0,1.0
medium_compressibility,3,capacity_aware_static,C,6,6,11,1,feasible,0.3169230769230769,0.88,4.12,14,14.0,0.0,0.0,0,0,5,1.7857142857142858,25,152.0,1.0
medium_compressibility,3,smoothed,none,0,6,11,1,feasible,0.3169230769230769,0.88,4.12,14,14.0,0.0,0.0,0,0,2,1.7857142857142858,25,202.0,1.0
medium_compressibility,3,static_min,none,0,6,12,1,feasible,0.3169230769230769,0.88,4.12,14,14.0,0.0,0.0,0,0,5,1.7857142857142858,25,152.0,1.0
medium_compressibility,3,capacity_aware_static,C,6,6,12,1,feasible,0.3169230769230769,0.88,4.12,14,14.0,0.0,0.0,0,0,5,1.7857142857142858,25,152.0,1.0
medium_compressibility,3,smoothed,none,0,6,12,1,feasible,0.3169230769230769,0.88,4.12,14,14.0,0.0,0.0,0,0,2,1.7857142857142858,25,202.0,1.0
medium_compressibility,3,static_min,none,0,6,13,1,feasible,0.3169230769230769,0.88,4.12,14,14.0,0.0,0.0,0,0,5,1.7857142857142858,25,152.0,1.0
medium_compressibility,3,capacity_aware_static,C,6,6,13,1,feasible,0.3169230769230769,0.88,4.12,14,14.0,0.0,0.0,0,0,5,1.7857142857142858,25,152.0,1.0
medium_compressibility,3,smoothed,none,0,6,13,1,feasible,0.3169230769230769,0.88,4.12,14,14.0,0.0,0.0,0,0,2,1.7857142857142858,25,202.0,1.0
medium_compressibility,3,static_min,none,0,6,14,1,feasible,0.3169230769230769,0.88,4.12,14,14.0,0.0,0.0,0,0,5,1.7857142857142858,25,152.0,1.0
medium_compressibility,3,capacity_aware_static,C,6,6,14,1,feasible,0.3169230769230769,0.88,4.12,14,14.0,0.0,0.0,0,0,5,1.7857142857142858,25,152.0,1.0
medium_compressibility,3,smoothed,none,0,6,14,1,feasible,0.3169230769230769,0.88,4.12,14,14.0,0.0,0.0,0,0,2,1.7857142857142858,25,202.0,1.0
medium_compressibility,3,static_min,none,0,6,15,1,feasible,0.3169230769230769,0.88,4.12,14,14.0,0.0,0.0,0,0,5,1.7857142857142858,25,152.0,1.0
medium_compressibility,3,capacity_aware_static,C,6,6,15,1,feasible,0.3169230769230769,0.88,4.12,14,14.0,0.0,0.0,0,0,5,1.7857142857142858,25,152.0,1.0
medium_compressibility,3,smoothed,none,0,6,15,1,feasible,0.3169230769230769,0.88,4.12,14,14.0,0.0,0.0,0,0,2,1.7857142857142858,25,202.0,1.0
medium_compressibility,3,static_min,none,0,7,0,1,feasible,0.3169230769230769,0.88,4.12,14,14.0,0.0,0.0,0,0,5,1.7857142857142858,25,152.0,1.0
medium_compressibility,3,capacity_aware_static,C,7,7,0,1,feasible,0.3169230769230769,0.88,4.12,14,14.0,0.0,0.0,0,0,5,1.7857142857142858,25,152.0,1.0
medium_compressibility,3,smoothed,none,0,7,0,1,feasible,0.3169230769230769,0.88,4.12,14,14.0,0.0,0.0,0,0,2,1.7857142857142858,25,202.0,1.0
medium_compressibility,3,static_min,none,0,7,1,1,feasible,0.3169230769230769,0.88,4.12,14,14.0,0.0,0.0,0,0,5,1.7857142857142858,25,152.0,1.0
medium_compressibility,3,capacity_aware_static,C,7,7,1,1,feasible,0.3169230769230769,0.88,4.12,14,14.0,0.0,0.0,0,0,5,1.7857142857142858,25,152.0,1.0
medium_compressibility,3,smoothed,none,0,7,1,1,feasible,0.3169230769230769,0.88,4.12,14,14.0,0.0,0.0,0,0,2,1.7857142857142858,25,202.0,1.0
medium_compressibility,3,static_min,none,0,7,2,1,feasible,0.3169230769230769,0.88,4.12,14,14.0,0.0,0.0,0,0,5,1.7857142857142858,25,152.0,1.0
medium_compressibility,3,capacity_aware_static,C,7,7,2,1,feasible,0.3169230769230769,0.88,4.12,14,14.0,0.0,0.0,0,0,5,1.7857142857142858,25,152.0,1.0
medium_compressibility,3,smoothed,none,0,7,2,1,feasible,0.3169230769230769,0.88,4.12,14,14.0,0.0,0.0,0,0,2,1.7857142857142858,25,202.0,1.0
medium_compressibility,3,static_min,none,0,7,3,1,feasible,0.3169230769230769,0.88,4.12,14,14.0,0.0,0.0,0,0,5,1.7857142857142858,25,152.0,1.0
medium_compressibility,3,capacity_aware_static,C,7,7,3,1,feasible,0.3169230769230769,0.88,4.12,14,14.0,0.0,0.0,0,0,5,1.7857142857142858,25,152.0,1.0
medium_compressibility,3,smoothed,none,0,7,3,1,feasible,0.3169230769230769,0.88,4.12,14,14.0,0.0,0.0,0,0,2,1.7857142857142858,25,202.0,1.0
medium_compressibility,3,static_min,none,0,7,4,1,feasible,0.3169230769230769,0.88,4.12,14,14.0,0.0,0.0,0,0,5,1.7857142857142858,25,152.0,1.0
medium_compressibility,3,capacity_aware_static,C,7,7,4,1,feasible,0.3169230769230769,0.88,4.12,14,14.0,0.0,0.0,0,0,5,1.7857142857142858,25,152.0,1.0
medium_compressibility,3,smoothed,none,0,7,4,1,feasible,0.3169230769230769,0.88,4.12,14,14.0,0.0,0.0,0,0,2,1.7857142857142858,25,202.0,1.0
medium_compressibility,3,static_min,none,0,7,5,1,feasible,0.3169230769230769,0.88,4.12,14,14.0,0.0,0.0,0,0,5,1.7857142857142858,25,152.0,1.0
medium_compressibility,3,capacity_aware_static,C,7,7,5,1,feasible,0.3169230769230769,0.88,4.12,14,14.0,0.0,0.0,0,0,5,1.7857142857142858,25,152.0,1.0
medium_compressibility,3,smoothed,none,0,7,5,1,feasible,0.3169230769230769,0.88,4.12,14,14.0,0.0,0.0,0,0,2,1.7857142857142858,25,202.0,1.0
medium_compressibility,3,static_min,none,0,7,6,1,feasible,0.3169230769230769,0.88,4.12,14,14.0,0.0,0.0,0,0,5,1.7857142857142858,25,152.0,1.0
medium_compressibility,3,capacity_aware_static,C,7,7,6,1,feasible,0.3169230769230769,0.88,4.12,14,14.0,0.0,0.0,0,0,5,1.7857142857142858,25,152.0,1.0
medium_compressibility,3,smoothed,none,0,7,6,1,feasible,0.3169230769230769,0.88,4.12,14,14.0,0.0,0.0,0,0,2,1.7857142857142858,25,202.0,1.0
medium_compressibility,3,static_min,none,0,7,7,1,feasible,0.3169230769230769,0.88,4.12,14,14.0,0.0,0.0,0,0,5,1.7857142857142858,25,152.0,1.0
medium_compressibility,3,capacity_aware_static,C,7,7,7,1,feasible,0.3169230769230769,0.88,4.12,14,14.0,0.0,0.0,0,0,5,1.7857142857142858,25,152.0,1.0
medium_compressibility,3,smoothed,none,0,7,7,1,feasible,0.3169230769230769,0.88,4.12,14,14.0,0.0,0.0,0,0,2,1.7857142857142858,25,202.0,1.0
medium_compressibility,3,static_min,none,0,7,8,1,feasible,0.3169230769230769,0.88,4.12,14,14.0,0.0,0.0,0,0,5,1.7857142857142858,25,152.0,1.0
medium_compressibility,3,capacity_aware_static,C,7,7,8,1,feasible,0.3169230769230769,0.88,4.12,14,14.0,0.0,0.0,0,0,5,1.7857142857142858,25,152.0,1.0
medium_compressibility,3,smoothed,none,0,7,8,1,feasible,0.3169230769230769,0.88,4.12,14,14.0,0.0,0.0,0,0,2,1.7857142857142858,25,202.0,1.0
medium_compressibility,3,static_min,none,0,7,9,1,feasible,0.3169230769230769,0.88,4.12,14,14.0,0.0,0.0,0,0,5,1.7857142857142858,25,152.0,1.0
medium_compressibility,3,capacity_aware_static,C,7,7,9,1,feasible,0.3169230769230769,0.88,4.12,14,14.0,0.0,0.0,0,0,5,1.7857142857142858,25,152.0,1.0
medium_compressibility,3,smoothed,none,0,7,9,1,feasible,0.3169230769230769,0.88,4.12,14,14.0,0.0,0.0,0,0,2,1.7857142857142858,25,202.0,1.0
medium_compressibility,3,static_min,none,0,7,10,1,feasible,0.3169230769230769,0.88,4.12,14,14.0,0.0,0.0,0,0,5,1.7857142857142858,25,152.0,1.0
medium_compressibility,3,capacity_aware_static,C,7,7,10,1,feasible,0.3169230769230769,0.88,4.12,14,14.0,0.0,0.0,0,0,5,1.7857142857142858,25,152.0,1.0
medium_compressibility,3,smoothed,none,0,7,10,1,feasible,0.3169230769230769,0.88,4.12,14,14.0,0.0,0.0,0,0,2,1.7857142857142858,25,202.0,1.0
medium_compressibility,3,static_min,none,0,7,11,1,feasible,0.3169230769230769,0.88,4.12,14,14.0,0.0,0.0,0,0,5,1.7857142857142858,25,152.0,1.0
medium_compressibility,3,capacity_aware_static,C,7,7,11,1,feasible,0.3169230769230769,0.88,4.12,14,14.0,0.0,0.0,0,0,5,1.7857142857142858,25,152.0,1.0
medium_compressibility,3,smoothed,none,0,7,11,1,feasible,0.3169230769230769,0.88,4.12,14,14.0,0.0,0.0,0,0,2,1.7857142857142858,25,202.0,1.0
medium_compressibility,3,static_min,none,0,7,12,1,feasible,0.3169230769230769,0.88,4.12,14,14.0,0.0,0.0,0,0,5,1.7857142857142858,25,152.0,1.0
medium_compressibility,3,capacity_aware_static,C,7,7,12,1,feasible,0.3169230769230769,0.88,4.12,14,14.0,0.0,0.0,0,0,5,1.7857142857142858,25,152.0,1.0
medium_compressibility,3,smoothed,none,0,7,12,1,feasible,0.3169230769230769,0.88,4.12,14,14.0,0.0,0.0,0,0,2,1.7857142857142858,25,202.0,1.0
medium_compressibility,3,static_min,none,0,7,13,1,feasible,0.3169230769230769,0.88,4.12,14,14.0,0.0,0.0,0,0,5,1.7857142857142858,25,152.0,1.0
medium_compressibility,3,capacity_aware_static,C,7,7,13,1,feasible,0.3169230769230769,0.88,4.12,14,14.0,0.0,0.0,0,0,5,1.7857142857142858,25,152.0,1.0
medium_compressibility,3,smoothed,none,0,7,13,1,feasible,0.3169230769230769,0.88,4.12,14,14.0,0.0,0.0,0,0,2,1.7857142857142858,25,202.0,1.0
medium_compressibility,3,static_min,none,0,7,14,1,feasible,0.3169230769230769,0.88,4.12,14,14.0,0.0,0.0,0,0,5,1.7857142857142858,25,152.0,1.0
medium_compressibility,3,capacity_aware_static,C,7,7,14,1,feasible,0.3169230769230769,0.88,4.12,14,14.0,0.0,0.0,0,0,5,1.7857142857142858,25,152.0,1.0
medium_compressibility,3,smoothed,none,0,7,14,1,feasible,0.3169230769230769,0.88,4.12,14,14.0,0.0,0.0,0,0,2,1.7857142857142858,25,202.0,1.0
medium_compressibility,3,static_min,none,0,7,15,1,feasible,0.3169230769230769,0.88,4.12,14,14.0,0.0,0.0,0,0,5,1.7857142857142858,25,152.0,1.0
medium_compressibility,3,capacity_aware_static,C,7,7,15,1,feasible,0.3169230769230769,0.88,4.12,14,14.0,0.0,0.0,0,0,5,1.7857142857142858,25,152.0,1.0
medium_compressibility,3,smoothed,none,0,7,15,1,feasible,0.3169230769230769,0.88,4.12,14,14.0,0.0,0.0,0,0,2,1.7857142857142858,25,202.0,1.0
medium_compressibility,5,static_min,none,0,1,0,0,peak_demand_exceeds_reachable_stock,0.1323076923076923,0.72,1.72,14,inf,inf,1.0,13,13,3,1.7857142857142858,25,inf,inf
medium_compressibility,5,capacity_aware_static,C,1,1,0,1,feasible,0.1323076923076923,0.72,1.72,27,27.0,0.0,0.0,0,0,1,0.9259259259259259,25,265.0,1.0
medium_compressibility,5,smoothed,none,0,1,0,0,peak_demand_exceeds_reachable_stock,0.1323076923076923,0.72,1.72,14,inf,inf,1.0,12,12,2,1.7857142857142858,25,inf,inf
medium_compressibility,5,static_min,none,0,1,1,0,peak_demand_exceeds_reachable_stock,0.1323076923076923,0.72,1.72,14,inf,inf,1.0,13,13,3,1.7857142857142858,25,inf,inf
medium_compressibility,5,capacity_aware_static,C,1,1,1,1,feasible,0.1323076923076923,0.72,1.72,27,27.0,0.0,0.0,0,0,1,0.9259259259259259,25,265.0,1.0
medium_compressibility,5,smoothed,none,0,1,1,1,feasible,0.1323076923076923,0.72,1.72,14,26.0,12.0,0.46153846153846156,12,12,2,1.7857142857142858,25,327.0,1.8571428571428572
medium_compressibility,5,static_min,none,0,1,2,1,feasible,0.1323076923076923,0.72,1.72,14,27.0,13.0,0.48148148148148145,13,13,3,1.7857142857142858,25,322.0,1.9285714285714286
medium_compressibility,5,capacity_aware_static,C,1,1,2,1,feasible,0.1323076923076923,0.72,1.72,27,27.0,0.0,0.0,0,0,1,0.9259259259259259,25,265.0,1.0
medium_compressibility,5,smoothed,none,0,1,2,1,feasible,0.1323076923076923,0.72,1.72,14,26.0,12.0,0.46153846153846156,12,12,2,1.7857142857142858,25,327.0,1.8571428571428572
medium_compressibility,5,static_min,none,0,1,3,1,feasible,0.1323076923076923,0.72,1.72,14,27.0,13.0,0.48148148148148145,13,13,3,1.7857142857142858,25,322.0,1.9285714285714286
medium_compressibility,5,capacity_aware_static,C,1,1,3,1,feasible,0.1323076923076923,0.72,1.72,27,27.0,0.0,0.0,0,0,1,0.9259259259259259,25,265.0,1.0
medium_compressibility,5,smoothed,none,0,1,3,1,feasible,0.1323076923076923,0.72,1.72,14,26.0,12.0,0.46153846153846156,12,12,2,1.7857142857142858,25,327.0,1.8571428571428572
medium_compressibility,5,static_min,none,0,1,4,1,feasible,0.1323076923076923,0.72,1.72,14,27.0,13.0,0.48148148148148145,13,13,3,1.7857142857142858,25,322.0,1.9285714285714286
medium_compressibility,5,capacity_aware_static,C,1,1,4,1,feasible,0.1323076923076923,0.72,1.72,27,27.0,0.0,0.0,0,0,1,0.9259259259259259,25,265.0,1.0
medium_compressibility,5,smoothed,none,0,1,4,1,feasible,0.1323076923076923,0.72,1.72,14,26.0,12.0,0.46153846153846156,12,12,2,1.7857142857142858,25,327.0,1.8571428571428572
medium_compressibility,5,static_min,none,0,1,5,1,feasible,0.1323076923076923,0.72,1.72,14,27.0,13.0,0.48148148148148145,13,13,3,1.7857142857142858,25,322.0,1.9285714285714286
medium_compressibility,5,capacity_aware_static,C,1,1,5,1,feasible,0.1323076923076923,0.72,1.72,27,27.0,0.0,0.0,0,0,1,0.9259259259259259,25,265.0,1.0
medium_compressibility,5,smoothed,none,0,1,5,1,feasible,0.1323076923076923,0.72,1.72,14,26.0,12.0,0.46153846153846156,12,12,2,1.7857142857142858,25,327.0,1.8571428571428572
medium_compressibility,5,static_min,none,0,1,6,1,feasible,0.1323076923076923,0.72,1.72,14,27.0,13.0,0.48148148148148145,13,13,3,1.7857142857142858,25,322.0,1.9285714285714286
medium_compressibility,5,capacity_aware_static,C,1,1,6,1,feasible,0.1323076923076923,0.72,1.72,27,27.0,0.0,0.0,0,0,1,0.9259259259259259,25,265.0,1.0
medium_compressibility,5,smoothed,none,0,1,6,1,feasible,0.1323076923076923,0.72,1.72,14,26.0,12.0,0.46153846153846156,12,12,2,1.7857142857142858,25,327.0,1.8571428571428572
medium_compressibility,5,static_min,none,0,1,7,1,feasible,0.1323076923076923,0.72,1.72,14,27.0,13.0,0.48148148148148145,13,13,3,1.7857142857142858,25,322.0,1.9285714285714286
medium_compressibility,5,capacity_aware_static,C,1,1,7,1,feasible,0.1323076923076923,0.72,1.72,27,27.0,0.0,0.0,0,0,1,0.9259259259259259,25,265.0,1.0
medium_compressibility,5,smoothed,none,0,1,7,1,feasible,0.1323076923076923,0.72,1.72,14,26.0,12.0,0.46153846153846156,12,12,2,1.7857142857142858,25,327.0,1.8571428571428572
medium_compressibility,5,static_min,none,0,1,8,1,feasible,0.1323076923076923,0.72,1.72,14,27.0,13.0,0.48148148148148145,13,13,3,1.7857142857142858,25,322.0,1.9285714285714286
medium_compressibility,5,capacity_aware_static,C,1,1,8,1,feasible,0.1323076923076923,0.72,1.72,27,27.0,0.0,0.0,0,0,1,0.9259259259259259,25,265.0,1.0
medium_compressibility,5,smoothed,none,0,1,8,1,feasible,0.1323076923076923,0.72,1.72,14,26.0,12.0,0.46153846153846156,12,12,2,1.7857142857142858,25,327.0,1.8571428571428572
medium_compressibility,5,static_min,none,0,1,9,1,feasible,0.1323076923076923,0.72,1.72,14,27.0,13.0,0.48148148148148145,13,13,3,1.7857142857142858,25,322.0,1.9285714285714286
medium_compressibility,5,capacity_aware_static,C,1,1,9,1,feasible,0.1323076923076923,0.72,1.72,27,27.0,0.0,0.0,0,0,1,0.9259259259259259,25,265.0,1.0
medium_compressibility,5,smoothed,none,0,1,9,1,feasible,0.1323076923076923,0.72,1.72,14,26.0,12.0,0.46153846153846156,12,12,2,1.7857142857142858,25,327.0,1.8571428571428572
medium_compressibility,5,static_min,none,0,1,10,1,feasible,0.1323076923076923,0.72,1.72,14,27.0,13.0,0.48148148148148145,13,13,3,1.7857142857142858,25,322.0,1.9285714285714286
medium_compressibility,5,capacity_aware_static,C,1,1,10,1,feasible,0.1323076923076923,0.72,1.72,27,27.0,0.0,0.0,0,0,1,0.9259259259259259,25,265.0,1.0
medium_compressibility,5,smoothed,none,0,1,10,1,feasible,0.1323076923076923,0.72,1.72,14,26.0,12.0,0.46153846153846156,12,12,2,1.7857142857142858,25,327.0,1.8571428571428572
medium_compressibility,5,static_min,none,0,1,11,1,feasible,0.1323076923076923,0.72,1.72,14,27.0,13.0,0.48148148148148145,13,13,3,1.7857142857142858,25,322.0,1.9285714285714286
medium_compressibility,5,capacity_aware_static,C,1,1,11,1,feasible,0.1323076923076923,0.72,1.72,27,27.0,0.0,0.0,0,0,1,0.9259259259259259,25,265.0,1.0
medium_compressibility,5,smoothed,none,0,1,11,1,feasible,0.1323076923076923,0.72,1.72,14,26.0,12.0,0.46153846153846156,12,12,2,1.7857142857142858,25,327.0,1.8571428571428572
medium_compressibility,5,static_min,none,0,1,12,1,feasible,0.1323076923076923,0.72,1.72,14,27.0,13.0,0.48148148148148145,13,13,3,1.7857142857142858,25,322.0,1.9285714285714286
medium_compressibility,5,capacity_aware_static,C,1,1,12,1,feasible,0.1323076923076923,0.72,1.72,27,27.0,0.0,0.0,0,0,1,0.9259259259259259,25,265.0,1.0
medium_compressibility,5,smoothed,none,0,1,12,1,feasible,0.1323076923076923,0.72,1.72,14,26.0,12.0,0.46153846153846156,12,12,2,1.7857142857142858,25,327.0,1.8571428571428572
medium_compressibility,5,static_min,none,0,1,13,1,feasible,0.1323076923076923,0.72,1.72,14,27.0,13.0,0.48148148148148145,13,13,3,1.7857142857142858,25,322.0,1.9285714285714286
medium_compressibility,5,capacity_aware_static,C,1,1,13,1,feasible,0.1323076923076923,0.72,1.72,27,27.0,0.0,0.0,0,0,1,0.9259259259259259,25,265.0,1.0
medium_compressibility,5,smoothed,none,0,1,13,1,feasible,0.1323076923076923,0.72,1.72,14,26.0,12.0,0.46153846153846156,12,12,2,1.7857142857142858,25,327.0,1.8571428571428572
medium_compressibility,5,static_min,none,0,1,14,1,feasible,0.1323076923076923,0.72,1.72,14,27.0,13.0,0.48148148148148145,13,13,3,1.7857142857142858,25,322.0,1.9285714285714286
medium_compressibility,5,capacity_aware_static,C,1,1,14,1,feasible,0.1323076923076923,0.72,1.72,27,27.0,0.0,0.0,0,0,1,0.9259259259259259,25,265.0,1.0
medium_compressibility,5,smoothed,none,0,1,14,1,feasible,0.1323076923076923,0.72,1.72,14,26.0,12.0,0.46153846153846156,12,12,2,1.7857142857142858,25,327.0,1.8571428571428572
medium_compressibility,5,static_min,none,0,1,15,1,feasible,0.1323076923076923,0.72,1.72,14,27.0,13.0,0.48148148148148145,13,13,3,1.7857142857142858,25,322.0,1.9285714285714286
medium_compressibility,5,capacity_aware_static,C,1,1,15,1,feasible,0.1323076923076923,0.72,1.72,27,27.0,0.0,0.0,0,0,1,0.9259259259259259,25,265.0,1.0
medium_compressibility,5,smoothed,none,0,1,15,1,feasible,0.1323076923076923,0.72,1.72,14,26.0,12.0,0.46153846153846156,12,12,2,1.7857142857142858,25,327.0,1.8571428571428572
medium_compressibility,5,static_min,none,0,2,0,0,peak_demand_exceeds_reachable_stock,0.1323076923076923,0.72,1.72,14,inf,inf,1.0,1,3,3,1.7857142857142858,25,inf,inf
medium_compressibility,5,capacity_aware_static,C,2,2,0,1,feasible,0.1323076923076923,0.72,1.72,17,17.0,0.0,0.0,0,0,2,1.4705882352941178,25,173.0,1.0
medium_compressibility,5,smoothed,none,0,2,0,1,feasible,0.1323076923076923,0.72,1.72,14,14.0,0.0,0.0,0,0,2,1.7857142857142858,25,171.0,1.0
medium_compressibility,5,static_min,none,0,2,1,1,feasible,0.1323076923076923,0.72,1.72,14,15.0,1.0,0.06666666666666667,1,3,3,1.7857142857142858,25,169.0,1.0714285714285714
medium_compressibility,5,capacity_aware_static,C,2,2,1,1,feasible,0.1323076923076923,0.72,1.72,17,17.0,0.0,0.0,0,0,2,1.4705882352941178,25,173.0,1.0
medium_compressibility,5,smoothed,none,0,2,1,1,feasible,0.1323076923076923,0.72,1.72,14,14.0,0.0,0.0,0,0,2,1.7857142857142858,25,171.0,1.0
medium_compressibility,5,static_min,none,0,2,2,1,feasible,0.1323076923076923,0.72,1.72,14,15.0,1.0,0.06666666666666667,1,3,3,1.7857142857142858,25,169.0,1.0714285714285714
medium_compressibility,5,capacity_aware_static,C,2,2,2,1,feasible,0.1323076923076923,0.72,1.72,17,17.0,0.0,0.0,0,0,2,1.4705882352941178,25,173.0,1.0
medium_compressibility,5,smoothed,none,0,2,2,1,feasible,0.1323076923076923,0.72,1.72,14,14.0,0.0,0.0,0,0,2,1.7857142857142858,25,171.0,1.0
medium_compressibility,5,static_min,none,0,2,3,1,feasible,0.1323076923076923,0.72,1.72,14,15.0,1.0,0.06666666666666667,1,3,3,1.7857142857142858,25,169.0,1.0714285714285714
medium_compressibility,5,capacity_aware_static,C,2,2,3,1,feasible,0.1323076923076923,0.72,1.72,17,17.0,0.0,0.0,0,0,2,1.4705882352941178,25,173.0,1.0
medium_compressibility,5,smoothed,none,0,2,3,1,feasible,0.1323076923076923,0.72,1.72,14,14.0,0.0,0.0,0,0,2,1.7857142857142858,25,171.0,1.0
medium_compressibility,5,static_min,none,0,2,4,1,feasible,0.1323076923076923,0.72,1.72,14,15.0,1.0,0.06666666666666667,1,3,3,1.7857142857142858,25,169.0,1.0714285714285714
medium_compressibility,5,capacity_aware_static,C,2,2,4,1,feasible,0.1323076923076923,0.72,1.72,17,17.0,0.0,0.0,0,0,2,1.4705882352941178,25,173.0,1.0
medium_compressibility,5,smoothed,none,0,2,4,1,feasible,0.1323076923076923,0.72,1.72,14,14.0,0.0,0.0,0,0,2,1.7857142857142858,25,171.0,1.0
medium_compressibility,5,static_min,none,0,2,5,1,feasible,0.1323076923076923,0.72,1.72,14,15.0,1.0,0.06666666666666667,1,3,3,1.7857142857142858,25,169.0,1.0714285714285714
medium_compressibility,5,capacity_aware_static,C,2,2,5,1,feasible,0.1323076923076923,0.72,1.72,17,17.0,0.0,0.0,0,0,2,1.4705882352941178,25,173.0,1.0
medium_compressibility,5,smoothed,none,0,2,5,1,feasible,0.1323076923076923,0.72,1.72,14,14.0,0.0,0.0,0,0,2,1.7857142857142858,25,171.0,1.0
medium_compressibility,5,static_min,none,0,2,6,1,feasible,0.1323076923076923,0.72,1.72,14,15.0,1.0,0.06666666666666667,1,3,3,1.7857142857142858,25,169.0,1.0714285714285714
medium_compressibility,5,capacity_aware_static,C,2,2,6,1,feasible,0.1323076923076923,0.72,1.72,17,17.0,0.0,0.0,0,0,2,1.4705882352941178,25,173.0,1.0
medium_compressibility,5,smoothed,none,0,2,6,1,feasible,0.1323076923076923,0.72,1.72,14,14.0,0.0,0.0,0,0,2,1.7857142857142858,25,171.0,1.0
medium_compressibility,5,static_min,none,0,2,7,1,feasible,0.1323076923076923,0.72,1.72,14,15.0,1.0,0.06666666666666667,1,3,3,1.7857142857142858,25,169.0,1.0714285714285714
medium_compressibility,5,capacity_aware_static,C,2,2,7,1,feasible,0.1323076923076923,0.72,1.72,17,17.0,0.0,0.0,0,0,2,1.4705882352941178,25,173.0,1.0
medium_compressibility,5,smoothed,none,0,2,7,1,feasible,0.1323076923076923,0.72,1.72,14,14.0,0.0,0.0,0,0,2,1.7857142857142858,25,171.0,1.0
medium_compressibility,5,static_min,none,0,2,8,1,feasible,0.1323076923076923,0.72,1.72,14,15.0,1.0,0.06666666666666667,1,3,3,1.7857142857142858,25,169.0,1.0714285714285714
medium_compressibility,5,capacity_aware_static,C,2,2,8,1,feasible,0.1323076923076923,0.72,1.72,17,17.0,0.0,0.0,0,0,2,1.4705882352941178,25,173.0,1.0
medium_compressibility,5,smoothed,none,0,2,8,1,feasible,0.1323076923076923,0.72,1.72,14,14.0,0.0,0.0,0,0,2,1.7857142857142858,25,171.0,1.0
medium_compressibility,5,static_min,none,0,2,9,1,feasible,0.1323076923076923,0.72,1.72,14,15.0,1.0,0.06666666666666667,1,3,3,1.7857142857142858,25,169.0,1.0714285714285714
medium_compressibility,5,capacity_aware_static,C,2,2,9,1,feasible,0.1323076923076923,0.72,1.72,17,17.0,0.0,0.0,0,0,2,1.4705882352941178,25,173.0,1.0
medium_compressibility,5,smoothed,none,0,2,9,1,feasible,0.1323076923076923,0.72,1.72,14,14.0,0.0,0.0,0,0,2,1.7857142857142858,25,171.0,1.0
medium_compressibility,5,static_min,none,0,2,10,1,feasible,0.1323076923076923,0.72,1.72,14,15.0,1.0,0.06666666666666667,1,3,3,1.7857142857142858,25,169.0,1.0714285714285714
medium_compressibility,5,capacity_aware_static,C,2,2,10,1,feasible,0.1323076923076923,0.72,1.72,17,17.0,0.0,0.0,0,0,2,1.4705882352941178,25,173.0,1.0
medium_compressibility,5,smoothed,none,0,2,10,1,feasible,0.1323076923076923,0.72,1.72,14,14.0,0.0,0.0,0,0,2,1.7857142857142858,25,171.0,1.0
medium_compressibility,5,static_min,none,0,2,11,1,feasible,0.1323076923076923,0.72,1.72,14,15.0,1.0,0.06666666666666667,1,3,3,1.7857142857142858,25,169.0,1.0714285714285714
medium_compressibility,5,capacity_aware_static,C,2,2,11,1,feasible,0.1323076923076923,0.72,1.72,17,17.0,0.0,0.0,0,0,2,1.4705882352941178,25,173.0,1.0
medium_compressibility,5,smoothed,none,0,2,11,1,feasible,0.1323076923076923,0.72,1.72,14,14.0,0.0,0.0,0,0,2,1.7857142857142858,25,171.0,1.0
medium_compressibility,5,static_min,none,0,2,12,1,feasible,0.1323076923076923,0.72,1.72,14,15.0,1.0,0.06666666666666667,1,3,3,1.7857142857142858,25,169.0,1.0714285714285714
medium_compressibility,5,capacity_aware_static,C,2,2,12,1,feasible,0.1323076923076923,0.72,1.72,17,17.0,0.0,0.0,0,0,2,1.4705882352941178,25,173.0,1.0
medium_compressibility,5,smoothed,none,0,2,12,1,feasible,0.1323076923076923,0.72,1.72,14,14.0,0.0,0.0,0,0,2,1.7857142857142858,25,171.0,1.0
medium_compressibility,5,static_min,none,0,2,13,1,feasible,0.1323076923076923,0.72,1.72,14,15.0,1.0,0.06666666666666667,1,3,3,1.7857142857142858,25,169.0,1.0714285714285714
medium_compressibility,5,capacity_aware_static,C,2,2,13,1,feasible,0.1323076923076923,0.72,1.72,17,17.0,0.0,0.0,0,0,2,1.4705882352941178,25,173.0,1.0
medium_compressibility,5,smoothed,none,0,2,13,1,feasible,0.1323076923076923,0.72,1.72,14,14.0,0.0,0.0,0,0,2,1.7857142857142858,25,171.0,1.0
medium_compressibility,5,static_min,none,0,2,14,1,feasible,0.1323076923076923,0.72,1.72,14,15.0,1.0,0.06666666666666667,1,3,3,1.7857142857142858,25,169.0,1.0714285714285714
medium_compressibility,5,capacity_aware_static,C,2,2,14,1,feasible,0.1323076923076923,0.72,1.72,17,17.0,0.0,0.0,0,0,2,1.4705882352941178,25,173.0,1.0
medium_compressibility,5,smoothed,none,0,2,14,1,feasible,0.1323076923076923,0.72,1.72,14,14.0,0.0,0.0,0,0,2,1.7857142857142858,25,171.0,1.0
medium_compressibility,5,static_min,none,0,2,15,1,feasible,0.1323076923076923,0.72,1.72,14,15.0,1.0,0.06666666666666667,1,3,3,1.7857142857142858,25,169.0,1.0714285714285714
medium_compressibility,5,capacity_aware_static,C,2,2,15,1,feasible,0.1323076923076923,0.72,1.72,17,17.0,0.0,0.0,0,0,2,1.4705882352941178,25,173.0,1.0
medium_compressibility,5,smoothed,none,0,2,15,1,feasible,0.1323076923076923,0.72,1.72,14,14.0,0.0,0.0,0,0,2,1.7857142857142858,25,171.0,1.0
medium_compressibility,5,static_min,none,0,3,0,1,feasible,0.1323076923076923,0.72,1.72,14,14.0,0.0,0.0,0,0,3,1.7857142857142858,25,155.0,1.0
medium_compressibility,5,capacity_aware_static,C,3,3,0,1,feasible,0.1323076923076923,0.72,1.72,14,14.0,0.0,0.0,0,0,3,1.7857142857142858,25,155.0,1.0
medium_compressibility,5,smoothed,none,0,3,0,1,feasible,0.1323076923076923,0.72,1.72,14,14.0,0.0,0.0,0,0,2,1.7857142857142858,25,171.0,1.0
medium_compressibility,5,static_min,none,0,3,1,1,feasible,0.1323076923076923,0.72,1.72,14,14.0,0.0,0.0,0,0,3,1.7857142857142858,25,155.0,1.0
medium_compressibility,5,capacity_aware_static,C,3,3,1,1,feasible,0.1323076923076923,0.72,1.72,14,14.0,0.0,0.0,0,0,3,1.7857142857142858,25,155.0,1.0
medium_compressibility,5,smoothed,none,0,3,1,1,feasible,0.1323076923076923,0.72,1.72,14,14.0,0.0,0.0,0,0,2,1.7857142857142858,25,171.0,1.0
medium_compressibility,5,static_min,none,0,3,2,1,feasible,0.1323076923076923,0.72,1.72,14,14.0,0.0,0.0,0,0,3,1.7857142857142858,25,155.0,1.0
medium_compressibility,5,capacity_aware_static,C,3,3,2,1,feasible,0.1323076923076923,0.72,1.72,14,14.0,0.0,0.0,0,0,3,1.7857142857142858,25,155.0,1.0
medium_compressibility,5,smoothed,none,0,3,2,1,feasible,0.1323076923076923,0.72,1.72,14,14.0,0.0,0.0,0,0,2,1.7857142857142858,25,171.0,1.0
medium_compressibility,5,static_min,none,0,3,3,1,feasible,0.1323076923076923,0.72,1.72,14,14.0,0.0,0.0,0,0,3,1.7857142857142858,25,155.0,1.0
medium_compressibility,5,capacity_aware_static,C,3,3,3,1,feasible,0.1323076923076923,0.72,1.72,14,14.0,0.0,0.0,0,0,3,1.7857142857142858,25,155.0,1.0
medium_compressibility,5,smoothed,none,0,3,3,1,feasible,0.1323076923076923,0.72,1.72,14,14.0,0.0,0.0,0,0,2,1.7857142857142858,25,171.0,1.0
medium_compressibility,5,static_min,none,0,3,4,1,feasible,0.1323076923076923,0.72,1.72,14,14.0,0.0,0.0,0,0,3,1.7857142857142858,25,155.0,1.0
medium_compressibility,5,capacity_aware_static,C,3,3,4,1,feasible,0.1323076923076923,0.72,1.72,14,14.0,0.0,0.0,0,0,3,1.7857142857142858,25,155.0,1.0
medium_compressibility,5,smoothed,none,0,3,4,1,feasible,0.1323076923076923,0.72,1.72,14,14.0,0.0,0.0,0,0,2,1.7857142857142858,25,171.0,1.0
medium_compressibility,5,static_min,none,0,3,5,1,feasible,0.1323076923076923,0.72,1.72,14,14.0,0.0,0.0,0,0,3,1.7857142857142858,25,155.0,1.0
medium_compressibility,5,capacity_aware_static,C,3,3,5,1,feasible,0.1323076923076923,0.72,1.72,14,14.0,0.0,0.0,0,0,3,1.7857142857142858,25,155.0,1.0
medium_compressibility,5,smoothed,none,0,3,5,1,feasible,0.1323076923076923,0.72,1.72,14,14.0,0.0,0.0,0,0,2,1.7857142857142858,25,171.0,1.0
medium_compressibility,5,static_min,none,0,3,6,1,feasible,0.1323076923076923,0.72,1.72,14,14.0,0.0,0.0,0,0,3,1.7857142857142858,25,155.0,1.0
medium_compressibility,5,capacity_aware_static,C,3,3,6,1,feasible,0.1323076923076923,0.72,1.72,14,14.0,0.0,0.0,0,0,3,1.7857142857142858,25,155.0,1.0
medium_compressibility,5,smoothed,none,0,3,6,1,feasible,0.1323076923076923,0.72,1.72,14,14.0,0.0,0.0,0,0,2,1.7857142857142858,25,171.0,1.0
medium_compressibility,5,static_min,none,0,3,7,1,feasible,0.1323076923076923,0.72,1.72,14,14.0,0.0,0.0,0,0,3,1.7857142857142858,25,155.0,1.0
medium_compressibility,5,capacity_aware_static,C,3,3,7,1,feasible,0.1323076923076923,0.72,1.72,14,14.0,0.0,0.0,0,0,3,1.7857142857142858,25,155.0,1.0
medium_compressibility,5,smoothed,none,0,3,7,1,feasible,0.1323076923076923,0.72,1.72,14,14.0,0.0,0.0,0,0,2,1.7857142857142858,25,171.0,1.0
medium_compressibility,5,static_min,none,0,3,8,1,feasible,0.1323076923076923,0.72,1.72,14,14.0,0.0,0.0,0,0,3,1.7857142857142858,25,155.0,1.0
medium_compressibility,5,capacity_aware_static,C,3,3,8,1,feasible,0.1323076923076923,0.72,1.72,14,14.0,0.0,0.0,0,0,3,1.7857142857142858,25,155.0,1.0
medium_compressibility,5,smoothed,none,0,3,8,1,feasible,0.1323076923076923,0.72,1.72,14,14.0,0.0,0.0,0,0,2,1.7857142857142858,25,171.0,1.0
medium_compressibility,5,static_min,none,0,3,9,1,feasible,0.1323076923076923,0.72,1.72,14,14.0,0.0,0.0,0,0,3,1.7857142857142858,25,155.0,1.0
medium_compressibility,5,capacity_aware_static,C,3,3,9,1,feasible,0.1323076923076923,0.72,1.72,14,14.0,0.0,0.0,0,0,3,1.7857142857142858,25,155.0,1.0
medium_compressibility,5,smoothed,none,0,3,9,1,feasible,0.1323076923076923,0.72,1.72,14,14.0,0.0,0.0,0,0,2,1.7857142857142858,25,171.0,1.0
medium_compressibility,5,static_min,none,0,3,10,1,feasible,0.1323076923076923,0.72,1.72,14,14.0,0.0,0.0,0,0,3,1.7857142857142858,25,155.0,1.0
medium_compressibility,5,capacity_aware_static,C,3,3,10,1,feasible,0.1323076923076923,0.72,1.72,14,14.0,0.0,0.0,0,0,3,1.7857142857142858,25,155.0,1.0
medium_compressibility,5,smoothed,none,0,3,10,1,feasible,0.1323076923076923,0.72,1.72,14,14.0,0.0,0.0,0,0,2,1.7857142857142858,25,171.0,1.0
medium_compressibility,5,static_min,none,0,3,11,1,feasible,0.1323076923076923,0.72,1.72,14,14.0,0.0,0.0,0,0,3,1.7857142857142858,25,155.0,1.0
medium_compressibility,5,capacity_aware_static,C,3,3,11,1,feasible,0.1323076923076923,0.72,1.72,14,14.0,0.0,0.0,0,0,3,1.7857142857142858,25,155.0,1.0
medium_compressibility,5,smoothed,none,0,3,11,1,feasible,0.1323076923076923,0.72,1.72,14,14.0,0.0,0.0,0,0,2,1.7857142857142858,25,171.0,1.0
medium_compressibility,5,static_min,none,0,3,12,1,feasible,0.1323076923076923,0.72,1.72,14,14.0,0.0,0.0,0,0,3,1.7857142857142858,25,155.0,1.0
medium_compressibility,5,capacity_aware_static,C,3,3,12,1,feasible,0.1323076923076923,0.72,1.72,14,14.0,0.0,0.0,0,0,3,1.7857142857142858,25,155.0,1.0
medium_compressibility,5,smoothed,none,0,3,12,1,feasible,0.1323076923076923,0.72,1.72,14,14.0,0.0,0.0,0,0,2,1.7857142857142858,25,171.0,1.0
medium_compressibility,5,static_min,none,0,3,13,1,feasible,0.1323076923076923,0.72,1.72,14,14.0,0.0,0.0,0,0,3,1.7857142857142858,25,155.0,1.0
medium_compressibility,5,capacity_aware_static,C,3,3,13,1,feasible,0.1323076923076923,0.72,1.72,14,14.0,0.0,0.0,0,0,3,1.7857142857142858,25,155.0,1.0
medium_compressibility,5,smoothed,none,0,3,13,1,feasible,0.1323076923076923,0.72,1.72,14,14.0,0.0,0.0,0,0,2,1.7857142857142858,25,171.0,1.0
medium_compressibility,5,static_min,none,0,3,14,1,feasible,0.1323076923076923,0.72,1.72,14,14.0,0.0,0.0,0,0,3,1.7857142857142858,25,155.0,1.0
medium_compressibility,5,capacity_aware_static,C,3,3,14,1,feasible,0.1323076923076923,0.72,1.72,14,14.0,0.0,0.0,0,0,3,1.7857142857142858,25,155.0,1.0
medium_compressibility,5,smoothed,none,0,3,14,1,feasible,0.1323076923076923,0.72,1.72,14,14.0,0.0,0.0,0,0,2,1.7857142857142858,25,171.0,1.0
medium_compressibility,5,static_min,none,0,3,15,1,feasible,0.1323076923076923,0.72,1.72,14,14.0,0.0,0.0,0,0,3,1.7857142857142858,25,155.0,1.0
medium_compressibility,5,capacity_aware_static,C,3,3,15,1,feasible,0.1323076923076923,0.72,1.72,14,14.0,0.0,0.0,0,0,3,1.7857142857142858,25,155.0,1.0
medium_compressibility,5,smoothed,none,0,3,15,1,feasible,0.1323076923076923,0.72,1.72,14,14.0,0.0,0.0,0,0,2,1.7857142857142858,25,171.0,1.0
medium_compressibility,5,static_min,none,0,4,0,1,feasible,0.1323076923076923,0.72,1.72,14,14.0,0.0,0.0,0,0,3,1.7857142857142858,25,155.0,1.0
medium_compressibility,5,capacity_aware_static,C,4,4,0,1,feasible,0.1323076923076923,0.72,1.72,14,14.0,0.0,0.0,0,0,3,1.7857142857142858,25,155.0,1.0
medium_compressibility,5,smoothed,none,0,4,0,1,feasible,0.1323076923076923,0.72,1.72,14,14.0,0.0,0.0,0,0,2,1.7857142857142858,25,171.0,1.0
medium_compressibility,5,static_min,none,0,4,1,1,feasible,0.1323076923076923,0.72,1.72,14,14.0,0.0,0.0,0,0,3,1.7857142857142858,25,155.0,1.0
medium_compressibility,5,capacity_aware_static,C,4,4,1,1,feasible,0.1323076923076923,0.72,1.72,14,14.0,0.0,0.0,0,0,3,1.7857142857142858,25,155.0,1.0
medium_compressibility,5,smoothed,none,0,4,1,1,feasible,0.1323076923076923,0.72,1.72,14,14.0,0.0,0.0,0,0,2,1.7857142857142858,25,171.0,1.0
medium_compressibility,5,static_min,none,0,4,2,1,feasible,0.1323076923076923,0.72,1.72,14,14.0,0.0,0.0,0,0,3,1.7857142857142858,25,155.0,1.0
medium_compressibility,5,capacity_aware_static,C,4,4,2,1,feasible,0.1323076923076923,0.72,1.72,14,14.0,0.0,0.0,0,0,3,1.7857142857142858,25,155.0,1.0
medium_compressibility,5,smoothed,none,0,4,2,1,feasible,0.1323076923076923,0.72,1.72,14,14.0,0.0,0.0,0,0,2,1.7857142857142858,25,171.0,1.0
medium_compressibility,5,static_min,none,0,4,3,1,feasible,0.1323076923076923,0.72,1.72,14,14.0,0.0,0.0,0,0,3,1.7857142857142858,25,155.0,1.0
medium_compressibility,5,capacity_aware_static,C,4,4,3,1,feasible,0.1323076923076923,0.72,1.72,14,14.0,0.0,0.0,0,0,3,1.7857142857142858,25,155.0,1.0
medium_compressibility,5,smoothed,none,0,4,3,1,feasible,0.1323076923076923,0.72,1.72,14,14.0,0.0,0.0,0,0,2,1.7857142857142858,25,171.0,1.0
medium_compressibility,5,static_min,none,0,4,4,1,feasible,0.1323076923076923,0.72,1.72,14,14.0,0.0,0.0,0,0,3,1.7857142857142858,25,155.0,1.0
medium_compressibility,5,capacity_aware_static,C,4,4,4,1,feasible,0.1323076923076923,0.72,1.72,14,14.0,0.0,0.0,0,0,3,1.7857142857142858,25,155.0,1.0
medium_compressibility,5,smoothed,none,0,4,4,1,feasible,0.1323076923076923,0.72,1.72,14,14.0,0.0,0.0,0,0,2,1.7857142857142858,25,171.0,1.0
medium_compressibility,5,static_min,none,0,4,5,1,feasible,0.1323076923076923,0.72,1.72,14,14.0,0.0,0.0,0,0,3,1.7857142857142858,25,155.0,1.0
medium_compressibility,5,capacity_aware_static,C,4,4,5,1,feasible,0.1323076923076923,0.72,1.72,14,14.0,0.0,0.0,0,0,3,1.7857142857142858,25,155.0,1.0
medium_compressibility,5,smoothed,none,0,4,5,1,feasible,0.1323076923076923,0.72,1.72,14,14.0,0.0,0.0,0,0,2,1.7857142857142858,25,171.0,1.0
medium_compressibility,5,static_min,none,0,4,6,1,feasible,0.1323076923076923,0.72,1.72,14,14.0,0.0,0.0,0,0,3,1.7857142857142858,25,155.0,1.0
medium_compressibility,5,capacity_aware_static,C,4,4,6,1,feasible,0.1323076923076923,0.72,1.72,14,14.0,0.0,0.0,0,0,3,1.7857142857142858,25,155.0,1.0
medium_compressibility,5,smoothed,none,0,4,6,1,feasible,0.1323076923076923,0.72,1.72,14,14.0,0.0,0.0,0,0,2,1.7857142857142858,25,171.0,1.0
medium_compressibility,5,static_min,none,0,4,7,1,feasible,0.1323076923076923,0.72,1.72,14,14.0,0.0,0.0,0,0,3,1.7857142857142858,25,155.0,1.0
medium_compressibility,5,capacity_aware_static,C,4,4,7,1,feasible,0.1323076923076923,0.72,1.72,14,14.0,0.0,0.0,0,0,3,1.7857142857142858,25,155.0,1.0
medium_compressibility,5,smoothed,none,0,4,7,1,feasible,0.1323076923076923,0.72,1.72,14,14.0,0.0,0.0,0,0,2,1.7857142857142858,25,171.0,1.0
medium_compressibility,5,static_min,none,0,4,8,1,feasible,0.1323076923076923,0.72,1.72,14,14.0,0.0,0.0,0,0,3,1.7857142857142858,25,155.0,1.0
medium_compressibility,5,capacity_aware_static,C,4,4,8,1,feasible,0.1323076923076923,0.72,1.72,14,14.0,0.0,0.0,0,0,3,1.7857142857142858,25,155.0,1.0
medium_compressibility,5,smoothed,none,0,4,8,1,feasible,0.1323076923076923,0.72,1.72,14,14.0,0.0,0.0,0,0,2,1.7857142857142858,25,171.0,1.0
medium_compressibility,5,static_min,none,0,4,9,1,feasible,0.1323076923076923,0.72,1.72,14,14.0,0.0,0.0,0,0,3,1.7857142857142858,25,155.0,1.0
medium_compressibility,5,capacity_aware_static,C,4,4,9,1,feasible,0.1323076923076923,0.72,1.72,14,14.0,0.0,0.0,0,0,3,1.7857142857142858,25,155.0,1.0
medium_compressibility,5,smoothed,none,0,4,9,1,feasible,0.1323076923076923,0.72,1.72,14,14.0,0.0,0.0,0,0,2,1.7857142857142858,25,171.0,1.0
medium_compressibility,5,static_min,none,0,4,10,1,feasible,0.1323076923076923,0.72,1.72,14,14.0,0.0,0.0,0,0,3,1.7857142857142858,25,155.0,1.0
medium_compressibility,5,capacity_aware_static,C,4,4,10,1,feasible,0.1323076923076923,0.72,1.72,14,14.0,0.0,0.0,0,0,3,1.7857142857142858,25,155.0,1.0
medium_compressibility,5,smoothed,none,0,4,10,1,feasible,0.1323076923076923,0.72,1.72,14,14.0,0.0,0.0,0,0,2,1.7857142857142858,25,171.0,1.0
medium_compressibility,5,static_min,none,0,4,11,1,feasible,0.1323076923076923,0.72,1.72,14,14.0,0.0,0.0,0,0,3,1.7857142857142858,25,155.0,1.0
medium_compressibility,5,capacity_aware_static,C,4,4,11,1,feasible,0.1323076923076923,0.72,1.72,14,14.0,0.0,0.0,0,0,3,1.7857142857142858,25,155.0,1.0
medium_compressibility,5,smoothed,none,0,4,11,1,feasible,0.1323076923076923,0.72,1.72,14,14.0,0.0,0.0,0,0,2,1.7857142857142858,25,171.0,1.0
medium_compressibility,5,static_min,none,0,4,12,1,feasible,0.1323076923076923,0.72,1.72,14,14.0,0.0,0.0,0,0,3,1.7857142857142858,25,155.0,1.0
medium_compressibility,5,capacity_aware_static,C,4,4,12,1,feasible,0.1323076923076923,0.72,1.72,14,14.0,0.0,0.0,0,0,3,1.7857142857142858,25,155.0,1.0
medium_compressibility,5,smoothed,none,0,4,12,1,feasible,0.1323076923076923,0.72,1.72,14,14.0,0.0,0.0,0,0,2,1.7857142857142858,25,171.0,1.0
medium_compressibility,5,static_min,none,0,4,13,1,feasible,0.1323076923076923,0.72,1.72,14,14.0,0.0,0.0,0,0,3,1.7857142857142858,25,155.0,1.0
medium_compressibility,5,capacity_aware_static,C,4,4,13,1,feasible,0.1323076923076923,0.72,1.72,14,14.0,0.0,0.0,0,0,3,1.7857142857142858,25,155.0,1.0
medium_compressibility,5,smoothed,none,0,4,13,1,feasible,0.1323076923076923,0.72,1.72,14,14.0,0.0,0.0,0,0,2,1.7857142857142858,25,171.0,1.0
medium_compressibility,5,static_min,none,0,4,14,1,feasible,0.1323076923076923,0.72,1.72,14,14.0,0.0,0.0,0,0,3,1.7857142857142858,25,155.0,1.0
medium_compressibility,5,capacity_aware_static,C,4,4,14,1,feasible,0.1323076923076923,0.72,1.72,14,14.0,0.0,0.0,0,0,3,1.7857142857142858,25,155.0,1.0
medium_compressibility,5,smoothed,none,0,4,14,1,feasible,0.1323076923076923,0.72,1.72,14,14.0,0.0,0.0,0,0,2,1.7857142857142858,25,171.0,1.0
medium_compressibility,5,static_min,none,0,4,15,1,feasible,0.1323076923076923,0.72,1.72,14,14.0,0.0,0.0,0,0,3,1.7857142857142858,25,155.0,1.0
medium_compressibility,5,capacity_aware_static,C,4,4,15,1,feasible,0.1323076923076923,0.72,1.72,14,14.0,0.0,0.0,0,0,3,1.7857142857142858,25,155.0,1.0
medium_compressibility,5,smoothed,none,0,4,15,1,feasible,0.1323076923076923,0.72,1.72,14,14.0,0.0,0.0,0,0,2,1.7857142857142858,25,171.0,1.0
medium_compressibility,5,static_min,none,0,5,0,1,feasible,0.1323076923076923,0.72,1.72,14,14.0,0.0,0.0,0,0,3,1.7857142857142858,25,155.0,1.0
medium_compressibility,5,capacity_aware_static,C,5,5,0,1,feasible,0.1323076923076923,0.72,1.72,14,14.0,0.0,0.0,0,0,3,1.7857142857142858,25,155.0,1.0
medium_compressibility,5,smoothed,none,0,5,0,1,feasible,0.1323076923076923,0.72,1.72,14,14.0,0.0,0.0,0,0,2,1.7857142857142858,25,171.0,1.0
medium_compressibility,5,static_min,none,0,5,1,1,feasible,0.1323076923076923,0.72,1.72,14,14.0,0.0,0.0,0,0,3,1.7857142857142858,25,155.0,1.0
medium_compressibility,5,capacity_aware_static,C,5,5,1,1,feasible,0.1323076923076923,0.72,1.72,14,14.0,0.0,0.0,0,0,3,1.7857142857142858,25,155.0,1.0
medium_compressibility,5,smoothed,none,0,5,1,1,feasible,0.1323076923076923,0.72,1.72,14,14.0,0.0,0.0,0,0,2,1.7857142857142858,25,171.0,1.0
medium_compressibility,5,static_min,none,0,5,2,1,feasible,0.1323076923076923,0.72,1.72,14,14.0,0.0,0.0,0,0,3,1.7857142857142858,25,155.0,1.0
medium_compressibility,5,capacity_aware_static,C,5,5,2,1,feasible,0.1323076923076923,0.72,1.72,14,14.0,0.0,0.0,0,0,3,1.7857142857142858,25,155.0,1.0
medium_compressibility,5,smoothed,none,0,5,2,1,feasible,0.1323076923076923,0.72,1.72,14,14.0,0.0,0.0,0,0,2,1.7857142857142858,25,171.0,1.0
medium_compressibility,5,static_min,none,0,5,3,1,feasible,0.1323076923076923,0.72,1.72,14,14.0,0.0,0.0,0,0,3,1.7857142857142858,25,155.0,1.0
medium_compressibility,5,capacity_aware_static,C,5,5,3,1,feasible,0.1323076923076923,0.72,1.72,14,14.0,0.0,0.0,0,0,3,1.7857142857142858,25,155.0,1.0
medium_compressibility,5,smoothed,none,0,5,3,1,feasible,0.1323076923076923,0.72,1.72,14,14.0,0.0,0.0,0,0,2,1.7857142857142858,25,171.0,1.0
medium_compressibility,5,static_min,none,0,5,4,1,feasible,0.1323076923076923,0.72,1.72,14,14.0,0.0,0.0,0,0,3,1.7857142857142858,25,155.0,1.0
medium_compressibility,5,capacity_aware_static,C,5,5,4,1,feasible,0.1323076923076923,0.72,1.72,14,14.0,0.0,0.0,0,0,3,1.7857142857142858,25,155.0,1.0
medium_compressibility,5,smoothed,none,0,5,4,1,feasible,0.1323076923076923,0.72,1.72,14,14.0,0.0,0.0,0,0,2,1.7857142857142858,25,171.0,1.0
medium_compressibility,5,static_min,none,0,5,5,1,feasible,0.1323076923076923,0.72,1.72,14,14.0,0.0,0.0,0,0,3,1.7857142857142858,25,155.0,1.0
medium_compressibility,5,capacity_aware_static,C,5,5,5,1,feasible,0.1323076923076923,0.72,1.72,14,14.0,0.0,0.0,0,0,3,1.7857142857142858,25,155.0,1.0
medium_compressibility,5,smoothed,none,0,5,5,1,feasible,0.1323076923076923,0.72,1.72,14,14.0,0.0,0.0,0,0,2,1.7857142857142858,25,171.0,1.0
medium_compressibility,5,static_min,none,0,5,6,1,feasible,0.1323076923076923,0.72,1.72,14,14.0,0.0,0.0,0,0,3,1.7857142857142858,25,155.0,1.0
medium_compressibility,5,capacity_aware_static,C,5,5,6,1,feasible,0.1323076923076923,0.72,1.72,14,14.0,0.0,0.0,0,0,3,1.7857142857142858,25,155.0,1.0
medium_compressibility,5,smoothed,none,0,5,6,1,feasible,0.1323076923076923,0.72,1.72,14,14.0,0.0,0.0,0,0,2,1.7857142857142858,25,171.0,1.0
medium_compressibility,5,static_min,none,0,5,7,1,feasible,0.1323076923076923,0.72,1.72,14,14.0,0.0,0.0,0,0,3,1.7857142857142858,25,155.0,1.0
medium_compressibility,5,capacity_aware_static,C,5,5,7,1,feasible,0.1323076923076923,0.72,1.72,14,14.0,0.0,0.0,0,0,3,1.7857142857142858,25,155.0,1.0
medium_compressibility,5,smoothed,none,0,5,7,1,feasible,0.1323076923076923,0.72,1.72,14,14.0,0.0,0.0,0,0,2,1.7857142857142858,25,171.0,1.0
medium_compressibility,5,static_min,none,0,5,8,1,feasible,0.1323076923076923,0.72,1.72,14,14.0,0.0,0.0,0,0,3,1.7857142857142858,25,155.0,1.0
medium_compressibility,5,capacity_aware_static,C,5,5,8,1,feasible,0.1323076923076923,0.72,1.72,14,14.0,0.0,0.0,0,0,3,1.7857142857142858,25,155.0,1.0
medium_compressibility,5,smoothed,none,0,5,8,1,feasible,0.1323076923076923,0.72,1.72,14,14.0,0.0,0.0,0,0,2,1.7857142857142858,25,171.0,1.0
medium_compressibility,5,static_min,none,0,5,9,1,feasible,0.1323076923076923,0.72,1.72,14,14.0,0.0,0.0,0,0,3,1.7857142857142858,25,155.0,1.0
medium_compressibility,5,capacity_aware_static,C,5,5,9,1,feasible,0.1323076923076923,0.72,1.72,14,14.0,0.0,0.0,0,0,3,1.7857142857142858,25,155.0,1.0
medium_compressibility,5,smoothed,none,0,5,9,1,feasible,0.1323076923076923,0.72,1.72,14,14.0,0.0,0.0,0,0,2,1.7857142857142858,25,171.0,1.0
medium_compressibility,5,static_min,none,0,5,10,1,feasible,0.1323076923076923,0.72,1.72,14,14.0,0.0,0.0,0,0,3,1.7857142857142858,25,155.0,1.0
medium_compressibility,5,capacity_aware_static,C,5,5,10,1,feasible,0.1323076923076923,0.72,1.72,14,14.0,0.0,0.0,0,0,3,1.7857142857142858,25,155.0,1.0
medium_compressibility,5,smoothed,none,0,5,10,1,feasible,0.1323076923076923,0.72,1.72,14,14.0,0.0,0.0,0,0,2,1.7857142857142858,25,171.0,1.0
medium_compressibility,5,static_min,none,0,5,11,1,feasible,0.1323076923076923,0.72,1.72,14,14.0,0.0,0.0,0,0,3,1.7857142857142858,25,155.0,1.0
medium_compressibility,5,capacity_aware_static,C,5,5,11,1,feasible,0.1323076923076923,0.72,1.72,14,14.0,0.0,0.0,0,0,3,1.7857142857142858,25,155.0,1.0
medium_compressibility,5,smoothed,none,0,5,11,1,feasible,0.1323076923076923,0.72,1.72,14,14.0,0.0,0.0,0,0,2,1.7857142857142858,25,171.0,1.0
medium_compressibility,5,static_min,none,0,5,12,1,feasible,0.1323076923076923,0.72,1.72,14,14.0,0.0,0.0,0,0,3,1.7857142857142858,25,155.0,1.0
medium_compressibility,5,capacity_aware_static,C,5,5,12,1,feasible,0.1323076923076923,0.72,1.72,14,14.0,0.0,0.0,0,0,3,1.7857142857142858,25,155.0,1.0
medium_compressibility,5,smoothed,none,0,5,12,1,feasible,0.1323076923076923,0.72,1.72,14,14.0,0.0,0.0,0,0,2,1.7857142857142858,25,171.0,1.0
medium_compressibility,5,static_min,none,0,5,13,1,feasible,0.1323076923076923,0.72,1.72,14,14.0,0.0,0.0,0,0,3,1.7857142857142858,25,155.0,1.0
medium_compressibility,5,capacity_aware_static,C,5,5,13,1,feasible,0.1323076923076923,0.72,1.72,14,14.0,0.0,0.0,0,0,3,1.7857142857142858,25,155.0,1.0
medium_compressibility,5,smoothed,none,0,5,13,1,feasible,0.1323076923076923,0.72,1.72,14,14.0,0.0,0.0,0,0,2,1.7857142857142858,25,171.0,1.0
medium_compressibility,5,static_min,none,0,5,14,1,feasible,0.1323076923076923,0.72,1.72,14,14.0,0.0,0.0,0,0,3,1.7857142857142858,25,155.0,1.0
medium_compressibility,5,capacity_aware_static,C,5,5,14,1,feasible,0.1323076923076923,0.72,1.72,14,14.0,0.0,0.0,0,0,3,1.7857142857142858,25,155.0,1.0
medium_compressibility,5,smoothed,none,0,5,14,1,feasible,0.1323076923076923,0.72,1.72,14,14.0,0.0,0.0,0,0,2,1.7857142857142858,25,171.0,1.0
medium_compressibility,5,static_min,none,0,5,15,1,feasible,0.1323076923076923,0.72,1.72,14,14.0,0.0,0.0,0,0,3,1.7857142857142858,25,155.0,1.0
medium_compressibility,5,capacity_aware_static,C,5,5,15,1,feasible,0.1323076923076923,0.72,1.72,14,14.0,0.0,0.0,0,0,3,1.7857142857142858,25,155.0,1.0
medium_compressibility,5,smoothed,none,0,5,15,1,feasible,0.1323076923076923,0.72,1.72,14,14.0,0.0,0.0,0,0,2,1.7857142857142858,25,171.0,1.0
medium_compressibility,5,static_min,none,0,6,0,1,feasible,0.1323076923076923,0.72,1.72,14,14.0,0.0,0.0,0,0,3,1.7857142857142858,25,155.0,1.0
medium_compressibility,5,capacity_aware_static,C,6,6,0,1,feasible,0.1323076923076923,0.72,1.72,14,14.0,0.0,0.0,0,0,3,1.7857142857142858,25,155.0,1.0
medium_compressibility,5,smoothed,none,0,6,0,1,feasible,0.1323076923076923,0.72,1.72,14,14.0,0.0,0.0,0,0,2,1.7857142857142858,25,171.0,1.0
medium_compressibility,5,static_min,none,0,6,1,1,feasible,0.1323076923076923,0.72,1.72,14,14.0,0.0,0.0,0,0,3,1.7857142857142858,25,155.0,1.0
medium_compressibility,5,capacity_aware_static,C,6,6,1,1,feasible,0.1323076923076923,0.72,1.72,14,14.0,0.0,0.0,0,0,3,1.7857142857142858,25,155.0,1.0
medium_compressibility,5,smoothed,none,0,6,1,1,feasible,0.1323076923076923,0.72,1.72,14,14.0,0.0,0.0,0,0,2,1.7857142857142858,25,171.0,1.0
medium_compressibility,5,static_min,none,0,6,2,1,feasible,0.1323076923076923,0.72,1.72,14,14.0,0.0,0.0,0,0,3,1.7857142857142858,25,155.0,1.0
medium_compressibility,5,capacity_aware_static,C,6,6,2,1,feasible,0.1323076923076923,0.72,1.72,14,14.0,0.0,0.0,0,0,3,1.7857142857142858,25,155.0,1.0
medium_compressibility,5,smoothed,none,0,6,2,1,feasible,0.1323076923076923,0.72,1.72,14,14.0,0.0,0.0,0,0,2,1.7857142857142858,25,171.0,1.0
medium_compressibility,5,static_min,none,0,6,3,1,feasible,0.1323076923076923,0.72,1.72,14,14.0,0.0,0.0,0,0,3,1.7857142857142858,25,155.0,1.0
medium_compressibility,5,capacity_aware_static,C,6,6,3,1,feasible,0.1323076923076923,0.72,1.72,14,14.0,0.0,0.0,0,0,3,1.7857142857142858,25,155.0,1.0
medium_compressibility,5,smoothed,none,0,6,3,1,feasible,0.1323076923076923,0.72,1.72,14,14.0,0.0,0.0,0,0,2,1.7857142857142858,25,171.0,1.0
medium_compressibility,5,static_min,none,0,6,4,1,feasible,0.1323076923076923,0.72,1.72,14,14.0,0.0,0.0,0,0,3,1.7857142857142858,25,155.0,1.0
medium_compressibility,5,capacity_aware_static,C,6,6,4,1,feasible,0.1323076923076923,0.72,1.72,14,14.0,0.0,0.0,0,0,3,1.7857142857142858,25,155.0,1.0
medium_compressibility,5,smoothed,none,0,6,4,1,feasible,0.1323076923076923,0.72,1.72,14,14.0,0.0,0.0,0,0,2,1.7857142857142858,25,171.0,1.0
medium_compressibility,5,static_min,none,0,6,5,1,feasible,0.1323076923076923,0.72,1.72,14,14.0,0.0,0.0,0,0,3,1.7857142857142858,25,155.0,1.0
medium_compressibility,5,capacity_aware_static,C,6,6,5,1,feasible,0.1323076923076923,0.72,1.72,14,14.0,0.0,0.0,0,0,3,1.7857142857142858,25,155.0,1.0
medium_compressibility,5,smoothed,none,0,6,5,1,feasible,0.1323076923076923,0.72,1.72,14,14.0,0.0,0.0,0,0,2,1.7857142857142858,25,171.0,1.0
medium_compressibility,5,static_min,none,0,6,6,1,feasible,0.1323076923076923,0.72,1.72,14,14.0,0.0,0.0,0,0,3,1.7857142857142858,25,155.0,1.0
medium_compressibility,5,capacity_aware_static,C,6,6,6,1,feasible,0.1323076923076923,0.72,1.72,14,14.0,0.0,0.0,0,0,3,1.7857142857142858,25,155.0,1.0
medium_compressibility,5,smoothed,none,0,6,6,1,feasible,0.1323076923076923,0.72,1.72,14,14.0,0.0,0.0,0,0,2,1.7857142857142858,25,171.0,1.0
medium_compressibility,5,static_min,none,0,6,7,1,feasible,0.1323076923076923,0.72,1.72,14,14.0,0.0,0.0,0,0,3,1.7857142857142858,25,155.0,1.0
medium_compressibility,5,capacity_aware_static,C,6,6,7,1,feasible,0.1323076923076923,0.72,1.72,14,14.0,0.0,0.0,0,0,3,1.7857142857142858,25,155.0,1.0
medium_compressibility,5,smoothed,none,0,6,7,1,feasible,0.1323076923076923,0.72,1.72,14,14.0,0.0,0.0,0,0,2,1.7857142857142858,25,171.0,1.0
medium_compressibility,5,static_min,none,0,6,8,1,feasible,0.1323076923076923,0.72,1.72,14,14.0,0.0,0.0,0,0,3,1.7857142857142858,25,155.0,1.0
medium_compressibility,5,capacity_aware_static,C,6,6,8,1,feasible,0.1323076923076923,0.72,1.72,14,14.0,0.0,0.0,0,0,3,1.7857142857142858,25,155.0,1.0
medium_compressibility,5,smoothed,none,0,6,8,1,feasible,0.1323076923076923,0.72,1.72,14,14.0,0.0,0.0,0,0,2,1.7857142857142858,25,171.0,1.0
medium_compressibility,5,static_min,none,0,6,9,1,feasible,0.1323076923076923,0.72,1.72,14,14.0,0.0,0.0,0,0,3,1.7857142857142858,25,155.0,1.0
medium_compressibility,5,capacity_aware_static,C,6,6,9,1,feasible,0.1323076923076923,0.72,1.72,14,14.0,0.0,0.0,0,0,3,1.7857142857142858,25,155.0,1.0
medium_compressibility,5,smoothed,none,0,6,9,1,feasible,0.1323076923076923,0.72,1.72,14,14.0,0.0,0.0,0,0,2,1.7857142857142858,25,171.0,1.0
medium_compressibility,5,static_min,none,0,6,10,1,feasible,0.1323076923076923,0.72,1.72,14,14.0,0.0,0.0,0,0,3,1.7857142857142858,25,155.0,1.0
medium_compressibility,5,capacity_aware_static,C,6,6,10,1,feasible,0.1323076923076923,0.72,1.72,14,14.0,0.0,0.0,0,0,3,1.7857142857142858,25,155.0,1.0
medium_compressibility,5,smoothed,none,0,6,10,1,feasible,0.1323076923076923,0.72,1.72,14,14.0,0.0,0.0,0,0,2,1.7857142857142858,25,171.0,1.0
medium_compressibility,5,static_min,none,0,6,11,1,feasible,0.1323076923076923,0.72,1.72,14,14.0,0.0,0.0,0,0,3,1.7857142857142858,25,155.0,1.0
medium_compressibility,5,capacity_aware_static,C,6,6,11,1,feasible,0.1323076923076923,0.72,1.72,14,14.0,0.0,0.0,0,0,3,1.7857142857142858,25,155.0,1.0
medium_compressibility,5,smoothed,none,0,6,11,1,feasible,0.1323076923076923,0.72,1.72,14,14.0,0.0,0.0,0,0,2,1.7857142857142858,25,171.0,1.0
medium_compressibility,5,static_min,none,0,6,12,1,feasible,0.1323076923076923,0.72,1.72,14,14.0,0.0,0.0,0,0,3,1.7857142857142858,25,155.0,1.0
medium_compressibility,5,capacity_aware_static,C,6,6,12,1,feasible,0.1323076923076923,0.72,1.72,14,14.0,0.0,0.0,0,0,3,1.7857142857142858,25,155.0,1.0
medium_compressibility,5,smoothed,none,0,6,12,1,feasible,0.1323076923076923,0.72,1.72,14,14.0,0.0,0.0,0,0,2,1.7857142857142858,25,171.0,1.0
medium_compressibility,5,static_min,none,0,6,13,1,feasible,0.1323076923076923,0.72,1.72,14,14.0,0.0,0.0,0,0,3,1.7857142857142858,25,155.0,1.0
medium_compressibility,5,capacity_aware_static,C,6,6,13,1,feasible,0.1323076923076923,0.72,1.72,14,14.0,0.0,0.0,0,0,3,1.7857142857142858,25,155.0,1.0
medium_compressibility,5,smoothed,none,0,6,13,1,feasible,0.1323076923076923,0.72,1.72,14,14.0,0.0,0.0,0,0,2,1.7857142857142858,25,171.0,1.0
medium_compressibility,5,static_min,none,0,6,14,1,feasible,0.1323076923076923,0.72,1.72,14,14.0,0.0,0.0,0,0,3,1.7857142857142858,25,155.0,1.0
medium_compressibility,5,capacity_aware_static,C,6,6,14,1,feasible,0.1323076923076923,0.72,1.72,14,14.0,0.0,0.0,0,0,3,1.7857142857142858,25,155.0,1.0
medium_compressibility,5,smoothed,none,0,6,14,1,feasible,0.1323076923076923,0.72,1.72,14,14.0,0.0,0.0,0,0,2,1.7857142857142858,25,171.0,1.0
medium_compressibility,5,static_min,none,0,6,15,1,feasible,0.1323076923076923,0.72,1.72,14,14.0,0.0,0.0,0,0,3,1.7857142857142858,25,155.0,1.0
medium_compressibility,5,capacity_aware_static,C,6,6,15,1,feasible,0.1323076923076923,0.72,1.72,14,14.0,0.0,0.0,0,0,3,1.7857142857142858,25,155.0,1.0
medium_compressibility,5,smoothed,none,0,6,15,1,feasible,0.1323076923076923,0.72,1.72,14,14.0,0.0,0.0,0,0,2,1.7857142857142858,25,171.0,1.0
medium_compressibility,5,static_min,none,0,7,0,1,feasible,0.1323076923076923,0.72,1.72,14,14.0,0.0,0.0,0,0,3,1.7857142857142858,25,155.0,1.0
medium_compressibility,5,capacity_aware_static,C,7,7,0,1,feasible,0.1323076923076923,0.72,1.72,14,14.0,0.0,0.0,0,0,3,1.7857142857142858,25,155.0,1.0
medium_compressibility,5,smoothed,none,0,7,0,1,feasible,0.1323076923076923,0.72,1.72,14,14.0,0.0,0.0,0,0,2,1.7857142857142858,25,171.0,1.0
medium_compressibility,5,static_min,none,0,7,1,1,feasible,0.1323076923076923,0.72,1.72,14,14.0,0.0,0.0,0,0,3,1.7857142857142858,25,155.0,1.0
medium_compressibility,5,capacity_aware_static,C,7,7,1,1,feasible,0.1323076923076923,0.72,1.72,14,14.0,0.0,0.0,0,0,3,1.7857142857142858,25,155.0,1.0
medium_compressibility,5,smoothed,none,0,7,1,1,feasible,0.1323076923076923,0.72,1.72,14,14.0,0.0,0.0,0,0,2,1.7857142857142858,25,171.0,1.0
medium_compressibility,5,static_min,none,0,7,2,1,feasible,0.1323076923076923,0.72,1.72,14,14.0,0.0,0.0,0,0,3,1.7857142857142858,25,155.0,1.0
medium_compressibility,5,capacity_aware_static,C,7,7,2,1,feasible,0.1323076923076923,0.72,1.72,14,14.0,0.0,0.0,0,0,3,1.7857142857142858,25,155.0,1.0
medium_compressibility,5,smoothed,none,0,7,2,1,feasible,0.1323076923076923,0.72,1.72,14,14.0,0.0,0.0,0,0,2,1.7857142857142858,25,171.0,1.0
medium_compressibility,5,static_min,none,0,7,3,1,feasible,0.1323076923076923,0.72,1.72,14,14.0,0.0,0.0,0,0,3,1.7857142857142858,25,155.0,1.0
medium_compressibility,5,capacity_aware_static,C,7,7,3,1,feasible,0.1323076923076923,0.72,1.72,14,14.0,0.0,0.0,0,0,3,1.7857142857142858,25,155.0,1.0
medium_compressibility,5,smoothed,none,0,7,3,1,feasible,0.1323076923076923,0.72,1.72,14,14.0,0.0,0.0,0,0,2,1.7857142857142858,25,171.0,1.0
medium_compressibility,5,static_min,none,0,7,4,1,feasible,0.1323076923076923,0.72,1.72,14,14.0,0.0,0.0,0,0,3,1.7857142857142858,25,155.0,1.0
medium_compressibility,5,capacity_aware_static,C,7,7,4,1,feasible,0.1323076923076923,0.72,1.72,14,14.0,0.0,0.0,0,0,3,1.7857142857142858,25,155.0,1.0
medium_compressibility,5,smoothed,none,0,7,4,1,feasible,0.1323076923076923,0.72,1.72,14,14.0,0.0,0.0,0,0,2,1.7857142857142858,25,171.0,1.0
medium_compressibility,5,static_min,none,0,7,5,1,feasible,0.1323076923076923,0.72,1.72,14,14.0,0.0,0.0,0,0,3,1.7857142857142858,25,155.0,1.0
medium_compressibility,5,capacity_aware_static,C,7,7,5,1,feasible,0.1323076923076923,0.72,1.72,14,14.0,0.0,0.0,0,0,3,1.7857142857142858,25,155.0,1.0
medium_compressibility,5,smoothed,none,0,7,5,1,feasible,0.1323076923076923,0.72,1.72,14,14.0,0.0,0.0,0,0,2,1.7857142857142858,25,171.0,1.0
medium_compressibility,5,static_min,none,0,7,6,1,feasible,0.1323076923076923,0.72,1.72,14,14.0,0.0,0.0,0,0,3,1.7857142857142858,25,155.0,1.0
medium_compressibility,5,capacity_aware_static,C,7,7,6,1,feasible,0.1323076923076923,0.72,1.72,14,14.0,0.0,0.0,0,0,3,1.7857142857142858,25,155.0,1.0
medium_compressibility,5,smoothed,none,0,7,6,1,feasible,0.1323076923076923,0.72,1.72,14,14.0,0.0,0.0,0,0,2,1.7857142857142858,25,171.0,1.0
medium_compressibility,5,static_min,none,0,7,7,1,feasible,0.1323076923076923,0.72,1.72,14,14.0,0.0,0.0,0,0,3,1.7857142857142858,25,155.0,1.0
medium_compressibility,5,capacity_aware_static,C,7,7,7,1,feasible,0.1323076923076923,0.72,1.72,14,14.0,0.0,0.0,0,0,3,1.7857142857142858,25,155.0,1.0
medium_compressibility,5,smoothed,none,0,7,7,1,feasible,0.1323076923076923,0.72,1.72,14,14.0,0.0,0.0,0,0,2,1.7857142857142858,25,171.0,1.0
medium_compressibility,5,static_min,none,0,7,8,1,feasible,0.1323076923076923,0.72,1.72,14,14.0,0.0,0.0,0,0,3,1.7857142857142858,25,155.0,1.0
medium_compressibility,5,capacity_aware_static,C,7,7,8,1,feasible,0.1323076923076923,0.72,1.72,14,14.0,0.0,0.0,0,0,3,1.7857142857142858,25,155.0,1.0
medium_compressibility,5,smoothed,none,0,7,8,1,feasible,0.1323076923076923,0.72,1.72,14,14.0,0.0,0.0,0,0,2,1.7857142857142858,25,171.0,1.0
medium_compressibility,5,static_min,none,0,7,9,1,feasible,0.1323076923076923,0.72,1.72,14,14.0,0.0,0.0,0,0,3,1.7857142857142858,25,155.0,1.0
medium_compressibility,5,capacity_aware_static,C,7,7,9,1,feasible,0.1323076923076923,0.72,1.72,14,14.0,0.0,0.0,0,0,3,1.7857142857142858,25,155.0,1.0
medium_compressibility,5,smoothed,none,0,7,9,1,feasible,0.1323076923076923,0.72,1.72,14,14.0,0.0,0.0,0,0,2,1.7857142857142858,25,171.0,1.0
medium_compressibility,5,static_min,none,0,7,10,1,feasible,0.1323076923076923,0.72,1.72,14,14.0,0.0,0.0,0,0,3,1.7857142857142858,25,155.0,1.0
medium_compressibility,5,capacity_aware_static,C,7,7,10,1,feasible,0.1323076923076923,0.72,1.72,14,14.0,0.0,0.0,0,0,3,1.7857142857142858,25,155.0,1.0
medium_compressibility,5,smoothed,none,0,7,10,1,feasible,0.1323076923076923,0.72,1.72,14,14.0,0.0,0.0,0,0,2,1.7857142857142858,25,171.0,1.0
medium_compressibility,5,static_min,none,0,7,11,1,feasible,0.1323076923076923,0.72,1.72,14,14.0,0.0,0.0,0,0,3,1.7857142857142858,25,155.0,1.0
medium_compressibility,5,capacity_aware_static,C,7,7,11,1,feasible,0.1323076923076923,0.72,1.72,14,14.0,0.0,0.0,0,0,3,1.7857142857142858,25,155.0,1.0
medium_compressibility,5,smoothed,none,0,7,11,1,feasible,0.1323076923076923,0.72,1.72,14,14.0,0.0,0.0,0,0,2,1.7857142857142858,25,171.0,1.0
medium_compressibility,5,static_min,none,0,7,12,1,feasible,0.1323076923076923,0.72,1.72,14,14.0,0.0,0.0,0,0,3,1.7857142857142858,25,155.0,1.0
medium_compressibility,5,capacity_aware_static,C,7,7,12,1,feasible,0.1323076923076923,0.72,1.72,14,14.0,0.0,0.0,0,0,3,1.7857142857142858,25,155.0,1.0
medium_compressibility,5,smoothed,none,0,7,12,1,feasible,0.1323076923076923,0.72,1.72,14,14.0,0.0,0.0,0,0,2,1.7857142857142858,25,171.0,1.0
medium_compressibility,5,static_min,none,0,7,13,1,feasible,0.1323076923076923,0.72,1.72,14,14.0,0.0,0.0,0,0,3,1.7857142857142858,25,155.0,1.0
medium_compressibility,5,capacity_aware_static,C,7,7,13,1,feasible,0.1323076923076923,0.72,1.72,14,14.0,0.0,0.0,0,0,3,1.7857142857142858,25,155.0,1.0
medium_compressibility,5,smoothed,none,0,7,13,1,feasible,0.1323076923076923,0.72,1.72,14,14.0,0.0,0.0,0,0,2,1.7857142857142858,25,171.0,1.0
medium_compressibility,5,static_min,none,0,7,14,1,feasible,0.1323076923076923,0.72,1.72,14,14.0,0.0,0.0,0,0,3,1.7857142857142858,25,155.0,1.0
medium_compressibility,5,capacity_aware_static,C,7,7,14,1,feasible,0.1323076923076923,0.72,1.72,14,14.0,0.0,0.0,0,0,3,1.7857142857142858,25,155.0,1.0
medium_compressibility,5,smoothed,none,0,7,14,1,feasible,0.1323076923076923,0.72,1.72,14,14.0,0.0,0.0,0,0,2,1.7857142857142858,25,171.0,1.0
medium_compressibility,5,static_min,none,0,7,15,1,feasible,0.1323076923076923,0.72,1.72,14,14.0,0.0,0.0,0,0,3,1.7857142857142858,25,155.0,1.0
medium_compressibility,5,capacity_aware_static,C,7,7,15,1,feasible,0.1323076923076923,0.72,1.72,14,14.0,0.0,0.0,0,0,3,1.7857142857142858,25,155.0,1.0
medium_compressibility,5,smoothed,none,0,7,15,1,feasible,0.1323076923076923,0.72,1.72,14,14.0,0.0,0.0,0,0,2,1.7857142857142858,25,171.0,1.0
medium_compressibility,7,static_min,none,0,1,0,0,peak_demand_exceeds_reachable_stock,0.15466666666666665,0.84,2.32,16,inf,inf,1.0,11,14,5,1.5625,25,inf,inf
medium_compressibility,7,capacity_aware_static,C,1,1,0,1,feasible,0.15466666666666665,0.84,2.32,27,27.0,0.0,0.0,0,0,1,0.9259259259259259,25,243.0,1.0
medium_compressibility,7,smoothed,none,0,1,0,0,peak_demand_exceeds_reachable_stock,0.15466666666666665,0.84,2.32,17,inf,inf,1.0,8,9,2,1.4705882352941178,25,inf,inf
medium_compressibility,7,static_min,none,0,1,1,0,peak_demand_exceeds_reachable_stock,0.15466666666666665,0.84,2.32,16,inf,inf,1.0,11,14,5,1.5625,25,inf,inf
medium_compressibility,7,capacity_aware_static,C,1,1,1,1,feasible,0.15466666666666665,0.84,2.32,27,27.0,0.0,0.0,0,0,1,0.9259259259259259,25,243.0,1.0
medium_compressibility,7,smoothed,none,0,1,1,1,feasible,0.15466666666666665,0.84,2.32,17,25.0,8.0,0.32,8,9,2,1.4705882352941178,25,312.0,1.4705882352941178
medium_compressibility,7,static_min,none,0,1,2,0,peak_demand_exceeds_reachable_stock,0.15466666666666665,0.84,2.32,16,inf,inf,1.0,11,14,5,1.5625,25,inf,inf
medium_compressibility,7,capacity_aware_static,C,1,1,2,1,feasible,0.15466666666666665,0.84,2.32,27,27.0,0.0,0.0,0,0,1,0.9259259259259259,25,243.0,1.0
medium_compressibility,7,smoothed,none,0,1,2,1,feasible,0.15466666666666665,0.84,2.32,17,25.0,8.0,0.32,8,9,2,1.4705882352941178,25,312.0,1.4705882352941178
medium_compressibility,7,static_min,none,0,1,3,0,peak_demand_exceeds_reachable_stock,0.15466666666666665,0.84,2.32,16,inf,inf,1.0,11,14,5,1.5625,25,inf,inf
medium_compressibility,7,capacity_aware_static,C,1,1,3,1,feasible,0.15466666666666665,0.84,2.32,27,27.0,0.0,0.0,0,0,1,0.9259259259259259,25,243.0,1.0
medium_compressibility,7,smoothed,none,0,1,3,1,feasible,0.15466666666666665,0.84,2.32,17,25.0,8.0,0.32,8,9,2,1.4705882352941178,25,312.0,1.4705882352941178
medium_compressibility,7,static_min,none,0,1,4,1,feasible,0.15466666666666665,0.84,2.32,16,27.0,11.0,0.4074074074074074,11,14,5,1.5625,25,295.0,1.6875
medium_compressibility,7,capacity_aware_static,C,1,1,4,1,feasible,0.15466666666666665,0.84,2.32,27,27.0,0.0,0.0,0,0,1,0.9259259259259259,25,243.0,1.0
medium_compressibility,7,smoothed,none,0,1,4,1,feasible,0.15466666666666665,0.84,2.32,17,25.0,8.0,0.32,8,9,2,1.4705882352941178,25,312.0,1.4705882352941178
medium_compressibility,7,static_min,none,0,1,5,1,feasible,0.15466666666666665,0.84,2.32,16,27.0,11.0,0.4074074074074074,11,14,5,1.5625,25,295.0,1.6875
medium_compressibility,7,capacity_aware_static,C,1,1,5,1,feasible,0.15466666666666665,0.84,2.32,27,27.0,0.0,0.0,0,0,1,0.9259259259259259,25,243.0,1.0
medium_compressibility,7,smoothed,none,0,1,5,1,feasible,0.15466666666666665,0.84,2.32,17,25.0,8.0,0.32,8,9,2,1.4705882352941178,25,312.0,1.4705882352941178
medium_compressibility,7,static_min,none,0,1,6,1,feasible,0.15466666666666665,0.84,2.32,16,27.0,11.0,0.4074074074074074,11,14,5,1.5625,25,295.0,1.6875
medium_compressibility,7,capacity_aware_static,C,1,1,6,1,feasible,0.15466666666666665,0.84,2.32,27,27.0,0.0,0.0,0,0,1,0.9259259259259259,25,243.0,1.0
medium_compressibility,7,smoothed,none,0,1,6,1,feasible,0.15466666666666665,0.84,2.32,17,25.0,8.0,0.32,8,9,2,1.4705882352941178,25,312.0,1.4705882352941178
medium_compressibility,7,static_min,none,0,1,7,1,feasible,0.15466666666666665,0.84,2.32,16,27.0,11.0,0.4074074074074074,11,14,5,1.5625,25,295.0,1.6875
medium_compressibility,7,capacity_aware_static,C,1,1,7,1,feasible,0.15466666666666665,0.84,2.32,27,27.0,0.0,0.0,0,0,1,0.9259259259259259,25,243.0,1.0
medium_compressibility,7,smoothed,none,0,1,7,1,feasible,0.15466666666666665,0.84,2.32,17,25.0,8.0,0.32,8,9,2,1.4705882352941178,25,312.0,1.4705882352941178
medium_compressibility,7,static_min,none,0,1,8,1,feasible,0.15466666666666665,0.84,2.32,16,27.0,11.0,0.4074074074074074,11,14,5,1.5625,25,295.0,1.6875
medium_compressibility,7,capacity_aware_static,C,1,1,8,1,feasible,0.15466666666666665,0.84,2.32,27,27.0,0.0,0.0,0,0,1,0.9259259259259259,25,243.0,1.0
medium_compressibility,7,smoothed,none,0,1,8,1,feasible,0.15466666666666665,0.84,2.32,17,25.0,8.0,0.32,8,9,2,1.4705882352941178,25,312.0,1.4705882352941178
medium_compressibility,7,static_min,none,0,1,9,1,feasible,0.15466666666666665,0.84,2.32,16,27.0,11.0,0.4074074074074074,11,14,5,1.5625,25,295.0,1.6875
medium_compressibility,7,capacity_aware_static,C,1,1,9,1,feasible,0.15466666666666665,0.84,2.32,27,27.0,0.0,0.0,0,0,1,0.9259259259259259,25,243.0,1.0
medium_compressibility,7,smoothed,none,0,1,9,1,feasible,0.15466666666666665,0.84,2.32,17,25.0,8.0,0.32,8,9,2,1.4705882352941178,25,312.0,1.4705882352941178
medium_compressibility,7,static_min,none,0,1,10,1,feasible,0.15466666666666665,0.84,2.32,16,27.0,11.0,0.4074074074074074,11,14,5,1.5625,25,295.0,1.6875
medium_compressibility,7,capacity_aware_static,C,1,1,10,1,feasible,0.15466666666666665,0.84,2.32,27,27.0,0.0,0.0,0,0,1,0.9259259259259259,25,243.0,1.0
medium_compressibility,7,smoothed,none,0,1,10,1,feasible,0.15466666666666665,0.84,2.32,17,25.0,8.0,0.32,8,9,2,1.4705882352941178,25,312.0,1.4705882352941178
medium_compressibility,7,static_min,none,0,1,11,1,feasible,0.15466666666666665,0.84,2.32,16,27.0,11.0,0.4074074074074074,11,14,5,1.5625,25,295.0,1.6875
medium_compressibility,7,capacity_aware_static,C,1,1,11,1,feasible,0.15466666666666665,0.84,2.32,27,27.0,0.0,0.0,0,0,1,0.9259259259259259,25,243.0,1.0
medium_compressibility,7,smoothed,none,0,1,11,1,feasible,0.15466666666666665,0.84,2.32,17,25.0,8.0,0.32,8,9,2,1.4705882352941178,25,312.0,1.4705882352941178
medium_compressibility,7,static_min,none,0,1,12,1,feasible,0.15466666666666665,0.84,2.32,16,27.0,11.0,0.4074074074074074,11,14,5,1.5625,25,295.0,1.6875
medium_compressibility,7,capacity_aware_static,C,1,1,12,1,feasible,0.15466666666666665,0.84,2.32,27,27.0,0.0,0.0,0,0,1,0.9259259259259259,25,243.0,1.0
medium_compressibility,7,smoothed,none,0,1,12,1,feasible,0.15466666666666665,0.84,2.32,17,25.0,8.0,0.32,8,9,2,1.4705882352941178,25,312.0,1.4705882352941178
medium_compressibility,7,static_min,none,0,1,13,1,feasible,0.15466666666666665,0.84,2.32,16,27.0,11.0,0.4074074074074074,11,14,5,1.5625,25,295.0,1.6875
medium_compressibility,7,capacity_aware_static,C,1,1,13,1,feasible,0.15466666666666665,0.84,2.32,27,27.0,0.0,0.0,0,0,1,0.9259259259259259,25,243.0,1.0
medium_compressibility,7,smoothed,none,0,1,13,1,feasible,0.15466666666666665,0.84,2.32,17,25.0,8.0,0.32,8,9,2,1.4705882352941178,25,312.0,1.4705882352941178
medium_compressibility,7,static_min,none,0,1,14,1,feasible,0.15466666666666665,0.84,2.32,16,27.0,11.0,0.4074074074074074,11,14,5,1.5625,25,295.0,1.6875
medium_compressibility,7,capacity_aware_static,C,1,1,14,1,feasible,0.15466666666666665,0.84,2.32,27,27.0,0.0,0.0,0,0,1,0.9259259259259259,25,243.0,1.0
medium_compressibility,7,smoothed,none,0,1,14,1,feasible,0.15466666666666665,0.84,2.32,17,25.0,8.0,0.32,8,9,2,1.4705882352941178,25,312.0,1.4705882352941178
medium_compressibility,7,static_min,none,0,1,15,1,feasible,0.15466666666666665,0.84,2.32,16,27.0,11.0,0.4074074074074074,11,14,5,1.5625,25,295.0,1.6875
medium_compressibility,7,capacity_aware_static,C,1,1,15,1,feasible,0.15466666666666665,0.84,2.32,27,27.0,0.0,0.0,0,0,1,0.9259259259259259,25,243.0,1.0
medium_compressibility,7,smoothed,none,0,1,15,1,feasible,0.15466666666666665,0.84,2.32,17,25.0,8.0,0.32,8,9,2,1.4705882352941178,25,312.0,1.4705882352941178
medium_compressibility,7,static_min,none,0,2,0,0,peak_demand_exceeds_reachable_stock,0.15466666666666665,0.84,2.32,16,inf,inf,1.0,3,8,5,1.5625,25,inf,inf
medium_compressibility,7,capacity_aware_static,C,2,2,0,1,feasible,0.15466666666666665,0.84,2.32,19,19.0,0.0,0.0,0,0,2,1.3157894736842106,25,182.0,1.0
medium_compressibility,7,smoothed,none,0,2,0,1,feasible,0.15466666666666665,0.84,2.32,17,17.0,0.0,0.0,0,0,2,1.4705882352941178,25,199.0,1.0
medium_compressibility,7,static_min,none,0,2,1,0,peak_demand_exceeds_reachable_stock,0.15466666666666665,0.84,2.32,16,inf,inf,1.0,3,8,5,1.5625,25,inf,inf
medium_compressibility,7,capacity_aware_static,C,2,2,1,1,feasible,0.15466666666666665,0.84,2.32,19,19.0,0.0,0.0,0,0,2,1.3157894736842106,25,182.0,1.0
medium_compressibility,7,smoothed,none,0,2,1,1,feasible,0.15466666666666665,0.84,2.32,17,17.0,0.0,0.0,0,0,2,1.4705882352941178,25,199.0,1.0
medium_compressibility,7,static_min,none,0,2,2,0,peak_demand_exceeds_reachable_stock,0.15466666666666665,0.84,2.32,16,inf,inf,1.0,3,8,5,1.5625,25,inf,inf
medium_compressibility,7,capacity_aware_static,C,2,2,2,1,feasible,0.15466666666666665,0.84,2.32,19,19.0,0.0,0.0,0,0,2,1.3157894736842106,25,182.0,1.0
medium_compressibility,7,smoothed,none,0,2,2,1,feasible,0.15466666666666665,0.84,2.32,17,17.0,0.0,0.0,0,0,2,1.4705882352941178,25,199.0,1.0
medium_compressibility,7,static_min,none,0,2,3,1,feasible,0.15466666666666665,0.84,2.32,16,19.0,3.0,0.15789473684210525,3,8,5,1.5625,25,206.0,1.1875
medium_compressibility,7,capacity_aware_static,C,2,2,3,1,feasible,0.15466666666666665,0.84,2.32,19,19.0,0.0,0.0,0,0,2,1.3157894736842106,25,182.0,1.0
medium_compressibility,7,smoothed,none,0,2,3,1,feasible,0.15466666666666665,0.84,2.32,17,17.0,0.0,0.0,0,0,2,1.4705882352941178,25,199.0,1.0
medium_compressibility,7,static_min,none,0,2,4,1,feasible,0.15466666666666665,0.84,2.32,16,19.0,3.0,0.15789473684210525,3,8,5,1.5625,25,206.0,1.1875
medium_compressibility,7,capacity_aware_static,C,2,2,4,1,feasible,0.15466666666666665,0.84,2.32,19,19.0,0.0,0.0,0,0,2,1.3157894736842106,25,182.0,1.0
medium_compressibility,7,smoothed,none,0,2,4,1,feasible,0.15466666666666665,0.84,2.32,17,17.0,0.0,0.0,0,0,2,1.4705882352941178,25,199.0,1.0
medium_compressibility,7,static_min,none,0,2,5,1,feasible,0.15466666666666665,0.84,2.32,16,18.0,2.0,0.1111111111111111,3,8,5,1.5625,25,193.0,1.125
medium_compressibility,7,capacity_aware_static,C,2,2,5,1,feasible,0.15466666666666665,0.84,2.32,19,19.0,0.0,0.0,0,0,2,1.3157894736842106,25,182.0,1.0
medium_compressibility,7,smoothed,none,0,2,5,1,feasible,0.15466666666666665,0.84,2.32,17,17.0,0.0,0.0,0,0,2,1.4705882352941178,25,199.0,1.0
medium_compressibility,7,static_min,none,0,2,6,1,feasible,0.15466666666666665,0.84,2.32,16,18.0,2.0,0.1111111111111111,3,8,5,1.5625,25,193.0,1.125
medium_compressibility,7,capacity_aware_static,C,2,2,6,1,feasible,0.15466666666666665,0.84,2.32,19,19.0,0.0,0.0,0,0,2,1.3157894736842106,25,182.0,1.0
medium_compressibility,7,smoothed,none,0,2,6,1,feasible,0.15466666666666665,0.84,2.32,17,17.0,0.0,0.0,0,0,2,1.4705882352941178,25,199.0,1.0
medium_compressibility,7,static_min,none,0,2,7,1,feasible,0.15466666666666665,0.84,2.32,16,18.0,2.0,0.1111111111111111,3,8,5,1.5625,25,193.0,1.125
medium_compressibility,7,capacity_aware_static,C,2,2,7,1,feasible,0.15466666666666665,0.84,2.32,19,19.0,0.0,0.0,0,0,2,1.3157894736842106,25,182.0,1.0
medium_compressibility,7,smoothed,none,0,2,7,1,feasible,0.15466666666666665,0.84,2.32,17,17.0,0.0,0.0,0,0,2,1.4705882352941178,25,199.0,1.0
medium_compressibility,7,static_min,none,0,2,8,1,feasible,0.15466666666666665,0.84,2.32,16,18.0,2.0,0.1111111111111111,3,8,5,1.5625,25,193.0,1.125
medium_compressibility,7,capacity_aware_static,C,2,2,8,1,feasible,0.15466666666666665,0.84,2.32,19,19.0,0.0,0.0,0,0,2,1.3157894736842106,25,182.0,1.0
medium_compressibility,7,smoothed,none,0,2,8,1,feasible,0.15466666666666665,0.84,2.32,17,17.0,0.0,0.0,0,0,2,1.4705882352941178,25,199.0,1.0
medium_compressibility,7,static_min,none,0,2,9,1,feasible,0.15466666666666665,0.84,2.32,16,18.0,2.0,0.1111111111111111,3,8,5,1.5625,25,193.0,1.125
medium_compressibility,7,capacity_aware_static,C,2,2,9,1,feasible,0.15466666666666665,0.84,2.32,19,19.0,0.0,0.0,0,0,2,1.3157894736842106,25,182.0,1.0
medium_compressibility,7,smoothed,none,0,2,9,1,feasible,0.15466666666666665,0.84,2.32,17,17.0,0.0,0.0,0,0,2,1.4705882352941178,25,199.0,1.0
medium_compressibility,7,static_min,none,0,2,10,1,feasible,0.15466666666666665,0.84,2.32,16,18.0,2.0,0.1111111111111111,3,8,5,1.5625,25,193.0,1.125
medium_compressibility,7,capacity_aware_static,C,2,2,10,1,feasible,0.15466666666666665,0.84,2.32,19,19.0,0.0,0.0,0,0,2,1.3157894736842106,25,182.0,1.0
medium_compressibility,7,smoothed,none,0,2,10,1,feasible,0.15466666666666665,0.84,2.32,17,17.0,0.0,0.0,0,0,2,1.4705882352941178,25,199.0,1.0
medium_compressibility,7,static_min,none,0,2,11,1,feasible,0.15466666666666665,0.84,2.32,16,18.0,2.0,0.1111111111111111,3,8,5,1.5625,25,193.0,1.125
medium_compressibility,7,capacity_aware_static,C,2,2,11,1,feasible,0.15466666666666665,0.84,2.32,19,19.0,0.0,0.0,0,0,2,1.3157894736842106,25,182.0,1.0
medium_compressibility,7,smoothed,none,0,2,11,1,feasible,0.15466666666666665,0.84,2.32,17,17.0,0.0,0.0,0,0,2,1.4705882352941178,25,199.0,1.0
medium_compressibility,7,static_min,none,0,2,12,1,feasible,0.15466666666666665,0.84,2.32,16,18.0,2.0,0.1111111111111111,3,8,5,1.5625,25,193.0,1.125
medium_compressibility,7,capacity_aware_static,C,2,2,12,1,feasible,0.15466666666666665,0.84,2.32,19,19.0,0.0,0.0,0,0,2,1.3157894736842106,25,182.0,1.0
medium_compressibility,7,smoothed,none,0,2,12,1,feasible,0.15466666666666665,0.84,2.32,17,17.0,0.0,0.0,0,0,2,1.4705882352941178,25,199.0,1.0
medium_compressibility,7,static_min,none,0,2,13,1,feasible,0.15466666666666665,0.84,2.32,16,18.0,2.0,0.1111111111111111,3,8,5,1.5625,25,193.0,1.125
medium_compressibility,7,capacity_aware_static,C,2,2,13,1,feasible,0.15466666666666665,0.84,2.32,19,19.0,0.0,0.0,0,0,2,1.3157894736842106,25,182.0,1.0
medium_compressibility,7,smoothed,none,0,2,13,1,feasible,0.15466666666666665,0.84,2.32,17,17.0,0.0,0.0,0,0,2,1.4705882352941178,25,199.0,1.0
medium_compressibility,7,static_min,none,0,2,14,1,feasible,0.15466666666666665,0.84,2.32,16,18.0,2.0,0.1111111111111111,3,8,5,1.5625,25,193.0,1.125
medium_compressibility,7,capacity_aware_static,C,2,2,14,1,feasible,0.15466666666666665,0.84,2.32,19,19.0,0.0,0.0,0,0,2,1.3157894736842106,25,182.0,1.0
medium_compressibility,7,smoothed,none,0,2,14,1,feasible,0.15466666666666665,0.84,2.32,17,17.0,0.0,0.0,0,0,2,1.4705882352941178,25,199.0,1.0
medium_compressibility,7,static_min,none,0,2,15,1,feasible,0.15466666666666665,0.84,2.32,16,18.0,2.0,0.1111111111111111,3,8,5,1.5625,25,193.0,1.125
medium_compressibility,7,capacity_aware_static,C,2,2,15,1,feasible,0.15466666666666665,0.84,2.32,19,19.0,0.0,0.0,0,0,2,1.3157894736842106,25,182.0,1.0
medium_compressibility,7,smoothed,none,0,2,15,1,feasible,0.15466666666666665,0.84,2.32,17,17.0,0.0,0.0,0,0,2,1.4705882352941178,25,199.0,1.0
medium_compressibility,7,static_min,none,0,3,0,0,peak_demand_exceeds_reachable_stock,0.15466666666666665,0.84,2.32,16,inf,inf,1.0,1,4,5,1.5625,25,inf,inf
medium_compressibility,7,capacity_aware_static,C,3,3,0,1,feasible,0.15466666666666665,0.84,2.32,17,17.0,0.0,0.0,0,0,3,1.4705882352941178,25,179.0,1.0
medium_compressibility,7,smoothed,none,0,3,0,1,feasible,0.15466666666666665,0.84,2.32,17,17.0,0.0,0.0,0,0,2,1.4705882352941178,25,199.0,1.0
medium_compressibility,7,static_min,none,0,3,1,0,peak_demand_exceeds_reachable_stock,0.15466666666666665,0.84,2.32,16,inf,inf,1.0,1,4,5,1.5625,25,inf,inf
medium_compressibility,7,capacity_aware_static,C,3,3,1,1,feasible,0.15466666666666665,0.84,2.32,17,17.0,0.0,0.0,0,0,3,1.4705882352941178,25,179.0,1.0
medium_compressibility,7,smoothed,none,0,3,1,1,feasible,0.15466666666666665,0.84,2.32,17,17.0,0.0,0.0,0,0,2,1.4705882352941178,25,199.0,1.0
medium_compressibility,7,static_min,none,0,3,2,1,feasible,0.15466666666666665,0.84,2.32,16,18.0,2.0,0.1111111111111111,1,4,5,1.5625,25,195.0,1.125
medium_compressibility,7,capacity_aware_static,C,3,3,2,1,feasible,0.15466666666666665,0.84,2.32,17,17.0,0.0,0.0,0,0,3,1.4705882352941178,25,179.0,1.0
medium_compressibility,7,smoothed,none,0,3,2,1,feasible,0.15466666666666665,0.84,2.32,17,17.0,0.0,0.0,0,0,2,1.4705882352941178,25,199.0,1.0
medium_compressibility,7,static_min,none,0,3,3,1,feasible,0.15466666666666665,0.84,2.32,16,17.0,1.0,0.058823529411764705,1,4,5,1.5625,25,182.0,1.0625
medium_compressibility,7,capacity_aware_static,C,3,3,3,1,feasible,0.15466666666666665,0.84,2.32,17,17.0,0.0,0.0,0,0,3,1.4705882352941178,25,179.0,1.0
medium_compressibility,7,smoothed,none,0,3,3,1,feasible,0.15466666666666665,0.84,2.32,17,17.0,0.0,0.0,0,0,2,1.4705882352941178,25,199.0,1.0
medium_compressibility,7,static_min,none,0,3,4,1,feasible,0.15466666666666665,0.84,2.32,16,17.0,1.0,0.058823529411764705,1,4,5,1.5625,25,182.0,1.0625
medium_compressibility,7,capacity_aware_static,C,3,3,4,1,feasible,0.15466666666666665,0.84,2.32,17,17.0,0.0,0.0,0,0,3,1.4705882352941178,25,179.0,1.0
medium_compressibility,7,smoothed,none,0,3,4,1,feasible,0.15466666666666665,0.84,2.32,17,17.0,0.0,0.0,0,0,2,1.4705882352941178,25,199.0,1.0
medium_compressibility,7,static_min,none,0,3,5,1,feasible,0.15466666666666665,0.84,2.32,16,17.0,1.0,0.058823529411764705,1,4,5,1.5625,25,182.0,1.0625
medium_compressibility,7,capacity_aware_static,C,3,3,5,1,feasible,0.15466666666666665,0.84,2.32,17,17.0,0.0,0.0,0,0,3,1.4705882352941178,25,179.0,1.0
medium_compressibility,7,smoothed,none,0,3,5,1,feasible,0.15466666666666665,0.84,2.32,17,17.0,0.0,0.0,0,0,2,1.4705882352941178,25,199.0,1.0
medium_compressibility,7,static_min,none,0,3,6,1,feasible,0.15466666666666665,0.84,2.32,16,17.0,1.0,0.058823529411764705,1,4,5,1.5625,25,182.0,1.0625
medium_compressibility,7,capacity_aware_static,C,3,3,6,1,feasible,0.15466666666666665,0.84,2.32,17,17.0,0.0,0.0,0,0,3,1.4705882352941178,25,179.0,1.0
medium_compressibility,7,smoothed,none,0,3,6,1,feasible,0.15466666666666665,0.84,2.32,17,17.0,0.0,0.0,0,0,2,1.4705882352941178,25,199.0,1.0
medium_compressibility,7,static_min,none,0,3,7,1,feasible,0.15466666666666665,0.84,2.32,16,17.0,1.0,0.058823529411764705,1,4,5,1.5625,25,182.0,1.0625
medium_compressibility,7,capacity_aware_static,C,3,3,7,1,feasible,0.15466666666666665,0.84,2.32,17,17.0,0.0,0.0,0,0,3,1.4705882352941178,25,179.0,1.0
medium_compressibility,7,smoothed,none,0,3,7,1,feasible,0.15466666666666665,0.84,2.32,17,17.0,0.0,0.0,0,0,2,1.4705882352941178,25,199.0,1.0
medium_compressibility,7,static_min,none,0,3,8,1,feasible,0.15466666666666665,0.84,2.32,16,17.0,1.0,0.058823529411764705,1,4,5,1.5625,25,182.0,1.0625
medium_compressibility,7,capacity_aware_static,C,3,3,8,1,feasible,0.15466666666666665,0.84,2.32,17,17.0,0.0,0.0,0,0,3,1.4705882352941178,25,179.0,1.0
medium_compressibility,7,smoothed,none,0,3,8,1,feasible,0.15466666666666665,0.84,2.32,17,17.0,0.0,0.0,0,0,2,1.4705882352941178,25,199.0,1.0
medium_compressibility,7,static_min,none,0,3,9,1,feasible,0.15466666666666665,0.84,2.32,16,17.0,1.0,0.058823529411764705,1,4,5,1.5625,25,182.0,1.0625
medium_compressibility,7,capacity_aware_static,C,3,3,9,1,feasible,0.15466666666666665,0.84,2.32,17,17.0,0.0,0.0,0,0,3,1.4705882352941178,25,179.0,1.0
medium_compressibility,7,smoothed,none,0,3,9,1,feasible,0.15466666666666665,0.84,2.32,17,17.0,0.0,0.0,0,0,2,1.4705882352941178,25,199.0,1.0
medium_compressibility,7,static_min,none,0,3,10,1,feasible,0.15466666666666665,0.84,2.32,16,17.0,1.0,0.058823529411764705,1,4,5,1.5625,25,182.0,1.0625
medium_compressibility,7,capacity_aware_static,C,3,3,10,1,feasible,0.15466666666666665,0.84,2.32,17,17.0,0.0,0.0,0,0,3,1.4705882352941178,25,179.0,1.0
medium_compressibility,7,smoothed,none,0,3,10,1,feasible,0.15466666666666665,0.84,2.32,17,17.0,0.0,0.0,0,0,2,1.4705882352941178,25,199.0,1.0
medium_compressibility,7,static_min,none,0,3,11,1,feasible,0.15466666666666665,0.84,2.32,16,17.0,1.0,0.058823529411764705,1,4,5,1.5625,25,182.0,1.0625
medium_compressibility,7,capacity_aware_static,C,3,3,11,1,feasible,0.15466666666666665,0.84,2.32,17,17.0,0.0,0.0,0,0,3,1.4705882352941178,25,179.0,1.0
medium_compressibility,7,smoothed,none,0,3,11,1,feasible,0.15466666666666665,0.84,2.32,17,17.0,0.0,0.0,0,0,2,1.4705882352941178,25,199.0,1.0
medium_compressibility,7,static_min,none,0,3,12,1,feasible,0.15466666666666665,0.84,2.32,16,17.0,1.0,0.058823529411764705,1,4,5,1.5625,25,182.0,1.0625
medium_compressibility,7,capacity_aware_static,C,3,3,12,1,feasible,0.15466666666666665,0.84,2.32,17,17.0,0.0,0.0,0,0,3,1.4705882352941178,25,179.0,1.0
medium_compressibility,7,smoothed,none,0,3,12,1,feasible,0.15466666666666665,0.84,2.32,17,17.0,0.0,0.0,0,0,2,1.4705882352941178,25,199.0,1.0
medium_compressibility,7,static_min,none,0,3,13,1,feasible,0.15466666666666665,0.84,2.32,16,17.0,1.0,0.058823529411764705,1,4,5,1.5625,25,182.0,1.0625
medium_compressibility,7,capacity_aware_static,C,3,3,13,1,feasible,0.15466666666666665,0.84,2.32,17,17.0,0.0,0.0,0,0,3,1.4705882352941178,25,179.0,1.0
medium_compressibility,7,smoothed,none,0,3,13,1,feasible,0.15466666666666665,0.84,2.32,17,17.0,0.0,0.0,0,0,2,1.4705882352941178,25,199.0,1.0
medium_compressibility,7,static_min,none,0,3,14,1,feasible,0.15466666666666665,0.84,2.32,16,17.0,1.0,0.058823529411764705,1,4,5,1.5625,25,182.0,1.0625
medium_compressibility,7,capacity_aware_static,C,3,3,14,1,feasible,0.15466666666666665,0.84,2.32,17,17.0,0.0,0.0,0,0,3,1.4705882352941178,25,179.0,1.0
medium_compressibility,7,smoothed,none,0,3,14,1,feasible,0.15466666666666665,0.84,2.32,17,17.0,0.0,0.0,0,0,2,1.4705882352941178,25,199.0,1.0
medium_compressibility,7,static_min,none,0,3,15,1,feasible,0.15466666666666665,0.84,2.32,16,17.0,1.0,0.058823529411764705,1,4,5,1.5625,25,182.0,1.0625
medium_compressibility,7,capacity_aware_static,C,3,3,15,1,feasible,0.15466666666666665,0.84,2.32,17,17.0,0.0,0.0,0,0,3,1.4705882352941178,25,179.0,1.0
medium_compressibility,7,smoothed,none,0,3,15,1,feasible,0.15466666666666665,0.84,2.32,17,17.0,0.0,0.0,0,0,2,1.4705882352941178,25,199.0,1.0
medium_compressibility,7,static_min,none,0,4,0,0,peak_demand_exceeds_reachable_stock,0.15466666666666665,0.84,2.32,16,inf,inf,1.0,0,1,5,1.5625,25,inf,inf
medium_compressibility,7,capacity_aware_static,C,4,4,0,1,feasible,0.15466666666666665,0.84,2.32,17,17.0,0.0,0.0,0,0,4,1.4705882352941178,25,177.0,1.0
medium_compressibility,7,smoothed,none,0,4,0,1,feasible,0.15466666666666665,0.84,2.32,17,17.0,0.0,0.0,0,0,2,1.4705882352941178,25,199.0,1.0
medium_compressibility,7,static_min,none,0,4,1,1,feasible,0.15466666666666665,0.84,2.32,16,16.0,0.0,0.0,0,1,5,1.5625,25,175.0,1.0
medium_compressibility,7,capacity_aware_static,C,4,4,1,1,feasible,0.15466666666666665,0.84,2.32,17,17.0,0.0,0.0,0,0,4,1.4705882352941178,25,177.0,1.0
medium_compressibility,7,smoothed,none,0,4,1,1,feasible,0.15466666666666665,0.84,2.32,17,17.0,0.0,0.0,0,0,2,1.4705882352941178,25,199.0,1.0
medium_compressibility,7,static_min,none,0,4,2,1,feasible,0.15466666666666665,0.84,2.32,16,16.0,0.0,0.0,0,1,5,1.5625,25,175.0,1.0
medium_compressibility,7,capacity_aware_static,C,4,4,2,1,feasible,0.15466666666666665,0.84,2.32,17,17.0,0.0,0.0,0,0,4,1.4705882352941178,25,177.0,1.0
medium_compressibility,7,smoothed,none,0,4,2,1,feasible,0.15466666666666665,0.84,2.32,17,17.0,0.0,0.0,0,0,2,1.4705882352941178,25,199.0,1.0
medium_compressibility,7,static_min,none,0,4,3,1,feasible,0.15466666666666665,0.84,2.32,16,16.0,0.0,0.0,0,1,5,1.5625,25,175.0,1.0
medium_compressibility,7,capacity_aware_static,C,4,4,3,1,feasible,0.15466666666666665,0.84,2.32,17,17.0,0.0,0.0,0,0,4,1.4705882352941178,25,177.0,1.0
medium_compressibility,7,smoothed,none,0,4,3,1,feasible,0.15466666666666665,0.84,2.32,17,17.0,0.0,0.0,0,0,2,1.4705882352941178,25,199.0,1.0
medium_compressibility,7,static_min,none,0,4,4,1,feasible,0.15466666666666665,0.84,2.32,16,16.0,0.0,0.0,0,1,5,1.5625,25,175.0,1.0
medium_compressibility,7,capacity_aware_static,C,4,4,4,1,feasible,0.15466666666666665,0.84,2.32,17,17.0,0.0,0.0,0,0,4,1.4705882352941178,25,177.0,1.0
medium_compressibility,7,smoothed,none,0,4,4,1,feasible,0.15466666666666665,0.84,2.32,17,17.0,0.0,0.0,0,0,2,1.4705882352941178,25,199.0,1.0
medium_compressibility,7,static_min,none,0,4,5,1,feasible,0.15466666666666665,0.84,2.32,16,16.0,0.0,0.0,0,1,5,1.5625,25,175.0,1.0
medium_compressibility,7,capacity_aware_static,C,4,4,5,1,feasible,0.15466666666666665,0.84,2.32,17,17.0,0.0,0.0,0,0,4,1.4705882352941178,25,177.0,1.0
medium_compressibility,7,smoothed,none,0,4,5,1,feasible,0.15466666666666665,0.84,2.32,17,17.0,0.0,0.0,0,0,2,1.4705882352941178,25,199.0,1.0
medium_compressibility,7,static_min,none,0,4,6,1,feasible,0.15466666666666665,0.84,2.32,16,16.0,0.0,0.0,0,1,5,1.5625,25,175.0,1.0
medium_compressibility,7,capacity_aware_static,C,4,4,6,1,feasible,0.15466666666666665,0.84,2.32,17,17.0,0.0,0.0,0,0,4,1.4705882352941178,25,177.0,1.0
medium_compressibility,7,smoothed,none,0,4,6,1,feasible,0.15466666666666665,0.84,2.32,17,17.0,0.0,0.0,0,0,2,1.4705882352941178,25,199.0,1.0
medium_compressibility,7,static_min,none,0,4,7,1,feasible,0.15466666666666665,0.84,2.32,16,16.0,0.0,0.0,0,1,5,1.5625,25,175.0,1.0
medium_compressibility,7,capacity_aware_static,C,4,4,7,1,feasible,0.15466666666666665,0.84,2.32,17,17.0,0.0,0.0,0,0,4,1.4705882352941178,25,177.0,1.0
medium_compressibility,7,smoothed,none,0,4,7,1,feasible,0.15466666666666665,0.84,2.32,17,17.0,0.0,0.0,0,0,2,1.4705882352941178,25,199.0,1.0
medium_compressibility,7,static_min,none,0,4,8,1,feasible,0.15466666666666665,0.84,2.32,16,16.0,0.0,0.0,0,1,5,1.5625,25,175.0,1.0
medium_compressibility,7,capacity_aware_static,C,4,4,8,1,feasible,0.15466666666666665,0.84,2.32,17,17.0,0.0,0.0,0,0,4,1.4705882352941178,25,177.0,1.0
medium_compressibility,7,smoothed,none,0,4,8,1,feasible,0.15466666666666665,0.84,2.32,17,17.0,0.0,0.0,0,0,2,1.4705882352941178,25,199.0,1.0
medium_compressibility,7,static_min,none,0,4,9,1,feasible,0.15466666666666665,0.84,2.32,16,16.0,0.0,0.0,0,1,5,1.5625,25,175.0,1.0
medium_compressibility,7,capacity_aware_static,C,4,4,9,1,feasible,0.15466666666666665,0.84,2.32,17,17.0,0.0,0.0,0,0,4,1.4705882352941178,25,177.0,1.0
medium_compressibility,7,smoothed,none,0,4,9,1,feasible,0.15466666666666665,0.84,2.32,17,17.0,0.0,0.0,0,0,2,1.4705882352941178,25,199.0,1.0
medium_compressibility,7,static_min,none,0,4,10,1,feasible,0.15466666666666665,0.84,2.32,16,16.0,0.0,0.0,0,1,5,1.5625,25,175.0,1.0
medium_compressibility,7,capacity_aware_static,C,4,4,10,1,feasible,0.15466666666666665,0.84,2.32,17,17.0,0.0,0.0,0,0,4,1.4705882352941178,25,177.0,1.0
medium_compressibility,7,smoothed,none,0,4,10,1,feasible,0.15466666666666665,0.84,2.32,17,17.0,0.0,0.0,0,0,2,1.4705882352941178,25,199.0,1.0
medium_compressibility,7,static_min,none,0,4,11,1,feasible,0.15466666666666665,0.84,2.32,16,16.0,0.0,0.0,0,1,5,1.5625,25,175.0,1.0
medium_compressibility,7,capacity_aware_static,C,4,4,11,1,feasible,0.15466666666666665,0.84,2.32,17,17.0,0.0,0.0,0,0,4,1.4705882352941178,25,177.0,1.0
medium_compressibility,7,smoothed,none,0,4,11,1,feasible,0.15466666666666665,0.84,2.32,17,17.0,0.0,0.0,0,0,2,1.4705882352941178,25,199.0,1.0
medium_compressibility,7,static_min,none,0,4,12,1,feasible,0.15466666666666665,0.84,2.32,16,16.0,0.0,0.0,0,1,5,1.5625,25,175.0,1.0
medium_compressibility,7,capacity_aware_static,C,4,4,12,1,feasible,0.15466666666666665,0.84,2.32,17,17.0,0.0,0.0,0,0,4,1.4705882352941178,25,177.0,1.0
medium_compressibility,7,smoothed,none,0,4,12,1,feasible,0.15466666666666665,0.84,2.32,17,17.0,0.0,0.0,0,0,2,1.4705882352941178,25,199.0,1.0
medium_compressibility,7,static_min,none,0,4,13,1,feasible,0.15466666666666665,0.84,2.32,16,16.0,0.0,0.0,0,1,5,1.5625,25,175.0,1.0
medium_compressibility,7,capacity_aware_static,C,4,4,13,1,feasible,0.15466666666666665,0.84,2.32,17,17.0,0.0,0.0,0,0,4,1.4705882352941178,25,177.0,1.0
medium_compressibility,7,smoothed,none,0,4,13,1,feasible,0.15466666666666665,0.84,2.32,17,17.0,0.0,0.0,0,0,2,1.4705882352941178,25,199.0,1.0
medium_compressibility,7,static_min,none,0,4,14,1,feasible,0.15466666666666665,0.84,2.32,16,16.0,0.0,0.0,0,1,5,1.5625,25,175.0,1.0
medium_compressibility,7,capacity_aware_static,C,4,4,14,1,feasible,0.15466666666666665,0.84,2.32,17,17.0,0.0,0.0,0,0,4,1.4705882352941178,25,177.0,1.0
medium_compressibility,7,smoothed,none,0,4,14,1,feasible,0.15466666666666665,0.84,2.32,17,17.0,0.0,0.0,0,0,2,1.4705882352941178,25,199.0,1.0
medium_compressibility,7,static_min,none,0,4,15,1,feasible,0.15466666666666665,0.84,2.32,16,16.0,0.0,0.0,0,1,5,1.5625,25,175.0,1.0
medium_compressibility,7,capacity_aware_static,C,4,4,15,1,feasible,0.15466666666666665,0.84,2.32,17,17.0,0.0,0.0,0,0,4,1.4705882352941178,25,177.0,1.0
medium_compressibility,7,smoothed,none,0,4,15,1,feasible,0.15466666666666665,0.84,2.32,17,17.0,0.0,0.0,0,0,2,1.4705882352941178,25,199.0,1.0
medium_compressibility,7,static_min,none,0,5,0,1,feasible,0.15466666666666665,0.84,2.32,16,16.0,0.0,0.0,0,0,5,1.5625,25,175.0,1.0
medium_compressibility,7,capacity_aware_static,C,5,5,0,1,feasible,0.15466666666666665,0.84,2.32,16,16.0,0.0,0.0,0,0,5,1.5625,25,175.0,1.0
medium_compressibility,7,smoothed,none,0,5,0,1,feasible,0.15466666666666665,0.84,2.32,17,17.0,0.0,0.0,0,0,2,1.4705882352941178,25,199.0,1.0
medium_compressibility,7,static_min,none,0,5,1,1,feasible,0.15466666666666665,0.84,2.32,16,16.0,0.0,0.0,0,0,5,1.5625,25,175.0,1.0
medium_compressibility,7,capacity_aware_static,C,5,5,1,1,feasible,0.15466666666666665,0.84,2.32,16,16.0,0.0,0.0,0,0,5,1.5625,25,175.0,1.0
medium_compressibility,7,smoothed,none,0,5,1,1,feasible,0.15466666666666665,0.84,2.32,17,17.0,0.0,0.0,0,0,2,1.4705882352941178,25,199.0,1.0
medium_compressibility,7,static_min,none,0,5,2,1,feasible,0.15466666666666665,0.84,2.32,16,16.0,0.0,0.0,0,0,5,1.5625,25,175.0,1.0
medium_compressibility,7,capacity_aware_static,C,5,5,2,1,feasible,0.15466666666666665,0.84,2.32,16,16.0,0.0,0.0,0,0,5,1.5625,25,175.0,1.0
medium_compressibility,7,smoothed,none,0,5,2,1,feasible,0.15466666666666665,0.84,2.32,17,17.0,0.0,0.0,0,0,2,1.4705882352941178,25,199.0,1.0
medium_compressibility,7,static_min,none,0,5,3,1,feasible,0.15466666666666665,0.84,2.32,16,16.0,0.0,0.0,0,0,5,1.5625,25,175.0,1.0
medium_compressibility,7,capacity_aware_static,C,5,5,3,1,feasible,0.15466666666666665,0.84,2.32,16,16.0,0.0,0.0,0,0,5,1.5625,25,175.0,1.0
medium_compressibility,7,smoothed,none,0,5,3,1,feasible,0.15466666666666665,0.84,2.32,17,17.0,0.0,0.0,0,0,2,1.4705882352941178,25,199.0,1.0
medium_compressibility,7,static_min,none,0,5,4,1,feasible,0.15466666666666665,0.84,2.32,16,16.0,0.0,0.0,0,0,5,1.5625,25,175.0,1.0
medium_compressibility,7,capacity_aware_static,C,5,5,4,1,feasible,0.15466666666666665,0.84,2.32,16,16.0,0.0,0.0,0,0,5,1.5625,25,175.0,1.0
medium_compressibility,7,smoothed,none,0,5,4,1,feasible,0.15466666666666665,0.84,2.32,17,17.0,0.0,0.0,0,0,2,1.4705882352941178,25,199.0,1.0
medium_compressibility,7,static_min,none,0,5,5,1,feasible,0.15466666666666665,0.84,2.32,16,16.0,0.0,0.0,0,0,5,1.5625,25,175.0,1.0
medium_compressibility,7,capacity_aware_static,C,5,5,5,1,feasible,0.15466666666666665,0.84,2.32,16,16.0,0.0,0.0,0,0,5,1.5625,25,175.0,1.0
medium_compressibility,7,smoothed,none,0,5,5,1,feasible,0.15466666666666665,0.84,2.32,17,17.0,0.0,0.0,0,0,2,1.4705882352941178,25,199.0,1.0
medium_compressibility,7,static_min,none,0,5,6,1,feasible,0.15466666666666665,0.84,2.32,16,16.0,0.0,0.0,0,0,5,1.5625,25,175.0,1.0
medium_compressibility,7,capacity_aware_static,C,5,5,6,1,feasible,0.15466666666666665,0.84,2.32,16,16.0,0.0,0.0,0,0,5,1.5625,25,175.0,1.0
medium_compressibility,7,smoothed,none,0,5,6,1,feasible,0.15466666666666665,0.84,2.32,17,17.0,0.0,0.0,0,0,2,1.4705882352941178,25,199.0,1.0
medium_compressibility,7,static_min,none,0,5,7,1,feasible,0.15466666666666665,0.84,2.32,16,16.0,0.0,0.0,0,0,5,1.5625,25,175.0,1.0
medium_compressibility,7,capacity_aware_static,C,5,5,7,1,feasible,0.15466666666666665,0.84,2.32,16,16.0,0.0,0.0,0,0,5,1.5625,25,175.0,1.0
medium_compressibility,7,smoothed,none,0,5,7,1,feasible,0.15466666666666665,0.84,2.32,17,17.0,0.0,0.0,0,0,2,1.4705882352941178,25,199.0,1.0
medium_compressibility,7,static_min,none,0,5,8,1,feasible,0.15466666666666665,0.84,2.32,16,16.0,0.0,0.0,0,0,5,1.5625,25,175.0,1.0
medium_compressibility,7,capacity_aware_static,C,5,5,8,1,feasible,0.15466666666666665,0.84,2.32,16,16.0,0.0,0.0,0,0,5,1.5625,25,175.0,1.0
medium_compressibility,7,smoothed,none,0,5,8,1,feasible,0.15466666666666665,0.84,2.32,17,17.0,0.0,0.0,0,0,2,1.4705882352941178,25,199.0,1.0
medium_compressibility,7,static_min,none,0,5,9,1,feasible,0.15466666666666665,0.84,2.32,16,16.0,0.0,0.0,0,0,5,1.5625,25,175.0,1.0
medium_compressibility,7,capacity_aware_static,C,5,5,9,1,feasible,0.15466666666666665,0.84,2.32,16,16.0,0.0,0.0,0,0,5,1.5625,25,175.0,1.0
medium_compressibility,7,smoothed,none,0,5,9,1,feasible,0.15466666666666665,0.84,2.32,17,17.0,0.0,0.0,0,0,2,1.4705882352941178,25,199.0,1.0
medium_compressibility,7,static_min,none,0,5,10,1,feasible,0.15466666666666665,0.84,2.32,16,16.0,0.0,0.0,0,0,5,1.5625,25,175.0,1.0
medium_compressibility,7,capacity_aware_static,C,5,5,10,1,feasible,0.15466666666666665,0.84,2.32,16,16.0,0.0,0.0,0,0,5,1.5625,25,175.0,1.0
medium_compressibility,7,smoothed,none,0,5,10,1,feasible,0.15466666666666665,0.84,2.32,17,17.0,0.0,0.0,0,0,2,1.4705882352941178,25,199.0,1.0
medium_compressibility,7,static_min,none,0,5,11,1,feasible,0.15466666666666665,0.84,2.32,16,16.0,0.0,0.0,0,0,5,1.5625,25,175.0,1.0
medium_compressibility,7,capacity_aware_static,C,5,5,11,1,feasible,0.15466666666666665,0.84,2.32,16,16.0,0.0,0.0,0,0,5,1.5625,25,175.0,1.0
medium_compressibility,7,smoothed,none,0,5,11,1,feasible,0.15466666666666665,0.84,2.32,17,17.0,0.0,0.0,0,0,2,1.4705882352941178,25,199.0,1.0
medium_compressibility,7,static_min,none,0,5,12,1,feasible,0.15466666666666665,0.84,2.32,16,16.0,0.0,0.0,0,0,5,1.5625,25,175.0,1.0
medium_compressibility,7,capacity_aware_static,C,5,5,12,1,feasible,0.15466666666666665,0.84,2.32,16,16.0,0.0,0.0,0,0,5,1.5625,25,175.0,1.0
medium_compressibility,7,smoothed,none,0,5,12,1,feasible,0.15466666666666665,0.84,2.32,17,17.0,0.0,0.0,0,0,2,1.4705882352941178,25,199.0,1.0
medium_compressibility,7,static_min,none,0,5,13,1,feasible,0.15466666666666665,0.84,2.32,16,16.0,0.0,0.0,0,0,5,1.5625,25,175.0,1.0
medium_compressibility,7,capacity_aware_static,C,5,5,13,1,feasible,0.15466666666666665,0.84,2.32,16,16.0,0.0,0.0,0,0,5,1.5625,25,175.0,1.0
medium_compressibility,7,smoothed,none,0,5,13,1,feasible,0.15466666666666665,0.84,2.32,17,17.0,0.0,0.0,0,0,2,1.4705882352941178,25,199.0,1.0
medium_compressibility,7,static_min,none,0,5,14,1,feasible,0.15466666666666665,0.84,2.32,16,16.0,0.0,0.0,0,0,5,1.5625,25,175.0,1.0
medium_compressibility,7,capacity_aware_static,C,5,5,14,1,feasible,0.15466666666666665,0.84,2.32,16,16.0,0.0,0.0,0,0,5,1.5625,25,175.0,1.0
medium_compressibility,7,smoothed,none,0,5,14,1,feasible,0.15466666666666665,0.84,2.32,17,17.0,0.0,0.0,0,0,2,1.4705882352941178,25,199.0,1.0
medium_compressibility,7,static_min,none,0,5,15,1,feasible,0.15466666666666665,0.84,2.32,16,16.0,0.0,0.0,0,0,5,1.5625,25,175.0,1.0
medium_compressibility,7,capacity_aware_static,C,5,5,15,1,feasible,0.15466666666666665,0.84,2.32,16,16.0,0.0,0.0,0,0,5,1.5625,25,175.0,1.0
medium_compressibility,7,smoothed,none,0,5,15,1,feasible,0.15466666666666665,0.84,2.32,17,17.0,0.0,0.0,0,0,2,1.4705882352941178,25,199.0,1.0
medium_compressibility,7,static_min,none,0,6,0,1,feasible,0.15466666666666665,0.84,2.32,16,16.0,0.0,0.0,0,0,5,1.5625,25,175.0,1.0
medium_compressibility,7,capacity_aware_static,C,6,6,0,1,feasible,0.15466666666666665,0.84,2.32,16,16.0,0.0,0.0,0,0,5,1.5625,25,175.0,1.0
medium_compressibility,7,smoothed,none,0,6,0,1,feasible,0.15466666666666665,0.84,2.32,17,17.0,0.0,0.0,0,0,2,1.4705882352941178,25,199.0,1.0
medium_compressibility,7,static_min,none,0,6,1,1,feasible,0.15466666666666665,0.84,2.32,16,16.0,0.0,0.0,0,0,5,1.5625,25,175.0,1.0
medium_compressibility,7,capacity_aware_static,C,6,6,1,1,feasible,0.15466666666666665,0.84,2.32,16,16.0,0.0,0.0,0,0,5,1.5625,25,175.0,1.0
medium_compressibility,7,smoothed,none,0,6,1,1,feasible,0.15466666666666665,0.84,2.32,17,17.0,0.0,0.0,0,0,2,1.4705882352941178,25,199.0,1.0
medium_compressibility,7,static_min,none,0,6,2,1,feasible,0.15466666666666665,0.84,2.32,16,16.0,0.0,0.0,0,0,5,1.5625,25,175.0,1.0
medium_compressibility,7,capacity_aware_static,C,6,6,2,1,feasible,0.15466666666666665,0.84,2.32,16,16.0,0.0,0.0,0,0,5,1.5625,25,175.0,1.0
medium_compressibility,7,smoothed,none,0,6,2,1,feasible,0.15466666666666665,0.84,2.32,17,17.0,0.0,0.0,0,0,2,1.4705882352941178,25,199.0,1.0
medium_compressibility,7,static_min,none,0,6,3,1,feasible,0.15466666666666665,0.84,2.32,16,16.0,0.0,0.0,0,0,5,1.5625,25,175.0,1.0
medium_compressibility,7,capacity_aware_static,C,6,6,3,1,feasible,0.15466666666666665,0.84,2.32,16,16.0,0.0,0.0,0,0,5,1.5625,25,175.0,1.0
medium_compressibility,7,smoothed,none,0,6,3,1,feasible,0.15466666666666665,0.84,2.32,17,17.0,0.0,0.0,0,0,2,1.4705882352941178,25,199.0,1.0
medium_compressibility,7,static_min,none,0,6,4,1,feasible,0.15466666666666665,0.84,2.32,16,16.0,0.0,0.0,0,0,5,1.5625,25,175.0,1.0
medium_compressibility,7,capacity_aware_static,C,6,6,4,1,feasible,0.15466666666666665,0.84,2.32,16,16.0,0.0,0.0,0,0,5,1.5625,25,175.0,1.0
medium_compressibility,7,smoothed,none,0,6,4,1,feasible,0.15466666666666665,0.84,2.32,17,17.0,0.0,0.0,0,0,2,1.4705882352941178,25,199.0,1.0
medium_compressibility,7,static_min,none,0,6,5,1,feasible,0.15466666666666665,0.84,2.32,16,16.0,0.0,0.0,0,0,5,1.5625,25,175.0,1.0
medium_compressibility,7,capacity_aware_static,C,6,6,5,1,feasible,0.15466666666666665,0.84,2.32,16,16.0,0.0,0.0,0,0,5,1.5625,25,175.0,1.0
medium_compressibility,7,smoothed,none,0,6,5,1,feasible,0.15466666666666665,0.84,2.32,17,17.0,0.0,0.0,0,0,2,1.4705882352941178,25,199.0,1.0
medium_compressibility,7,static_min,none,0,6,6,1,feasible,0.15466666666666665,0.84,2.32,16,16.0,0.0,0.0,0,0,5,1.5625,25,175.0,1.0
medium_compressibility,7,capacity_aware_static,C,6,6,6,1,feasible,0.15466666666666665,0.84,2.32,16,16.0,0.0,0.0,0,0,5,1.5625,25,175.0,1.0
medium_compressibility,7,smoothed,none,0,6,6,1,feasible,0.15466666666666665,0.84,2.32,17,17.0,0.0,0.0,0,0,2,1.4705882352941178,25,199.0,1.0
medium_compressibility,7,static_min,none,0,6,7,1,feasible,0.15466666666666665,0.84,2.32,16,16.0,0.0,0.0,0,0,5,1.5625,25,175.0,1.0
medium_compressibility,7,capacity_aware_static,C,6,6,7,1,feasible,0.15466666666666665,0.84,2.32,16,16.0,0.0,0.0,0,0,5,1.5625,25,175.0,1.0
medium_compressibility,7,smoothed,none,0,6,7,1,feasible,0.15466666666666665,0.84,2.32,17,17.0,0.0,0.0,0,0,2,1.4705882352941178,25,199.0,1.0
medium_compressibility,7,static_min,none,0,6,8,1,feasible,0.15466666666666665,0.84,2.32,16,16.0,0.0,0.0,0,0,5,1.5625,25,175.0,1.0
medium_compressibility,7,capacity_aware_static,C,6,6,8,1,feasible,0.15466666666666665,0.84,2.32,16,16.0,0.0,0.0,0,0,5,1.5625,25,175.0,1.0
medium_compressibility,7,smoothed,none,0,6,8,1,feasible,0.15466666666666665,0.84,2.32,17,17.0,0.0,0.0,0,0,2,1.4705882352941178,25,199.0,1.0
medium_compressibility,7,static_min,none,0,6,9,1,feasible,0.15466666666666665,0.84,2.32,16,16.0,0.0,0.0,0,0,5,1.5625,25,175.0,1.0
medium_compressibility,7,capacity_aware_static,C,6,6,9,1,feasible,0.15466666666666665,0.84,2.32,16,16.0,0.0,0.0,0,0,5,1.5625,25,175.0,1.0
medium_compressibility,7,smoothed,none,0,6,9,1,feasible,0.15466666666666665,0.84,2.32,17,17.0,0.0,0.0,0,0,2,1.4705882352941178,25,199.0,1.0
medium_compressibility,7,static_min,none,0,6,10,1,feasible,0.15466666666666665,0.84,2.32,16,16.0,0.0,0.0,0,0,5,1.5625,25,175.0,1.0
medium_compressibility,7,capacity_aware_static,C,6,6,10,1,feasible,0.15466666666666665,0.84,2.32,16,16.0,0.0,0.0,0,0,5,1.5625,25,175.0,1.0
medium_compressibility,7,smoothed,none,0,6,10,1,feasible,0.15466666666666665,0.84,2.32,17,17.0,0.0,0.0,0,0,2,1.4705882352941178,25,199.0,1.0
medium_compressibility,7,static_min,none,0,6,11,1,feasible,0.15466666666666665,0.84,2.32,16,16.0,0.0,0.0,0,0,5,1.5625,25,175.0,1.0
medium_compressibility,7,capacity_aware_static,C,6,6,11,1,feasible,0.15466666666666665,0.84,2.32,16,16.0,0.0,0.0,0,0,5,1.5625,25,175.0,1.0
medium_compressibility,7,smoothed,none,0,6,11,1,feasible,0.15466666666666665,0.84,2.32,17,17.0,0.0,0.0,0,0,2,1.4705882352941178,25,199.0,1.0
medium_compressibility,7,static_min,none,0,6,12,1,feasible,0.15466666666666665,0.84,2.32,16,16.0,0.0,0.0,0,0,5,1.5625,25,175.0,1.0
medium_compressibility,7,capacity_aware_static,C,6,6,12,1,feasible,0.15466666666666665,0.84,2.32,16,16.0,0.0,0.0,0,0,5,1.5625,25,175.0,1.0
medium_compressibility,7,smoothed,none,0,6,12,1,feasible,0.15466666666666665,0.84,2.32,17,17.0,0.0,0.0,0,0,2,1.4705882352941178,25,199.0,1.0
medium_compressibility,7,static_min,none,0,6,13,1,feasible,0.15466666666666665,0.84,2.32,16,16.0,0.0,0.0,0,0,5,1.5625,25,175.0,1.0
medium_compressibility,7,capacity_aware_static,C,6,6,13,1,feasible,0.15466666666666665,0.84,2.32,16,16.0,0.0,0.0,0,0,5,1.5625,25,175.0,1.0
medium_compressibility,7,smoothed,none,0,6,13,1,feasible,0.15466666666666665,0.84,2.32,17,17.0,0.0,0.0,0,0,2,1.4705882352941178,25,199.0,1.0
medium_compressibility,7,static_min,none,0,6,14,1,feasible,0.15466666666666665,0.84,2.32,16,16.0,0.0,0.0,0,0,5,1.5625,25,175.0,1.0
medium_compressibility,7,capacity_aware_static,C,6,6,14,1,feasible,0.15466666666666665,0.84,2.32,16,16.0,0.0,0.0,0,0,5,1.5625,25,175.0,1.0
medium_compressibility,7,smoothed,none,0,6,14,1,feasible,0.15466666666666665,0.84,2.32,17,17.0,0.0,0.0,0,0,2,1.4705882352941178,25,199.0,1.0
medium_compressibility,7,static_min,none,0,6,15,1,feasible,0.15466666666666665,0.84,2.32,16,16.0,0.0,0.0,0,0,5,1.5625,25,175.0,1.0
medium_compressibility,7,capacity_aware_static,C,6,6,15,1,feasible,0.15466666666666665,0.84,2.32,16,16.0,0.0,0.0,0,0,5,1.5625,25,175.0,1.0
medium_compressibility,7,smoothed,none,0,6,15,1,feasible,0.15466666666666665,0.84,2.32,17,17.0,0.0,0.0,0,0,2,1.4705882352941178,25,199.0,1.0
medium_compressibility,7,static_min,none,0,7,0,1,feasible,0.15466666666666665,0.84,2.32,16,16.0,0.0,0.0,0,0,5,1.5625,25,175.0,1.0
medium_compressibility,7,capacity_aware_static,C,7,7,0,1,feasible,0.15466666666666665,0.84,2.32,16,16.0,0.0,0.0,0,0,5,1.5625,25,175.0,1.0
medium_compressibility,7,smoothed,none,0,7,0,1,feasible,0.15466666666666665,0.84,2.32,17,17.0,0.0,0.0,0,0,2,1.4705882352941178,25,199.0,1.0
medium_compressibility,7,static_min,none,0,7,1,1,feasible,0.15466666666666665,0.84,2.32,16,16.0,0.0,0.0,0,0,5,1.5625,25,175.0,1.0
medium_compressibility,7,capacity_aware_static,C,7,7,1,1,feasible,0.15466666666666665,0.84,2.32,16,16.0,0.0,0.0,0,0,5,1.5625,25,175.0,1.0
medium_compressibility,7,smoothed,none,0,7,1,1,feasible,0.15466666666666665,0.84,2.32,17,17.0,0.0,0.0,0,0,2,1.4705882352941178,25,199.0,1.0
medium_compressibility,7,static_min,none,0,7,2,1,feasible,0.15466666666666665,0.84,2.32,16,16.0,0.0,0.0,0,0,5,1.5625,25,175.0,1.0
medium_compressibility,7,capacity_aware_static,C,7,7,2,1,feasible,0.15466666666666665,0.84,2.32,16,16.0,0.0,0.0,0,0,5,1.5625,25,175.0,1.0
medium_compressibility,7,smoothed,none,0,7,2,1,feasible,0.15466666666666665,0.84,2.32,17,17.0,0.0,0.0,0,0,2,1.4705882352941178,25,199.0,1.0
medium_compressibility,7,static_min,none,0,7,3,1,feasible,0.15466666666666665,0.84,2.32,16,16.0,0.0,0.0,0,0,5,1.5625,25,175.0,1.0
medium_compressibility,7,capacity_aware_static,C,7,7,3,1,feasible,0.15466666666666665,0.84,2.32,16,16.0,0.0,0.0,0,0,5,1.5625,25,175.0,1.0
medium_compressibility,7,smoothed,none,0,7,3,1,feasible,0.15466666666666665,0.84,2.32,17,17.0,0.0,0.0,0,0,2,1.4705882352941178,25,199.0,1.0
medium_compressibility,7,static_min,none,0,7,4,1,feasible,0.15466666666666665,0.84,2.32,16,16.0,0.0,0.0,0,0,5,1.5625,25,175.0,1.0
medium_compressibility,7,capacity_aware_static,C,7,7,4,1,feasible,0.15466666666666665,0.84,2.32,16,16.0,0.0,0.0,0,0,5,1.5625,25,175.0,1.0
medium_compressibility,7,smoothed,none,0,7,4,1,feasible,0.15466666666666665,0.84,2.32,17,17.0,0.0,0.0,0,0,2,1.4705882352941178,25,199.0,1.0
medium_compressibility,7,static_min,none,0,7,5,1,feasible,0.15466666666666665,0.84,2.32,16,16.0,0.0,0.0,0,0,5,1.5625,25,175.0,1.0
medium_compressibility,7,capacity_aware_static,C,7,7,5,1,feasible,0.15466666666666665,0.84,2.32,16,16.0,0.0,0.0,0,0,5,1.5625,25,175.0,1.0
medium_compressibility,7,smoothed,none,0,7,5,1,feasible,0.15466666666666665,0.84,2.32,17,17.0,0.0,0.0,0,0,2,1.4705882352941178,25,199.0,1.0
medium_compressibility,7,static_min,none,0,7,6,1,feasible,0.15466666666666665,0.84,2.32,16,16.0,0.0,0.0,0,0,5,1.5625,25,175.0,1.0
medium_compressibility,7,capacity_aware_static,C,7,7,6,1,feasible,0.15466666666666665,0.84,2.32,16,16.0,0.0,0.0,0,0,5,1.5625,25,175.0,1.0
medium_compressibility,7,smoothed,none,0,7,6,1,feasible,0.15466666666666665,0.84,2.32,17,17.0,0.0,0.0,0,0,2,1.4705882352941178,25,199.0,1.0
medium_compressibility,7,static_min,none,0,7,7,1,feasible,0.15466666666666665,0.84,2.32,16,16.0,0.0,0.0,0,0,5,1.5625,25,175.0,1.0
medium_compressibility,7,capacity_aware_static,C,7,7,7,1,feasible,0.15466666666666665,0.84,2.32,16,16.0,0.0,0.0,0,0,5,1.5625,25,175.0,1.0
medium_compressibility,7,smoothed,none,0,7,7,1,feasible,0.15466666666666665,0.84,2.32,17,17.0,0.0,0.0,0,0,2,1.4705882352941178,25,199.0,1.0
medium_compressibility,7,static_min,none,0,7,8,1,feasible,0.15466666666666665,0.84,2.32,16,16.0,0.0,0.0,0,0,5,1.5625,25,175.0,1.0
medium_compressibility,7,capacity_aware_static,C,7,7,8,1,feasible,0.15466666666666665,0.84,2.32,16,16.0,0.0,0.0,0,0,5,1.5625,25,175.0,1.0
medium_compressibility,7,smoothed,none,0,7,8,1,feasible,0.15466666666666665,0.84,2.32,17,17.0,0.0,0.0,0,0,2,1.4705882352941178,25,199.0,1.0
medium_compressibility,7,static_min,none,0,7,9,1,feasible,0.15466666666666665,0.84,2.32,16,16.0,0.0,0.0,0,0,5,1.5625,25,175.0,1.0
medium_compressibility,7,capacity_aware_static,C,7,7,9,1,feasible,0.15466666666666665,0.84,2.32,16,16.0,0.0,0.0,0,0,5,1.5625,25,175.0,1.0
medium_compressibility,7,smoothed,none,0,7,9,1,feasible,0.15466666666666665,0.84,2.32,17,17.0,0.0,0.0,0,0,2,1.4705882352941178,25,199.0,1.0
medium_compressibility,7,static_min,none,0,7,10,1,feasible,0.15466666666666665,0.84,2.32,16,16.0,0.0,0.0,0,0,5,1.5625,25,175.0,1.0
medium_compressibility,7,capacity_aware_static,C,7,7,10,1,feasible,0.15466666666666665,0.84,2.32,16,16.0,0.0,0.0,0,0,5,1.5625,25,175.0,1.0
medium_compressibility,7,smoothed,none,0,7,10,1,feasible,0.15466666666666665,0.84,2.32,17,17.0,0.0,0.0,0,0,2,1.4705882352941178,25,199.0,1.0
medium_compressibility,7,static_min,none,0,7,11,1,feasible,0.15466666666666665,0.84,2.32,16,16.0,0.0,0.0,0,0,5,1.5625,25,175.0,1.0
medium_compressibility,7,capacity_aware_static,C,7,7,11,1,feasible,0.15466666666666665,0.84,2.32,16,16.0,0.0,0.0,0,0,5,1.5625,25,175.0,1.0
medium_compressibility,7,smoothed,none,0,7,11,1,feasible,0.15466666666666665,0.84,2.32,17,17.0,0.0,0.0,0,0,2,1.4705882352941178,25,199.0,1.0
medium_compressibility,7,static_min,none,0,7,12,1,feasible,0.15466666666666665,0.84,2.32,16,16.0,0.0,0.0,0,0,5,1.5625,25,175.0,1.0
medium_compressibility,7,capacity_aware_static,C,7,7,12,1,feasible,0.15466666666666665,0.84,2.32,16,16.0,0.0,0.0,0,0,5,1.5625,25,175.0,1.0
medium_compressibility,7,smoothed,none,0,7,12,1,feasible,0.15466666666666665,0.84,2.32,17,17.0,0.0,0.0,0,0,2,1.4705882352941178,25,199.0,1.0
medium_compressibility,7,static_min,none,0,7,13,1,feasible,0.15466666666666665,0.84,2.32,16,16.0,0.0,0.0,0,0,5,1.5625,25,175.0,1.0
medium_compressibility,7,capacity_aware_static,C,7,7,13,1,feasible,0.15466666666666665,0.84,2.32,16,16.0,0.0,0.0,0,0,5,1.5625,25,175.0,1.0
medium_compressibility,7,smoothed,none,0,7,13,1,feasible,0.15466666666666665,0.84,2.32,17,17.0,0.0,0.0,0,0,2,1.4705882352941178,25,199.0,1.0
medium_compressibility,7,static_min,none,0,7,14,1,feasible,0.15466666666666665,0.84,2.32,16,16.0,0.0,0.0,0,0,5,1.5625,25,175.0,1.0
medium_compressibility,7,capacity_aware_static,C,7,7,14,1,feasible,0.15466666666666665,0.84,2.32,16,16.0,0.0,0.0,0,0,5,1.5625,25,175.0,1.0
medium_compressibility,7,smoothed,none,0,7,14,1,feasible,0.15466666666666665,0.84,2.32,17,17.0,0.0,0.0,0,0,2,1.4705882352941178,25,199.0,1.0
medium_compressibility,7,static_min,none,0,7,15,1,feasible,0.15466666666666665,0.84,2.32,16,16.0,0.0,0.0,0,0,5,1.5625,25,175.0,1.0
medium_compressibility,7,capacity_aware_static,C,7,7,15,1,feasible,0.15466666666666665,0.84,2.32,16,16.0,0.0,0.0,0,0,5,1.5625,25,175.0,1.0
medium_compressibility,7,smoothed,none,0,7,15,1,feasible,0.15466666666666665,0.84,2.32,17,17.0,0.0,0.0,0,0,2,1.4705882352941178,25,199.0,1.0
medium_compressibility,9,static_min,none,0,1,0,0,peak_demand_exceeds_reachable_stock,0.32923076923076927,0.84,4.28,14,inf,inf,1.0,12,12,4,1.7857142857142858,25,inf,inf
medium_compressibility,9,capacity_aware_static,C,1,1,0,1,feasible,0.32923076923076927,0.84,4.28,25,25.0,0.0,0.0,0,0,1,1.0,25,241.0,1.0
medium_compressibility,9,smoothed,none,0,1,0,0,peak_demand_exceeds_reachable_stock,0.32923076923076927,0.84,4.28,14,inf,inf,1.0,11,11,2,1.7857142857142858,25,inf,inf
medium_compressibility,9,static_min,none,0,1,1,0,peak_demand_exceeds_reachable_stock,0.32923076923076927,0.84,4.28,14,inf,inf,1.0,12,12,4,1.7857142857142858,25,inf,inf
medium_compressibility,9,capacity_aware_static,C,1,1,1,1,feasible,0.32923076923076927,0.84,4.28,25,25.0,0.0,0.0,0,0,1,1.0,25,241.0,1.0
medium_compressibility,9,smoothed,none,0,1,1,1,feasible,0.32923076923076927,0.84,4.28,14,25.0,11.0,0.44,11,11,2,1.7857142857142858,25,414.0,1.7857142857142858
medium_compressibility,9,static_min,none,0,1,2,0,peak_demand_exceeds_reachable_stock,0.32923076923076927,0.84,4.28,14,inf,inf,1.0,12,12,4,1.7857142857142858,25,inf,inf
medium_compressibility,9,capacity_aware_static,C,1,1,2,1,feasible,0.32923076923076927,0.84,4.28,25,25.0,0.0,0.0,0,0,1,1.0,25,241.0,1.0
medium_compressibility,9,smoothed,none,0,1,2,1,feasible,0.32923076923076927,0.84,4.28,14,25.0,11.0,0.44,11,11,2,1.7857142857142858,25,414.0,1.7857142857142858
medium_compressibility,9,static_min,none,0,1,3,1,feasible,0.32923076923076927,0.84,4.28,14,26.0,12.0,0.46153846153846156,12,12,4,1.7857142857142858,25,312.0,1.8571428571428572
medium_compressibility,9,capacity_aware_static,C,1,1,3,1,feasible,0.32923076923076927,0.84,4.28,25,25.0,0.0,0.0,0,0,1,1.0,25,241.0,1.0
medium_compressibility,9,smoothed,none,0,1,3,1,feasible,0.32923076923076927,0.84,4.28,14,25.0,11.0,0.44,11,11,2,1.7857142857142858,25,414.0,1.7857142857142858
medium_compressibility,9,static_min,none,0,1,4,1,feasible,0.32923076923076927,0.84,4.28,14,26.0,12.0,0.46153846153846156,12,12,4,1.7857142857142858,25,312.0,1.8571428571428572
medium_compressibility,9,capacity_aware_static,C,1,1,4,1,feasible,0.32923076923076927,0.84,4.28,25,25.0,0.0,0.0,0,0,1,1.0,25,241.0,1.0
medium_compressibility,9,smoothed,none,0,1,4,1,feasible,0.32923076923076927,0.84,4.28,14,25.0,11.0,0.44,11,11,2,1.7857142857142858,25,414.0,1.7857142857142858
medium_compressibility,9,static_min,none,0,1,5,1,feasible,0.32923076923076927,0.84,4.28,14,26.0,12.0,0.46153846153846156,12,12,4,1.7857142857142858,25,312.0,1.8571428571428572
medium_compressibility,9,capacity_aware_static,C,1,1,5,1,feasible,0.32923076923076927,0.84,4.28,25,25.0,0.0,0.0,0,0,1,1.0,25,241.0,1.0
medium_compressibility,9,smoothed,none,0,1,5,1,feasible,0.32923076923076927,0.84,4.28,14,25.0,11.0,0.44,11,11,2,1.7857142857142858,25,414.0,1.7857142857142858
medium_compressibility,9,static_min,none,0,1,6,1,feasible,0.32923076923076927,0.84,4.28,14,26.0,12.0,0.46153846153846156,12,12,4,1.7857142857142858,25,312.0,1.8571428571428572
medium_compressibility,9,capacity_aware_static,C,1,1,6,1,feasible,0.32923076923076927,0.84,4.28,25,25.0,0.0,0.0,0,0,1,1.0,25,241.0,1.0
medium_compressibility,9,smoothed,none,0,1,6,1,feasible,0.32923076923076927,0.84,4.28,14,25.0,11.0,0.44,11,11,2,1.7857142857142858,25,414.0,1.7857142857142858
medium_compressibility,9,static_min,none,0,1,7,1,feasible,0.32923076923076927,0.84,4.28,14,26.0,12.0,0.46153846153846156,12,12,4,1.7857142857142858,25,312.0,1.8571428571428572
medium_compressibility,9,capacity_aware_static,C,1,1,7,1,feasible,0.32923076923076927,0.84,4.28,25,25.0,0.0,0.0,0,0,1,1.0,25,241.0,1.0
medium_compressibility,9,smoothed,none,0,1,7,1,feasible,0.32923076923076927,0.84,4.28,14,25.0,11.0,0.44,11,11,2,1.7857142857142858,25,414.0,1.7857142857142858
medium_compressibility,9,static_min,none,0,1,8,1,feasible,0.32923076923076927,0.84,4.28,14,26.0,12.0,0.46153846153846156,12,12,4,1.7857142857142858,25,312.0,1.8571428571428572
medium_compressibility,9,capacity_aware_static,C,1,1,8,1,feasible,0.32923076923076927,0.84,4.28,25,25.0,0.0,0.0,0,0,1,1.0,25,241.0,1.0
medium_compressibility,9,smoothed,none,0,1,8,1,feasible,0.32923076923076927,0.84,4.28,14,25.0,11.0,0.44,11,11,2,1.7857142857142858,25,414.0,1.7857142857142858
medium_compressibility,9,static_min,none,0,1,9,1,feasible,0.32923076923076927,0.84,4.28,14,26.0,12.0,0.46153846153846156,12,12,4,1.7857142857142858,25,312.0,1.8571428571428572
medium_compressibility,9,capacity_aware_static,C,1,1,9,1,feasible,0.32923076923076927,0.84,4.28,25,25.0,0.0,0.0,0,0,1,1.0,25,241.0,1.0
medium_compressibility,9,smoothed,none,0,1,9,1,feasible,0.32923076923076927,0.84,4.28,14,25.0,11.0,0.44,11,11,2,1.7857142857142858,25,414.0,1.7857142857142858
medium_compressibility,9,static_min,none,0,1,10,1,feasible,0.32923076923076927,0.84,4.28,14,26.0,12.0,0.46153846153846156,12,12,4,1.7857142857142858,25,312.0,1.8571428571428572
medium_compressibility,9,capacity_aware_static,C,1,1,10,1,feasible,0.32923076923076927,0.84,4.28,25,25.0,0.0,0.0,0,0,1,1.0,25,241.0,1.0
medium_compressibility,9,smoothed,none,0,1,10,1,feasible,0.32923076923076927,0.84,4.28,14,25.0,11.0,0.44,11,11,2,1.7857142857142858,25,414.0,1.7857142857142858
medium_compressibility,9,static_min,none,0,1,11,1,feasible,0.32923076923076927,0.84,4.28,14,26.0,12.0,0.46153846153846156,12,12,4,1.7857142857142858,25,312.0,1.8571428571428572
medium_compressibility,9,capacity_aware_static,C,1,1,11,1,feasible,0.32923076923076927,0.84,4.28,25,25.0,0.0,0.0,0,0,1,1.0,25,241.0,1.0
medium_compressibility,9,smoothed,none,0,1,11,1,feasible,0.32923076923076927,0.84,4.28,14,25.0,11.0,0.44,11,11,2,1.7857142857142858,25,414.0,1.7857142857142858
medium_compressibility,9,static_min,none,0,1,12,1,feasible,0.32923076923076927,0.84,4.28,14,26.0,12.0,0.46153846153846156,12,12,4,1.7857142857142858,25,312.0,1.8571428571428572
medium_compressibility,9,capacity_aware_static,C,1,1,12,1,feasible,0.32923076923076927,0.84,4.28,25,25.0,0.0,0.0,0,0,1,1.0,25,241.0,1.0
medium_compressibility,9,smoothed,none,0,1,12,1,feasible,0.32923076923076927,0.84,4.28,14,25.0,11.0,0.44,11,11,2,1.7857142857142858,25,414.0,1.7857142857142858
medium_compressibility,9,static_min,none,0,1,13,1,feasible,0.32923076923076927,0.84,4.28,14,26.0,12.0,0.46153846153846156,12,12,4,1.7857142857142858,25,312.0,1.8571428571428572
medium_compressibility,9,capacity_aware_static,C,1,1,13,1,feasible,0.32923076923076927,0.84,4.28,25,25.0,0.0,0.0,0,0,1,1.0,25,241.0,1.0
medium_compressibility,9,smoothed,none,0,1,13,1,feasible,0.32923076923076927,0.84,4.28,14,25.0,11.0,0.44,11,11,2,1.7857142857142858,25,414.0,1.7857142857142858
medium_compressibility,9,static_min,none,0,1,14,1,feasible,0.32923076923076927,0.84,4.28,14,26.0,12.0,0.46153846153846156,12,12,4,1.7857142857142858,25,312.0,1.8571428571428572
medium_compressibility,9,capacity_aware_static,C,1,1,14,1,feasible,0.32923076923076927,0.84,4.28,25,25.0,0.0,0.0,0,0,1,1.0,25,241.0,1.0
medium_compressibility,9,smoothed,none,0,1,14,1,feasible,0.32923076923076927,0.84,4.28,14,25.0,11.0,0.44,11,11,2,1.7857142857142858,25,414.0,1.7857142857142858
medium_compressibility,9,static_min,none,0,1,15,1,feasible,0.32923076923076927,0.84,4.28,14,26.0,12.0,0.46153846153846156,12,12,4,1.7857142857142858,25,312.0,1.8571428571428572
medium_compressibility,9,capacity_aware_static,C,1,1,15,1,feasible,0.32923076923076927,0.84,4.28,25,25.0,0.0,0.0,0,0,1,1.0,25,241.0,1.0
medium_compressibility,9,smoothed,none,0,1,15,1,feasible,0.32923076923076927,0.84,4.28,14,25.0,11.0,0.44,11,11,2,1.7857142857142858,25,414.0,1.7857142857142858
medium_compressibility,9,static_min,none,0,2,0,0,peak_demand_exceeds_reachable_stock,0.32923076923076927,0.84,4.28,14,inf,inf,1.0,4,5,4,1.7857142857142858,25,inf,inf
medium_compressibility,9,capacity_aware_static,C,2,2,0,1,feasible,0.32923076923076927,0.84,4.28,15,15.0,0.0,0.0,0,0,2,1.6666666666666667,25,157.0,1.0
medium_compressibility,9,smoothed,none,0,2,0,1,feasible,0.32923076923076927,0.84,4.28,14,14.0,0.0,0.0,0,0,2,1.7857142857142858,25,217.0,1.0
medium_compressibility,9,static_min,none,0,2,1,0,peak_demand_exceeds_reachable_stock,0.32923076923076927,0.84,4.28,14,inf,inf,1.0,4,5,4,1.7857142857142858,25,inf,inf
medium_compressibility,9,capacity_aware_static,C,2,2,1,1,feasible,0.32923076923076927,0.84,4.28,15,15.0,0.0,0.0,0,0,2,1.6666666666666667,25,157.0,1.0
medium_compressibility,9,smoothed,none,0,2,1,1,feasible,0.32923076923076927,0.84,4.28,14,14.0,0.0,0.0,0,0,2,1.7857142857142858,25,217.0,1.0
medium_compressibility,9,static_min,none,0,2,2,1,feasible,0.32923076923076927,0.84,4.28,14,16.0,2.0,0.125,4,5,4,1.7857142857142858,25,183.0,1.1428571428571428
medium_compressibility,9,capacity_aware_static,C,2,2,2,1,feasible,0.32923076923076927,0.84,4.28,15,15.0,0.0,0.0,0,0,2,1.6666666666666667,25,157.0,1.0
medium_compressibility,9,smoothed,none,0,2,2,1,feasible,0.32923076923076927,0.84,4.28,14,14.0,0.0,0.0,0,0,2,1.7857142857142858,25,217.0,1.0
medium_compressibility,9,static_min,none,0,2,3,1,feasible,0.32923076923076927,0.84,4.28,14,16.0,2.0,0.125,4,5,4,1.7857142857142858,25,183.0,1.1428571428571428
medium_compressibility,9,capacity_aware_static,C,2,2,3,1,feasible,0.32923076923076927,0.84,4.28,15,15.0,0.0,0.0,0,0,2,1.6666666666666667,25,157.0,1.0
medium_compressibility,9,smoothed,none,0,2,3,1,feasible,0.32923076923076927,0.84,4.28,14,14.0,0.0,0.0,0,0,2,1.7857142857142858,25,217.0,1.0
medium_compressibility,9,static_min,none,0,2,4,1,feasible,0.32923076923076927,0.84,4.28,14,16.0,2.0,0.125,4,5,4,1.7857142857142858,25,183.0,1.1428571428571428
medium_compressibility,9,capacity_aware_static,C,2,2,4,1,feasible,0.32923076923076927,0.84,4.28,15,15.0,0.0,0.0,0,0,2,1.6666666666666667,25,157.0,1.0
medium_compressibility,9,smoothed,none,0,2,4,1,feasible,0.32923076923076927,0.84,4.28,14,14.0,0.0,0.0,0,0,2,1.7857142857142858,25,217.0,1.0
medium_compressibility,9,static_min,none,0,2,5,1,feasible,0.32923076923076927,0.84,4.28,14,16.0,2.0,0.125,4,5,4,1.7857142857142858,25,183.0,1.1428571428571428
medium_compressibility,9,capacity_aware_static,C,2,2,5,1,feasible,0.32923076923076927,0.84,4.28,15,15.0,0.0,0.0,0,0,2,1.6666666666666667,25,157.0,1.0
medium_compressibility,9,smoothed,none,0,2,5,1,feasible,0.32923076923076927,0.84,4.28,14,14.0,0.0,0.0,0,0,2,1.7857142857142858,25,217.0,1.0
medium_compressibility,9,static_min,none,0,2,6,1,feasible,0.32923076923076927,0.84,4.28,14,16.0,2.0,0.125,4,5,4,1.7857142857142858,25,183.0,1.1428571428571428
medium_compressibility,9,capacity_aware_static,C,2,2,6,1,feasible,0.32923076923076927,0.84,4.28,15,15.0,0.0,0.0,0,0,2,1.6666666666666667,25,157.0,1.0
medium_compressibility,9,smoothed,none,0,2,6,1,feasible,0.32923076923076927,0.84,4.28,14,14.0,0.0,0.0,0,0,2,1.7857142857142858,25,217.0,1.0
medium_compressibility,9,static_min,none,0,2,7,1,feasible,0.32923076923076927,0.84,4.28,14,16.0,2.0,0.125,4,5,4,1.7857142857142858,25,183.0,1.1428571428571428
medium_compressibility,9,capacity_aware_static,C,2,2,7,1,feasible,0.32923076923076927,0.84,4.28,15,15.0,0.0,0.0,0,0,2,1.6666666666666667,25,157.0,1.0
medium_compressibility,9,smoothed,none,0,2,7,1,feasible,0.32923076923076927,0.84,4.28,14,14.0,0.0,0.0,0,0,2,1.7857142857142858,25,217.0,1.0
medium_compressibility,9,static_min,none,0,2,8,1,feasible,0.32923076923076927,0.84,4.28,14,16.0,2.0,0.125,4,5,4,1.7857142857142858,25,183.0,1.1428571428571428
medium_compressibility,9,capacity_aware_static,C,2,2,8,1,feasible,0.32923076923076927,0.84,4.28,15,15.0,0.0,0.0,0,0,2,1.6666666666666667,25,157.0,1.0
medium_compressibility,9,smoothed,none,0,2,8,1,feasible,0.32923076923076927,0.84,4.28,14,14.0,0.0,0.0,0,0,2,1.7857142857142858,25,217.0,1.0
medium_compressibility,9,static_min,none,0,2,9,1,feasible,0.32923076923076927,0.84,4.28,14,16.0,2.0,0.125,4,5,4,1.7857142857142858,25,183.0,1.1428571428571428
medium_compressibility,9,capacity_aware_static,C,2,2,9,1,feasible,0.32923076923076927,0.84,4.28,15,15.0,0.0,0.0,0,0,2,1.6666666666666667,25,157.0,1.0
medium_compressibility,9,smoothed,none,0,2,9,1,feasible,0.32923076923076927,0.84,4.28,14,14.0,0.0,0.0,0,0,2,1.7857142857142858,25,217.0,1.0
medium_compressibility,9,static_min,none,0,2,10,1,feasible,0.32923076923076927,0.84,4.28,14,16.0,2.0,0.125,4,5,4,1.7857142857142858,25,183.0,1.1428571428571428
medium_compressibility,9,capacity_aware_static,C,2,2,10,1,feasible,0.32923076923076927,0.84,4.28,15,15.0,0.0,0.0,0,0,2,1.6666666666666667,25,157.0,1.0
medium_compressibility,9,smoothed,none,0,2,10,1,feasible,0.32923076923076927,0.84,4.28,14,14.0,0.0,0.0,0,0,2,1.7857142857142858,25,217.0,1.0
medium_compressibility,9,static_min,none,0,2,11,1,feasible,0.32923076923076927,0.84,4.28,14,16.0,2.0,0.125,4,5,4,1.7857142857142858,25,183.0,1.1428571428571428
medium_compressibility,9,capacity_aware_static,C,2,2,11,1,feasible,0.32923076923076927,0.84,4.28,15,15.0,0.0,0.0,0,0,2,1.6666666666666667,25,157.0,1.0
medium_compressibility,9,smoothed,none,0,2,11,1,feasible,0.32923076923076927,0.84,4.28,14,14.0,0.0,0.0,0,0,2,1.7857142857142858,25,217.0,1.0
medium_compressibility,9,static_min,none,0,2,12,1,feasible,0.32923076923076927,0.84,4.28,14,16.0,2.0,0.125,4,5,4,1.7857142857142858,25,183.0,1.1428571428571428
medium_compressibility,9,capacity_aware_static,C,2,2,12,1,feasible,0.32923076923076927,0.84,4.28,15,15.0,0.0,0.0,0,0,2,1.6666666666666667,25,157.0,1.0
medium_compressibility,9,smoothed,none,0,2,12,1,feasible,0.32923076923076927,0.84,4.28,14,14.0,0.0,0.0,0,0,2,1.7857142857142858,25,217.0,1.0
medium_compressibility,9,static_min,none,0,2,13,1,feasible,0.32923076923076927,0.84,4.28,14,16.0,2.0,0.125,4,5,4,1.7857142857142858,25,183.0,1.1428571428571428
medium_compressibility,9,capacity_aware_static,C,2,2,13,1,feasible,0.32923076923076927,0.84,4.28,15,15.0,0.0,0.0,0,0,2,1.6666666666666667,25,157.0,1.0
medium_compressibility,9,smoothed,none,0,2,13,1,feasible,0.32923076923076927,0.84,4.28,14,14.0,0.0,0.0,0,0,2,1.7857142857142858,25,217.0,1.0
medium_compressibility,9,static_min,none,0,2,14,1,feasible,0.32923076923076927,0.84,4.28,14,16.0,2.0,0.125,4,5,4,1.7857142857142858,25,183.0,1.1428571428571428
medium_compressibility,9,capacity_aware_static,C,2,2,14,1,feasible,0.32923076923076927,0.84,4.28,15,15.0,0.0,0.0,0,0,2,1.6666666666666667,25,157.0,1.0
medium_compressibility,9,smoothed,none,0,2,14,1,feasible,0.32923076923076927,0.84,4.28,14,14.0,0.0,0.0,0,0,2,1.7857142857142858,25,217.0,1.0
medium_compressibility,9,static_min,none,0,2,15,1,feasible,0.32923076923076927,0.84,4.28,14,16.0,2.0,0.125,4,5,4,1.7857142857142858,25,183.0,1.1428571428571428
medium_compressibility,9,capacity_aware_static,C,2,2,15,1,feasible,0.32923076923076927,0.84,4.28,15,15.0,0.0,0.0,0,0,2,1.6666666666666667,25,157.0,1.0
medium_compressibility,9,smoothed,none,0,2,15,1,feasible,0.32923076923076927,0.84,4.28,14,14.0,0.0,0.0,0,0,2,1.7857142857142858,25,217.0,1.0
medium_compressibility,9,static_min,none,0,3,0,0,peak_demand_exceeds_reachable_stock,0.32923076923076927,0.84,4.28,14,inf,inf,1.0,0,1,4,1.7857142857142858,25,inf,inf
medium_compressibility,9,capacity_aware_static,C,3,3,0,1,feasible,0.32923076923076927,0.84,4.28,14,14.0,0.0,0.0,0,0,3,1.7857142857142858,25,156.0,1.0
medium_compressibility,9,smoothed,none,0,3,0,1,feasible,0.32923076923076927,0.84,4.28,14,14.0,0.0,0.0,0,0,2,1.7857142857142858,25,217.0,1.0
medium_compressibility,9,static_min,none,0,3,1,1,feasible,0.32923076923076927,0.84,4.28,14,14.0,0.0,0.0,0,1,4,1.7857142857142858,25,159.0,1.0
medium_compressibility,9,capacity_aware_static,C,3,3,1,1,feasible,0.32923076923076927,0.84,4.28,14,14.0,0.0,0.0,0,0,3,1.7857142857142858,25,156.0,1.0
medium_compressibility,9,smoothed,none,0,3,1,1,feasible,0.32923076923076927,0.84,4.28,14,14.0,0.0,0.0,0,0,2,1.7857142857142858,25,217.0,1.0
medium_compressibility,9,static_min,none,0,3,2,1,feasible,0.32923076923076927,0.84,4.28,14,14.0,0.0,0.0,0,1,4,1.7857142857142858,25,159.0,1.0
medium_compressibility,9,capacity_aware_static,C,3,3,2,1,feasible,0.32923076923076927,0.84,4.28,14,14.0,0.0,0.0,0,0,3,1.7857142857142858,25,156.0,1.0
medium_compressibility,9,smoothed,none,0,3,2,1,feasible,0.32923076923076927,0.84,4.28,14,14.0,0.0,0.0,0,0,2,1.7857142857142858,25,217.0,1.0
medium_compressibility,9,static_min,none,0,3,3,1,feasible,0.32923076923076927,0.84,4.28,14,14.0,0.0,0.0,0,1,4,1.7857142857142858,25,159.0,1.0
medium_compressibility,9,capacity_aware_static,C,3,3,3,1,feasible,0.32923076923076927,0.84,4.28,14,14.0,0.0,0.0,0,0,3,1.7857142857142858,25,156.0,1.0
medium_compressibility,9,smoothed,none,0,3,3,1,feasible,0.32923076923076927,0.84,4.28,14,14.0,0.0,0.0,0,0,2,1.7857142857142858,25,217.0,1.0
medium_compressibility,9,static_min,none,0,3,4,1,feasible,0.32923076923076927,0.84,4.28,14,14.0,0.0,0.0,0,1,4,1.7857142857142858,25,159.0,1.0
medium_compressibility,9,capacity_aware_static,C,3,3,4,1,feasible,0.32923076923076927,0.84,4.28,14,14.0,0.0,0.0,0,0,3,1.7857142857142858,25,156.0,1.0
medium_compressibility,9,smoothed,none,0,3,4,1,feasible,0.32923076923076927,0.84,4.28,14,14.0,0.0,0.0,0,0,2,1.7857142857142858,25,217.0,1.0
medium_compressibility,9,static_min,none,0,3,5,1,feasible,0.32923076923076927,0.84,4.28,14,14.0,0.0,0.0,0,1,4,1.7857142857142858,25,159.0,1.0
medium_compressibility,9,capacity_aware_static,C,3,3,5,1,feasible,0.32923076923076927,0.84,4.28,14,14.0,0.0,0.0,0,0,3,1.7857142857142858,25,156.0,1.0
medium_compressibility,9,smoothed,none,0,3,5,1,feasible,0.32923076923076927,0.84,4.28,14,14.0,0.0,0.0,0,0,2,1.7857142857142858,25,217.0,1.0
medium_compressibility,9,static_min,none,0,3,6,1,feasible,0.32923076923076927,0.84,4.28,14,14.0,0.0,0.0,0,1,4,1.7857142857142858,25,159.0,1.0
medium_compressibility,9,capacity_aware_static,C,3,3,6,1,feasible,0.32923076923076927,0.84,4.28,14,14.0,0.0,0.0,0,0,3,1.7857142857142858,25,156.0,1.0
medium_compressibility,9,smoothed,none,0,3,6,1,feasible,0.32923076923076927,0.84,4.28,14,14.0,0.0,0.0,0,0,2,1.7857142857142858,25,217.0,1.0
medium_compressibility,9,static_min,none,0,3,7,1,feasible,0.32923076923076927,0.84,4.28,14,14.0,0.0,0.0,0,1,4,1.7857142857142858,25,159.0,1.0
medium_compressibility,9,capacity_aware_static,C,3,3,7,1,feasible,0.32923076923076927,0.84,4.28,14,14.0,0.0,0.0,0,0,3,1.7857142857142858,25,156.0,1.0
medium_compressibility,9,smoothed,none,0,3,7,1,feasible,0.32923076923076927,0.84,4.28,14,14.0,0.0,0.0,0,0,2,1.7857142857142858,25,217.0,1.0
medium_compressibility,9,static_min,none,0,3,8,1,feasible,0.32923076923076927,0.84,4.28,14,14.0,0.0,0.0,0,1,4,1.7857142857142858,25,159.0,1.0
medium_compressibility,9,capacity_aware_static,C,3,3,8,1,feasible,0.32923076923076927,0.84,4.28,14,14.0,0.0,0.0,0,0,3,1.7857142857142858,25,156.0,1.0
medium_compressibility,9,smoothed,none,0,3,8,1,feasible,0.32923076923076927,0.84,4.28,14,14.0,0.0,0.0,0,0,2,1.7857142857142858,25,217.0,1.0
medium_compressibility,9,static_min,none,0,3,9,1,feasible,0.32923076923076927,0.84,4.28,14,14.0,0.0,0.0,0,1,4,1.7857142857142858,25,159.0,1.0
medium_compressibility,9,capacity_aware_static,C,3,3,9,1,feasible,0.32923076923076927,0.84,4.28,14,14.0,0.0,0.0,0,0,3,1.7857142857142858,25,156.0,1.0
medium_compressibility,9,smoothed,none,0,3,9,1,feasible,0.32923076923076927,0.84,4.28,14,14.0,0.0,0.0,0,0,2,1.7857142857142858,25,217.0,1.0
medium_compressibility,9,static_min,none,0,3,10,1,feasible,0.32923076923076927,0.84,4.28,14,14.0,0.0,0.0,0,1,4,1.7857142857142858,25,159.0,1.0
medium_compressibility,9,capacity_aware_static,C,3,3,10,1,feasible,0.32923076923076927,0.84,4.28,14,14.0,0.0,0.0,0,0,3,1.7857142857142858,25,156.0,1.0
medium_compressibility,9,smoothed,none,0,3,10,1,feasible,0.32923076923076927,0.84,4.28,14,14.0,0.0,0.0,0,0,2,1.7857142857142858,25,217.0,1.0
medium_compressibility,9,static_min,none,0,3,11,1,feasible,0.32923076923076927,0.84,4.28,14,14.0,0.0,0.0,0,1,4,1.7857142857142858,25,159.0,1.0
medium_compressibility,9,capacity_aware_static,C,3,3,11,1,feasible,0.32923076923076927,0.84,4.28,14,14.0,0.0,0.0,0,0,3,1.7857142857142858,25,156.0,1.0
medium_compressibility,9,smoothed,none,0,3,11,1,feasible,0.32923076923076927,0.84,4.28,14,14.0,0.0,0.0,0,0,2,1.7857142857142858,25,217.0,1.0
medium_compressibility,9,static_min,none,0,3,12,1,feasible,0.32923076923076927,0.84,4.28,14,14.0,0.0,0.0,0,1,4,1.7857142857142858,25,159.0,1.0
medium_compressibility,9,capacity_aware_static,C,3,3,12,1,feasible,0.32923076923076927,0.84,4.28,14,14.0,0.0,0.0,0,0,3,1.7857142857142858,25,156.0,1.0
medium_compressibility,9,smoothed,none,0,3,12,1,feasible,0.32923076923076927,0.84,4.28,14,14.0,0.0,0.0,0,0,2,1.7857142857142858,25,217.0,1.0
medium_compressibility,9,static_min,none,0,3,13,1,feasible,0.32923076923076927,0.84,4.28,14,14.0,0.0,0.0,0,1,4,1.7857142857142858,25,159.0,1.0
medium_compressibility,9,capacity_aware_static,C,3,3,13,1,feasible,0.32923076923076927,0.84,4.28,14,14.0,0.0,0.0,0,0,3,1.7857142857142858,25,156.0,1.0
medium_compressibility,9,smoothed,none,0,3,13,1,feasible,0.32923076923076927,0.84,4.28,14,14.0,0.0,0.0,0,0,2,1.7857142857142858,25,217.0,1.0
medium_compressibility,9,static_min,none,0,3,14,1,feasible,0.32923076923076927,0.84,4.28,14,14.0,0.0,0.0,0,1,4,1.7857142857142858,25,159.0,1.0
medium_compressibility,9,capacity_aware_static,C,3,3,14,1,feasible,0.32923076923076927,0.84,4.28,14,14.0,0.0,0.0,0,0,3,1.7857142857142858,25,156.0,1.0
medium_compressibility,9,smoothed,none,0,3,14,1,feasible,0.32923076923076927,0.84,4.28,14,14.0,0.0,0.0,0,0,2,1.7857142857142858,25,217.0,1.0
medium_compressibility,9,static_min,none,0,3,15,1,feasible,0.32923076923076927,0.84,4.28,14,14.0,0.0,0.0,0,1,4,1.7857142857142858,25,159.0,1.0
medium_compressibility,9,capacity_aware_static,C,3,3,15,1,feasible,0.32923076923076927,0.84,4.28,14,14.0,0.0,0.0,0,0,3,1.7857142857142858,25,156.0,1.0
medium_compressibility,9,smoothed,none,0,3,15,1,feasible,0.32923076923076927,0.84,4.28,14,14.0,0.0,0.0,0,0,2,1.7857142857142858,25,217.0,1.0
medium_compressibility,9,static_min,none,0,4,0,1,feasible,0.32923076923076927,0.84,4.28,14,14.0,0.0,0.0,0,0,4,1.7857142857142858,25,159.0,1.0
medium_compressibility,9,capacity_aware_static,C,4,4,0,1,feasible,0.32923076923076927,0.84,4.28,14,14.0,0.0,0.0,0,0,4,1.7857142857142858,25,159.0,1.0
medium_compressibility,9,smoothed,none,0,4,0,1,feasible,0.32923076923076927,0.84,4.28,14,14.0,0.0,0.0,0,0,2,1.7857142857142858,25,217.0,1.0
medium_compressibility,9,static_min,none,0,4,1,1,feasible,0.32923076923076927,0.84,4.28,14,14.0,0.0,0.0,0,0,4,1.7857142857142858,25,159.0,1.0
medium_compressibility,9,capacity_aware_static,C,4,4,1,1,feasible,0.32923076923076927,0.84,4.28,14,14.0,0.0,0.0,0,0,4,1.7857142857142858,25,159.0,1.0
medium_compressibility,9,smoothed,none,0,4,1,1,feasible,0.32923076923076927,0.84,4.28,14,14.0,0.0,0.0,0,0,2,1.7857142857142858,25,217.0,1.0
medium_compressibility,9,static_min,none,0,4,2,1,feasible,0.32923076923076927,0.84,4.28,14,14.0,0.0,0.0,0,0,4,1.7857142857142858,25,159.0,1.0
medium_compressibility,9,capacity_aware_static,C,4,4,2,1,feasible,0.32923076923076927,0.84,4.28,14,14.0,0.0,0.0,0,0,4,1.7857142857142858,25,159.0,1.0
medium_compressibility,9,smoothed,none,0,4,2,1,feasible,0.32923076923076927,0.84,4.28,14,14.0,0.0,0.0,0,0,2,1.7857142857142858,25,217.0,1.0
medium_compressibility,9,static_min,none,0,4,3,1,feasible,0.32923076923076927,0.84,4.28,14,14.0,0.0,0.0,0,0,4,1.7857142857142858,25,159.0,1.0
medium_compressibility,9,capacity_aware_static,C,4,4,3,1,feasible,0.32923076923076927,0.84,4.28,14,14.0,0.0,0.0,0,0,4,1.7857142857142858,25,159.0,1.0
medium_compressibility,9,smoothed,none,0,4,3,1,feasible,0.32923076923076927,0.84,4.28,14,14.0,0.0,0.0,0,0,2,1.7857142857142858,25,217.0,1.0
medium_compressibility,9,static_min,none,0,4,4,1,feasible,0.32923076923076927,0.84,4.28,14,14.0,0.0,0.0,0,0,4,1.7857142857142858,25,159.0,1.0
medium_compressibility,9,capacity_aware_static,C,4,4,4,1,feasible,0.32923076923076927,0.84,4.28,14,14.0,0.0,0.0,0,0,4,1.7857142857142858,25,159.0,1.0
medium_compressibility,9,smoothed,none,0,4,4,1,feasible,0.32923076923076927,0.84,4.28,14,14.0,0.0,0.0,0,0,2,1.7857142857142858,25,217.0,1.0
medium_compressibility,9,static_min,none,0,4,5,1,feasible,0.32923076923076927,0.84,4.28,14,14.0,0.0,0.0,0,0,4,1.7857142857142858,25,159.0,1.0
medium_compressibility,9,capacity_aware_static,C,4,4,5,1,feasible,0.32923076923076927,0.84,4.28,14,14.0,0.0,0.0,0,0,4,1.7857142857142858,25,159.0,1.0
medium_compressibility,9,smoothed,none,0,4,5,1,feasible,0.32923076923076927,0.84,4.28,14,14.0,0.0,0.0,0,0,2,1.7857142857142858,25,217.0,1.0
medium_compressibility,9,static_min,none,0,4,6,1,feasible,0.32923076923076927,0.84,4.28,14,14.0,0.0,0.0,0,0,4,1.7857142857142858,25,159.0,1.0
medium_compressibility,9,capacity_aware_static,C,4,4,6,1,feasible,0.32923076923076927,0.84,4.28,14,14.0,0.0,0.0,0,0,4,1.7857142857142858,25,159.0,1.0
medium_compressibility,9,smoothed,none,0,4,6,1,feasible,0.32923076923076927,0.84,4.28,14,14.0,0.0,0.0,0,0,2,1.7857142857142858,25,217.0,1.0
medium_compressibility,9,static_min,none,0,4,7,1,feasible,0.32923076923076927,0.84,4.28,14,14.0,0.0,0.0,0,0,4,1.7857142857142858,25,159.0,1.0
medium_compressibility,9,capacity_aware_static,C,4,4,7,1,feasible,0.32923076923076927,0.84,4.28,14,14.0,0.0,0.0,0,0,4,1.7857142857142858,25,159.0,1.0
medium_compressibility,9,smoothed,none,0,4,7,1,feasible,0.32923076923076927,0.84,4.28,14,14.0,0.0,0.0,0,0,2,1.7857142857142858,25,217.0,1.0
medium_compressibility,9,static_min,none,0,4,8,1,feasible,0.32923076923076927,0.84,4.28,14,14.0,0.0,0.0,0,0,4,1.7857142857142858,25,159.0,1.0
medium_compressibility,9,capacity_aware_static,C,4,4,8,1,feasible,0.32923076923076927,0.84,4.28,14,14.0,0.0,0.0,0,0,4,1.7857142857142858,25,159.0,1.0
medium_compressibility,9,smoothed,none,0,4,8,1,feasible,0.32923076923076927,0.84,4.28,14,14.0,0.0,0.0,0,0,2,1.7857142857142858,25,217.0,1.0
medium_compressibility,9,static_min,none,0,4,9,1,feasible,0.32923076923076927,0.84,4.28,14,14.0,0.0,0.0,0,0,4,1.7857142857142858,25,159.0,1.0
medium_compressibility,9,capacity_aware_static,C,4,4,9,1,feasible,0.32923076923076927,0.84,4.28,14,14.0,0.0,0.0,0,0,4,1.7857142857142858,25,159.0,1.0
medium_compressibility,9,smoothed,none,0,4,9,1,feasible,0.32923076923076927,0.84,4.28,14,14.0,0.0,0.0,0,0,2,1.7857142857142858,25,217.0,1.0
medium_compressibility,9,static_min,none,0,4,10,1,feasible,0.32923076923076927,0.84,4.28,14,14.0,0.0,0.0,0,0,4,1.7857142857142858,25,159.0,1.0
medium_compressibility,9,capacity_aware_static,C,4,4,10,1,feasible,0.32923076923076927,0.84,4.28,14,14.0,0.0,0.0,0,0,4,1.7857142857142858,25,159.0,1.0
medium_compressibility,9,smoothed,none,0,4,10,1,feasible,0.32923076923076927,0.84,4.28,14,14.0,0.0,0.0,0,0,2,1.7857142857142858,25,217.0,1.0
medium_compressibility,9,static_min,none,0,4,11,1,feasible,0.32923076923076927,0.84,4.28,14,14.0,0.0,0.0,0,0,4,1.7857142857142858,25,159.0,1.0
medium_compressibility,9,capacity_aware_static,C,4,4,11,1,feasible,0.32923076923076927,0.84,4.28,14,14.0,0.0,0.0,0,0,4,1.7857142857142858,25,159.0,1.0
medium_compressibility,9,smoothed,none,0,4,11,1,feasible,0.32923076923076927,0.84,4.28,14,14.0,0.0,0.0,0,0,2,1.7857142857142858,25,217.0,1.0
medium_compressibility,9,static_min,none,0,4,12,1,feasible,0.32923076923076927,0.84,4.28,14,14.0,0.0,0.0,0,0,4,1.7857142857142858,25,159.0,1.0
medium_compressibility,9,capacity_aware_static,C,4,4,12,1,feasible,0.32923076923076927,0.84,4.28,14,14.0,0.0,0.0,0,0,4,1.7857142857142858,25,159.0,1.0
medium_compressibility,9,smoothed,none,0,4,12,1,feasible,0.32923076923076927,0.84,4.28,14,14.0,0.0,0.0,0,0,2,1.7857142857142858,25,217.0,1.0
medium_compressibility,9,static_min,none,0,4,13,1,feasible,0.32923076923076927,0.84,4.28,14,14.0,0.0,0.0,0,0,4,1.7857142857142858,25,159.0,1.0
medium_compressibility,9,capacity_aware_static,C,4,4,13,1,feasible,0.32923076923076927,0.84,4.28,14,14.0,0.0,0.0,0,0,4,1.7857142857142858,25,159.0,1.0
medium_compressibility,9,smoothed,none,0,4,13,1,feasible,0.32923076923076927,0.84,4.28,14,14.0,0.0,0.0,0,0,2,1.7857142857142858,25,217.0,1.0
medium_compressibility,9,static_min,none,0,4,14,1,feasible,0.32923076923076927,0.84,4.28,14,14.0,0.0,0.0,0,0,4,1.7857142857142858,25,159.0,1.0
medium_compressibility,9,capacity_aware_static,C,4,4,14,1,feasible,0.32923076923076927,0.84,4.28,14,14.0,0.0,0.0,0,0,4,1.7857142857142858,25,159.0,1.0
medium_compressibility,9,smoothed,none,0,4,14,1,feasible,0.32923076923076927,0.84,4.28,14,14.0,0.0,0.0,0,0,2,1.7857142857142858,25,217.0,1.0
medium_compressibility,9,static_min,none,0,4,15,1,feasible,0.32923076923076927,0.84,4.28,14,14.0,0.0,0.0,0,0,4,1.7857142857142858,25,159.0,1.0
medium_compressibility,9,capacity_aware_static,C,4,4,15,1,feasible,0.32923076923076927,0.84,4.28,14,14.0,0.0,0.0,0,0,4,1.7857142857142858,25,159.0,1.0
medium_compressibility,9,smoothed,none,0,4,15,1,feasible,0.32923076923076927,0.84,4.28,14,14.0,0.0,0.0,0,0,2,1.7857142857142858,25,217.0,1.0
medium_compressibility,9,static_min,none,0,5,0,1,feasible,0.32923076923076927,0.84,4.28,14,14.0,0.0,0.0,0,0,4,1.7857142857142858,25,159.0,1.0
medium_compressibility,9,capacity_aware_static,C,5,5,0,1,feasible,0.32923076923076927,0.84,4.28,14,14.0,0.0,0.0,0,0,4,1.7857142857142858,25,159.0,1.0
medium_compressibility,9,smoothed,none,0,5,0,1,feasible,0.32923076923076927,0.84,4.28,14,14.0,0.0,0.0,0,0,2,1.7857142857142858,25,217.0,1.0
medium_compressibility,9,static_min,none,0,5,1,1,feasible,0.32923076923076927,0.84,4.28,14,14.0,0.0,0.0,0,0,4,1.7857142857142858,25,159.0,1.0
medium_compressibility,9,capacity_aware_static,C,5,5,1,1,feasible,0.32923076923076927,0.84,4.28,14,14.0,0.0,0.0,0,0,4,1.7857142857142858,25,159.0,1.0
medium_compressibility,9,smoothed,none,0,5,1,1,feasible,0.32923076923076927,0.84,4.28,14,14.0,0.0,0.0,0,0,2,1.7857142857142858,25,217.0,1.0
medium_compressibility,9,static_min,none,0,5,2,1,feasible,0.32923076923076927,0.84,4.28,14,14.0,0.0,0.0,0,0,4,1.7857142857142858,25,159.0,1.0
medium_compressibility,9,capacity_aware_static,C,5,5,2,1,feasible,0.32923076923076927,0.84,4.28,14,14.0,0.0,0.0,0,0,4,1.7857142857142858,25,159.0,1.0
medium_compressibility,9,smoothed,none,0,5,2,1,feasible,0.32923076923076927,0.84,4.28,14,14.0,0.0,0.0,0,0,2,1.7857142857142858,25,217.0,1.0
medium_compressibility,9,static_min,none,0,5,3,1,feasible,0.32923076923076927,0.84,4.28,14,14.0,0.0,0.0,0,0,4,1.7857142857142858,25,159.0,1.0
medium_compressibility,9,capacity_aware_static,C,5,5,3,1,feasible,0.32923076923076927,0.84,4.28,14,14.0,0.0,0.0,0,0,4,1.7857142857142858,25,159.0,1.0
medium_compressibility,9,smoothed,none,0,5,3,1,feasible,0.32923076923076927,0.84,4.28,14,14.0,0.0,0.0,0,0,2,1.7857142857142858,25,217.0,1.0
medium_compressibility,9,static_min,none,0,5,4,1,feasible,0.32923076923076927,0.84,4.28,14,14.0,0.0,0.0,0,0,4,1.7857142857142858,25,159.0,1.0
medium_compressibility,9,capacity_aware_static,C,5,5,4,1,feasible,0.32923076923076927,0.84,4.28,14,14.0,0.0,0.0,0,0,4,1.7857142857142858,25,159.0,1.0
medium_compressibility,9,smoothed,none,0,5,4,1,feasible,0.32923076923076927,0.84,4.28,14,14.0,0.0,0.0,0,0,2,1.7857142857142858,25,217.0,1.0
medium_compressibility,9,static_min,none,0,5,5,1,feasible,0.32923076923076927,0.84,4.28,14,14.0,0.0,0.0,0,0,4,1.7857142857142858,25,159.0,1.0
medium_compressibility,9,capacity_aware_static,C,5,5,5,1,feasible,0.32923076923076927,0.84,4.28,14,14.0,0.0,0.0,0,0,4,1.7857142857142858,25,159.0,1.0
medium_compressibility,9,smoothed,none,0,5,5,1,feasible,0.32923076923076927,0.84,4.28,14,14.0,0.0,0.0,0,0,2,1.7857142857142858,25,217.0,1.0
medium_compressibility,9,static_min,none,0,5,6,1,feasible,0.32923076923076927,0.84,4.28,14,14.0,0.0,0.0,0,0,4,1.7857142857142858,25,159.0,1.0
medium_compressibility,9,capacity_aware_static,C,5,5,6,1,feasible,0.32923076923076927,0.84,4.28,14,14.0,0.0,0.0,0,0,4,1.7857142857142858,25,159.0,1.0
medium_compressibility,9,smoothed,none,0,5,6,1,feasible,0.32923076923076927,0.84,4.28,14,14.0,0.0,0.0,0,0,2,1.7857142857142858,25,217.0,1.0
medium_compressibility,9,static_min,none,0,5,7,1,feasible,0.32923076923076927,0.84,4.28,14,14.0,0.0,0.0,0,0,4,1.7857142857142858,25,159.0,1.0
medium_compressibility,9,capacity_aware_static,C,5,5,7,1,feasible,0.32923076923076927,0.84,4.28,14,14.0,0.0,0.0,0,0,4,1.7857142857142858,25,159.0,1.0
medium_compressibility,9,smoothed,none,0,5,7,1,feasible,0.32923076923076927,0.84,4.28,14,14.0,0.0,0.0,0,0,2,1.7857142857142858,25,217.0,1.0
medium_compressibility,9,static_min,none,0,5,8,1,feasible,0.32923076923076927,0.84,4.28,14,14.0,0.0,0.0,0,0,4,1.7857142857142858,25,159.0,1.0
medium_compressibility,9,capacity_aware_static,C,5,5,8,1,feasible,0.32923076923076927,0.84,4.28,14,14.0,0.0,0.0,0,0,4,1.7857142857142858,25,159.0,1.0
medium_compressibility,9,smoothed,none,0,5,8,1,feasible,0.32923076923076927,0.84,4.28,14,14.0,0.0,0.0,0,0,2,1.7857142857142858,25,217.0,1.0
medium_compressibility,9,static_min,none,0,5,9,1,feasible,0.32923076923076927,0.84,4.28,14,14.0,0.0,0.0,0,0,4,1.7857142857142858,25,159.0,1.0
medium_compressibility,9,capacity_aware_static,C,5,5,9,1,feasible,0.32923076923076927,0.84,4.28,14,14.0,0.0,0.0,0,0,4,1.7857142857142858,25,159.0,1.0
medium_compressibility,9,smoothed,none,0,5,9,1,feasible,0.32923076923076927,0.84,4.28,14,14.0,0.0,0.0,0,0,2,1.7857142857142858,25,217.0,1.0
medium_compressibility,9,static_min,none,0,5,10,1,feasible,0.32923076923076927,0.84,4.28,14,14.0,0.0,0.0,0,0,4,1.7857142857142858,25,159.0,1.0
medium_compressibility,9,capacity_aware_static,C,5,5,10,1,feasible,0.32923076923076927,0.84,4.28,14,14.0,0.0,0.0,0,0,4,1.7857142857142858,25,159.0,1.0
medium_compressibility,9,smoothed,none,0,5,10,1,feasible,0.32923076923076927,0.84,4.28,14,14.0,0.0,0.0,0,0,2,1.7857142857142858,25,217.0,1.0
medium_compressibility,9,static_min,none,0,5,11,1,feasible,0.32923076923076927,0.84,4.28,14,14.0,0.0,0.0,0,0,4,1.7857142857142858,25,159.0,1.0
medium_compressibility,9,capacity_aware_static,C,5,5,11,1,feasible,0.32923076923076927,0.84,4.28,14,14.0,0.0,0.0,0,0,4,1.7857142857142858,25,159.0,1.0
medium_compressibility,9,smoothed,none,0,5,11,1,feasible,0.32923076923076927,0.84,4.28,14,14.0,0.0,0.0,0,0,2,1.7857142857142858,25,217.0,1.0
medium_compressibility,9,static_min,none,0,5,12,1,feasible,0.32923076923076927,0.84,4.28,14,14.0,0.0,0.0,0,0,4,1.7857142857142858,25,159.0,1.0
medium_compressibility,9,capacity_aware_static,C,5,5,12,1,feasible,0.32923076923076927,0.84,4.28,14,14.0,0.0,0.0,0,0,4,1.7857142857142858,25,159.0,1.0
medium_compressibility,9,smoothed,none,0,5,12,1,feasible,0.32923076923076927,0.84,4.28,14,14.0,0.0,0.0,0,0,2,1.7857142857142858,25,217.0,1.0
medium_compressibility,9,static_min,none,0,5,13,1,feasible,0.32923076923076927,0.84,4.28,14,14.0,0.0,0.0,0,0,4,1.7857142857142858,25,159.0,1.0
medium_compressibility,9,capacity_aware_static,C,5,5,13,1,feasible,0.32923076923076927,0.84,4.28,14,14.0,0.0,0.0,0,0,4,1.7857142857142858,25,159.0,1.0
medium_compressibility,9,smoothed,none,0,5,13,1,feasible,0.32923076923076927,0.84,4.28,14,14.0,0.0,0.0,0,0,2,1.7857142857142858,25,217.0,1.0
medium_compressibility,9,static_min,none,0,5,14,1,feasible,0.32923076923076927,0.84,4.28,14,14.0,0.0,0.0,0,0,4,1.7857142857142858,25,159.0,1.0
medium_compressibility,9,capacity_aware_static,C,5,5,14,1,feasible,0.32923076923076927,0.84,4.28,14,14.0,0.0,0.0,0,0,4,1.7857142857142858,25,159.0,1.0
medium_compressibility,9,smoothed,none,0,5,14,1,feasible,0.32923076923076927,0.84,4.28,14,14.0,0.0,0.0,0,0,2,1.7857142857142858,25,217.0,1.0
medium_compressibility,9,static_min,none,0,5,15,1,feasible,0.32923076923076927,0.84,4.28,14,14.0,0.0,0.0,0,0,4,1.7857142857142858,25,159.0,1.0
medium_compressibility,9,capacity_aware_static,C,5,5,15,1,feasible,0.32923076923076927,0.84,4.28,14,14.0,0.0,0.0,0,0,4,1.7857142857142858,25,159.0,1.0
medium_compressibility,9,smoothed,none,0,5,15,1,feasible,0.32923076923076927,0.84,4.28,14,14.0,0.0,0.0,0,0,2,1.7857142857142858,25,217.0,1.0
medium_compressibility,9,static_min,none,0,6,0,1,feasible,0.32923076923076927,0.84,4.28,14,14.0,0.0,0.0,0,0,4,1.7857142857142858,25,159.0,1.0
medium_compressibility,9,capacity_aware_static,C,6,6,0,1,feasible,0.32923076923076927,0.84,4.28,14,14.0,0.0,0.0,0,0,4,1.7857142857142858,25,159.0,1.0
medium_compressibility,9,smoothed,none,0,6,0,1,feasible,0.32923076923076927,0.84,4.28,14,14.0,0.0,0.0,0,0,2,1.7857142857142858,25,217.0,1.0
medium_compressibility,9,static_min,none,0,6,1,1,feasible,0.32923076923076927,0.84,4.28,14,14.0,0.0,0.0,0,0,4,1.7857142857142858,25,159.0,1.0
medium_compressibility,9,capacity_aware_static,C,6,6,1,1,feasible,0.32923076923076927,0.84,4.28,14,14.0,0.0,0.0,0,0,4,1.7857142857142858,25,159.0,1.0
medium_compressibility,9,smoothed,none,0,6,1,1,feasible,0.32923076923076927,0.84,4.28,14,14.0,0.0,0.0,0,0,2,1.7857142857142858,25,217.0,1.0
medium_compressibility,9,static_min,none,0,6,2,1,feasible,0.32923076923076927,0.84,4.28,14,14.0,0.0,0.0,0,0,4,1.7857142857142858,25,159.0,1.0
medium_compressibility,9,capacity_aware_static,C,6,6,2,1,feasible,0.32923076923076927,0.84,4.28,14,14.0,0.0,0.0,0,0,4,1.7857142857142858,25,159.0,1.0
medium_compressibility,9,smoothed,none,0,6,2,1,feasible,0.32923076923076927,0.84,4.28,14,14.0,0.0,0.0,0,0,2,1.7857142857142858,25,217.0,1.0
medium_compressibility,9,static_min,none,0,6,3,1,feasible,0.32923076923076927,0.84,4.28,14,14.0,0.0,0.0,0,0,4,1.7857142857142858,25,159.0,1.0
medium_compressibility,9,capacity_aware_static,C,6,6,3,1,feasible,0.32923076923076927,0.84,4.28,14,14.0,0.0,0.0,0,0,4,1.7857142857142858,25,159.0,1.0
medium_compressibility,9,smoothed,none,0,6,3,1,feasible,0.32923076923076927,0.84,4.28,14,14.0,0.0,0.0,0,0,2,1.7857142857142858,25,217.0,1.0
medium_compressibility,9,static_min,none,0,6,4,1,feasible,0.32923076923076927,0.84,4.28,14,14.0,0.0,0.0,0,0,4,1.7857142857142858,25,159.0,1.0
medium_compressibility,9,capacity_aware_static,C,6,6,4,1,feasible,0.32923076923076927,0.84,4.28,14,14.0,0.0,0.0,0,0,4,1.7857142857142858,25,159.0,1.0
medium_compressibility,9,smoothed,none,0,6,4,1,feasible,0.32923076923076927,0.84,4.28,14,14.0,0.0,0.0,0,0,2,1.7857142857142858,25,217.0,1.0
medium_compressibility,9,static_min,none,0,6,5,1,feasible,0.32923076923076927,0.84,4.28,14,14.0,0.0,0.0,0,0,4,1.7857142857142858,25,159.0,1.0
medium_compressibility,9,capacity_aware_static,C,6,6,5,1,feasible,0.32923076923076927,0.84,4.28,14,14.0,0.0,0.0,0,0,4,1.7857142857142858,25,159.0,1.0
medium_compressibility,9,smoothed,none,0,6,5,1,feasible,0.32923076923076927,0.84,4.28,14,14.0,0.0,0.0,0,0,2,1.7857142857142858,25,217.0,1.0
medium_compressibility,9,static_min,none,0,6,6,1,feasible,0.32923076923076927,0.84,4.28,14,14.0,0.0,0.0,0,0,4,1.7857142857142858,25,159.0,1.0
medium_compressibility,9,capacity_aware_static,C,6,6,6,1,feasible,0.32923076923076927,0.84,4.28,14,14.0,0.0,0.0,0,0,4,1.7857142857142858,25,159.0,1.0
medium_compressibility,9,smoothed,none,0,6,6,1,feasible,0.32923076923076927,0.84,4.28,14,14.0,0.0,0.0,0,0,2,1.7857142857142858,25,217.0,1.0
medium_compressibility,9,static_min,none,0,6,7,1,feasible,0.32923076923076927,0.84,4.28,14,14.0,0.0,0.0,0,0,4,1.7857142857142858,25,159.0,1.0
medium_compressibility,9,capacity_aware_static,C,6,6,7,1,feasible,0.32923076923076927,0.84,4.28,14,14.0,0.0,0.0,0,0,4,1.7857142857142858,25,159.0,1.0
medium_compressibility,9,smoothed,none,0,6,7,1,feasible,0.32923076923076927,0.84,4.28,14,14.0,0.0,0.0,0,0,2,1.7857142857142858,25,217.0,1.0
medium_compressibility,9,static_min,none,0,6,8,1,feasible,0.32923076923076927,0.84,4.28,14,14.0,0.0,0.0,0,0,4,1.7857142857142858,25,159.0,1.0
medium_compressibility,9,capacity_aware_static,C,6,6,8,1,feasible,0.32923076923076927,0.84,4.28,14,14.0,0.0,0.0,0,0,4,1.7857142857142858,25,159.0,1.0
medium_compressibility,9,smoothed,none,0,6,8,1,feasible,0.32923076923076927,0.84,4.28,14,14.0,0.0,0.0,0,0,2,1.7857142857142858,25,217.0,1.0
medium_compressibility,9,static_min,none,0,6,9,1,feasible,0.32923076923076927,0.84,4.28,14,14.0,0.0,0.0,0,0,4,1.7857142857142858,25,159.0,1.0
medium_compressibility,9,capacity_aware_static,C,6,6,9,1,feasible,0.32923076923076927,0.84,4.28,14,14.0,0.0,0.0,0,0,4,1.7857142857142858,25,159.0,1.0
medium_compressibility,9,smoothed,none,0,6,9,1,feasible,0.32923076923076927,0.84,4.28,14,14.0,0.0,0.0,0,0,2,1.7857142857142858,25,217.0,1.0
medium_compressibility,9,static_min,none,0,6,10,1,feasible,0.32923076923076927,0.84,4.28,14,14.0,0.0,0.0,0,0,4,1.7857142857142858,25,159.0,1.0
medium_compressibility,9,capacity_aware_static,C,6,6,10,1,feasible,0.32923076923076927,0.84,4.28,14,14.0,0.0,0.0,0,0,4,1.7857142857142858,25,159.0,1.0
medium_compressibility,9,smoothed,none,0,6,10,1,feasible,0.32923076923076927,0.84,4.28,14,14.0,0.0,0.0,0,0,2,1.7857142857142858,25,217.0,1.0
medium_compressibility,9,static_min,none,0,6,11,1,feasible,0.32923076923076927,0.84,4.28,14,14.0,0.0,0.0,0,0,4,1.7857142857142858,25,159.0,1.0
medium_compressibility,9,capacity_aware_static,C,6,6,11,1,feasible,0.32923076923076927,0.84,4.28,14,14.0,0.0,0.0,0,0,4,1.7857142857142858,25,159.0,1.0
medium_compressibility,9,smoothed,none,0,6,11,1,feasible,0.32923076923076927,0.84,4.28,14,14.0,0.0,0.0,0,0,2,1.7857142857142858,25,217.0,1.0
medium_compressibility,9,static_min,none,0,6,12,1,feasible,0.32923076923076927,0.84,4.28,14,14.0,0.0,0.0,0,0,4,1.7857142857142858,25,159.0,1.0
medium_compressibility,9,capacity_aware_static,C,6,6,12,1,feasible,0.32923076923076927,0.84,4.28,14,14.0,0.0,0.0,0,0,4,1.7857142857142858,25,159.0,1.0
medium_compressibility,9,smoothed,none,0,6,12,1,feasible,0.32923076923076927,0.84,4.28,14,14.0,0.0,0.0,0,0,2,1.7857142857142858,25,217.0,1.0
medium_compressibility,9,static_min,none,0,6,13,1,feasible,0.32923076923076927,0.84,4.28,14,14.0,0.0,0.0,0,0,4,1.7857142857142858,25,159.0,1.0
medium_compressibility,9,capacity_aware_static,C,6,6,13,1,feasible,0.32923076923076927,0.84,4.28,14,14.0,0.0,0.0,0,0,4,1.7857142857142858,25,159.0,1.0
medium_compressibility,9,smoothed,none,0,6,13,1,feasible,0.32923076923076927,0.84,4.28,14,14.0,0.0,0.0,0,0,2,1.7857142857142858,25,217.0,1.0
medium_compressibility,9,static_min,none,0,6,14,1,feasible,0.32923076923076927,0.84,4.28,14,14.0,0.0,0.0,0,0,4,1.7857142857142858,25,159.0,1.0
medium_compressibility,9,capacity_aware_static,C,6,6,14,1,feasible,0.32923076923076927,0.84,4.28,14,14.0,0.0,0.0,0,0,4,1.7857142857142858,25,159.0,1.0
medium_compressibility,9,smoothed,none,0,6,14,1,feasible,0.32923076923076927,0.84,4.28,14,14.0,0.0,0.0,0,0,2,1.7857142857142858,25,217.0,1.0
medium_compressibility,9,static_min,none,0,6,15,1,feasible,0.32923076923076927,0.84,4.28,14,14.0,0.0,0.0,0,0,4,1.7857142857142858,25,159.0,1.0
medium_compressibility,9,capacity_aware_static,C,6,6,15,1,feasible,0.32923076923076927,0.84,4.28,14,14.0,0.0,0.0,0,0,4,1.7857142857142858,25,159.0,1.0
medium_compressibility,9,smoothed,none,0,6,15,1,feasible,0.32923076923076927,0.84,4.28,14,14.0,0.0,0.0,0,0,2,1.7857142857142858,25,217.0,1.0
medium_compressibility,9,static_min,none,0,7,0,1,feasible,0.32923076923076927,0.84,4.28,14,14.0,0.0,0.0,0,0,4,1.7857142857142858,25,159.0,1.0
medium_compressibility,9,capacity_aware_static,C,7,7,0,1,feasible,0.32923076923076927,0.84,4.28,14,14.0,0.0,0.0,0,0,4,1.7857142857142858,25,159.0,1.0
medium_compressibility,9,smoothed,none,0,7,0,1,feasible,0.32923076923076927,0.84,4.28,14,14.0,0.0,0.0,0,0,2,1.7857142857142858,25,217.0,1.0
medium_compressibility,9,static_min,none,0,7,1,1,feasible,0.32923076923076927,0.84,4.28,14,14.0,0.0,0.0,0,0,4,1.7857142857142858,25,159.0,1.0
medium_compressibility,9,capacity_aware_static,C,7,7,1,1,feasible,0.32923076923076927,0.84,4.28,14,14.0,0.0,0.0,0,0,4,1.7857142857142858,25,159.0,1.0
medium_compressibility,9,smoothed,none,0,7,1,1,feasible,0.32923076923076927,0.84,4.28,14,14.0,0.0,0.0,0,0,2,1.7857142857142858,25,217.0,1.0
medium_compressibility,9,static_min,none,0,7,2,1,feasible,0.32923076923076927,0.84,4.28,14,14.0,0.0,0.0,0,0,4,1.7857142857142858,25,159.0,1.0
medium_compressibility,9,capacity_aware_static,C,7,7,2,1,feasible,0.32923076923076927,0.84,4.28,14,14.0,0.0,0.0,0,0,4,1.7857142857142858,25,159.0,1.0
medium_compressibility,9,smoothed,none,0,7,2,1,feasible,0.32923076923076927,0.84,4.28,14,14.0,0.0,0.0,0,0,2,1.7857142857142858,25,217.0,1.0
medium_compressibility,9,static_min,none,0,7,3,1,feasible,0.32923076923076927,0.84,4.28,14,14.0,0.0,0.0,0,0,4,1.7857142857142858,25,159.0,1.0
medium_compressibility,9,capacity_aware_static,C,7,7,3,1,feasible,0.32923076923076927,0.84,4.28,14,14.0,0.0,0.0,0,0,4,1.7857142857142858,25,159.0,1.0
medium_compressibility,9,smoothed,none,0,7,3,1,feasible,0.32923076923076927,0.84,4.28,14,14.0,0.0,0.0,0,0,2,1.7857142857142858,25,217.0,1.0
medium_compressibility,9,static_min,none,0,7,4,1,feasible,0.32923076923076927,0.84,4.28,14,14.0,0.0,0.0,0,0,4,1.7857142857142858,25,159.0,1.0
medium_compressibility,9,capacity_aware_static,C,7,7,4,1,feasible,0.32923076923076927,0.84,4.28,14,14.0,0.0,0.0,0,0,4,1.7857142857142858,25,159.0,1.0
medium_compressibility,9,smoothed,none,0,7,4,1,feasible,0.32923076923076927,0.84,4.28,14,14.0,0.0,0.0,0,0,2,1.7857142857142858,25,217.0,1.0
medium_compressibility,9,static_min,none,0,7,5,1,feasible,0.32923076923076927,0.84,4.28,14,14.0,0.0,0.0,0,0,4,1.7857142857142858,25,159.0,1.0
medium_compressibility,9,capacity_aware_static,C,7,7,5,1,feasible,0.32923076923076927,0.84,4.28,14,14.0,0.0,0.0,0,0,4,1.7857142857142858,25,159.0,1.0
medium_compressibility,9,smoothed,none,0,7,5,1,feasible,0.32923076923076927,0.84,4.28,14,14.0,0.0,0.0,0,0,2,1.7857142857142858,25,217.0,1.0
medium_compressibility,9,static_min,none,0,7,6,1,feasible,0.32923076923076927,0.84,4.28,14,14.0,0.0,0.0,0,0,4,1.7857142857142858,25,159.0,1.0
medium_compressibility,9,capacity_aware_static,C,7,7,6,1,feasible,0.32923076923076927,0.84,4.28,14,14.0,0.0,0.0,0,0,4,1.7857142857142858,25,159.0,1.0
medium_compressibility,9,smoothed,none,0,7,6,1,feasible,0.32923076923076927,0.84,4.28,14,14.0,0.0,0.0,0,0,2,1.7857142857142858,25,217.0,1.0
medium_compressibility,9,static_min,none,0,7,7,1,feasible,0.32923076923076927,0.84,4.28,14,14.0,0.0,0.0,0,0,4,1.7857142857142858,25,159.0,1.0
medium_compressibility,9,capacity_aware_static,C,7,7,7,1,feasible,0.32923076923076927,0.84,4.28,14,14.0,0.0,0.0,0,0,4,1.7857142857142858,25,159.0,1.0
medium_compressibility,9,smoothed,none,0,7,7,1,feasible,0.32923076923076927,0.84,4.28,14,14.0,0.0,0.0,0,0,2,1.7857142857142858,25,217.0,1.0
medium_compressibility,9,static_min,none,0,7,8,1,feasible,0.32923076923076927,0.84,4.28,14,14.0,0.0,0.0,0,0,4,1.7857142857142858,25,159.0,1.0
medium_compressibility,9,capacity_aware_static,C,7,7,8,1,feasible,0.32923076923076927,0.84,4.28,14,14.0,0.0,0.0,0,0,4,1.7857142857142858,25,159.0,1.0
medium_compressibility,9,smoothed,none,0,7,8,1,feasible,0.32923076923076927,0.84,4.28,14,14.0,0.0,0.0,0,0,2,1.7857142857142858,25,217.0,1.0
medium_compressibility,9,static_min,none,0,7,9,1,feasible,0.32923076923076927,0.84,4.28,14,14.0,0.0,0.0,0,0,4,1.7857142857142858,25,159.0,1.0
medium_compressibility,9,capacity_aware_static,C,7,7,9,1,feasible,0.32923076923076927,0.84,4.28,14,14.0,0.0,0.0,0,0,4,1.7857142857142858,25,159.0,1.0
medium_compressibility,9,smoothed,none,0,7,9,1,feasible,0.32923076923076927,0.84,4.28,14,14.0,0.0,0.0,0,0,2,1.7857142857142858,25,217.0,1.0
medium_compressibility,9,static_min,none,0,7,10,1,feasible,0.32923076923076927,0.84,4.28,14,14.0,0.0,0.0,0,0,4,1.7857142857142858,25,159.0,1.0
medium_compressibility,9,capacity_aware_static,C,7,7,10,1,feasible,0.32923076923076927,0.84,4.28,14,14.0,0.0,0.0,0,0,4,1.7857142857142858,25,159.0,1.0
medium_compressibility,9,smoothed,none,0,7,10,1,feasible,0.32923076923076927,0.84,4.28,14,14.0,0.0,0.0,0,0,2,1.7857142857142858,25,217.0,1.0
medium_compressibility,9,static_min,none,0,7,11,1,feasible,0.32923076923076927,0.84,4.28,14,14.0,0.0,0.0,0,0,4,1.7857142857142858,25,159.0,1.0
medium_compressibility,9,capacity_aware_static,C,7,7,11,1,feasible,0.32923076923076927,0.84,4.28,14,14.0,0.0,0.0,0,0,4,1.7857142857142858,25,159.0,1.0
medium_compressibility,9,smoothed,none,0,7,11,1,feasible,0.32923076923076927,0.84,4.28,14,14.0,0.0,0.0,0,0,2,1.7857142857142858,25,217.0,1.0
medium_compressibility,9,static_min,none,0,7,12,1,feasible,0.32923076923076927,0.84,4.28,14,14.0,0.0,0.0,0,0,4,1.7857142857142858,25,159.0,1.0
medium_compressibility,9,capacity_aware_static,C,7,7,12,1,feasible,0.32923076923076927,0.84,4.28,14,14.0,0.0,0.0,0,0,4,1.7857142857142858,25,159.0,1.0
medium_compressibility,9,smoothed,none,0,7,12,1,feasible,0.32923076923076927,0.84,4.28,14,14.0,0.0,0.0,0,0,2,1.7857142857142858,25,217.0,1.0
medium_compressibility,9,static_min,none,0,7,13,1,feasible,0.32923076923076927,0.84,4.28,14,14.0,0.0,0.0,0,0,4,1.7857142857142858,25,159.0,1.0
medium_compressibility,9,capacity_aware_static,C,7,7,13,1,feasible,0.32923076923076927,0.84,4.28,14,14.0,0.0,0.0,0,0,4,1.7857142857142858,25,159.0,1.0
medium_compressibility,9,smoothed,none,0,7,13,1,feasible,0.32923076923076927,0.84,4.28,14,14.0,0.0,0.0,0,0,2,1.7857142857142858,25,217.0,1.0
medium_compressibility,9,static_min,none,0,7,14,1,feasible,0.32923076923076927,0.84,4.28,14,14.0,0.0,0.0,0,0,4,1.7857142857142858,25,159.0,1.0
medium_compressibility,9,capacity_aware_static,C,7,7,14,1,feasible,0.32923076923076927,0.84,4.28,14,14.0,0.0,0.0,0,0,4,1.7857142857142858,25,159.0,1.0
medium_compressibility,9,smoothed,none,0,7,14,1,feasible,0.32923076923076927,0.84,4.28,14,14.0,0.0,0.0,0,0,2,1.7857142857142858,25,217.0,1.0
medium_compressibility,9,static_min,none,0,7,15,1,feasible,0.32923076923076927,0.84,4.28,14,14.0,0.0,0.0,0,0,4,1.7857142857142858,25,159.0,1.0
medium_compressibility,9,capacity_aware_static,C,7,7,15,1,feasible,0.32923076923076927,0.84,4.28,14,14.0,0.0,0.0,0,0,4,1.7857142857142858,25,159.0,1.0
medium_compressibility,9,smoothed,none,0,7,15,1,feasible,0.32923076923076927,0.84,4.28,14,14.0,0.0,0.0,0,0,2,1.7857142857142858,25,217.0,1.0
low_compressibility,1,static_min,none,0,1,0,1,feasible,0.0,0.0,0.0,42,42.0,0.0,0.0,0,0,1,0.4523809523809524,19,263.0,1.0
low_compressibility,1,capacity_aware_static,C,1,1,0,1,feasible,0.0,0.0,0.0,42,42.0,0.0,0.0,0,0,1,0.4523809523809524,19,263.0,1.0
low_compressibility,1,smoothed,none,0,1,0,1,feasible,0.0,0.0,0.0,42,42.0,0.0,0.0,0,0,1,0.4523809523809524,19,263.0,1.0
low_compressibility,1,static_min,none,0,1,1,1,feasible,0.0,0.0,0.0,42,42.0,0.0,0.0,0,0,1,0.4523809523809524,19,263.0,1.0
low_compressibility,1,capacity_aware_static,C,1,1,1,1,feasible,0.0,0.0,0.0,42,42.0,0.0,0.0,0,0,1,0.4523809523809524,19,263.0,1.0
low_compressibility,1,smoothed,none,0,1,1,1,feasible,0.0,0.0,0.0,42,42.0,0.0,0.0,0,0,1,0.4523809523809524,19,263.0,1.0
low_compressibility,1,static_min,none,0,1,2,1,feasible,0.0,0.0,0.0,42,42.0,0.0,0.0,0,0,1,0.4523809523809524,19,263.0,1.0
low_compressibility,1,capacity_aware_static,C,1,1,2,1,feasible,0.0,0.0,0.0,42,42.0,0.0,0.0,0,0,1,0.4523809523809524,19,263.0,1.0
low_compressibility,1,smoothed,none,0,1,2,1,feasible,0.0,0.0,0.0,42,42.0,0.0,0.0,0,0,1,0.4523809523809524,19,263.0,1.0
low_compressibility,1,static_min,none,0,1,3,1,feasible,0.0,0.0,0.0,42,42.0,0.0,0.0,0,0,1,0.4523809523809524,19,263.0,1.0
low_compressibility,1,capacity_aware_static,C,1,1,3,1,feasible,0.0,0.0,0.0,42,42.0,0.0,0.0,0,0,1,0.4523809523809524,19,263.0,1.0
low_compressibility,1,smoothed,none,0,1,3,1,feasible,0.0,0.0,0.0,42,42.0,0.0,0.0,0,0,1,0.4523809523809524,19,263.0,1.0
low_compressibility,1,static_min,none,0,1,4,1,feasible,0.0,0.0,0.0,42,42.0,0.0,0.0,0,0,1,0.4523809523809524,19,263.0,1.0
low_compressibility,1,capacity_aware_static,C,1,1,4,1,feasible,0.0,0.0,0.0,42,42.0,0.0,0.0,0,0,1,0.4523809523809524,19,263.0,1.0
low_compressibility,1,smoothed,none,0,1,4,1,feasible,0.0,0.0,0.0,42,42.0,0.0,0.0,0,0,1,0.4523809523809524,19,263.0,1.0
low_compressibility,1,static_min,none,0,1,5,1,feasible,0.0,0.0,0.0,42,42.0,0.0,0.0,0,0,1,0.4523809523809524,19,263.0,1.0
low_compressibility,1,capacity_aware_static,C,1,1,5,1,feasible,0.0,0.0,0.0,42,42.0,0.0,0.0,0,0,1,0.4523809523809524,19,263.0,1.0
low_compressibility,1,smoothed,none,0,1,5,1,feasible,0.0,0.0,0.0,42,42.0,0.0,0.0,0,0,1,0.4523809523809524,19,263.0,1.0
low_compressibility,1,static_min,none,0,1,6,1,feasible,0.0,0.0,0.0,42,42.0,0.0,0.0,0,0,1,0.4523809523809524,19,263.0,1.0
low_compressibility,1,capacity_aware_static,C,1,1,6,1,feasible,0.0,0.0,0.0,42,42.0,0.0,0.0,0,0,1,0.4523809523809524,19,263.0,1.0
low_compressibility,1,smoothed,none,0,1,6,1,feasible,0.0,0.0,0.0,42,42.0,0.0,0.0,0,0,1,0.4523809523809524,19,263.0,1.0
low_compressibility,1,static_min,none,0,1,7,1,feasible,0.0,0.0,0.0,42,42.0,0.0,0.0,0,0,1,0.4523809523809524,19,263.0,1.0
low_compressibility,1,capacity_aware_static,C,1,1,7,1,feasible,0.0,0.0,0.0,42,42.0,0.0,0.0,0,0,1,0.4523809523809524,19,263.0,1.0
low_compressibility,1,smoothed,none,0,1,7,1,feasible,0.0,0.0,0.0,42,42.0,0.0,0.0,0,0,1,0.4523809523809524,19,263.0,1.0
low_compressibility,1,static_min,none,0,1,8,1,feasible,0.0,0.0,0.0,42,42.0,0.0,0.0,0,0,1,0.4523809523809524,19,263.0,1.0
low_compressibility,1,capacity_aware_static,C,1,1,8,1,feasible,0.0,0.0,0.0,42,42.0,0.0,0.0,0,0,1,0.4523809523809524,19,263.0,1.0
low_compressibility,1,smoothed,none,0,1,8,1,feasible,0.0,0.0,0.0,42,42.0,0.0,0.0,0,0,1,0.4523809523809524,19,263.0,1.0
low_compressibility,1,static_min,none,0,1,9,1,feasible,0.0,0.0,0.0,42,42.0,0.0,0.0,0,0,1,0.4523809523809524,19,263.0,1.0
low_compressibility,1,capacity_aware_static,C,1,1,9,1,feasible,0.0,0.0,0.0,42,42.0,0.0,0.0,0,0,1,0.4523809523809524,19,263.0,1.0
low_compressibility,1,smoothed,none,0,1,9,1,feasible,0.0,0.0,0.0,42,42.0,0.0,0.0,0,0,1,0.4523809523809524,19,263.0,1.0
low_compressibility,1,static_min,none,0,1,10,1,feasible,0.0,0.0,0.0,42,42.0,0.0,0.0,0,0,1,0.4523809523809524,19,263.0,1.0
low_compressibility,1,capacity_aware_static,C,1,1,10,1,feasible,0.0,0.0,0.0,42,42.0,0.0,0.0,0,0,1,0.4523809523809524,19,263.0,1.0
low_compressibility,1,smoothed,none,0,1,10,1,feasible,0.0,0.0,0.0,42,42.0,0.0,0.0,0,0,1,0.4523809523809524,19,263.0,1.0
low_compressibility,1,static_min,none,0,1,11,1,feasible,0.0,0.0,0.0,42,42.0,0.0,0.0,0,0,1,0.4523809523809524,19,263.0,1.0
low_compressibility,1,capacity_aware_static,C,1,1,11,1,feasible,0.0,0.0,0.0,42,42.0,0.0,0.0,0,0,1,0.4523809523809524,19,263.0,1.0
low_compressibility,1,smoothed,none,0,1,11,1,feasible,0.0,0.0,0.0,42,42.0,0.0,0.0,0,0,1,0.4523809523809524,19,263.0,1.0
low_compressibility,1,static_min,none,0,1,12,1,feasible,0.0,0.0,0.0,42,42.0,0.0,0.0,0,0,1,0.4523809523809524,19,263.0,1.0
low_compressibility,1,capacity_aware_static,C,1,1,12,1,feasible,0.0,0.0,0.0,42,42.0,0.0,0.0,0,0,1,0.4523809523809524,19,263.0,1.0
low_compressibility,1,smoothed,none,0,1,12,1,feasible,0.0,0.0,0.0,42,42.0,0.0,0.0,0,0,1,0.4523809523809524,19,263.0,1.0
low_compressibility,1,static_min,none,0,1,13,1,feasible,0.0,0.0,0.0,42,42.0,0.0,0.0,0,0,1,0.4523809523809524,19,263.0,1.0
low_compressibility,1,capacity_aware_static,C,1,1,13,1,feasible,0.0,0.0,0.0,42,42.0,0.0,0.0,0,0,1,0.4523809523809524,19,263.0,1.0
low_compressibility,1,smoothed,none,0,1,13,1,feasible,0.0,0.0,0.0,42,42.0,0.0,0.0,0,0,1,0.4523809523809524,19,263.0,1.0
low_compressibility,1,static_min,none,0,1,14,1,feasible,0.0,0.0,0.0,42,42.0,0.0,0.0,0,0,1,0.4523809523809524,19,263.0,1.0
low_compressibility,1,capacity_aware_static,C,1,1,14,1,feasible,0.0,0.0,0.0,42,42.0,0.0,0.0,0,0,1,0.4523809523809524,19,263.0,1.0
low_compressibility,1,smoothed,none,0,1,14,1,feasible,0.0,0.0,0.0,42,42.0,0.0,0.0,0,0,1,0.4523809523809524,19,263.0,1.0
low_compressibility,1,static_min,none,0,1,15,1,feasible,0.0,0.0,0.0,42,42.0,0.0,0.0,0,0,1,0.4523809523809524,19,263.0,1.0
low_compressibility,1,capacity_aware_static,C,1,1,15,1,feasible,0.0,0.0,0.0,42,42.0,0.0,0.0,0,0,1,0.4523809523809524,19,263.0,1.0
low_compressibility,1,smoothed,none,0,1,15,1,feasible,0.0,0.0,0.0,42,42.0,0.0,0.0,0,0,1,0.4523809523809524,19,263.0,1.0
low_compressibility,1,static_min,none,0,2,0,1,feasible,0.0,0.0,0.0,42,42.0,0.0,0.0,0,0,1,0.4523809523809524,19,263.0,1.0
low_compressibility,1,capacity_aware_static,C,2,2,0,1,feasible,0.0,0.0,0.0,42,42.0,0.0,0.0,0,0,1,0.4523809523809524,19,263.0,1.0
low_compressibility,1,smoothed,none,0,2,0,1,feasible,0.0,0.0,0.0,42,42.0,0.0,0.0,0,0,1,0.4523809523809524,19,263.0,1.0
low_compressibility,1,static_min,none,0,2,1,1,feasible,0.0,0.0,0.0,42,42.0,0.0,0.0,0,0,1,0.4523809523809524,19,263.0,1.0
low_compressibility,1,capacity_aware_static,C,2,2,1,1,feasible,0.0,0.0,0.0,42,42.0,0.0,0.0,0,0,1,0.4523809523809524,19,263.0,1.0
low_compressibility,1,smoothed,none,0,2,1,1,feasible,0.0,0.0,0.0,42,42.0,0.0,0.0,0,0,1,0.4523809523809524,19,263.0,1.0
low_compressibility,1,static_min,none,0,2,2,1,feasible,0.0,0.0,0.0,42,42.0,0.0,0.0,0,0,1,0.4523809523809524,19,263.0,1.0
low_compressibility,1,capacity_aware_static,C,2,2,2,1,feasible,0.0,0.0,0.0,42,42.0,0.0,0.0,0,0,1,0.4523809523809524,19,263.0,1.0
low_compressibility,1,smoothed,none,0,2,2,1,feasible,0.0,0.0,0.0,42,42.0,0.0,0.0,0,0,1,0.4523809523809524,19,263.0,1.0
low_compressibility,1,static_min,none,0,2,3,1,feasible,0.0,0.0,0.0,42,42.0,0.0,0.0,0,0,1,0.4523809523809524,19,263.0,1.0
low_compressibility,1,capacity_aware_static,C,2,2,3,1,feasible,0.0,0.0,0.0,42,42.0,0.0,0.0,0,0,1,0.4523809523809524,19,263.0,1.0
low_compressibility,1,smoothed,none,0,2,3,1,feasible,0.0,0.0,0.0,42,42.0,0.0,0.0,0,0,1,0.4523809523809524,19,263.0,1.0
low_compressibility,1,static_min,none,0,2,4,1,feasible,0.0,0.0,0.0,42,42.0,0.0,0.0,0,0,1,0.4523809523809524,19,263.0,1.0
low_compressibility,1,capacity_aware_static,C,2,2,4,1,feasible,0.0,0.0,0.0,42,42.0,0.0,0.0,0,0,1,0.4523809523809524,19,263.0,1.0
low_compressibility,1,smoothed,none,0,2,4,1,feasible,0.0,0.0,0.0,42,42.0,0.0,0.0,0,0,1,0.4523809523809524,19,263.0,1.0
low_compressibility,1,static_min,none,0,2,5,1,feasible,0.0,0.0,0.0,42,42.0,0.0,0.0,0,0,1,0.4523809523809524,19,263.0,1.0
low_compressibility,1,capacity_aware_static,C,2,2,5,1,feasible,0.0,0.0,0.0,42,42.0,0.0,0.0,0,0,1,0.4523809523809524,19,263.0,1.0
low_compressibility,1,smoothed,none,0,2,5,1,feasible,0.0,0.0,0.0,42,42.0,0.0,0.0,0,0,1,0.4523809523809524,19,263.0,1.0
low_compressibility,1,static_min,none,0,2,6,1,feasible,0.0,0.0,0.0,42,42.0,0.0,0.0,0,0,1,0.4523809523809524,19,263.0,1.0
low_compressibility,1,capacity_aware_static,C,2,2,6,1,feasible,0.0,0.0,0.0,42,42.0,0.0,0.0,0,0,1,0.4523809523809524,19,263.0,1.0
low_compressibility,1,smoothed,none,0,2,6,1,feasible,0.0,0.0,0.0,42,42.0,0.0,0.0,0,0,1,0.4523809523809524,19,263.0,1.0
low_compressibility,1,static_min,none,0,2,7,1,feasible,0.0,0.0,0.0,42,42.0,0.0,0.0,0,0,1,0.4523809523809524,19,263.0,1.0
low_compressibility,1,capacity_aware_static,C,2,2,7,1,feasible,0.0,0.0,0.0,42,42.0,0.0,0.0,0,0,1,0.4523809523809524,19,263.0,1.0
low_compressibility,1,smoothed,none,0,2,7,1,feasible,0.0,0.0,0.0,42,42.0,0.0,0.0,0,0,1,0.4523809523809524,19,263.0,1.0
low_compressibility,1,static_min,none,0,2,8,1,feasible,0.0,0.0,0.0,42,42.0,0.0,0.0,0,0,1,0.4523809523809524,19,263.0,1.0
low_compressibility,1,capacity_aware_static,C,2,2,8,1,feasible,0.0,0.0,0.0,42,42.0,0.0,0.0,0,0,1,0.4523809523809524,19,263.0,1.0
low_compressibility,1,smoothed,none,0,2,8,1,feasible,0.0,0.0,0.0,42,42.0,0.0,0.0,0,0,1,0.4523809523809524,19,263.0,1.0
low_compressibility,1,static_min,none,0,2,9,1,feasible,0.0,0.0,0.0,42,42.0,0.0,0.0,0,0,1,0.4523809523809524,19,263.0,1.0
low_compressibility,1,capacity_aware_static,C,2,2,9,1,feasible,0.0,0.0,0.0,42,42.0,0.0,0.0,0,0,1,0.4523809523809524,19,263.0,1.0
low_compressibility,1,smoothed,none,0,2,9,1,feasible,0.0,0.0,0.0,42,42.0,0.0,0.0,0,0,1,0.4523809523809524,19,263.0,1.0
low_compressibility,1,static_min,none,0,2,10,1,feasible,0.0,0.0,0.0,42,42.0,0.0,0.0,0,0,1,0.4523809523809524,19,263.0,1.0
low_compressibility,1,capacity_aware_static,C,2,2,10,1,feasible,0.0,0.0,0.0,42,42.0,0.0,0.0,0,0,1,0.4523809523809524,19,263.0,1.0
low_compressibility,1,smoothed,none,0,2,10,1,feasible,0.0,0.0,0.0,42,42.0,0.0,0.0,0,0,1,0.4523809523809524,19,263.0,1.0
low_compressibility,1,static_min,none,0,2,11,1,feasible,0.0,0.0,0.0,42,42.0,0.0,0.0,0,0,1,0.4523809523809524,19,263.0,1.0
low_compressibility,1,capacity_aware_static,C,2,2,11,1,feasible,0.0,0.0,0.0,42,42.0,0.0,0.0,0,0,1,0.4523809523809524,19,263.0,1.0
low_compressibility,1,smoothed,none,0,2,11,1,feasible,0.0,0.0,0.0,42,42.0,0.0,0.0,0,0,1,0.4523809523809524,19,263.0,1.0
low_compressibility,1,static_min,none,0,2,12,1,feasible,0.0,0.0,0.0,42,42.0,0.0,0.0,0,0,1,0.4523809523809524,19,263.0,1.0
low_compressibility,1,capacity_aware_static,C,2,2,12,1,feasible,0.0,0.0,0.0,42,42.0,0.0,0.0,0,0,1,0.4523809523809524,19,263.0,1.0
low_compressibility,1,smoothed,none,0,2,12,1,feasible,0.0,0.0,0.0,42,42.0,0.0,0.0,0,0,1,0.4523809523809524,19,263.0,1.0
low_compressibility,1,static_min,none,0,2,13,1,feasible,0.0,0.0,0.0,42,42.0,0.0,0.0,0,0,1,0.4523809523809524,19,263.0,1.0
low_compressibility,1,capacity_aware_static,C,2,2,13,1,feasible,0.0,0.0,0.0,42,42.0,0.0,0.0,0,0,1,0.4523809523809524,19,263.0,1.0
low_compressibility,1,smoothed,none,0,2,13,1,feasible,0.0,0.0,0.0,42,42.0,0.0,0.0,0,0,1,0.4523809523809524,19,263.0,1.0
low_compressibility,1,static_min,none,0,2,14,1,feasible,0.0,0.0,0.0,42,42.0,0.0,0.0,0,0,1,0.4523809523809524,19,263.0,1.0
low_compressibility,1,capacity_aware_static,C,2,2,14,1,feasible,0.0,0.0,0.0,42,42.0,0.0,0.0,0,0,1,0.4523809523809524,19,263.0,1.0
low_compressibility,1,smoothed,none,0,2,14,1,feasible,0.0,0.0,0.0,42,42.0,0.0,0.0,0,0,1,0.4523809523809524,19,263.0,1.0
low_compressibility,1,static_min,none,0,2,15,1,feasible,0.0,0.0,0.0,42,42.0,0.0,0.0,0,0,1,0.4523809523809524,19,263.0,1.0
low_compressibility,1,capacity_aware_static,C,2,2,15,1,feasible,0.0,0.0,0.0,42,42.0,0.0,0.0,0,0,1,0.4523809523809524,19,263.0,1.0
low_compressibility,1,smoothed,none,0,2,15,1,feasible,0.0,0.0,0.0,42,42.0,0.0,0.0,0,0,1,0.4523809523809524,19,263.0,1.0
low_compressibility,1,static_min,none,0,3,0,1,feasible,0.0,0.0,0.0,42,42.0,0.0,0.0,0,0,1,0.4523809523809524,19,263.0,1.0
low_compressibility,1,capacity_aware_static,C,3,3,0,1,feasible,0.0,0.0,0.0,42,42.0,0.0,0.0,0,0,1,0.4523809523809524,19,263.0,1.0
low_compressibility,1,smoothed,none,0,3,0,1,feasible,0.0,0.0,0.0,42,42.0,0.0,0.0,0,0,1,0.4523809523809524,19,263.0,1.0
low_compressibility,1,static_min,none,0,3,1,1,feasible,0.0,0.0,0.0,42,42.0,0.0,0.0,0,0,1,0.4523809523809524,19,263.0,1.0
low_compressibility,1,capacity_aware_static,C,3,3,1,1,feasible,0.0,0.0,0.0,42,42.0,0.0,0.0,0,0,1,0.4523809523809524,19,263.0,1.0
low_compressibility,1,smoothed,none,0,3,1,1,feasible,0.0,0.0,0.0,42,42.0,0.0,0.0,0,0,1,0.4523809523809524,19,263.0,1.0
low_compressibility,1,static_min,none,0,3,2,1,feasible,0.0,0.0,0.0,42,42.0,0.0,0.0,0,0,1,0.4523809523809524,19,263.0,1.0
low_compressibility,1,capacity_aware_static,C,3,3,2,1,feasible,0.0,0.0,0.0,42,42.0,0.0,0.0,0,0,1,0.4523809523809524,19,263.0,1.0
low_compressibility,1,smoothed,none,0,3,2,1,feasible,0.0,0.0,0.0,42,42.0,0.0,0.0,0,0,1,0.4523809523809524,19,263.0,1.0
low_compressibility,1,static_min,none,0,3,3,1,feasible,0.0,0.0,0.0,42,42.0,0.0,0.0,0,0,1,0.4523809523809524,19,263.0,1.0
low_compressibility,1,capacity_aware_static,C,3,3,3,1,feasible,0.0,0.0,0.0,42,42.0,0.0,0.0,0,0,1,0.4523809523809524,19,263.0,1.0
low_compressibility,1,smoothed,none,0,3,3,1,feasible,0.0,0.0,0.0,42,42.0,0.0,0.0,0,0,1,0.4523809523809524,19,263.0,1.0
low_compressibility,1,static_min,none,0,3,4,1,feasible,0.0,0.0,0.0,42,42.0,0.0,0.0,0,0,1,0.4523809523809524,19,263.0,1.0
low_compressibility,1,capacity_aware_static,C,3,3,4,1,feasible,0.0,0.0,0.0,42,42.0,0.0,0.0,0,0,1,0.4523809523809524,19,263.0,1.0
low_compressibility,1,smoothed,none,0,3,4,1,feasible,0.0,0.0,0.0,42,42.0,0.0,0.0,0,0,1,0.4523809523809524,19,263.0,1.0
low_compressibility,1,static_min,none,0,3,5,1,feasible,0.0,0.0,0.0,42,42.0,0.0,0.0,0,0,1,0.4523809523809524,19,263.0,1.0
low_compressibility,1,capacity_aware_static,C,3,3,5,1,feasible,0.0,0.0,0.0,42,42.0,0.0,0.0,0,0,1,0.4523809523809524,19,263.0,1.0
low_compressibility,1,smoothed,none,0,3,5,1,feasible,0.0,0.0,0.0,42,42.0,0.0,0.0,0,0,1,0.4523809523809524,19,263.0,1.0
low_compressibility,1,static_min,none,0,3,6,1,feasible,0.0,0.0,0.0,42,42.0,0.0,0.0,0,0,1,0.4523809523809524,19,263.0,1.0
low_compressibility,1,capacity_aware_static,C,3,3,6,1,feasible,0.0,0.0,0.0,42,42.0,0.0,0.0,0,0,1,0.4523809523809524,19,263.0,1.0
low_compressibility,1,smoothed,none,0,3,6,1,feasible,0.0,0.0,0.0,42,42.0,0.0,0.0,0,0,1,0.4523809523809524,19,263.0,1.0
low_compressibility,1,static_min,none,0,3,7,1,feasible,0.0,0.0,0.0,42,42.0,0.0,0.0,0,0,1,0.4523809523809524,19,263.0,1.0
low_compressibility,1,capacity_aware_static,C,3,3,7,1,feasible,0.0,0.0,0.0,42,42.0,0.0,0.0,0,0,1,0.4523809523809524,19,263.0,1.0
low_compressibility,1,smoothed,none,0,3,7,1,feasible,0.0,0.0,0.0,42,42.0,0.0,0.0,0,0,1,0.4523809523809524,19,263.0,1.0
low_compressibility,1,static_min,none,0,3,8,1,feasible,0.0,0.0,0.0,42,42.0,0.0,0.0,0,0,1,0.4523809523809524,19,263.0,1.0
low_compressibility,1,capacity_aware_static,C,3,3,8,1,feasible,0.0,0.0,0.0,42,42.0,0.0,0.0,0,0,1,0.4523809523809524,19,263.0,1.0
low_compressibility,1,smoothed,none,0,3,8,1,feasible,0.0,0.0,0.0,42,42.0,0.0,0.0,0,0,1,0.4523809523809524,19,263.0,1.0
low_compressibility,1,static_min,none,0,3,9,1,feasible,0.0,0.0,0.0,42,42.0,0.0,0.0,0,0,1,0.4523809523809524,19,263.0,1.0
low_compressibility,1,capacity_aware_static,C,3,3,9,1,feasible,0.0,0.0,0.0,42,42.0,0.0,0.0,0,0,1,0.4523809523809524,19,263.0,1.0
low_compressibility,1,smoothed,none,0,3,9,1,feasible,0.0,0.0,0.0,42,42.0,0.0,0.0,0,0,1,0.4523809523809524,19,263.0,1.0
low_compressibility,1,static_min,none,0,3,10,1,feasible,0.0,0.0,0.0,42,42.0,0.0,0.0,0,0,1,0.4523809523809524,19,263.0,1.0
low_compressibility,1,capacity_aware_static,C,3,3,10,1,feasible,0.0,0.0,0.0,42,42.0,0.0,0.0,0,0,1,0.4523809523809524,19,263.0,1.0
low_compressibility,1,smoothed,none,0,3,10,1,feasible,0.0,0.0,0.0,42,42.0,0.0,0.0,0,0,1,0.4523809523809524,19,263.0,1.0
low_compressibility,1,static_min,none,0,3,11,1,feasible,0.0,0.0,0.0,42,42.0,0.0,0.0,0,0,1,0.4523809523809524,19,263.0,1.0
low_compressibility,1,capacity_aware_static,C,3,3,11,1,feasible,0.0,0.0,0.0,42,42.0,0.0,0.0,0,0,1,0.4523809523809524,19,263.0,1.0
low_compressibility,1,smoothed,none,0,3,11,1,feasible,0.0,0.0,0.0,42,42.0,0.0,0.0,0,0,1,0.4523809523809524,19,263.0,1.0
low_compressibility,1,static_min,none,0,3,12,1,feasible,0.0,0.0,0.0,42,42.0,0.0,0.0,0,0,1,0.4523809523809524,19,263.0,1.0
low_compressibility,1,capacity_aware_static,C,3,3,12,1,feasible,0.0,0.0,0.0,42,42.0,0.0,0.0,0,0,1,0.4523809523809524,19,263.0,1.0
low_compressibility,1,smoothed,none,0,3,12,1,feasible,0.0,0.0,0.0,42,42.0,0.0,0.0,0,0,1,0.4523809523809524,19,263.0,1.0
low_compressibility,1,static_min,none,0,3,13,1,feasible,0.0,0.0,0.0,42,42.0,0.0,0.0,0,0,1,0.4523809523809524,19,263.0,1.0
low_compressibility,1,capacity_aware_static,C,3,3,13,1,feasible,0.0,0.0,0.0,42,42.0,0.0,0.0,0,0,1,0.4523809523809524,19,263.0,1.0
low_compressibility,1,smoothed,none,0,3,13,1,feasible,0.0,0.0,0.0,42,42.0,0.0,0.0,0,0,1,0.4523809523809524,19,263.0,1.0
low_compressibility,1,static_min,none,0,3,14,1,feasible,0.0,0.0,0.0,42,42.0,0.0,0.0,0,0,1,0.4523809523809524,19,263.0,1.0
low_compressibility,1,capacity_aware_static,C,3,3,14,1,feasible,0.0,0.0,0.0,42,42.0,0.0,0.0,0,0,1,0.4523809523809524,19,263.0,1.0
low_compressibility,1,smoothed,none,0,3,14,1,feasible,0.0,0.0,0.0,42,42.0,0.0,0.0,0,0,1,0.4523809523809524,19,263.0,1.0
low_compressibility,1,static_min,none,0,3,15,1,feasible,0.0,0.0,0.0,42,42.0,0.0,0.0,0,0,1,0.4523809523809524,19,263.0,1.0
low_compressibility,1,capacity_aware_static,C,3,3,15,1,feasible,0.0,0.0,0.0,42,42.0,0.0,0.0,0,0,1,0.4523809523809524,19,263.0,1.0
low_compressibility,1,smoothed,none,0,3,15,1,feasible,0.0,0.0,0.0,42,42.0,0.0,0.0,0,0,1,0.4523809523809524,19,263.0,1.0
low_compressibility,1,static_min,none,0,4,0,1,feasible,0.0,0.0,0.0,42,42.0,0.0,0.0,0,0,1,0.4523809523809524,19,263.0,1.0
low_compressibility,1,capacity_aware_static,C,4,4,0,1,feasible,0.0,0.0,0.0,42,42.0,0.0,0.0,0,0,1,0.4523809523809524,19,263.0,1.0
low_compressibility,1,smoothed,none,0,4,0,1,feasible,0.0,0.0,0.0,42,42.0,0.0,0.0,0,0,1,0.4523809523809524,19,263.0,1.0
low_compressibility,1,static_min,none,0,4,1,1,feasible,0.0,0.0,0.0,42,42.0,0.0,0.0,0,0,1,0.4523809523809524,19,263.0,1.0
low_compressibility,1,capacity_aware_static,C,4,4,1,1,feasible,0.0,0.0,0.0,42,42.0,0.0,0.0,0,0,1,0.4523809523809524,19,263.0,1.0
low_compressibility,1,smoothed,none,0,4,1,1,feasible,0.0,0.0,0.0,42,42.0,0.0,0.0,0,0,1,0.4523809523809524,19,263.0,1.0
low_compressibility,1,static_min,none,0,4,2,1,feasible,0.0,0.0,0.0,42,42.0,0.0,0.0,0,0,1,0.4523809523809524,19,263.0,1.0
low_compressibility,1,capacity_aware_static,C,4,4,2,1,feasible,0.0,0.0,0.0,42,42.0,0.0,0.0,0,0,1,0.4523809523809524,19,263.0,1.0
low_compressibility,1,smoothed,none,0,4,2,1,feasible,0.0,0.0,0.0,42,42.0,0.0,0.0,0,0,1,0.4523809523809524,19,263.0,1.0
low_compressibility,1,static_min,none,0,4,3,1,feasible,0.0,0.0,0.0,42,42.0,0.0,0.0,0,0,1,0.4523809523809524,19,263.0,1.0
low_compressibility,1,capacity_aware_static,C,4,4,3,1,feasible,0.0,0.0,0.0,42,42.0,0.0,0.0,0,0,1,0.4523809523809524,19,263.0,1.0
low_compressibility,1,smoothed,none,0,4,3,1,feasible,0.0,0.0,0.0,42,42.0,0.0,0.0,0,0,1,0.4523809523809524,19,263.0,1.0
low_compressibility,1,static_min,none,0,4,4,1,feasible,0.0,0.0,0.0,42,42.0,0.0,0.0,0,0,1,0.4523809523809524,19,263.0,1.0
low_compressibility,1,capacity_aware_static,C,4,4,4,1,feasible,0.0,0.0,0.0,42,42.0,0.0,0.0,0,0,1,0.4523809523809524,19,263.0,1.0
low_compressibility,1,smoothed,none,0,4,4,1,feasible,0.0,0.0,0.0,42,42.0,0.0,0.0,0,0,1,0.4523809523809524,19,263.0,1.0
low_compressibility,1,static_min,none,0,4,5,1,feasible,0.0,0.0,0.0,42,42.0,0.0,0.0,0,0,1,0.4523809523809524,19,263.0,1.0
low_compressibility,1,capacity_aware_static,C,4,4,5,1,feasible,0.0,0.0,0.0,42,42.0,0.0,0.0,0,0,1,0.4523809523809524,19,263.0,1.0
low_compressibility,1,smoothed,none,0,4,5,1,feasible,0.0,0.0,0.0,42,42.0,0.0,0.0,0,0,1,0.4523809523809524,19,263.0,1.0
low_compressibility,1,static_min,none,0,4,6,1,feasible,0.0,0.0,0.0,42,42.0,0.0,0.0,0,0,1,0.4523809523809524,19,263.0,1.0
low_compressibility,1,capacity_aware_static,C,4,4,6,1,feasible,0.0,0.0,0.0,42,42.0,0.0,0.0,0,0,1,0.4523809523809524,19,263.0,1.0
low_compressibility,1,smoothed,none,0,4,6,1,feasible,0.0,0.0,0.0,42,42.0,0.0,0.0,0,0,1,0.4523809523809524,19,263.0,1.0
low_compressibility,1,static_min,none,0,4,7,1,feasible,0.0,0.0,0.0,42,42.0,0.0,0.0,0,0,1,0.4523809523809524,19,263.0,1.0
low_compressibility,1,capacity_aware_static,C,4,4,7,1,feasible,0.0,0.0,0.0,42,42.0,0.0,0.0,0,0,1,0.4523809523809524,19,263.0,1.0
low_compressibility,1,smoothed,none,0,4,7,1,feasible,0.0,0.0,0.0,42,42.0,0.0,0.0,0,0,1,0.4523809523809524,19,263.0,1.0
low_compressibility,1,static_min,none,0,4,8,1,feasible,0.0,0.0,0.0,42,42.0,0.0,0.0,0,0,1,0.4523809523809524,19,263.0,1.0
low_compressibility,1,capacity_aware_static,C,4,4,8,1,feasible,0.0,0.0,0.0,42,42.0,0.0,0.0,0,0,1,0.4523809523809524,19,263.0,1.0
low_compressibility,1,smoothed,none,0,4,8,1,feasible,0.0,0.0,0.0,42,42.0,0.0,0.0,0,0,1,0.4523809523809524,19,263.0,1.0
low_compressibility,1,static_min,none,0,4,9,1,feasible,0.0,0.0,0.0,42,42.0,0.0,0.0,0,0,1,0.4523809523809524,19,263.0,1.0
low_compressibility,1,capacity_aware_static,C,4,4,9,1,feasible,0.0,0.0,0.0,42,42.0,0.0,0.0,0,0,1,0.4523809523809524,19,263.0,1.0
low_compressibility,1,smoothed,none,0,4,9,1,feasible,0.0,0.0,0.0,42,42.0,0.0,0.0,0,0,1,0.4523809523809524,19,263.0,1.0
low_compressibility,1,static_min,none,0,4,10,1,feasible,0.0,0.0,0.0,42,42.0,0.0,0.0,0,0,1,0.4523809523809524,19,263.0,1.0
low_compressibility,1,capacity_aware_static,C,4,4,10,1,feasible,0.0,0.0,0.0,42,42.0,0.0,0.0,0,0,1,0.4523809523809524,19,263.0,1.0
low_compressibility,1,smoothed,none,0,4,10,1,feasible,0.0,0.0,0.0,42,42.0,0.0,0.0,0,0,1,0.4523809523809524,19,263.0,1.0
low_compressibility,1,static_min,none,0,4,11,1,feasible,0.0,0.0,0.0,42,42.0,0.0,0.0,0,0,1,0.4523809523809524,19,263.0,1.0
low_compressibility,1,capacity_aware_static,C,4,4,11,1,feasible,0.0,0.0,0.0,42,42.0,0.0,0.0,0,0,1,0.4523809523809524,19,263.0,1.0
low_compressibility,1,smoothed,none,0,4,11,1,feasible,0.0,0.0,0.0,42,42.0,0.0,0.0,0,0,1,0.4523809523809524,19,263.0,1.0
low_compressibility,1,static_min,none,0,4,12,1,feasible,0.0,0.0,0.0,42,42.0,0.0,0.0,0,0,1,0.4523809523809524,19,263.0,1.0
low_compressibility,1,capacity_aware_static,C,4,4,12,1,feasible,0.0,0.0,0.0,42,42.0,0.0,0.0,0,0,1,0.4523809523809524,19,263.0,1.0
low_compressibility,1,smoothed,none,0,4,12,1,feasible,0.0,0.0,0.0,42,42.0,0.0,0.0,0,0,1,0.4523809523809524,19,263.0,1.0
low_compressibility,1,static_min,none,0,4,13,1,feasible,0.0,0.0,0.0,42,42.0,0.0,0.0,0,0,1,0.4523809523809524,19,263.0,1.0
low_compressibility,1,capacity_aware_static,C,4,4,13,1,feasible,0.0,0.0,0.0,42,42.0,0.0,0.0,0,0,1,0.4523809523809524,19,263.0,1.0
low_compressibility,1,smoothed,none,0,4,13,1,feasible,0.0,0.0,0.0,42,42.0,0.0,0.0,0,0,1,0.4523809523809524,19,263.0,1.0
low_compressibility,1,static_min,none,0,4,14,1,feasible,0.0,0.0,0.0,42,42.0,0.0,0.0,0,0,1,0.4523809523809524,19,263.0,1.0
low_compressibility,1,capacity_aware_static,C,4,4,14,1,feasible,0.0,0.0,0.0,42,42.0,0.0,0.0,0,0,1,0.4523809523809524,19,263.0,1.0
low_compressibility,1,smoothed,none,0,4,14,1,feasible,0.0,0.0,0.0,42,42.0,0.0,0.0,0,0,1,0.4523809523809524,19,263.0,1.0
low_compressibility,1,static_min,none,0,4,15,1,feasible,0.0,0.0,0.0,42,42.0,0.0,0.0,0,0,1,0.4523809523809524,19,263.0,1.0
low_compressibility,1,capacity_aware_static,C,4,4,15,1,feasible,0.0,0.0,0.0,42,42.0,0.0,0.0,0,0,1,0.4523809523809524,19,263.0,1.0
low_compressibility,1,smoothed,none,0,4,15,1,feasible,0.0,0.0,0.0,42,42.0,0.0,0.0,0,0,1,0.4523809523809524,19,263.0,1.0
low_compressibility,1,static_min,none,0,5,0,1,feasible,0.0,0.0,0.0,42,42.0,0.0,0.0,0,0,1,0.4523809523809524,19,263.0,1.0
low_compressibility,1,capacity_aware_static,C,5,5,0,1,feasible,0.0,0.0,0.0,42,42.0,0.0,0.0,0,0,1,0.4523809523809524,19,263.0,1.0
low_compressibility,1,smoothed,none,0,5,0,1,feasible,0.0,0.0,0.0,42,42.0,0.0,0.0,0,0,1,0.4523809523809524,19,263.0,1.0
low_compressibility,1,static_min,none,0,5,1,1,feasible,0.0,0.0,0.0,42,42.0,0.0,0.0,0,0,1,0.4523809523809524,19,263.0,1.0
low_compressibility,1,capacity_aware_static,C,5,5,1,1,feasible,0.0,0.0,0.0,42,42.0,0.0,0.0,0,0,1,0.4523809523809524,19,263.0,1.0
low_compressibility,1,smoothed,none,0,5,1,1,feasible,0.0,0.0,0.0,42,42.0,0.0,0.0,0,0,1,0.4523809523809524,19,263.0,1.0
low_compressibility,1,static_min,none,0,5,2,1,feasible,0.0,0.0,0.0,42,42.0,0.0,0.0,0,0,1,0.4523809523809524,19,263.0,1.0
low_compressibility,1,capacity_aware_static,C,5,5,2,1,feasible,0.0,0.0,0.0,42,42.0,0.0,0.0,0,0,1,0.4523809523809524,19,263.0,1.0
low_compressibility,1,smoothed,none,0,5,2,1,feasible,0.0,0.0,0.0,42,42.0,0.0,0.0,0,0,1,0.4523809523809524,19,263.0,1.0
low_compressibility,1,static_min,none,0,5,3,1,feasible,0.0,0.0,0.0,42,42.0,0.0,0.0,0,0,1,0.4523809523809524,19,263.0,1.0
low_compressibility,1,capacity_aware_static,C,5,5,3,1,feasible,0.0,0.0,0.0,42,42.0,0.0,0.0,0,0,1,0.4523809523809524,19,263.0,1.0
low_compressibility,1,smoothed,none,0,5,3,1,feasible,0.0,0.0,0.0,42,42.0,0.0,0.0,0,0,1,0.4523809523809524,19,263.0,1.0
low_compressibility,1,static_min,none,0,5,4,1,feasible,0.0,0.0,0.0,42,42.0,0.0,0.0,0,0,1,0.4523809523809524,19,263.0,1.0
low_compressibility,1,capacity_aware_static,C,5,5,4,1,feasible,0.0,0.0,0.0,42,42.0,0.0,0.0,0,0,1,0.4523809523809524,19,263.0,1.0
low_compressibility,1,smoothed,none,0,5,4,1,feasible,0.0,0.0,0.0,42,42.0,0.0,0.0,0,0,1,0.4523809523809524,19,263.0,1.0
low_compressibility,1,static_min,none,0,5,5,1,feasible,0.0,0.0,0.0,42,42.0,0.0,0.0,0,0,1,0.4523809523809524,19,263.0,1.0
low_compressibility,1,capacity_aware_static,C,5,5,5,1,feasible,0.0,0.0,0.0,42,42.0,0.0,0.0,0,0,1,0.4523809523809524,19,263.0,1.0
low_compressibility,1,smoothed,none,0,5,5,1,feasible,0.0,0.0,0.0,42,42.0,0.0,0.0,0,0,1,0.4523809523809524,19,263.0,1.0
low_compressibility,1,static_min,none,0,5,6,1,feasible,0.0,0.0,0.0,42,42.0,0.0,0.0,0,0,1,0.4523809523809524,19,263.0,1.0
low_compressibility,1,capacity_aware_static,C,5,5,6,1,feasible,0.0,0.0,0.0,42,42.0,0.0,0.0,0,0,1,0.4523809523809524,19,263.0,1.0
low_compressibility,1,smoothed,none,0,5,6,1,feasible,0.0,0.0,0.0,42,42.0,0.0,0.0,0,0,1,0.4523809523809524,19,263.0,1.0
low_compressibility,1,static_min,none,0,5,7,1,feasible,0.0,0.0,0.0,42,42.0,0.0,0.0,0,0,1,0.4523809523809524,19,263.0,1.0
low_compressibility,1,capacity_aware_static,C,5,5,7,1,feasible,0.0,0.0,0.0,42,42.0,0.0,0.0,0,0,1,0.4523809523809524,19,263.0,1.0
low_compressibility,1,smoothed,none,0,5,7,1,feasible,0.0,0.0,0.0,42,42.0,0.0,0.0,0,0,1,0.4523809523809524,19,263.0,1.0
low_compressibility,1,static_min,none,0,5,8,1,feasible,0.0,0.0,0.0,42,42.0,0.0,0.0,0,0,1,0.4523809523809524,19,263.0,1.0
low_compressibility,1,capacity_aware_static,C,5,5,8,1,feasible,0.0,0.0,0.0,42,42.0,0.0,0.0,0,0,1,0.4523809523809524,19,263.0,1.0
low_compressibility,1,smoothed,none,0,5,8,1,feasible,0.0,0.0,0.0,42,42.0,0.0,0.0,0,0,1,0.4523809523809524,19,263.0,1.0
low_compressibility,1,static_min,none,0,5,9,1,feasible,0.0,0.0,0.0,42,42.0,0.0,0.0,0,0,1,0.4523809523809524,19,263.0,1.0
low_compressibility,1,capacity_aware_static,C,5,5,9,1,feasible,0.0,0.0,0.0,42,42.0,0.0,0.0,0,0,1,0.4523809523809524,19,263.0,1.0
low_compressibility,1,smoothed,none,0,5,9,1,feasible,0.0,0.0,0.0,42,42.0,0.0,0.0,0,0,1,0.4523809523809524,19,263.0,1.0
low_compressibility,1,static_min,none,0,5,10,1,feasible,0.0,0.0,0.0,42,42.0,0.0,0.0,0,0,1,0.4523809523809524,19,263.0,1.0
low_compressibility,1,capacity_aware_static,C,5,5,10,1,feasible,0.0,0.0,0.0,42,42.0,0.0,0.0,0,0,1,0.4523809523809524,19,263.0,1.0
low_compressibility,1,smoothed,none,0,5,10,1,feasible,0.0,0.0,0.0,42,42.0,0.0,0.0,0,0,1,0.4523809523809524,19,263.0,1.0
low_compressibility,1,static_min,none,0,5,11,1,feasible,0.0,0.0,0.0,42,42.0,0.0,0.0,0,0,1,0.4523809523809524,19,263.0,1.0
low_compressibility,1,capacity_aware_static,C,5,5,11,1,feasible,0.0,0.0,0.0,42,42.0,0.0,0.0,0,0,1,0.4523809523809524,19,263.0,1.0
low_compressibility,1,smoothed,none,0,5,11,1,feasible,0.0,0.0,0.0,42,42.0,0.0,0.0,0,0,1,0.4523809523809524,19,263.0,1.0
low_compressibility,1,static_min,none,0,5,12,1,feasible,0.0,0.0,0.0,42,42.0,0.0,0.0,0,0,1,0.4523809523809524,19,263.0,1.0
low_compressibility,1,capacity_aware_static,C,5,5,12,1,feasible,0.0,0.0,0.0,42,42.0,0.0,0.0,0,0,1,0.4523809523809524,19,263.0,1.0
low_compressibility,1,smoothed,none,0,5,12,1,feasible,0.0,0.0,0.0,42,42.0,0.0,0.0,0,0,1,0.4523809523809524,19,263.0,1.0
low_compressibility,1,static_min,none,0,5,13,1,feasible,0.0,0.0,0.0,42,42.0,0.0,0.0,0,0,1,0.4523809523809524,19,263.0,1.0
low_compressibility,1,capacity_aware_static,C,5,5,13,1,feasible,0.0,0.0,0.0,42,42.0,0.0,0.0,0,0,1,0.4523809523809524,19,263.0,1.0
low_compressibility,1,smoothed,none,0,5,13,1,feasible,0.0,0.0,0.0,42,42.0,0.0,0.0,0,0,1,0.4523809523809524,19,263.0,1.0
low_compressibility,1,static_min,none,0,5,14,1,feasible,0.0,0.0,0.0,42,42.0,0.0,0.0,0,0,1,0.4523809523809524,19,263.0,1.0
low_compressibility,1,capacity_aware_static,C,5,5,14,1,feasible,0.0,0.0,0.0,42,42.0,0.0,0.0,0,0,1,0.4523809523809524,19,263.0,1.0
low_compressibility,1,smoothed,none,0,5,14,1,feasible,0.0,0.0,0.0,42,42.0,0.0,0.0,0,0,1,0.4523809523809524,19,263.0,1.0
low_compressibility,1,static_min,none,0,5,15,1,feasible,0.0,0.0,0.0,42,42.0,0.0,0.0,0,0,1,0.4523809523809524,19,263.0,1.0
low_compressibility,1,capacity_aware_static,C,5,5,15,1,feasible,0.0,0.0,0.0,42,42.0,0.0,0.0,0,0,1,0.4523809523809524,19,263.0,1.0
low_compressibility,1,smoothed,none,0,5,15,1,feasible,0.0,0.0,0.0,42,42.0,0.0,0.0,0,0,1,0.4523809523809524,19,263.0,1.0
low_compressibility,1,static_min,none,0,6,0,1,feasible,0.0,0.0,0.0,42,42.0,0.0,0.0,0,0,1,0.4523809523809524,19,263.0,1.0
low_compressibility,1,capacity_aware_static,C,6,6,0,1,feasible,0.0,0.0,0.0,42,42.0,0.0,0.0,0,0,1,0.4523809523809524,19,263.0,1.0
low_compressibility,1,smoothed,none,0,6,0,1,feasible,0.0,0.0,0.0,42,42.0,0.0,0.0,0,0,1,0.4523809523809524,19,263.0,1.0
low_compressibility,1,static_min,none,0,6,1,1,feasible,0.0,0.0,0.0,42,42.0,0.0,0.0,0,0,1,0.4523809523809524,19,263.0,1.0
low_compressibility,1,capacity_aware_static,C,6,6,1,1,feasible,0.0,0.0,0.0,42,42.0,0.0,0.0,0,0,1,0.4523809523809524,19,263.0,1.0
low_compressibility,1,smoothed,none,0,6,1,1,feasible,0.0,0.0,0.0,42,42.0,0.0,0.0,0,0,1,0.4523809523809524,19,263.0,1.0
low_compressibility,1,static_min,none,0,6,2,1,feasible,0.0,0.0,0.0,42,42.0,0.0,0.0,0,0,1,0.4523809523809524,19,263.0,1.0
low_compressibility,1,capacity_aware_static,C,6,6,2,1,feasible,0.0,0.0,0.0,42,42.0,0.0,0.0,0,0,1,0.4523809523809524,19,263.0,1.0
low_compressibility,1,smoothed,none,0,6,2,1,feasible,0.0,0.0,0.0,42,42.0,0.0,0.0,0,0,1,0.4523809523809524,19,263.0,1.0
low_compressibility,1,static_min,none,0,6,3,1,feasible,0.0,0.0,0.0,42,42.0,0.0,0.0,0,0,1,0.4523809523809524,19,263.0,1.0
low_compressibility,1,capacity_aware_static,C,6,6,3,1,feasible,0.0,0.0,0.0,42,42.0,0.0,0.0,0,0,1,0.4523809523809524,19,263.0,1.0
low_compressibility,1,smoothed,none,0,6,3,1,feasible,0.0,0.0,0.0,42,42.0,0.0,0.0,0,0,1,0.4523809523809524,19,263.0,1.0
low_compressibility,1,static_min,none,0,6,4,1,feasible,0.0,0.0,0.0,42,42.0,0.0,0.0,0,0,1,0.4523809523809524,19,263.0,1.0
low_compressibility,1,capacity_aware_static,C,6,6,4,1,feasible,0.0,0.0,0.0,42,42.0,0.0,0.0,0,0,1,0.4523809523809524,19,263.0,1.0
low_compressibility,1,smoothed,none,0,6,4,1,feasible,0.0,0.0,0.0,42,42.0,0.0,0.0,0,0,1,0.4523809523809524,19,263.0,1.0
low_compressibility,1,static_min,none,0,6,5,1,feasible,0.0,0.0,0.0,42,42.0,0.0,0.0,0,0,1,0.4523809523809524,19,263.0,1.0
low_compressibility,1,capacity_aware_static,C,6,6,5,1,feasible,0.0,0.0,0.0,42,42.0,0.0,0.0,0,0,1,0.4523809523809524,19,263.0,1.0
low_compressibility,1,smoothed,none,0,6,5,1,feasible,0.0,0.0,0.0,42,42.0,0.0,0.0,0,0,1,0.4523809523809524,19,263.0,1.0
low_compressibility,1,static_min,none,0,6,6,1,feasible,0.0,0.0,0.0,42,42.0,0.0,0.0,0,0,1,0.4523809523809524,19,263.0,1.0
low_compressibility,1,capacity_aware_static,C,6,6,6,1,feasible,0.0,0.0,0.0,42,42.0,0.0,0.0,0,0,1,0.4523809523809524,19,263.0,1.0
low_compressibility,1,smoothed,none,0,6,6,1,feasible,0.0,0.0,0.0,42,42.0,0.0,0.0,0,0,1,0.4523809523809524,19,263.0,1.0
low_compressibility,1,static_min,none,0,6,7,1,feasible,0.0,0.0,0.0,42,42.0,0.0,0.0,0,0,1,0.4523809523809524,19,263.0,1.0
low_compressibility,1,capacity_aware_static,C,6,6,7,1,feasible,0.0,0.0,0.0,42,42.0,0.0,0.0,0,0,1,0.4523809523809524,19,263.0,1.0
low_compressibility,1,smoothed,none,0,6,7,1,feasible,0.0,0.0,0.0,42,42.0,0.0,0.0,0,0,1,0.4523809523809524,19,263.0,1.0
low_compressibility,1,static_min,none,0,6,8,1,feasible,0.0,0.0,0.0,42,42.0,0.0,0.0,0,0,1,0.4523809523809524,19,263.0,1.0
low_compressibility,1,capacity_aware_static,C,6,6,8,1,feasible,0.0,0.0,0.0,42,42.0,0.0,0.0,0,0,1,0.4523809523809524,19,263.0,1.0
low_compressibility,1,smoothed,none,0,6,8,1,feasible,0.0,0.0,0.0,42,42.0,0.0,0.0,0,0,1,0.4523809523809524,19,263.0,1.0
low_compressibility,1,static_min,none,0,6,9,1,feasible,0.0,0.0,0.0,42,42.0,0.0,0.0,0,0,1,0.4523809523809524,19,263.0,1.0
low_compressibility,1,capacity_aware_static,C,6,6,9,1,feasible,0.0,0.0,0.0,42,42.0,0.0,0.0,0,0,1,0.4523809523809524,19,263.0,1.0
low_compressibility,1,smoothed,none,0,6,9,1,feasible,0.0,0.0,0.0,42,42.0,0.0,0.0,0,0,1,0.4523809523809524,19,263.0,1.0
low_compressibility,1,static_min,none,0,6,10,1,feasible,0.0,0.0,0.0,42,42.0,0.0,0.0,0,0,1,0.4523809523809524,19,263.0,1.0
low_compressibility,1,capacity_aware_static,C,6,6,10,1,feasible,0.0,0.0,0.0,42,42.0,0.0,0.0,0,0,1,0.4523809523809524,19,263.0,1.0
low_compressibility,1,smoothed,none,0,6,10,1,feasible,0.0,0.0,0.0,42,42.0,0.0,0.0,0,0,1,0.4523809523809524,19,263.0,1.0
low_compressibility,1,static_min,none,0,6,11,1,feasible,0.0,0.0,0.0,42,42.0,0.0,0.0,0,0,1,0.4523809523809524,19,263.0,1.0
low_compressibility,1,capacity_aware_static,C,6,6,11,1,feasible,0.0,0.0,0.0,42,42.0,0.0,0.0,0,0,1,0.4523809523809524,19,263.0,1.0
low_compressibility,1,smoothed,none,0,6,11,1,feasible,0.0,0.0,0.0,42,42.0,0.0,0.0,0,0,1,0.4523809523809524,19,263.0,1.0
low_compressibility,1,static_min,none,0,6,12,1,feasible,0.0,0.0,0.0,42,42.0,0.0,0.0,0,0,1,0.4523809523809524,19,263.0,1.0
low_compressibility,1,capacity_aware_static,C,6,6,12,1,feasible,0.0,0.0,0.0,42,42.0,0.0,0.0,0,0,1,0.4523809523809524,19,263.0,1.0
low_compressibility,1,smoothed,none,0,6,12,1,feasible,0.0,0.0,0.0,42,42.0,0.0,0.0,0,0,1,0.4523809523809524,19,263.0,1.0
low_compressibility,1,static_min,none,0,6,13,1,feasible,0.0,0.0,0.0,42,42.0,0.0,0.0,0,0,1,0.4523809523809524,19,263.0,1.0
low_compressibility,1,capacity_aware_static,C,6,6,13,1,feasible,0.0,0.0,0.0,42,42.0,0.0,0.0,0,0,1,0.4523809523809524,19,263.0,1.0
low_compressibility,1,smoothed,none,0,6,13,1,feasible,0.0,0.0,0.0,42,42.0,0.0,0.0,0,0,1,0.4523809523809524,19,263.0,1.0
low_compressibility,1,static_min,none,0,6,14,1,feasible,0.0,0.0,0.0,42,42.0,0.0,0.0,0,0,1,0.4523809523809524,19,263.0,1.0
low_compressibility,1,capacity_aware_static,C,6,6,14,1,feasible,0.0,0.0,0.0,42,42.0,0.0,0.0,0,0,1,0.4523809523809524,19,263.0,1.0
low_compressibility,1,smoothed,none,0,6,14,1,feasible,0.0,0.0,0.0,42,42.0,0.0,0.0,0,0,1,0.4523809523809524,19,263.0,1.0
low_compressibility,1,static_min,none,0,6,15,1,feasible,0.0,0.0,0.0,42,42.0,0.0,0.0,0,0,1,0.4523809523809524,19,263.0,1.0
low_compressibility,1,capacity_aware_static,C,6,6,15,1,feasible,0.0,0.0,0.0,42,42.0,0.0,0.0,0,0,1,0.4523809523809524,19,263.0,1.0
low_compressibility,1,smoothed,none,0,6,15,1,feasible,0.0,0.0,0.0,42,42.0,0.0,0.0,0,0,1,0.4523809523809524,19,263.0,1.0
low_compressibility,1,static_min,none,0,7,0,1,feasible,0.0,0.0,0.0,42,42.0,0.0,0.0,0,0,1,0.4523809523809524,19,263.0,1.0
low_compressibility,1,capacity_aware_static,C,7,7,0,1,feasible,0.0,0.0,0.0,42,42.0,0.0,0.0,0,0,1,0.4523809523809524,19,263.0,1.0
low_compressibility,1,smoothed,none,0,7,0,1,feasible,0.0,0.0,0.0,42,42.0,0.0,0.0,0,0,1,0.4523809523809524,19,263.0,1.0
low_compressibility,1,static_min,none,0,7,1,1,feasible,0.0,0.0,0.0,42,42.0,0.0,0.0,0,0,1,0.4523809523809524,19,263.0,1.0
low_compressibility,1,capacity_aware_static,C,7,7,1,1,feasible,0.0,0.0,0.0,42,42.0,0.0,0.0,0,0,1,0.4523809523809524,19,263.0,1.0
low_compressibility,1,smoothed,none,0,7,1,1,feasible,0.0,0.0,0.0,42,42.0,0.0,0.0,0,0,1,0.4523809523809524,19,263.0,1.0
low_compressibility,1,static_min,none,0,7,2,1,feasible,0.0,0.0,0.0,42,42.0,0.0,0.0,0,0,1,0.4523809523809524,19,263.0,1.0
low_compressibility,1,capacity_aware_static,C,7,7,2,1,feasible,0.0,0.0,0.0,42,42.0,0.0,0.0,0,0,1,0.4523809523809524,19,263.0,1.0
low_compressibility,1,smoothed,none,0,7,2,1,feasible,0.0,0.0,0.0,42,42.0,0.0,0.0,0,0,1,0.4523809523809524,19,263.0,1.0
low_compressibility,1,static_min,none,0,7,3,1,feasible,0.0,0.0,0.0,42,42.0,0.0,0.0,0,0,1,0.4523809523809524,19,263.0,1.0
low_compressibility,1,capacity_aware_static,C,7,7,3,1,feasible,0.0,0.0,0.0,42,42.0,0.0,0.0,0,0,1,0.4523809523809524,19,263.0,1.0
low_compressibility,1,smoothed,none,0,7,3,1,feasible,0.0,0.0,0.0,42,42.0,0.0,0.0,0,0,1,0.4523809523809524,19,263.0,1.0
low_compressibility,1,static_min,none,0,7,4,1,feasible,0.0,0.0,0.0,42,42.0,0.0,0.0,0,0,1,0.4523809523809524,19,263.0,1.0
low_compressibility,1,capacity_aware_static,C,7,7,4,1,feasible,0.0,0.0,0.0,42,42.0,0.0,0.0,0,0,1,0.4523809523809524,19,263.0,1.0
low_compressibility,1,smoothed,none,0,7,4,1,feasible,0.0,0.0,0.0,42,42.0,0.0,0.0,0,0,1,0.4523809523809524,19,263.0,1.0
low_compressibility,1,static_min,none,0,7,5,1,feasible,0.0,0.0,0.0,42,42.0,0.0,0.0,0,0,1,0.4523809523809524,19,263.0,1.0
low_compressibility,1,capacity_aware_static,C,7,7,5,1,feasible,0.0,0.0,0.0,42,42.0,0.0,0.0,0,0,1,0.4523809523809524,19,263.0,1.0
low_compressibility,1,smoothed,none,0,7,5,1,feasible,0.0,0.0,0.0,42,42.0,0.0,0.0,0,0,1,0.4523809523809524,19,263.0,1.0
low_compressibility,1,static_min,none,0,7,6,1,feasible,0.0,0.0,0.0,42,42.0,0.0,0.0,0,0,1,0.4523809523809524,19,263.0,1.0
low_compressibility,1,capacity_aware_static,C,7,7,6,1,feasible,0.0,0.0,0.0,42,42.0,0.0,0.0,0,0,1,0.4523809523809524,19,263.0,1.0
low_compressibility,1,smoothed,none,0,7,6,1,feasible,0.0,0.0,0.0,42,42.0,0.0,0.0,0,0,1,0.4523809523809524,19,263.0,1.0
low_compressibility,1,static_min,none,0,7,7,1,feasible,0.0,0.0,0.0,42,42.0,0.0,0.0,0,0,1,0.4523809523809524,19,263.0,1.0
low_compressibility,1,capacity_aware_static,C,7,7,7,1,feasible,0.0,0.0,0.0,42,42.0,0.0,0.0,0,0,1,0.4523809523809524,19,263.0,1.0
low_compressibility,1,smoothed,none,0,7,7,1,feasible,0.0,0.0,0.0,42,42.0,0.0,0.0,0,0,1,0.4523809523809524,19,263.0,1.0
low_compressibility,1,static_min,none,0,7,8,1,feasible,0.0,0.0,0.0,42,42.0,0.0,0.0,0,0,1,0.4523809523809524,19,263.0,1.0
low_compressibility,1,capacity_aware_static,C,7,7,8,1,feasible,0.0,0.0,0.0,42,42.0,0.0,0.0,0,0,1,0.4523809523809524,19,263.0,1.0
low_compressibility,1,smoothed,none,0,7,8,1,feasible,0.0,0.0,0.0,42,42.0,0.0,0.0,0,0,1,0.4523809523809524,19,263.0,1.0
low_compressibility,1,static_min,none,0,7,9,1,feasible,0.0,0.0,0.0,42,42.0,0.0,0.0,0,0,1,0.4523809523809524,19,263.0,1.0
low_compressibility,1,capacity_aware_static,C,7,7,9,1,feasible,0.0,0.0,0.0,42,42.0,0.0,0.0,0,0,1,0.4523809523809524,19,263.0,1.0
low_compressibility,1,smoothed,none,0,7,9,1,feasible,0.0,0.0,0.0,42,42.0,0.0,0.0,0,0,1,0.4523809523809524,19,263.0,1.0
low_compressibility,1,static_min,none,0,7,10,1,feasible,0.0,0.0,0.0,42,42.0,0.0,0.0,0,0,1,0.4523809523809524,19,263.0,1.0
low_compressibility,1,capacity_aware_static,C,7,7,10,1,feasible,0.0,0.0,0.0,42,42.0,0.0,0.0,0,0,1,0.4523809523809524,19,263.0,1.0
low_compressibility,1,smoothed,none,0,7,10,1,feasible,0.0,0.0,0.0,42,42.0,0.0,0.0,0,0,1,0.4523809523809524,19,263.0,1.0
low_compressibility,1,static_min,none,0,7,11,1,feasible,0.0,0.0,0.0,42,42.0,0.0,0.0,0,0,1,0.4523809523809524,19,263.0,1.0
low_compressibility,1,capacity_aware_static,C,7,7,11,1,feasible,0.0,0.0,0.0,42,42.0,0.0,0.0,0,0,1,0.4523809523809524,19,263.0,1.0
low_compressibility,1,smoothed,none,0,7,11,1,feasible,0.0,0.0,0.0,42,42.0,0.0,0.0,0,0,1,0.4523809523809524,19,263.0,1.0
low_compressibility,1,static_min,none,0,7,12,1,feasible,0.0,0.0,0.0,42,42.0,0.0,0.0,0,0,1,0.4523809523809524,19,263.0,1.0
low_compressibility,1,capacity_aware_static,C,7,7,12,1,feasible,0.0,0.0,0.0,42,42.0,0.0,0.0,0,0,1,0.4523809523809524,19,263.0,1.0
low_compressibility,1,smoothed,none,0,7,12,1,feasible,0.0,0.0,0.0,42,42.0,0.0,0.0,0,0,1,0.4523809523809524,19,263.0,1.0
low_compressibility,1,static_min,none,0,7,13,1,feasible,0.0,0.0,0.0,42,42.0,0.0,0.0,0,0,1,0.4523809523809524,19,263.0,1.0
low_compressibility,1,capacity_aware_static,C,7,7,13,1,feasible,0.0,0.0,0.0,42,42.0,0.0,0.0,0,0,1,0.4523809523809524,19,263.0,1.0
low_compressibility,1,smoothed,none,0,7,13,1,feasible,0.0,0.0,0.0,42,42.0,0.0,0.0,0,0,1,0.4523809523809524,19,263.0,1.0
low_compressibility,1,static_min,none,0,7,14,1,feasible,0.0,0.0,0.0,42,42.0,0.0,0.0,0,0,1,0.4523809523809524,19,263.0,1.0
low_compressibility,1,capacity_aware_static,C,7,7,14,1,feasible,0.0,0.0,0.0,42,42.0,0.0,0.0,0,0,1,0.4523809523809524,19,263.0,1.0
low_compressibility,1,smoothed,none,0,7,14,1,feasible,0.0,0.0,0.0,42,42.0,0.0,0.0,0,0,1,0.4523809523809524,19,263.0,1.0
low_compressibility,1,static_min,none,0,7,15,1,feasible,0.0,0.0,0.0,42,42.0,0.0,0.0,0,0,1,0.4523809523809524,19,263.0,1.0
low_compressibility,1,capacity_aware_static,C,7,7,15,1,feasible,0.0,0.0,0.0,42,42.0,0.0,0.0,0,0,1,0.4523809523809524,19,263.0,1.0
low_compressibility,1,smoothed,none,0,7,15,1,feasible,0.0,0.0,0.0,42,42.0,0.0,0.0,0,0,1,0.4523809523809524,19,263.0,1.0
low_compressibility,3,static_min,none,0,1,0,1,feasible,0.0,0.0,0.0,42,42.0,0.0,0.0,0,0,1,0.4523809523809524,19,263.0,1.0
low_compressibility,3,capacity_aware_static,C,1,1,0,1,feasible,0.0,0.0,0.0,42,42.0,0.0,0.0,0,0,1,0.4523809523809524,19,263.0,1.0
low_compressibility,3,smoothed,none,0,1,0,1,feasible,0.0,0.0,0.0,42,42.0,0.0,0.0,0,0,1,0.4523809523809524,19,263.0,1.0
low_compressibility,3,static_min,none,0,1,1,1,feasible,0.0,0.0,0.0,42,42.0,0.0,0.0,0,0,1,0.4523809523809524,19,263.0,1.0
low_compressibility,3,capacity_aware_static,C,1,1,1,1,feasible,0.0,0.0,0.0,42,42.0,0.0,0.0,0,0,1,0.4523809523809524,19,263.0,1.0
low_compressibility,3,smoothed,none,0,1,1,1,feasible,0.0,0.0,0.0,42,42.0,0.0,0.0,0,0,1,0.4523809523809524,19,263.0,1.0
low_compressibility,3,static_min,none,0,1,2,1,feasible,0.0,0.0,0.0,42,42.0,0.0,0.0,0,0,1,0.4523809523809524,19,263.0,1.0
low_compressibility,3,capacity_aware_static,C,1,1,2,1,feasible,0.0,0.0,0.0,42,42.0,0.0,0.0,0,0,1,0.4523809523809524,19,263.0,1.0
low_compressibility,3,smoothed,none,0,1,2,1,feasible,0.0,0.0,0.0,42,42.0,0.0,0.0,0,0,1,0.4523809523809524,19,263.0,1.0
low_compressibility,3,static_min,none,0,1,3,1,feasible,0.0,0.0,0.0,42,42.0,0.0,0.0,0,0,1,0.4523809523809524,19,263.0,1.0
low_compressibility,3,capacity_aware_static,C,1,1,3,1,feasible,0.0,0.0,0.0,42,42.0,0.0,0.0,0,0,1,0.4523809523809524,19,263.0,1.0
low_compressibility,3,smoothed,none,0,1,3,1,feasible,0.0,0.0,0.0,42,42.0,0.0,0.0,0,0,1,0.4523809523809524,19,263.0,1.0
low_compressibility,3,static_min,none,0,1,4,1,feasible,0.0,0.0,0.0,42,42.0,0.0,0.0,0,0,1,0.4523809523809524,19,263.0,1.0
low_compressibility,3,capacity_aware_static,C,1,1,4,1,feasible,0.0,0.0,0.0,42,42.0,0.0,0.0,0,0,1,0.4523809523809524,19,263.0,1.0
low_compressibility,3,smoothed,none,0,1,4,1,feasible,0.0,0.0,0.0,42,42.0,0.0,0.0,0,0,1,0.4523809523809524,19,263.0,1.0
low_compressibility,3,static_min,none,0,1,5,1,feasible,0.0,0.0,0.0,42,42.0,0.0,0.0,0,0,1,0.4523809523809524,19,263.0,1.0
low_compressibility,3,capacity_aware_static,C,1,1,5,1,feasible,0.0,0.0,0.0,42,42.0,0.0,0.0,0,0,1,0.4523809523809524,19,263.0,1.0
low_compressibility,3,smoothed,none,0,1,5,1,feasible,0.0,0.0,0.0,42,42.0,0.0,0.0,0,0,1,0.4523809523809524,19,263.0,1.0
low_compressibility,3,static_min,none,0,1,6,1,feasible,0.0,0.0,0.0,42,42.0,0.0,0.0,0,0,1,0.4523809523809524,19,263.0,1.0
low_compressibility,3,capacity_aware_static,C,1,1,6,1,feasible,0.0,0.0,0.0,42,42.0,0.0,0.0,0,0,1,0.4523809523809524,19,263.0,1.0
low_compressibility,3,smoothed,none,0,1,6,1,feasible,0.0,0.0,0.0,42,42.0,0.0,0.0,0,0,1,0.4523809523809524,19,263.0,1.0
low_compressibility,3,static_min,none,0,1,7,1,feasible,0.0,0.0,0.0,42,42.0,0.0,0.0,0,0,1,0.4523809523809524,19,263.0,1.0
low_compressibility,3,capacity_aware_static,C,1,1,7,1,feasible,0.0,0.0,0.0,42,42.0,0.0,0.0,0,0,1,0.4523809523809524,19,263.0,1.0
low_compressibility,3,smoothed,none,0,1,7,1,feasible,0.0,0.0,0.0,42,42.0,0.0,0.0,0,0,1,0.4523809523809524,19,263.0,1.0
low_compressibility,3,static_min,none,0,1,8,1,feasible,0.0,0.0,0.0,42,42.0,0.0,0.0,0,0,1,0.4523809523809524,19,263.0,1.0
low_compressibility,3,capacity_aware_static,C,1,1,8,1,feasible,0.0,0.0,0.0,42,42.0,0.0,0.0,0,0,1,0.4523809523809524,19,263.0,1.0
low_compressibility,3,smoothed,none,0,1,8,1,feasible,0.0,0.0,0.0,42,42.0,0.0,0.0,0,0,1,0.4523809523809524,19,263.0,1.0
low_compressibility,3,static_min,none,0,1,9,1,feasible,0.0,0.0,0.0,42,42.0,0.0,0.0,0,0,1,0.4523809523809524,19,263.0,1.0
low_compressibility,3,capacity_aware_static,C,1,1,9,1,feasible,0.0,0.0,0.0,42,42.0,0.0,0.0,0,0,1,0.4523809523809524,19,263.0,1.0
low_compressibility,3,smoothed,none,0,1,9,1,feasible,0.0,0.0,0.0,42,42.0,0.0,0.0,0,0,1,0.4523809523809524,19,263.0,1.0
low_compressibility,3,static_min,none,0,1,10,1,feasible,0.0,0.0,0.0,42,42.0,0.0,0.0,0,0,1,0.4523809523809524,19,263.0,1.0
low_compressibility,3,capacity_aware_static,C,1,1,10,1,feasible,0.0,0.0,0.0,42,42.0,0.0,0.0,0,0,1,0.4523809523809524,19,263.0,1.0
low_compressibility,3,smoothed,none,0,1,10,1,feasible,0.0,0.0,0.0,42,42.0,0.0,0.0,0,0,1,0.4523809523809524,19,263.0,1.0
low_compressibility,3,static_min,none,0,1,11,1,feasible,0.0,0.0,0.0,42,42.0,0.0,0.0,0,0,1,0.4523809523809524,19,263.0,1.0
low_compressibility,3,capacity_aware_static,C,1,1,11,1,feasible,0.0,0.0,0.0,42,42.0,0.0,0.0,0,0,1,0.4523809523809524,19,263.0,1.0
low_compressibility,3,smoothed,none,0,1,11,1,feasible,0.0,0.0,0.0,42,42.0,0.0,0.0,0,0,1,0.4523809523809524,19,263.0,1.0
low_compressibility,3,static_min,none,0,1,12,1,feasible,0.0,0.0,0.0,42,42.0,0.0,0.0,0,0,1,0.4523809523809524,19,263.0,1.0
low_compressibility,3,capacity_aware_static,C,1,1,12,1,feasible,0.0,0.0,0.0,42,42.0,0.0,0.0,0,0,1,0.4523809523809524,19,263.0,1.0
low_compressibility,3,smoothed,none,0,1,12,1,feasible,0.0,0.0,0.0,42,42.0,0.0,0.0,0,0,1,0.4523809523809524,19,263.0,1.0
low_compressibility,3,static_min,none,0,1,13,1,feasible,0.0,0.0,0.0,42,42.0,0.0,0.0,0,0,1,0.4523809523809524,19,263.0,1.0
low_compressibility,3,capacity_aware_static,C,1,1,13,1,feasible,0.0,0.0,0.0,42,42.0,0.0,0.0,0,0,1,0.4523809523809524,19,263.0,1.0
low_compressibility,3,smoothed,none,0,1,13,1,feasible,0.0,0.0,0.0,42,42.0,0.0,0.0,0,0,1,0.4523809523809524,19,263.0,1.0
low_compressibility,3,static_min,none,0,1,14,1,feasible,0.0,0.0,0.0,42,42.0,0.0,0.0,0,0,1,0.4523809523809524,19,263.0,1.0
low_compressibility,3,capacity_aware_static,C,1,1,14,1,feasible,0.0,0.0,0.0,42,42.0,0.0,0.0,0,0,1,0.4523809523809524,19,263.0,1.0
low_compressibility,3,smoothed,none,0,1,14,1,feasible,0.0,0.0,0.0,42,42.0,0.0,0.0,0,0,1,0.4523809523809524,19,263.0,1.0
low_compressibility,3,static_min,none,0,1,15,1,feasible,0.0,0.0,0.0,42,42.0,0.0,0.0,0,0,1,0.4523809523809524,19,263.0,1.0
low_compressibility,3,capacity_aware_static,C,1,1,15,1,feasible,0.0,0.0,0.0,42,42.0,0.0,0.0,0,0,1,0.4523809523809524,19,263.0,1.0
low_compressibility,3,smoothed,none,0,1,15,1,feasible,0.0,0.0,0.0,42,42.0,0.0,0.0,0,0,1,0.4523809523809524,19,263.0,1.0
low_compressibility,3,static_min,none,0,2,0,1,feasible,0.0,0.0,0.0,42,42.0,0.0,0.0,0,0,1,0.4523809523809524,19,263.0,1.0
low_compressibility,3,capacity_aware_static,C,2,2,0,1,feasible,0.0,0.0,0.0,42,42.0,0.0,0.0,0,0,1,0.4523809523809524,19,263.0,1.0
low_compressibility,3,smoothed,none,0,2,0,1,feasible,0.0,0.0,0.0,42,42.0,0.0,0.0,0,0,1,0.4523809523809524,19,263.0,1.0
low_compressibility,3,static_min,none,0,2,1,1,feasible,0.0,0.0,0.0,42,42.0,0.0,0.0,0,0,1,0.4523809523809524,19,263.0,1.0
low_compressibility,3,capacity_aware_static,C,2,2,1,1,feasible,0.0,0.0,0.0,42,42.0,0.0,0.0,0,0,1,0.4523809523809524,19,263.0,1.0
low_compressibility,3,smoothed,none,0,2,1,1,feasible,0.0,0.0,0.0,42,42.0,0.0,0.0,0,0,1,0.4523809523809524,19,263.0,1.0
low_compressibility,3,static_min,none,0,2,2,1,feasible,0.0,0.0,0.0,42,42.0,0.0,0.0,0,0,1,0.4523809523809524,19,263.0,1.0
low_compressibility,3,capacity_aware_static,C,2,2,2,1,feasible,0.0,0.0,0.0,42,42.0,0.0,0.0,0,0,1,0.4523809523809524,19,263.0,1.0
low_compressibility,3,smoothed,none,0,2,2,1,feasible,0.0,0.0,0.0,42,42.0,0.0,0.0,0,0,1,0.4523809523809524,19,263.0,1.0
low_compressibility,3,static_min,none,0,2,3,1,feasible,0.0,0.0,0.0,42,42.0,0.0,0.0,0,0,1,0.4523809523809524,19,263.0,1.0
low_compressibility,3,capacity_aware_static,C,2,2,3,1,feasible,0.0,0.0,0.0,42,42.0,0.0,0.0,0,0,1,0.4523809523809524,19,263.0,1.0
low_compressibility,3,smoothed,none,0,2,3,1,feasible,0.0,0.0,0.0,42,42.0,0.0,0.0,0,0,1,0.4523809523809524,19,263.0,1.0
low_compressibility,3,static_min,none,0,2,4,1,feasible,0.0,0.0,0.0,42,42.0,0.0,0.0,0,0,1,0.4523809523809524,19,263.0,1.0
low_compressibility,3,capacity_aware_static,C,2,2,4,1,feasible,0.0,0.0,0.0,42,42.0,0.0,0.0,0,0,1,0.4523809523809524,19,263.0,1.0
low_compressibility,3,smoothed,none,0,2,4,1,feasible,0.0,0.0,0.0,42,42.0,0.0,0.0,0,0,1,0.4523809523809524,19,263.0,1.0
low_compressibility,3,static_min,none,0,2,5,1,feasible,0.0,0.0,0.0,42,42.0,0.0,0.0,0,0,1,0.4523809523809524,19,263.0,1.0
low_compressibility,3,capacity_aware_static,C,2,2,5,1,feasible,0.0,0.0,0.0,42,42.0,0.0,0.0,0,0,1,0.4523809523809524,19,263.0,1.0
low_compressibility,3,smoothed,none,0,2,5,1,feasible,0.0,0.0,0.0,42,42.0,0.0,0.0,0,0,1,0.4523809523809524,19,263.0,1.0
low_compressibility,3,static_min,none,0,2,6,1,feasible,0.0,0.0,0.0,42,42.0,0.0,0.0,0,0,1,0.4523809523809524,19,263.0,1.0
low_compressibility,3,capacity_aware_static,C,2,2,6,1,feasible,0.0,0.0,0.0,42,42.0,0.0,0.0,0,0,1,0.4523809523809524,19,263.0,1.0
low_compressibility,3,smoothed,none,0,2,6,1,feasible,0.0,0.0,0.0,42,42.0,0.0,0.0,0,0,1,0.4523809523809524,19,263.0,1.0
low_compressibility,3,static_min,none,0,2,7,1,feasible,0.0,0.0,0.0,42,42.0,0.0,0.0,0,0,1,0.4523809523809524,19,263.0,1.0
low_compressibility,3,capacity_aware_static,C,2,2,7,1,feasible,0.0,0.0,0.0,42,42.0,0.0,0.0,0,0,1,0.4523809523809524,19,263.0,1.0
low_compressibility,3,smoothed,none,0,2,7,1,feasible,0.0,0.0,0.0,42,42.0,0.0,0.0,0,0,1,0.4523809523809524,19,263.0,1.0
low_compressibility,3,static_min,none,0,2,8,1,feasible,0.0,0.0,0.0,42,42.0,0.0,0.0,0,0,1,0.4523809523809524,19,263.0,1.0
low_compressibility,3,capacity_aware_static,C,2,2,8,1,feasible,0.0,0.0,0.0,42,42.0,0.0,0.0,0,0,1,0.4523809523809524,19,263.0,1.0
low_compressibility,3,smoothed,none,0,2,8,1,feasible,0.0,0.0,0.0,42,42.0,0.0,0.0,0,0,1,0.4523809523809524,19,263.0,1.0
low_compressibility,3,static_min,none,0,2,9,1,feasible,0.0,0.0,0.0,42,42.0,0.0,0.0,0,0,1,0.4523809523809524,19,263.0,1.0
low_compressibility,3,capacity_aware_static,C,2,2,9,1,feasible,0.0,0.0,0.0,42,42.0,0.0,0.0,0,0,1,0.4523809523809524,19,263.0,1.0
low_compressibility,3,smoothed,none,0,2,9,1,feasible,0.0,0.0,0.0,42,42.0,0.0,0.0,0,0,1,0.4523809523809524,19,263.0,1.0
low_compressibility,3,static_min,none,0,2,10,1,feasible,0.0,0.0,0.0,42,42.0,0.0,0.0,0,0,1,0.4523809523809524,19,263.0,1.0
low_compressibility,3,capacity_aware_static,C,2,2,10,1,feasible,0.0,0.0,0.0,42,42.0,0.0,0.0,0,0,1,0.4523809523809524,19,263.0,1.0
low_compressibility,3,smoothed,none,0,2,10,1,feasible,0.0,0.0,0.0,42,42.0,0.0,0.0,0,0,1,0.4523809523809524,19,263.0,1.0
low_compressibility,3,static_min,none,0,2,11,1,feasible,0.0,0.0,0.0,42,42.0,0.0,0.0,0,0,1,0.4523809523809524,19,263.0,1.0
low_compressibility,3,capacity_aware_static,C,2,2,11,1,feasible,0.0,0.0,0.0,42,42.0,0.0,0.0,0,0,1,0.4523809523809524,19,263.0,1.0
low_compressibility,3,smoothed,none,0,2,11,1,feasible,0.0,0.0,0.0,42,42.0,0.0,0.0,0,0,1,0.4523809523809524,19,263.0,1.0
low_compressibility,3,static_min,none,0,2,12,1,feasible,0.0,0.0,0.0,42,42.0,0.0,0.0,0,0,1,0.4523809523809524,19,263.0,1.0
low_compressibility,3,capacity_aware_static,C,2,2,12,1,feasible,0.0,0.0,0.0,42,42.0,0.0,0.0,0,0,1,0.4523809523809524,19,263.0,1.0
low_compressibility,3,smoothed,none,0,2,12,1,feasible,0.0,0.0,0.0,42,42.0,0.0,0.0,0,0,1,0.4523809523809524,19,263.0,1.0
low_compressibility,3,static_min,none,0,2,13,1,feasible,0.0,0.0,0.0,42,42.0,0.0,0.0,0,0,1,0.4523809523809524,19,263.0,1.0
low_compressibility,3,capacity_aware_static,C,2,2,13,1,feasible,0.0,0.0,0.0,42,42.0,0.0,0.0,0,0,1,0.4523809523809524,19,263.0,1.0
low_compressibility,3,smoothed,none,0,2,13,1,feasible,0.0,0.0,0.0,42,42.0,0.0,0.0,0,0,1,0.4523809523809524,19,263.0,1.0
low_compressibility,3,static_min,none,0,2,14,1,feasible,0.0,0.0,0.0,42,42.0,0.0,0.0,0,0,1,0.4523809523809524,19,263.0,1.0
low_compressibility,3,capacity_aware_static,C,2,2,14,1,feasible,0.0,0.0,0.0,42,42.0,0.0,0.0,0,0,1,0.4523809523809524,19,263.0,1.0
low_compressibility,3,smoothed,none,0,2,14,1,feasible,0.0,0.0,0.0,42,42.0,0.0,0.0,0,0,1,0.4523809523809524,19,263.0,1.0
low_compressibility,3,static_min,none,0,2,15,1,feasible,0.0,0.0,0.0,42,42.0,0.0,0.0,0,0,1,0.4523809523809524,19,263.0,1.0
low_compressibility,3,capacity_aware_static,C,2,2,15,1,feasible,0.0,0.0,0.0,42,42.0,0.0,0.0,0,0,1,0.4523809523809524,19,263.0,1.0
low_compressibility,3,smoothed,none,0,2,15,1,feasible,0.0,0.0,0.0,42,42.0,0.0,0.0,0,0,1,0.4523809523809524,19,263.0,1.0
low_compressibility,3,static_min,none,0,3,0,1,feasible,0.0,0.0,0.0,42,42.0,0.0,0.0,0,0,1,0.4523809523809524,19,263.0,1.0
low_compressibility,3,capacity_aware_static,C,3,3,0,1,feasible,0.0,0.0,0.0,42,42.0,0.0,0.0,0,0,1,0.4523809523809524,19,263.0,1.0
low_compressibility,3,smoothed,none,0,3,0,1,feasible,0.0,0.0,0.0,42,42.0,0.0,0.0,0,0,1,0.4523809523809524,19,263.0,1.0
low_compressibility,3,static_min,none,0,3,1,1,feasible,0.0,0.0,0.0,42,42.0,0.0,0.0,0,0,1,0.4523809523809524,19,263.0,1.0
low_compressibility,3,capacity_aware_static,C,3,3,1,1,feasible,0.0,0.0,0.0,42,42.0,0.0,0.0,0,0,1,0.4523809523809524,19,263.0,1.0
low_compressibility,3,smoothed,none,0,3,1,1,feasible,0.0,0.0,0.0,42,42.0,0.0,0.0,0,0,1,0.4523809523809524,19,263.0,1.0
low_compressibility,3,static_min,none,0,3,2,1,feasible,0.0,0.0,0.0,42,42.0,0.0,0.0,0,0,1,0.4523809523809524,19,263.0,1.0
low_compressibility,3,capacity_aware_static,C,3,3,2,1,feasible,0.0,0.0,0.0,42,42.0,0.0,0.0,0,0,1,0.4523809523809524,19,263.0,1.0
low_compressibility,3,smoothed,none,0,3,2,1,feasible,0.0,0.0,0.0,42,42.0,0.0,0.0,0,0,1,0.4523809523809524,19,263.0,1.0
low_compressibility,3,static_min,none,0,3,3,1,feasible,0.0,0.0,0.0,42,42.0,0.0,0.0,0,0,1,0.4523809523809524,19,263.0,1.0
low_compressibility,3,capacity_aware_static,C,3,3,3,1,feasible,0.0,0.0,0.0,42,42.0,0.0,0.0,0,0,1,0.4523809523809524,19,263.0,1.0
low_compressibility,3,smoothed,none,0,3,3,1,feasible,0.0,0.0,0.0,42,42.0,0.0,0.0,0,0,1,0.4523809523809524,19,263.0,1.0
low_compressibility,3,static_min,none,0,3,4,1,feasible,0.0,0.0,0.0,42,42.0,0.0,0.0,0,0,1,0.4523809523809524,19,263.0,1.0
low_compressibility,3,capacity_aware_static,C,3,3,4,1,feasible,0.0,0.0,0.0,42,42.0,0.0,0.0,0,0,1,0.4523809523809524,19,263.0,1.0
low_compressibility,3,smoothed,none,0,3,4,1,feasible,0.0,0.0,0.0,42,42.0,0.0,0.0,0,0,1,0.4523809523809524,19,263.0,1.0
low_compressibility,3,static_min,none,0,3,5,1,feasible,0.0,0.0,0.0,42,42.0,0.0,0.0,0,0,1,0.4523809523809524,19,263.0,1.0
low_compressibility,3,capacity_aware_static,C,3,3,5,1,feasible,0.0,0.0,0.0,42,42.0,0.0,0.0,0,0,1,0.4523809523809524,19,263.0,1.0
low_compressibility,3,smoothed,none,0,3,5,1,feasible,0.0,0.0,0.0,42,42.0,0.0,0.0,0,0,1,0.4523809523809524,19,263.0,1.0
low_compressibility,3,static_min,none,0,3,6,1,feasible,0.0,0.0,0.0,42,42.0,0.0,0.0,0,0,1,0.4523809523809524,19,263.0,1.0
low_compressibility,3,capacity_aware_static,C,3,3,6,1,feasible,0.0,0.0,0.0,42,42.0,0.0,0.0,0,0,1,0.4523809523809524,19,263.0,1.0
low_compressibility,3,smoothed,none,0,3,6,1,feasible,0.0,0.0,0.0,42,42.0,0.0,0.0,0,0,1,0.4523809523809524,19,263.0,1.0
low_compressibility,3,static_min,none,0,3,7,1,feasible,0.0,0.0,0.0,42,42.0,0.0,0.0,0,0,1,0.4523809523809524,19,263.0,1.0
low_compressibility,3,capacity_aware_static,C,3,3,7,1,feasible,0.0,0.0,0.0,42,42.0,0.0,0.0,0,0,1,0.4523809523809524,19,263.0,1.0
low_compressibility,3,smoothed,none,0,3,7,1,feasible,0.0,0.0,0.0,42,42.0,0.0,0.0,0,0,1,0.4523809523809524,19,263.0,1.0
low_compressibility,3,static_min,none,0,3,8,1,feasible,0.0,0.0,0.0,42,42.0,0.0,0.0,0,0,1,0.4523809523809524,19,263.0,1.0
low_compressibility,3,capacity_aware_static,C,3,3,8,1,feasible,0.0,0.0,0.0,42,42.0,0.0,0.0,0,0,1,0.4523809523809524,19,263.0,1.0
low_compressibility,3,smoothed,none,0,3,8,1,feasible,0.0,0.0,0.0,42,42.0,0.0,0.0,0,0,1,0.4523809523809524,19,263.0,1.0
low_compressibility,3,static_min,none,0,3,9,1,feasible,0.0,0.0,0.0,42,42.0,0.0,0.0,0,0,1,0.4523809523809524,19,263.0,1.0
low_compressibility,3,capacity_aware_static,C,3,3,9,1,feasible,0.0,0.0,0.0,42,42.0,0.0,0.0,0,0,1,0.4523809523809524,19,263.0,1.0
low_compressibility,3,smoothed,none,0,3,9,1,feasible,0.0,0.0,0.0,42,42.0,0.0,0.0,0,0,1,0.4523809523809524,19,263.0,1.0
low_compressibility,3,static_min,none,0,3,10,1,feasible,0.0,0.0,0.0,42,42.0,0.0,0.0,0,0,1,0.4523809523809524,19,263.0,1.0
low_compressibility,3,capacity_aware_static,C,3,3,10,1,feasible,0.0,0.0,0.0,42,42.0,0.0,0.0,0,0,1,0.4523809523809524,19,263.0,1.0
low_compressibility,3,smoothed,none,0,3,10,1,feasible,0.0,0.0,0.0,42,42.0,0.0,0.0,0,0,1,0.4523809523809524,19,263.0,1.0
low_compressibility,3,static_min,none,0,3,11,1,feasible,0.0,0.0,0.0,42,42.0,0.0,0.0,0,0,1,0.4523809523809524,19,263.0,1.0
low_compressibility,3,capacity_aware_static,C,3,3,11,1,feasible,0.0,0.0,0.0,42,42.0,0.0,0.0,0,0,1,0.4523809523809524,19,263.0,1.0
low_compressibility,3,smoothed,none,0,3,11,1,feasible,0.0,0.0,0.0,42,42.0,0.0,0.0,0,0,1,0.4523809523809524,19,263.0,1.0
low_compressibility,3,static_min,none,0,3,12,1,feasible,0.0,0.0,0.0,42,42.0,0.0,0.0,0,0,1,0.4523809523809524,19,263.0,1.0
low_compressibility,3,capacity_aware_static,C,3,3,12,1,feasible,0.0,0.0,0.0,42,42.0,0.0,0.0,0,0,1,0.4523809523809524,19,263.0,1.0
low_compressibility,3,smoothed,none,0,3,12,1,feasible,0.0,0.0,0.0,42,42.0,0.0,0.0,0,0,1,0.4523809523809524,19,263.0,1.0
low_compressibility,3,static_min,none,0,3,13,1,feasible,0.0,0.0,0.0,42,42.0,0.0,0.0,0,0,1,0.4523809523809524,19,263.0,1.0
low_compressibility,3,capacity_aware_static,C,3,3,13,1,feasible,0.0,0.0,0.0,42,42.0,0.0,0.0,0,0,1,0.4523809523809524,19,263.0,1.0
low_compressibility,3,smoothed,none,0,3,13,1,feasible,0.0,0.0,0.0,42,42.0,0.0,0.0,0,0,1,0.4523809523809524,19,263.0,1.0
low_compressibility,3,static_min,none,0,3,14,1,feasible,0.0,0.0,0.0,42,42.0,0.0,0.0,0,0,1,0.4523809523809524,19,263.0,1.0
low_compressibility,3,capacity_aware_static,C,3,3,14,1,feasible,0.0,0.0,0.0,42,42.0,0.0,0.0,0,0,1,0.4523809523809524,19,263.0,1.0
low_compressibility,3,smoothed,none,0,3,14,1,feasible,0.0,0.0,0.0,42,42.0,0.0,0.0,0,0,1,0.4523809523809524,19,263.0,1.0
low_compressibility,3,static_min,none,0,3,15,1,feasible,0.0,0.0,0.0,42,42.0,0.0,0.0,0,0,1,0.4523809523809524,19,263.0,1.0
low_compressibility,3,capacity_aware_static,C,3,3,15,1,feasible,0.0,0.0,0.0,42,42.0,0.0,0.0,0,0,1,0.4523809523809524,19,263.0,1.0
low_compressibility,3,smoothed,none,0,3,15,1,feasible,0.0,0.0,0.0,42,42.0,0.0,0.0,0,0,1,0.4523809523809524,19,263.0,1.0
low_compressibility,3,static_min,none,0,4,0,1,feasible,0.0,0.0,0.0,42,42.0,0.0,0.0,0,0,1,0.4523809523809524,19,263.0,1.0
low_compressibility,3,capacity_aware_static,C,4,4,0,1,feasible,0.0,0.0,0.0,42,42.0,0.0,0.0,0,0,1,0.4523809523809524,19,263.0,1.0
low_compressibility,3,smoothed,none,0,4,0,1,feasible,0.0,0.0,0.0,42,42.0,0.0,0.0,0,0,1,0.4523809523809524,19,263.0,1.0
low_compressibility,3,static_min,none,0,4,1,1,feasible,0.0,0.0,0.0,42,42.0,0.0,0.0,0,0,1,0.4523809523809524,19,263.0,1.0
low_compressibility,3,capacity_aware_static,C,4,4,1,1,feasible,0.0,0.0,0.0,42,42.0,0.0,0.0,0,0,1,0.4523809523809524,19,263.0,1.0
low_compressibility,3,smoothed,none,0,4,1,1,feasible,0.0,0.0,0.0,42,42.0,0.0,0.0,0,0,1,0.4523809523809524,19,263.0,1.0
low_compressibility,3,static_min,none,0,4,2,1,feasible,0.0,0.0,0.0,42,42.0,0.0,0.0,0,0,1,0.4523809523809524,19,263.0,1.0
low_compressibility,3,capacity_aware_static,C,4,4,2,1,feasible,0.0,0.0,0.0,42,42.0,0.0,0.0,0,0,1,0.4523809523809524,19,263.0,1.0
low_compressibility,3,smoothed,none,0,4,2,1,feasible,0.0,0.0,0.0,42,42.0,0.0,0.0,0,0,1,0.4523809523809524,19,263.0,1.0
low_compressibility,3,static_min,none,0,4,3,1,feasible,0.0,0.0,0.0,42,42.0,0.0,0.0,0,0,1,0.4523809523809524,19,263.0,1.0
low_compressibility,3,capacity_aware_static,C,4,4,3,1,feasible,0.0,0.0,0.0,42,42.0,0.0,0.0,0,0,1,0.4523809523809524,19,263.0,1.0
low_compressibility,3,smoothed,none,0,4,3,1,feasible,0.0,0.0,0.0,42,42.0,0.0,0.0,0,0,1,0.4523809523809524,19,263.0,1.0
low_compressibility,3,static_min,none,0,4,4,1,feasible,0.0,0.0,0.0,42,42.0,0.0,0.0,0,0,1,0.4523809523809524,19,263.0,1.0
low_compressibility,3,capacity_aware_static,C,4,4,4,1,feasible,0.0,0.0,0.0,42,42.0,0.0,0.0,0,0,1,0.4523809523809524,19,263.0,1.0
low_compressibility,3,smoothed,none,0,4,4,1,feasible,0.0,0.0,0.0,42,42.0,0.0,0.0,0,0,1,0.4523809523809524,19,263.0,1.0
low_compressibility,3,static_min,none,0,4,5,1,feasible,0.0,0.0,0.0,42,42.0,0.0,0.0,0,0,1,0.4523809523809524,19,263.0,1.0
low_compressibility,3,capacity_aware_static,C,4,4,5,1,feasible,0.0,0.0,0.0,42,42.0,0.0,0.0,0,0,1,0.4523809523809524,19,263.0,1.0
low_compressibility,3,smoothed,none,0,4,5,1,feasible,0.0,0.0,0.0,42,42.0,0.0,0.0,0,0,1,0.4523809523809524,19,263.0,1.0
low_compressibility,3,static_min,none,0,4,6,1,feasible,0.0,0.0,0.0,42,42.0,0.0,0.0,0,0,1,0.4523809523809524,19,263.0,1.0
low_compressibility,3,capacity_aware_static,C,4,4,6,1,feasible,0.0,0.0,0.0,42,42.0,0.0,0.0,0,0,1,0.4523809523809524,19,263.0,1.0
low_compressibility,3,smoothed,none,0,4,6,1,feasible,0.0,0.0,0.0,42,42.0,0.0,0.0,0,0,1,0.4523809523809524,19,263.0,1.0
low_compressibility,3,static_min,none,0,4,7,1,feasible,0.0,0.0,0.0,42,42.0,0.0,0.0,0,0,1,0.4523809523809524,19,263.0,1.0
low_compressibility,3,capacity_aware_static,C,4,4,7,1,feasible,0.0,0.0,0.0,42,42.0,0.0,0.0,0,0,1,0.4523809523809524,19,263.0,1.0
low_compressibility,3,smoothed,none,0,4,7,1,feasible,0.0,0.0,0.0,42,42.0,0.0,0.0,0,0,1,0.4523809523809524,19,263.0,1.0
low_compressibility,3,static_min,none,0,4,8,1,feasible,0.0,0.0,0.0,42,42.0,0.0,0.0,0,0,1,0.4523809523809524,19,263.0,1.0
low_compressibility,3,capacity_aware_static,C,4,4,8,1,feasible,0.0,0.0,0.0,42,42.0,0.0,0.0,0,0,1,0.4523809523809524,19,263.0,1.0
low_compressibility,3,smoothed,none,0,4,8,1,feasible,0.0,0.0,0.0,42,42.0,0.0,0.0,0,0,1,0.4523809523809524,19,263.0,1.0
low_compressibility,3,static_min,none,0,4,9,1,feasible,0.0,0.0,0.0,42,42.0,0.0,0.0,0,0,1,0.4523809523809524,19,263.0,1.0
low_compressibility,3,capacity_aware_static,C,4,4,9,1,feasible,0.0,0.0,0.0,42,42.0,0.0,0.0,0,0,1,0.4523809523809524,19,263.0,1.0
low_compressibility,3,smoothed,none,0,4,9,1,feasible,0.0,0.0,0.0,42,42.0,0.0,0.0,0,0,1,0.4523809523809524,19,263.0,1.0
low_compressibility,3,static_min,none,0,4,10,1,feasible,0.0,0.0,0.0,42,42.0,0.0,0.0,0,0,1,0.4523809523809524,19,263.0,1.0
low_compressibility,3,capacity_aware_static,C,4,4,10,1,feasible,0.0,0.0,0.0,42,42.0,0.0,0.0,0,0,1,0.4523809523809524,19,263.0,1.0
low_compressibility,3,smoothed,none,0,4,10,1,feasible,0.0,0.0,0.0,42,42.0,0.0,0.0,0,0,1,0.4523809523809524,19,263.0,1.0
low_compressibility,3,static_min,none,0,4,11,1,feasible,0.0,0.0,0.0,42,42.0,0.0,0.0,0,0,1,0.4523809523809524,19,263.0,1.0
low_compressibility,3,capacity_aware_static,C,4,4,11,1,feasible,0.0,0.0,0.0,42,42.0,0.0,0.0,0,0,1,0.4523809523809524,19,263.0,1.0
low_compressibility,3,smoothed,none,0,4,11,1,feasible,0.0,0.0,0.0,42,42.0,0.0,0.0,0,0,1,0.4523809523809524,19,263.0,1.0
low_compressibility,3,static_min,none,0,4,12,1,feasible,0.0,0.0,0.0,42,42.0,0.0,0.0,0,0,1,0.4523809523809524,19,263.0,1.0
low_compressibility,3,capacity_aware_static,C,4,4,12,1,feasible,0.0,0.0,0.0,42,42.0,0.0,0.0,0,0,1,0.4523809523809524,19,263.0,1.0
low_compressibility,3,smoothed,none,0,4,12,1,feasible,0.0,0.0,0.0,42,42.0,0.0,0.0,0,0,1,0.4523809523809524,19,263.0,1.0
low_compressibility,3,static_min,none,0,4,13,1,feasible,0.0,0.0,0.0,42,42.0,0.0,0.0,0,0,1,0.4523809523809524,19,263.0,1.0
low_compressibility,3,capacity_aware_static,C,4,4,13,1,feasible,0.0,0.0,0.0,42,42.0,0.0,0.0,0,0,1,0.4523809523809524,19,263.0,1.0
low_compressibility,3,smoothed,none,0,4,13,1,feasible,0.0,0.0,0.0,42,42.0,0.0,0.0,0,0,1,0.4523809523809524,19,263.0,1.0
low_compressibility,3,static_min,none,0,4,14,1,feasible,0.0,0.0,0.0,42,42.0,0.0,0.0,0,0,1,0.4523809523809524,19,263.0,1.0
low_compressibility,3,capacity_aware_static,C,4,4,14,1,feasible,0.0,0.0,0.0,42,42.0,0.0,0.0,0,0,1,0.4523809523809524,19,263.0,1.0
low_compressibility,3,smoothed,none,0,4,14,1,feasible,0.0,0.0,0.0,42,42.0,0.0,0.0,0,0,1,0.4523809523809524,19,263.0,1.0
low_compressibility,3,static_min,none,0,4,15,1,feasible,0.0,0.0,0.0,42,42.0,0.0,0.0,0,0,1,0.4523809523809524,19,263.0,1.0
low_compressibility,3,capacity_aware_static,C,4,4,15,1,feasible,0.0,0.0,0.0,42,42.0,0.0,0.0,0,0,1,0.4523809523809524,19,263.0,1.0
low_compressibility,3,smoothed,none,0,4,15,1,feasible,0.0,0.0,0.0,42,42.0,0.0,0.0,0,0,1,0.4523809523809524,19,263.0,1.0
low_compressibility,3,static_min,none,0,5,0,1,feasible,0.0,0.0,0.0,42,42.0,0.0,0.0,0,0,1,0.4523809523809524,19,263.0,1.0
low_compressibility,3,capacity_aware_static,C,5,5,0,1,feasible,0.0,0.0,0.0,42,42.0,0.0,0.0,0,0,1,0.4523809523809524,19,263.0,1.0
low_compressibility,3,smoothed,none,0,5,0,1,feasible,0.0,0.0,0.0,42,42.0,0.0,0.0,0,0,1,0.4523809523809524,19,263.0,1.0
low_compressibility,3,static_min,none,0,5,1,1,feasible,0.0,0.0,0.0,42,42.0,0.0,0.0,0,0,1,0.4523809523809524,19,263.0,1.0
low_compressibility,3,capacity_aware_static,C,5,5,1,1,feasible,0.0,0.0,0.0,42,42.0,0.0,0.0,0,0,1,0.4523809523809524,19,263.0,1.0
low_compressibility,3,smoothed,none,0,5,1,1,feasible,0.0,0.0,0.0,42,42.0,0.0,0.0,0,0,1,0.4523809523809524,19,263.0,1.0
low_compressibility,3,static_min,none,0,5,2,1,feasible,0.0,0.0,0.0,42,42.0,0.0,0.0,0,0,1,0.4523809523809524,19,263.0,1.0
low_compressibility,3,capacity_aware_static,C,5,5,2,1,feasible,0.0,0.0,0.0,42,42.0,0.0,0.0,0,0,1,0.4523809523809524,19,263.0,1.0
low_compressibility,3,smoothed,none,0,5,2,1,feasible,0.0,0.0,0.0,42,42.0,0.0,0.0,0,0,1,0.4523809523809524,19,263.0,1.0
low_compressibility,3,static_min,none,0,5,3,1,feasible,0.0,0.0,0.0,42,42.0,0.0,0.0,0,0,1,0.4523809523809524,19,263.0,1.0
low_compressibility,3,capacity_aware_static,C,5,5,3,1,feasible,0.0,0.0,0.0,42,42.0,0.0,0.0,0,0,1,0.4523809523809524,19,263.0,1.0
low_compressibility,3,smoothed,none,0,5,3,1,feasible,0.0,0.0,0.0,42,42.0,0.0,0.0,0,0,1,0.4523809523809524,19,263.0,1.0
low_compressibility,3,static_min,none,0,5,4,1,feasible,0.0,0.0,0.0,42,42.0,0.0,0.0,0,0,1,0.4523809523809524,19,263.0,1.0
low_compressibility,3,capacity_aware_static,C,5,5,4,1,feasible,0.0,0.0,0.0,42,42.0,0.0,0.0,0,0,1,0.4523809523809524,19,263.0,1.0
low_compressibility,3,smoothed,none,0,5,4,1,feasible,0.0,0.0,0.0,42,42.0,0.0,0.0,0,0,1,0.4523809523809524,19,263.0,1.0
low_compressibility,3,static_min,none,0,5,5,1,feasible,0.0,0.0,0.0,42,42.0,0.0,0.0,0,0,1,0.4523809523809524,19,263.0,1.0
low_compressibility,3,capacity_aware_static,C,5,5,5,1,feasible,0.0,0.0,0.0,42,42.0,0.0,0.0,0,0,1,0.4523809523809524,19,263.0,1.0
low_compressibility,3,smoothed,none,0,5,5,1,feasible,0.0,0.0,0.0,42,42.0,0.0,0.0,0,0,1,0.4523809523809524,19,263.0,1.0
low_compressibility,3,static_min,none,0,5,6,1,feasible,0.0,0.0,0.0,42,42.0,0.0,0.0,0,0,1,0.4523809523809524,19,263.0,1.0
low_compressibility,3,capacity_aware_static,C,5,5,6,1,feasible,0.0,0.0,0.0,42,42.0,0.0,0.0,0,0,1,0.4523809523809524,19,263.0,1.0
low_compressibility,3,smoothed,none,0,5,6,1,feasible,0.0,0.0,0.0,42,42.0,0.0,0.0,0,0,1,0.4523809523809524,19,263.0,1.0
low_compressibility,3,static_min,none,0,5,7,1,feasible,0.0,0.0,0.0,42,42.0,0.0,0.0,0,0,1,0.4523809523809524,19,263.0,1.0
low_compressibility,3,capacity_aware_static,C,5,5,7,1,feasible,0.0,0.0,0.0,42,42.0,0.0,0.0,0,0,1,0.4523809523809524,19,263.0,1.0
low_compressibility,3,smoothed,none,0,5,7,1,feasible,0.0,0.0,0.0,42,42.0,0.0,0.0,0,0,1,0.4523809523809524,19,263.0,1.0
low_compressibility,3,static_min,none,0,5,8,1,feasible,0.0,0.0,0.0,42,42.0,0.0,0.0,0,0,1,0.4523809523809524,19,263.0,1.0
low_compressibility,3,capacity_aware_static,C,5,5,8,1,feasible,0.0,0.0,0.0,42,42.0,0.0,0.0,0,0,1,0.4523809523809524,19,263.0,1.0
low_compressibility,3,smoothed,none,0,5,8,1,feasible,0.0,0.0,0.0,42,42.0,0.0,0.0,0,0,1,0.4523809523809524,19,263.0,1.0
low_compressibility,3,static_min,none,0,5,9,1,feasible,0.0,0.0,0.0,42,42.0,0.0,0.0,0,0,1,0.4523809523809524,19,263.0,1.0
low_compressibility,3,capacity_aware_static,C,5,5,9,1,feasible,0.0,0.0,0.0,42,42.0,0.0,0.0,0,0,1,0.4523809523809524,19,263.0,1.0
low_compressibility,3,smoothed,none,0,5,9,1,feasible,0.0,0.0,0.0,42,42.0,0.0,0.0,0,0,1,0.4523809523809524,19,263.0,1.0
low_compressibility,3,static_min,none,0,5,10,1,feasible,0.0,0.0,0.0,42,42.0,0.0,0.0,0,0,1,0.4523809523809524,19,263.0,1.0
low_compressibility,3,capacity_aware_static,C,5,5,10,1,feasible,0.0,0.0,0.0,42,42.0,0.0,0.0,0,0,1,0.4523809523809524,19,263.0,1.0
low_compressibility,3,smoothed,none,0,5,10,1,feasible,0.0,0.0,0.0,42,42.0,0.0,0.0,0,0,1,0.4523809523809524,19,263.0,1.0
low_compressibility,3,static_min,none,0,5,11,1,feasible,0.0,0.0,0.0,42,42.0,0.0,0.0,0,0,1,0.4523809523809524,19,263.0,1.0
low_compressibility,3,capacity_aware_static,C,5,5,11,1,feasible,0.0,0.0,0.0,42,42.0,0.0,0.0,0,0,1,0.4523809523809524,19,263.0,1.0
low_compressibility,3,smoothed,none,0,5,11,1,feasible,0.0,0.0,0.0,42,42.0,0.0,0.0,0,0,1,0.4523809523809524,19,263.0,1.0
low_compressibility,3,static_min,none,0,5,12,1,feasible,0.0,0.0,0.0,42,42.0,0.0,0.0,0,0,1,0.4523809523809524,19,263.0,1.0
low_compressibility,3,capacity_aware_static,C,5,5,12,1,feasible,0.0,0.0,0.0,42,42.0,0.0,0.0,0,0,1,0.4523809523809524,19,263.0,1.0
low_compressibility,3,smoothed,none,0,5,12,1,feasible,0.0,0.0,0.0,42,42.0,0.0,0.0,0,0,1,0.4523809523809524,19,263.0,1.0
low_compressibility,3,static_min,none,0,5,13,1,feasible,0.0,0.0,0.0,42,42.0,0.0,0.0,0,0,1,0.4523809523809524,19,263.0,1.0
low_compressibility,3,capacity_aware_static,C,5,5,13,1,feasible,0.0,0.0,0.0,42,42.0,0.0,0.0,0,0,1,0.4523809523809524,19,263.0,1.0
low_compressibility,3,smoothed,none,0,5,13,1,feasible,0.0,0.0,0.0,42,42.0,0.0,0.0,0,0,1,0.4523809523809524,19,263.0,1.0
low_compressibility,3,static_min,none,0,5,14,1,feasible,0.0,0.0,0.0,42,42.0,0.0,0.0,0,0,1,0.4523809523809524,19,263.0,1.0
low_compressibility,3,capacity_aware_static,C,5,5,14,1,feasible,0.0,0.0,0.0,42,42.0,0.0,0.0,0,0,1,0.4523809523809524,19,263.0,1.0
low_compressibility,3,smoothed,none,0,5,14,1,feasible,0.0,0.0,0.0,42,42.0,0.0,0.0,0,0,1,0.4523809523809524,19,263.0,1.0
low_compressibility,3,static_min,none,0,5,15,1,feasible,0.0,0.0,0.0,42,42.0,0.0,0.0,0,0,1,0.4523809523809524,19,263.0,1.0
low_compressibility,3,capacity_aware_static,C,5,5,15,1,feasible,0.0,0.0,0.0,42,42.0,0.0,0.0,0,0,1,0.4523809523809524,19,263.0,1.0
low_compressibility,3,smoothed,none,0,5,15,1,feasible,0.0,0.0,0.0,42,42.0,0.0,0.0,0,0,1,0.4523809523809524,19,263.0,1.0
low_compressibility,3,static_min,none,0,6,0,1,feasible,0.0,0.0,0.0,42,42.0,0.0,0.0,0,0,1,0.4523809523809524,19,263.0,1.0
low_compressibility,3,capacity_aware_static,C,6,6,0,1,feasible,0.0,0.0,0.0,42,42.0,0.0,0.0,0,0,1,0.4523809523809524,19,263.0,1.0
low_compressibility,3,smoothed,none,0,6,0,1,feasible,0.0,0.0,0.0,42,42.0,0.0,0.0,0,0,1,0.4523809523809524,19,263.0,1.0
low_compressibility,3,static_min,none,0,6,1,1,feasible,0.0,0.0,0.0,42,42.0,0.0,0.0,0,0,1,0.4523809523809524,19,263.0,1.0
low_compressibility,3,capacity_aware_static,C,6,6,1,1,feasible,0.0,0.0,0.0,42,42.0,0.0,0.0,0,0,1,0.4523809523809524,19,263.0,1.0
low_compressibility,3,smoothed,none,0,6,1,1,feasible,0.0,0.0,0.0,42,42.0,0.0,0.0,0,0,1,0.4523809523809524,19,263.0,1.0
low_compressibility,3,static_min,none,0,6,2,1,feasible,0.0,0.0,0.0,42,42.0,0.0,0.0,0,0,1,0.4523809523809524,19,263.0,1.0
low_compressibility,3,capacity_aware_static,C,6,6,2,1,feasible,0.0,0.0,0.0,42,42.0,0.0,0.0,0,0,1,0.4523809523809524,19,263.0,1.0
low_compressibility,3,smoothed,none,0,6,2,1,feasible,0.0,0.0,0.0,42,42.0,0.0,0.0,0,0,1,0.4523809523809524,19,263.0,1.0
low_compressibility,3,static_min,none,0,6,3,1,feasible,0.0,0.0,0.0,42,42.0,0.0,0.0,0,0,1,0.4523809523809524,19,263.0,1.0
low_compressibility,3,capacity_aware_static,C,6,6,3,1,feasible,0.0,0.0,0.0,42,42.0,0.0,0.0,0,0,1,0.4523809523809524,19,263.0,1.0
low_compressibility,3,smoothed,none,0,6,3,1,feasible,0.0,0.0,0.0,42,42.0,0.0,0.0,0,0,1,0.4523809523809524,19,263.0,1.0
low_compressibility,3,static_min,none,0,6,4,1,feasible,0.0,0.0,0.0,42,42.0,0.0,0.0,0,0,1,0.4523809523809524,19,263.0,1.0
low_compressibility,3,capacity_aware_static,C,6,6,4,1,feasible,0.0,0.0,0.0,42,42.0,0.0,0.0,0,0,1,0.4523809523809524,19,263.0,1.0
low_compressibility,3,smoothed,none,0,6,4,1,feasible,0.0,0.0,0.0,42,42.0,0.0,0.0,0,0,1,0.4523809523809524,19,263.0,1.0
low_compressibility,3,static_min,none,0,6,5,1,feasible,0.0,0.0,0.0,42,42.0,0.0,0.0,0,0,1,0.4523809523809524,19,263.0,1.0
low_compressibility,3,capacity_aware_static,C,6,6,5,1,feasible,0.0,0.0,0.0,42,42.0,0.0,0.0,0,0,1,0.4523809523809524,19,263.0,1.0
low_compressibility,3,smoothed,none,0,6,5,1,feasible,0.0,0.0,0.0,42,42.0,0.0,0.0,0,0,1,0.4523809523809524,19,263.0,1.0
low_compressibility,3,static_min,none,0,6,6,1,feasible,0.0,0.0,0.0,42,42.0,0.0,0.0,0,0,1,0.4523809523809524,19,263.0,1.0
low_compressibility,3,capacity_aware_static,C,6,6,6,1,feasible,0.0,0.0,0.0,42,42.0,0.0,0.0,0,0,1,0.4523809523809524,19,263.0,1.0
low_compressibility,3,smoothed,none,0,6,6,1,feasible,0.0,0.0,0.0,42,42.0,0.0,0.0,0,0,1,0.4523809523809524,19,263.0,1.0
low_compressibility,3,static_min,none,0,6,7,1,feasible,0.0,0.0,0.0,42,42.0,0.0,0.0,0,0,1,0.4523809523809524,19,263.0,1.0
low_compressibility,3,capacity_aware_static,C,6,6,7,1,feasible,0.0,0.0,0.0,42,42.0,0.0,0.0,0,0,1,0.4523809523809524,19,263.0,1.0
low_compressibility,3,smoothed,none,0,6,7,1,feasible,0.0,0.0,0.0,42,42.0,0.0,0.0,0,0,1,0.4523809523809524,19,263.0,1.0
low_compressibility,3,static_min,none,0,6,8,1,feasible,0.0,0.0,0.0,42,42.0,0.0,0.0,0,0,1,0.4523809523809524,19,263.0,1.0
low_compressibility,3,capacity_aware_static,C,6,6,8,1,feasible,0.0,0.0,0.0,42,42.0,0.0,0.0,0,0,1,0.4523809523809524,19,263.0,1.0
low_compressibility,3,smoothed,none,0,6,8,1,feasible,0.0,0.0,0.0,42,42.0,0.0,0.0,0,0,1,0.4523809523809524,19,263.0,1.0
low_compressibility,3,static_min,none,0,6,9,1,feasible,0.0,0.0,0.0,42,42.0,0.0,0.0,0,0,1,0.4523809523809524,19,263.0,1.0
low_compressibility,3,capacity_aware_static,C,6,6,9,1,feasible,0.0,0.0,0.0,42,42.0,0.0,0.0,0,0,1,0.4523809523809524,19,263.0,1.0
low_compressibility,3,smoothed,none,0,6,9,1,feasible,0.0,0.0,0.0,42,42.0,0.0,0.0,0,0,1,0.4523809523809524,19,263.0,1.0
low_compressibility,3,static_min,none,0,6,10,1,feasible,0.0,0.0,0.0,42,42.0,0.0,0.0,0,0,1,0.4523809523809524,19,263.0,1.0
low_compressibility,3,capacity_aware_static,C,6,6,10,1,feasible,0.0,0.0,0.0,42,42.0,0.0,0.0,0,0,1,0.4523809523809524,19,263.0,1.0
low_compressibility,3,smoothed,none,0,6,10,1,feasible,0.0,0.0,0.0,42,42.0,0.0,0.0,0,0,1,0.4523809523809524,19,263.0,1.0
low_compressibility,3,static_min,none,0,6,11,1,feasible,0.0,0.0,0.0,42,42.0,0.0,0.0,0,0,1,0.4523809523809524,19,263.0,1.0
low_compressibility,3,capacity_aware_static,C,6,6,11,1,feasible,0.0,0.0,0.0,42,42.0,0.0,0.0,0,0,1,0.4523809523809524,19,263.0,1.0
low_compressibility,3,smoothed,none,0,6,11,1,feasible,0.0,0.0,0.0,42,42.0,0.0,0.0,0,0,1,0.4523809523809524,19,263.0,1.0
low_compressibility,3,static_min,none,0,6,12,1,feasible,0.0,0.0,0.0,42,42.0,0.0,0.0,0,0,1,0.4523809523809524,19,263.0,1.0
low_compressibility,3,capacity_aware_static,C,6,6,12,1,feasible,0.0,0.0,0.0,42,42.0,0.0,0.0,0,0,1,0.4523809523809524,19,263.0,1.0
low_compressibility,3,smoothed,none,0,6,12,1,feasible,0.0,0.0,0.0,42,42.0,0.0,0.0,0,0,1,0.4523809523809524,19,263.0,1.0
low_compressibility,3,static_min,none,0,6,13,1,feasible,0.0,0.0,0.0,42,42.0,0.0,0.0,0,0,1,0.4523809523809524,19,263.0,1.0
low_compressibility,3,capacity_aware_static,C,6,6,13,1,feasible,0.0,0.0,0.0,42,42.0,0.0,0.0,0,0,1,0.4523809523809524,19,263.0,1.0
low_compressibility,3,smoothed,none,0,6,13,1,feasible,0.0,0.0,0.0,42,42.0,0.0,0.0,0,0,1,0.4523809523809524,19,263.0,1.0
low_compressibility,3,static_min,none,0,6,14,1,feasible,0.0,0.0,0.0,42,42.0,0.0,0.0,0,0,1,0.4523809523809524,19,263.0,1.0
low_compressibility,3,capacity_aware_static,C,6,6,14,1,feasible,0.0,0.0,0.0,42,42.0,0.0,0.0,0,0,1,0.4523809523809524,19,263.0,1.0
low_compressibility,3,smoothed,none,0,6,14,1,feasible,0.0,0.0,0.0,42,42.0,0.0,0.0,0,0,1,0.4523809523809524,19,263.0,1.0
low_compressibility,3,static_min,none,0,6,15,1,feasible,0.0,0.0,0.0,42,42.0,0.0,0.0,0,0,1,0.4523809523809524,19,263.0,1.0
low_compressibility,3,capacity_aware_static,C,6,6,15,1,feasible,0.0,0.0,0.0,42,42.0,0.0,0.0,0,0,1,0.4523809523809524,19,263.0,1.0
low_compressibility,3,smoothed,none,0,6,15,1,feasible,0.0,0.0,0.0,42,42.0,0.0,0.0,0,0,1,0.4523809523809524,19,263.0,1.0
low_compressibility,3,static_min,none,0,7,0,1,feasible,0.0,0.0,0.0,42,42.0,0.0,0.0,0,0,1,0.4523809523809524,19,263.0,1.0
low_compressibility,3,capacity_aware_static,C,7,7,0,1,feasible,0.0,0.0,0.0,42,42.0,0.0,0.0,0,0,1,0.4523809523809524,19,263.0,1.0
low_compressibility,3,smoothed,none,0,7,0,1,feasible,0.0,0.0,0.0,42,42.0,0.0,0.0,0,0,1,0.4523809523809524,19,263.0,1.0
low_compressibility,3,static_min,none,0,7,1,1,feasible,0.0,0.0,0.0,42,42.0,0.0,0.0,0,0,1,0.4523809523809524,19,263.0,1.0
low_compressibility,3,capacity_aware_static,C,7,7,1,1,feasible,0.0,0.0,0.0,42,42.0,0.0,0.0,0,0,1,0.4523809523809524,19,263.0,1.0
low_compressibility,3,smoothed,none,0,7,1,1,feasible,0.0,0.0,0.0,42,42.0,0.0,0.0,0,0,1,0.4523809523809524,19,263.0,1.0
low_compressibility,3,static_min,none,0,7,2,1,feasible,0.0,0.0,0.0,42,42.0,0.0,0.0,0,0,1,0.4523809523809524,19,263.0,1.0
low_compressibility,3,capacity_aware_static,C,7,7,2,1,feasible,0.0,0.0,0.0,42,42.0,0.0,0.0,0,0,1,0.4523809523809524,19,263.0,1.0
low_compressibility,3,smoothed,none,0,7,2,1,feasible,0.0,0.0,0.0,42,42.0,0.0,0.0,0,0,1,0.4523809523809524,19,263.0,1.0
low_compressibility,3,static_min,none,0,7,3,1,feasible,0.0,0.0,0.0,42,42.0,0.0,0.0,0,0,1,0.4523809523809524,19,263.0,1.0
low_compressibility,3,capacity_aware_static,C,7,7,3,1,feasible,0.0,0.0,0.0,42,42.0,0.0,0.0,0,0,1,0.4523809523809524,19,263.0,1.0
low_compressibility,3,smoothed,none,0,7,3,1,feasible,0.0,0.0,0.0,42,42.0,0.0,0.0,0,0,1,0.4523809523809524,19,263.0,1.0
low_compressibility,3,static_min,none,0,7,4,1,feasible,0.0,0.0,0.0,42,42.0,0.0,0.0,0,0,1,0.4523809523809524,19,263.0,1.0
low_compressibility,3,capacity_aware_static,C,7,7,4,1,feasible,0.0,0.0,0.0,42,42.0,0.0,0.0,0,0,1,0.4523809523809524,19,263.0,1.0
low_compressibility,3,smoothed,none,0,7,4,1,feasible,0.0,0.0,0.0,42,42.0,0.0,0.0,0,0,1,0.4523809523809524,19,263.0,1.0
low_compressibility,3,static_min,none,0,7,5,1,feasible,0.0,0.0,0.0,42,42.0,0.0,0.0,0,0,1,0.4523809523809524,19,263.0,1.0
low_compressibility,3,capacity_aware_static,C,7,7,5,1,feasible,0.0,0.0,0.0,42,42.0,0.0,0.0,0,0,1,0.4523809523809524,19,263.0,1.0
low_compressibility,3,smoothed,none,0,7,5,1,feasible,0.0,0.0,0.0,42,42.0,0.0,0.0,0,0,1,0.4523809523809524,19,263.0,1.0
low_compressibility,3,static_min,none,0,7,6,1,feasible,0.0,0.0,0.0,42,42.0,0.0,0.0,0,0,1,0.4523809523809524,19,263.0,1.0
low_compressibility,3,capacity_aware_static,C,7,7,6,1,feasible,0.0,0.0,0.0,42,42.0,0.0,0.0,0,0,1,0.4523809523809524,19,263.0,1.0
low_compressibility,3,smoothed,none,0,7,6,1,feasible,0.0,0.0,0.0,42,42.0,0.0,0.0,0,0,1,0.4523809523809524,19,263.0,1.0
low_compressibility,3,static_min,none,0,7,7,1,feasible,0.0,0.0,0.0,42,42.0,0.0,0.0,0,0,1,0.4523809523809524,19,263.0,1.0
low_compressibility,3,capacity_aware_static,C,7,7,7,1,feasible,0.0,0.0,0.0,42,42.0,0.0,0.0,0,0,1,0.4523809523809524,19,263.0,1.0
low_compressibility,3,smoothed,none,0,7,7,1,feasible,0.0,0.0,0.0,42,42.0,0.0,0.0,0,0,1,0.4523809523809524,19,263.0,1.0
low_compressibility,3,static_min,none,0,7,8,1,feasible,0.0,0.0,0.0,42,42.0,0.0,0.0,0,0,1,0.4523809523809524,19,263.0,1.0
low_compressibility,3,capacity_aware_static,C,7,7,8,1,feasible,0.0,0.0,0.0,42,42.0,0.0,0.0,0,0,1,0.4523809523809524,19,263.0,1.0
low_compressibility,3,smoothed,none,0,7,8,1,feasible,0.0,0.0,0.0,42,42.0,0.0,0.0,0,0,1,0.4523809523809524,19,263.0,1.0
low_compressibility,3,static_min,none,0,7,9,1,feasible,0.0,0.0,0.0,42,42.0,0.0,0.0,0,0,1,0.4523809523809524,19,263.0,1.0
low_compressibility,3,capacity_aware_static,C,7,7,9,1,feasible,0.0,0.0,0.0,42,42.0,0.0,0.0,0,0,1,0.4523809523809524,19,263.0,1.0
low_compressibility,3,smoothed,none,0,7,9,1,feasible,0.0,0.0,0.0,42,42.0,0.0,0.0,0,0,1,0.4523809523809524,19,263.0,1.0
low_compressibility,3,static_min,none,0,7,10,1,feasible,0.0,0.0,0.0,42,42.0,0.0,0.0,0,0,1,0.4523809523809524,19,263.0,1.0
low_compressibility,3,capacity_aware_static,C,7,7,10,1,feasible,0.0,0.0,0.0,42,42.0,0.0,0.0,0,0,1,0.4523809523809524,19,263.0,1.0
low_compressibility,3,smoothed,none,0,7,10,1,feasible,0.0,0.0,0.0,42,42.0,0.0,0.0,0,0,1,0.4523809523809524,19,263.0,1.0
low_compressibility,3,static_min,none,0,7,11,1,feasible,0.0,0.0,0.0,42,42.0,0.0,0.0,0,0,1,0.4523809523809524,19,263.0,1.0
low_compressibility,3,capacity_aware_static,C,7,7,11,1,feasible,0.0,0.0,0.0,42,42.0,0.0,0.0,0,0,1,0.4523809523809524,19,263.0,1.0
low_compressibility,3,smoothed,none,0,7,11,1,feasible,0.0,0.0,0.0,42,42.0,0.0,0.0,0,0,1,0.4523809523809524,19,263.0,1.0
low_compressibility,3,static_min,none,0,7,12,1,feasible,0.0,0.0,0.0,42,42.0,0.0,0.0,0,0,1,0.4523809523809524,19,263.0,1.0
low_compressibility,3,capacity_aware_static,C,7,7,12,1,feasible,0.0,0.0,0.0,42,42.0,0.0,0.0,0,0,1,0.4523809523809524,19,263.0,1.0
low_compressibility,3,smoothed,none,0,7,12,1,feasible,0.0,0.0,0.0,42,42.0,0.0,0.0,0,0,1,0.4523809523809524,19,263.0,1.0
low_compressibility,3,static_min,none,0,7,13,1,feasible,0.0,0.0,0.0,42,42.0,0.0,0.0,0,0,1,0.4523809523809524,19,263.0,1.0
low_compressibility,3,capacity_aware_static,C,7,7,13,1,feasible,0.0,0.0,0.0,42,42.0,0.0,0.0,0,0,1,0.4523809523809524,19,263.0,1.0
low_compressibility,3,smoothed,none,0,7,13,1,feasible,0.0,0.0,0.0,42,42.0,0.0,0.0,0,0,1,0.4523809523809524,19,263.0,1.0
low_compressibility,3,static_min,none,0,7,14,1,feasible,0.0,0.0,0.0,42,42.0,0.0,0.0,0,0,1,0.4523809523809524,19,263.0,1.0
low_compressibility,3,capacity_aware_static,C,7,7,14,1,feasible,0.0,0.0,0.0,42,42.0,0.0,0.0,0,0,1,0.4523809523809524,19,263.0,1.0
low_compressibility,3,smoothed,none,0,7,14,1,feasible,0.0,0.0,0.0,42,42.0,0.0,0.0,0,0,1,0.4523809523809524,19,263.0,1.0
low_compressibility,3,static_min,none,0,7,15,1,feasible,0.0,0.0,0.0,42,42.0,0.0,0.0,0,0,1,0.4523809523809524,19,263.0,1.0
low_compressibility,3,capacity_aware_static,C,7,7,15,1,feasible,0.0,0.0,0.0,42,42.0,0.0,0.0,0,0,1,0.4523809523809524,19,263.0,1.0
low_compressibility,3,smoothed,none,0,7,15,1,feasible,0.0,0.0,0.0,42,42.0,0.0,0.0,0,0,1,0.4523809523809524,19,263.0,1.0
low_compressibility,5,static_min,none,0,1,0,1,feasible,0.0,0.0,0.0,42,42.0,0.0,0.0,0,0,1,0.4523809523809524,19,263.0,1.0
low_compressibility,5,capacity_aware_static,C,1,1,0,1,feasible,0.0,0.0,0.0,42,42.0,0.0,0.0,0,0,1,0.4523809523809524,19,263.0,1.0
low_compressibility,5,smoothed,none,0,1,0,1,feasible,0.0,0.0,0.0,42,42.0,0.0,0.0,0,0,1,0.4523809523809524,19,263.0,1.0
low_compressibility,5,static_min,none,0,1,1,1,feasible,0.0,0.0,0.0,42,42.0,0.0,0.0,0,0,1,0.4523809523809524,19,263.0,1.0
low_compressibility,5,capacity_aware_static,C,1,1,1,1,feasible,0.0,0.0,0.0,42,42.0,0.0,0.0,0,0,1,0.4523809523809524,19,263.0,1.0
low_compressibility,5,smoothed,none,0,1,1,1,feasible,0.0,0.0,0.0,42,42.0,0.0,0.0,0,0,1,0.4523809523809524,19,263.0,1.0
low_compressibility,5,static_min,none,0,1,2,1,feasible,0.0,0.0,0.0,42,42.0,0.0,0.0,0,0,1,0.4523809523809524,19,263.0,1.0
low_compressibility,5,capacity_aware_static,C,1,1,2,1,feasible,0.0,0.0,0.0,42,42.0,0.0,0.0,0,0,1,0.4523809523809524,19,263.0,1.0
low_compressibility,5,smoothed,none,0,1,2,1,feasible,0.0,0.0,0.0,42,42.0,0.0,0.0,0,0,1,0.4523809523809524,19,263.0,1.0
low_compressibility,5,static_min,none,0,1,3,1,feasible,0.0,0.0,0.0,42,42.0,0.0,0.0,0,0,1,0.4523809523809524,19,263.0,1.0
low_compressibility,5,capacity_aware_static,C,1,1,3,1,feasible,0.0,0.0,0.0,42,42.0,0.0,0.0,0,0,1,0.4523809523809524,19,263.0,1.0
low_compressibility,5,smoothed,none,0,1,3,1,feasible,0.0,0.0,0.0,42,42.0,0.0,0.0,0,0,1,0.4523809523809524,19,263.0,1.0
low_compressibility,5,static_min,none,0,1,4,1,feasible,0.0,0.0,0.0,42,42.0,0.0,0.0,0,0,1,0.4523809523809524,19,263.0,1.0
low_compressibility,5,capacity_aware_static,C,1,1,4,1,feasible,0.0,0.0,0.0,42,42.0,0.0,0.0,0,0,1,0.4523809523809524,19,263.0,1.0
low_compressibility,5,smoothed,none,0,1,4,1,feasible,0.0,0.0,0.0,42,42.0,0.0,0.0,0,0,1,0.4523809523809524,19,263.0,1.0
low_compressibility,5,static_min,none,0,1,5,1,feasible,0.0,0.0,0.0,42,42.0,0.0,0.0,0,0,1,0.4523809523809524,19,263.0,1.0
low_compressibility,5,capacity_aware_static,C,1,1,5,1,feasible,0.0,0.0,0.0,42,42.0,0.0,0.0,0,0,1,0.4523809523809524,19,263.0,1.0
low_compressibility,5,smoothed,none,0,1,5,1,feasible,0.0,0.0,0.0,42,42.0,0.0,0.0,0,0,1,0.4523809523809524,19,263.0,1.0
low_compressibility,5,static_min,none,0,1,6,1,feasible,0.0,0.0,0.0,42,42.0,0.0,0.0,0,0,1,0.4523809523809524,19,263.0,1.0
low_compressibility,5,capacity_aware_static,C,1,1,6,1,feasible,0.0,0.0,0.0,42,42.0,0.0,0.0,0,0,1,0.4523809523809524,19,263.0,1.0
low_compressibility,5,smoothed,none,0,1,6,1,feasible,0.0,0.0,0.0,42,42.0,0.0,0.0,0,0,1,0.4523809523809524,19,263.0,1.0
low_compressibility,5,static_min,none,0,1,7,1,feasible,0.0,0.0,0.0,42,42.0,0.0,0.0,0,0,1,0.4523809523809524,19,263.0,1.0
low_compressibility,5,capacity_aware_static,C,1,1,7,1,feasible,0.0,0.0,0.0,42,42.0,0.0,0.0,0,0,1,0.4523809523809524,19,263.0,1.0
low_compressibility,5,smoothed,none,0,1,7,1,feasible,0.0,0.0,0.0,42,42.0,0.0,0.0,0,0,1,0.4523809523809524,19,263.0,1.0
low_compressibility,5,static_min,none,0,1,8,1,feasible,0.0,0.0,0.0,42,42.0,0.0,0.0,0,0,1,0.4523809523809524,19,263.0,1.0
low_compressibility,5,capacity_aware_static,C,1,1,8,1,feasible,0.0,0.0,0.0,42,42.0,0.0,0.0,0,0,1,0.4523809523809524,19,263.0,1.0
low_compressibility,5,smoothed,none,0,1,8,1,feasible,0.0,0.0,0.0,42,42.0,0.0,0.0,0,0,1,0.4523809523809524,19,263.0,1.0
low_compressibility,5,static_min,none,0,1,9,1,feasible,0.0,0.0,0.0,42,42.0,0.0,0.0,0,0,1,0.4523809523809524,19,263.0,1.0
low_compressibility,5,capacity_aware_static,C,1,1,9,1,feasible,0.0,0.0,0.0,42,42.0,0.0,0.0,0,0,1,0.4523809523809524,19,263.0,1.0
low_compressibility,5,smoothed,none,0,1,9,1,feasible,0.0,0.0,0.0,42,42.0,0.0,0.0,0,0,1,0.4523809523809524,19,263.0,1.0
low_compressibility,5,static_min,none,0,1,10,1,feasible,0.0,0.0,0.0,42,42.0,0.0,0.0,0,0,1,0.4523809523809524,19,263.0,1.0
low_compressibility,5,capacity_aware_static,C,1,1,10,1,feasible,0.0,0.0,0.0,42,42.0,0.0,0.0,0,0,1,0.4523809523809524,19,263.0,1.0
low_compressibility,5,smoothed,none,0,1,10,1,feasible,0.0,0.0,0.0,42,42.0,0.0,0.0,0,0,1,0.4523809523809524,19,263.0,1.0
low_compressibility,5,static_min,none,0,1,11,1,feasible,0.0,0.0,0.0,42,42.0,0.0,0.0,0,0,1,0.4523809523809524,19,263.0,1.0
low_compressibility,5,capacity_aware_static,C,1,1,11,1,feasible,0.0,0.0,0.0,42,42.0,0.0,0.0,0,0,1,0.4523809523809524,19,263.0,1.0
low_compressibility,5,smoothed,none,0,1,11,1,feasible,0.0,0.0,0.0,42,42.0,0.0,0.0,0,0,1,0.4523809523809524,19,263.0,1.0
low_compressibility,5,static_min,none,0,1,12,1,feasible,0.0,0.0,0.0,42,42.0,0.0,0.0,0,0,1,0.4523809523809524,19,263.0,1.0
low_compressibility,5,capacity_aware_static,C,1,1,12,1,feasible,0.0,0.0,0.0,42,42.0,0.0,0.0,0,0,1,0.4523809523809524,19,263.0,1.0
low_compressibility,5,smoothed,none,0,1,12,1,feasible,0.0,0.0,0.0,42,42.0,0.0,0.0,0,0,1,0.4523809523809524,19,263.0,1.0
low_compressibility,5,static_min,none,0,1,13,1,feasible,0.0,0.0,0.0,42,42.0,0.0,0.0,0,0,1,0.4523809523809524,19,263.0,1.0
low_compressibility,5,capacity_aware_static,C,1,1,13,1,feasible,0.0,0.0,0.0,42,42.0,0.0,0.0,0,0,1,0.4523809523809524,19,263.0,1.0
low_compressibility,5,smoothed,none,0,1,13,1,feasible,0.0,0.0,0.0,42,42.0,0.0,0.0,0,0,1,0.4523809523809524,19,263.0,1.0
low_compressibility,5,static_min,none,0,1,14,1,feasible,0.0,0.0,0.0,42,42.0,0.0,0.0,0,0,1,0.4523809523809524,19,263.0,1.0
low_compressibility,5,capacity_aware_static,C,1,1,14,1,feasible,0.0,0.0,0.0,42,42.0,0.0,0.0,0,0,1,0.4523809523809524,19,263.0,1.0
low_compressibility,5,smoothed,none,0,1,14,1,feasible,0.0,0.0,0.0,42,42.0,0.0,0.0,0,0,1,0.4523809523809524,19,263.0,1.0
low_compressibility,5,static_min,none,0,1,15,1,feasible,0.0,0.0,0.0,42,42.0,0.0,0.0,0,0,1,0.4523809523809524,19,263.0,1.0
low_compressibility,5,capacity_aware_static,C,1,1,15,1,feasible,0.0,0.0,0.0,42,42.0,0.0,0.0,0,0,1,0.4523809523809524,19,263.0,1.0
low_compressibility,5,smoothed,none,0,1,15,1,feasible,0.0,0.0,0.0,42,42.0,0.0,0.0,0,0,1,0.4523809523809524,19,263.0,1.0
low_compressibility,5,static_min,none,0,2,0,1,feasible,0.0,0.0,0.0,42,42.0,0.0,0.0,0,0,1,0.4523809523809524,19,263.0,1.0
low_compressibility,5,capacity_aware_static,C,2,2,0,1,feasible,0.0,0.0,0.0,42,42.0,0.0,0.0,0,0,1,0.4523809523809524,19,263.0,1.0
low_compressibility,5,smoothed,none,0,2,0,1,feasible,0.0,0.0,0.0,42,42.0,0.0,0.0,0,0,1,0.4523809523809524,19,263.0,1.0
low_compressibility,5,static_min,none,0,2,1,1,feasible,0.0,0.0,0.0,42,42.0,0.0,0.0,0,0,1,0.4523809523809524,19,263.0,1.0
low_compressibility,5,capacity_aware_static,C,2,2,1,1,feasible,0.0,0.0,0.0,42,42.0,0.0,0.0,0,0,1,0.4523809523809524,19,263.0,1.0
low_compressibility,5,smoothed,none,0,2,1,1,feasible,0.0,0.0,0.0,42,42.0,0.0,0.0,0,0,1,0.4523809523809524,19,263.0,1.0
low_compressibility,5,static_min,none,0,2,2,1,feasible,0.0,0.0,0.0,42,42.0,0.0,0.0,0,0,1,0.4523809523809524,19,263.0,1.0
low_compressibility,5,capacity_aware_static,C,2,2,2,1,feasible,0.0,0.0,0.0,42,42.0,0.0,0.0,0,0,1,0.4523809523809524,19,263.0,1.0
low_compressibility,5,smoothed,none,0,2,2,1,feasible,0.0,0.0,0.0,42,42.0,0.0,0.0,0,0,1,0.4523809523809524,19,263.0,1.0
low_compressibility,5,static_min,none,0,2,3,1,feasible,0.0,0.0,0.0,42,42.0,0.0,0.0,0,0,1,0.4523809523809524,19,263.0,1.0
low_compressibility,5,capacity_aware_static,C,2,2,3,1,feasible,0.0,0.0,0.0,42,42.0,0.0,0.0,0,0,1,0.4523809523809524,19,263.0,1.0
low_compressibility,5,smoothed,none,0,2,3,1,feasible,0.0,0.0,0.0,42,42.0,0.0,0.0,0,0,1,0.4523809523809524,19,263.0,1.0
low_compressibility,5,static_min,none,0,2,4,1,feasible,0.0,0.0,0.0,42,42.0,0.0,0.0,0,0,1,0.4523809523809524,19,263.0,1.0
low_compressibility,5,capacity_aware_static,C,2,2,4,1,feasible,0.0,0.0,0.0,42,42.0,0.0,0.0,0,0,1,0.4523809523809524,19,263.0,1.0
low_compressibility,5,smoothed,none,0,2,4,1,feasible,0.0,0.0,0.0,42,42.0,0.0,0.0,0,0,1,0.4523809523809524,19,263.0,1.0
low_compressibility,5,static_min,none,0,2,5,1,feasible,0.0,0.0,0.0,42,42.0,0.0,0.0,0,0,1,0.4523809523809524,19,263.0,1.0
low_compressibility,5,capacity_aware_static,C,2,2,5,1,feasible,0.0,0.0,0.0,42,42.0,0.0,0.0,0,0,1,0.4523809523809524,19,263.0,1.0
low_compressibility,5,smoothed,none,0,2,5,1,feasible,0.0,0.0,0.0,42,42.0,0.0,0.0,0,0,1,0.4523809523809524,19,263.0,1.0
low_compressibility,5,static_min,none,0,2,6,1,feasible,0.0,0.0,0.0,42,42.0,0.0,0.0,0,0,1,0.4523809523809524,19,263.0,1.0
low_compressibility,5,capacity_aware_static,C,2,2,6,1,feasible,0.0,0.0,0.0,42,42.0,0.0,0.0,0,0,1,0.4523809523809524,19,263.0,1.0
low_compressibility,5,smoothed,none,0,2,6,1,feasible,0.0,0.0,0.0,42,42.0,0.0,0.0,0,0,1,0.4523809523809524,19,263.0,1.0
low_compressibility,5,static_min,none,0,2,7,1,feasible,0.0,0.0,0.0,42,42.0,0.0,0.0,0,0,1,0.4523809523809524,19,263.0,1.0
low_compressibility,5,capacity_aware_static,C,2,2,7,1,feasible,0.0,0.0,0.0,42,42.0,0.0,0.0,0,0,1,0.4523809523809524,19,263.0,1.0
low_compressibility,5,smoothed,none,0,2,7,1,feasible,0.0,0.0,0.0,42,42.0,0.0,0.0,0,0,1,0.4523809523809524,19,263.0,1.0
low_compressibility,5,static_min,none,0,2,8,1,feasible,0.0,0.0,0.0,42,42.0,0.0,0.0,0,0,1,0.4523809523809524,19,263.0,1.0
low_compressibility,5,capacity_aware_static,C,2,2,8,1,feasible,0.0,0.0,0.0,42,42.0,0.0,0.0,0,0,1,0.4523809523809524,19,263.0,1.0
low_compressibility,5,smoothed,none,0,2,8,1,feasible,0.0,0.0,0.0,42,42.0,0.0,0.0,0,0,1,0.4523809523809524,19,263.0,1.0
low_compressibility,5,static_min,none,0,2,9,1,feasible,0.0,0.0,0.0,42,42.0,0.0,0.0,0,0,1,0.4523809523809524,19,263.0,1.0
low_compressibility,5,capacity_aware_static,C,2,2,9,1,feasible,0.0,0.0,0.0,42,42.0,0.0,0.0,0,0,1,0.4523809523809524,19,263.0,1.0
low_compressibility,5,smoothed,none,0,2,9,1,feasible,0.0,0.0,0.0,42,42.0,0.0,0.0,0,0,1,0.4523809523809524,19,263.0,1.0
low_compressibility,5,static_min,none,0,2,10,1,feasible,0.0,0.0,0.0,42,42.0,0.0,0.0,0,0,1,0.4523809523809524,19,263.0,1.0
low_compressibility,5,capacity_aware_static,C,2,2,10,1,feasible,0.0,0.0,0.0,42,42.0,0.0,0.0,0,0,1,0.4523809523809524,19,263.0,1.0
low_compressibility,5,smoothed,none,0,2,10,1,feasible,0.0,0.0,0.0,42,42.0,0.0,0.0,0,0,1,0.4523809523809524,19,263.0,1.0
low_compressibility,5,static_min,none,0,2,11,1,feasible,0.0,0.0,0.0,42,42.0,0.0,0.0,0,0,1,0.4523809523809524,19,263.0,1.0
low_compressibility,5,capacity_aware_static,C,2,2,11,1,feasible,0.0,0.0,0.0,42,42.0,0.0,0.0,0,0,1,0.4523809523809524,19,263.0,1.0
low_compressibility,5,smoothed,none,0,2,11,1,feasible,0.0,0.0,0.0,42,42.0,0.0,0.0,0,0,1,0.4523809523809524,19,263.0,1.0
low_compressibility,5,static_min,none,0,2,12,1,feasible,0.0,0.0,0.0,42,42.0,0.0,0.0,0,0,1,0.4523809523809524,19,263.0,1.0
low_compressibility,5,capacity_aware_static,C,2,2,12,1,feasible,0.0,0.0,0.0,42,42.0,0.0,0.0,0,0,1,0.4523809523809524,19,263.0,1.0
low_compressibility,5,smoothed,none,0,2,12,1,feasible,0.0,0.0,0.0,42,42.0,0.0,0.0,0,0,1,0.4523809523809524,19,263.0,1.0
low_compressibility,5,static_min,none,0,2,13,1,feasible,0.0,0.0,0.0,42,42.0,0.0,0.0,0,0,1,0.4523809523809524,19,263.0,1.0
low_compressibility,5,capacity_aware_static,C,2,2,13,1,feasible,0.0,0.0,0.0,42,42.0,0.0,0.0,0,0,1,0.4523809523809524,19,263.0,1.0
low_compressibility,5,smoothed,none,0,2,13,1,feasible,0.0,0.0,0.0,42,42.0,0.0,0.0,0,0,1,0.4523809523809524,19,263.0,1.0
low_compressibility,5,static_min,none,0,2,14,1,feasible,0.0,0.0,0.0,42,42.0,0.0,0.0,0,0,1,0.4523809523809524,19,263.0,1.0
low_compressibility,5,capacity_aware_static,C,2,2,14,1,feasible,0.0,0.0,0.0,42,42.0,0.0,0.0,0,0,1,0.4523809523809524,19,263.0,1.0
low_compressibility,5,smoothed,none,0,2,14,1,feasible,0.0,0.0,0.0,42,42.0,0.0,0.0,0,0,1,0.4523809523809524,19,263.0,1.0
low_compressibility,5,static_min,none,0,2,15,1,feasible,0.0,0.0,0.0,42,42.0,0.0,0.0,0,0,1,0.4523809523809524,19,263.0,1.0
low_compressibility,5,capacity_aware_static,C,2,2,15,1,feasible,0.0,0.0,0.0,42,42.0,0.0,0.0,0,0,1,0.4523809523809524,19,263.0,1.0
low_compressibility,5,smoothed,none,0,2,15,1,feasible,0.0,0.0,0.0,42,42.0,0.0,0.0,0,0,1,0.4523809523809524,19,263.0,1.0
low_compressibility,5,static_min,none,0,3,0,1,feasible,0.0,0.0,0.0,42,42.0,0.0,0.0,0,0,1,0.4523809523809524,19,263.0,1.0
low_compressibility,5,capacity_aware_static,C,3,3,0,1,feasible,0.0,0.0,0.0,42,42.0,0.0,0.0,0,0,1,0.4523809523809524,19,263.0,1.0
low_compressibility,5,smoothed,none,0,3,0,1,feasible,0.0,0.0,0.0,42,42.0,0.0,0.0,0,0,1,0.4523809523809524,19,263.0,1.0
low_compressibility,5,static_min,none,0,3,1,1,feasible,0.0,0.0,0.0,42,42.0,0.0,0.0,0,0,1,0.4523809523809524,19,263.0,1.0
low_compressibility,5,capacity_aware_static,C,3,3,1,1,feasible,0.0,0.0,0.0,42,42.0,0.0,0.0,0,0,1,0.4523809523809524,19,263.0,1.0
low_compressibility,5,smoothed,none,0,3,1,1,feasible,0.0,0.0,0.0,42,42.0,0.0,0.0,0,0,1,0.4523809523809524,19,263.0,1.0
low_compressibility,5,static_min,none,0,3,2,1,feasible,0.0,0.0,0.0,42,42.0,0.0,0.0,0,0,1,0.4523809523809524,19,263.0,1.0
low_compressibility,5,capacity_aware_static,C,3,3,2,1,feasible,0.0,0.0,0.0,42,42.0,0.0,0.0,0,0,1,0.4523809523809524,19,263.0,1.0
low_compressibility,5,smoothed,none,0,3,2,1,feasible,0.0,0.0,0.0,42,42.0,0.0,0.0,0,0,1,0.4523809523809524,19,263.0,1.0
low_compressibility,5,static_min,none,0,3,3,1,feasible,0.0,0.0,0.0,42,42.0,0.0,0.0,0,0,1,0.4523809523809524,19,263.0,1.0
low_compressibility,5,capacity_aware_static,C,3,3,3,1,feasible,0.0,0.0,0.0,42,42.0,0.0,0.0,0,0,1,0.4523809523809524,19,263.0,1.0
low_compressibility,5,smoothed,none,0,3,3,1,feasible,0.0,0.0,0.0,42,42.0,0.0,0.0,0,0,1,0.4523809523809524,19,263.0,1.0
low_compressibility,5,static_min,none,0,3,4,1,feasible,0.0,0.0,0.0,42,42.0,0.0,0.0,0,0,1,0.4523809523809524,19,263.0,1.0
low_compressibility,5,capacity_aware_static,C,3,3,4,1,feasible,0.0,0.0,0.0,42,42.0,0.0,0.0,0,0,1,0.4523809523809524,19,263.0,1.0
low_compressibility,5,smoothed,none,0,3,4,1,feasible,0.0,0.0,0.0,42,42.0,0.0,0.0,0,0,1,0.4523809523809524,19,263.0,1.0
low_compressibility,5,static_min,none,0,3,5,1,feasible,0.0,0.0,0.0,42,42.0,0.0,0.0,0,0,1,0.4523809523809524,19,263.0,1.0
low_compressibility,5,capacity_aware_static,C,3,3,5,1,feasible,0.0,0.0,0.0,42,42.0,0.0,0.0,0,0,1,0.4523809523809524,19,263.0,1.0
low_compressibility,5,smoothed,none,0,3,5,1,feasible,0.0,0.0,0.0,42,42.0,0.0,0.0,0,0,1,0.4523809523809524,19,263.0,1.0
low_compressibility,5,static_min,none,0,3,6,1,feasible,0.0,0.0,0.0,42,42.0,0.0,0.0,0,0,1,0.4523809523809524,19,263.0,1.0
low_compressibility,5,capacity_aware_static,C,3,3,6,1,feasible,0.0,0.0,0.0,42,42.0,0.0,0.0,0,0,1,0.4523809523809524,19,263.0,1.0
low_compressibility,5,smoothed,none,0,3,6,1,feasible,0.0,0.0,0.0,42,42.0,0.0,0.0,0,0,1,0.4523809523809524,19,263.0,1.0
low_compressibility,5,static_min,none,0,3,7,1,feasible,0.0,0.0,0.0,42,42.0,0.0,0.0,0,0,1,0.4523809523809524,19,263.0,1.0
low_compressibility,5,capacity_aware_static,C,3,3,7,1,feasible,0.0,0.0,0.0,42,42.0,0.0,0.0,0,0,1,0.4523809523809524,19,263.0,1.0
low_compressibility,5,smoothed,none,0,3,7,1,feasible,0.0,0.0,0.0,42,42.0,0.0,0.0,0,0,1,0.4523809523809524,19,263.0,1.0
low_compressibility,5,static_min,none,0,3,8,1,feasible,0.0,0.0,0.0,42,42.0,0.0,0.0,0,0,1,0.4523809523809524,19,263.0,1.0
low_compressibility,5,capacity_aware_static,C,3,3,8,1,feasible,0.0,0.0,0.0,42,42.0,0.0,0.0,0,0,1,0.4523809523809524,19,263.0,1.0
low_compressibility,5,smoothed,none,0,3,8,1,feasible,0.0,0.0,0.0,42,42.0,0.0,0.0,0,0,1,0.4523809523809524,19,263.0,1.0
low_compressibility,5,static_min,none,0,3,9,1,feasible,0.0,0.0,0.0,42,42.0,0.0,0.0,0,0,1,0.4523809523809524,19,263.0,1.0
low_compressibility,5,capacity_aware_static,C,3,3,9,1,feasible,0.0,0.0,0.0,42,42.0,0.0,0.0,0,0,1,0.4523809523809524,19,263.0,1.0
low_compressibility,5,smoothed,none,0,3,9,1,feasible,0.0,0.0,0.0,42,42.0,0.0,0.0,0,0,1,0.4523809523809524,19,263.0,1.0
low_compressibility,5,static_min,none,0,3,10,1,feasible,0.0,0.0,0.0,42,42.0,0.0,0.0,0,0,1,0.4523809523809524,19,263.0,1.0
low_compressibility,5,capacity_aware_static,C,3,3,10,1,feasible,0.0,0.0,0.0,42,42.0,0.0,0.0,0,0,1,0.4523809523809524,19,263.0,1.0
low_compressibility,5,smoothed,none,0,3,10,1,feasible,0.0,0.0,0.0,42,42.0,0.0,0.0,0,0,1,0.4523809523809524,19,263.0,1.0
low_compressibility,5,static_min,none,0,3,11,1,feasible,0.0,0.0,0.0,42,42.0,0.0,0.0,0,0,1,0.4523809523809524,19,263.0,1.0
low_compressibility,5,capacity_aware_static,C,3,3,11,1,feasible,0.0,0.0,0.0,42,42.0,0.0,0.0,0,0,1,0.4523809523809524,19,263.0,1.0
low_compressibility,5,smoothed,none,0,3,11,1,feasible,0.0,0.0,0.0,42,42.0,0.0,0.0,0,0,1,0.4523809523809524,19,263.0,1.0
low_compressibility,5,static_min,none,0,3,12,1,feasible,0.0,0.0,0.0,42,42.0,0.0,0.0,0,0,1,0.4523809523809524,19,263.0,1.0
low_compressibility,5,capacity_aware_static,C,3,3,12,1,feasible,0.0,0.0,0.0,42,42.0,0.0,0.0,0,0,1,0.4523809523809524,19,263.0,1.0
low_compressibility,5,smoothed,none,0,3,12,1,feasible,0.0,0.0,0.0,42,42.0,0.0,0.0,0,0,1,0.4523809523809524,19,263.0,1.0
low_compressibility,5,static_min,none,0,3,13,1,feasible,0.0,0.0,0.0,42,42.0,0.0,0.0,0,0,1,0.4523809523809524,19,263.0,1.0
low_compressibility,5,capacity_aware_static,C,3,3,13,1,feasible,0.0,0.0,0.0,42,42.0,0.0,0.0,0,0,1,0.4523809523809524,19,263.0,1.0
low_compressibility,5,smoothed,none,0,3,13,1,feasible,0.0,0.0,0.0,42,42.0,0.0,0.0,0,0,1,0.4523809523809524,19,263.0,1.0
low_compressibility,5,static_min,none,0,3,14,1,feasible,0.0,0.0,0.0,42,42.0,0.0,0.0,0,0,1,0.4523809523809524,19,263.0,1.0
low_compressibility,5,capacity_aware_static,C,3,3,14,1,feasible,0.0,0.0,0.0,42,42.0,0.0,0.0,0,0,1,0.4523809523809524,19,263.0,1.0
low_compressibility,5,smoothed,none,0,3,14,1,feasible,0.0,0.0,0.0,42,42.0,0.0,0.0,0,0,1,0.4523809523809524,19,263.0,1.0
low_compressibility,5,static_min,none,0,3,15,1,feasible,0.0,0.0,0.0,42,42.0,0.0,0.0,0,0,1,0.4523809523809524,19,263.0,1.0
low_compressibility,5,capacity_aware_static,C,3,3,15,1,feasible,0.0,0.0,0.0,42,42.0,0.0,0.0,0,0,1,0.4523809523809524,19,263.0,1.0
low_compressibility,5,smoothed,none,0,3,15,1,feasible,0.0,0.0,0.0,42,42.0,0.0,0.0,0,0,1,0.4523809523809524,19,263.0,1.0
low_compressibility,5,static_min,none,0,4,0,1,feasible,0.0,0.0,0.0,42,42.0,0.0,0.0,0,0,1,0.4523809523809524,19,263.0,1.0
low_compressibility,5,capacity_aware_static,C,4,4,0,1,feasible,0.0,0.0,0.0,42,42.0,0.0,0.0,0,0,1,0.4523809523809524,19,263.0,1.0
low_compressibility,5,smoothed,none,0,4,0,1,feasible,0.0,0.0,0.0,42,42.0,0.0,0.0,0,0,1,0.4523809523809524,19,263.0,1.0
low_compressibility,5,static_min,none,0,4,1,1,feasible,0.0,0.0,0.0,42,42.0,0.0,0.0,0,0,1,0.4523809523809524,19,263.0,1.0
low_compressibility,5,capacity_aware_static,C,4,4,1,1,feasible,0.0,0.0,0.0,42,42.0,0.0,0.0,0,0,1,0.4523809523809524,19,263.0,1.0
low_compressibility,5,smoothed,none,0,4,1,1,feasible,0.0,0.0,0.0,42,42.0,0.0,0.0,0,0,1,0.4523809523809524,19,263.0,1.0
low_compressibility,5,static_min,none,0,4,2,1,feasible,0.0,0.0,0.0,42,42.0,0.0,0.0,0,0,1,0.4523809523809524,19,263.0,1.0
low_compressibility,5,capacity_aware_static,C,4,4,2,1,feasible,0.0,0.0,0.0,42,42.0,0.0,0.0,0,0,1,0.4523809523809524,19,263.0,1.0
low_compressibility,5,smoothed,none,0,4,2,1,feasible,0.0,0.0,0.0,42,42.0,0.0,0.0,0,0,1,0.4523809523809524,19,263.0,1.0
low_compressibility,5,static_min,none,0,4,3,1,feasible,0.0,0.0,0.0,42,42.0,0.0,0.0,0,0,1,0.4523809523809524,19,263.0,1.0
low_compressibility,5,capacity_aware_static,C,4,4,3,1,feasible,0.0,0.0,0.0,42,42.0,0.0,0.0,0,0,1,0.4523809523809524,19,263.0,1.0
low_compressibility,5,smoothed,none,0,4,3,1,feasible,0.0,0.0,0.0,42,42.0,0.0,0.0,0,0,1,0.4523809523809524,19,263.0,1.0
low_compressibility,5,static_min,none,0,4,4,1,feasible,0.0,0.0,0.0,42,42.0,0.0,0.0,0,0,1,0.4523809523809524,19,263.0,1.0
low_compressibility,5,capacity_aware_static,C,4,4,4,1,feasible,0.0,0.0,0.0,42,42.0,0.0,0.0,0,0,1,0.4523809523809524,19,263.0,1.0
low_compressibility,5,smoothed,none,0,4,4,1,feasible,0.0,0.0,0.0,42,42.0,0.0,0.0,0,0,1,0.4523809523809524,19,263.0,1.0
low_compressibility,5,static_min,none,0,4,5,1,feasible,0.0,0.0,0.0,42,42.0,0.0,0.0,0,0,1,0.4523809523809524,19,263.0,1.0
low_compressibility,5,capacity_aware_static,C,4,4,5,1,feasible,0.0,0.0,0.0,42,42.0,0.0,0.0,0,0,1,0.4523809523809524,19,263.0,1.0
low_compressibility,5,smoothed,none,0,4,5,1,feasible,0.0,0.0,0.0,42,42.0,0.0,0.0,0,0,1,0.4523809523809524,19,263.0,1.0
low_compressibility,5,static_min,none,0,4,6,1,feasible,0.0,0.0,0.0,42,42.0,0.0,0.0,0,0,1,0.4523809523809524,19,263.0,1.0
low_compressibility,5,capacity_aware_static,C,4,4,6,1,feasible,0.0,0.0,0.0,42,42.0,0.0,0.0,0,0,1,0.4523809523809524,19,263.0,1.0
low_compressibility,5,smoothed,none,0,4,6,1,feasible,0.0,0.0,0.0,42,42.0,0.0,0.0,0,0,1,0.4523809523809524,19,263.0,1.0
low_compressibility,5,static_min,none,0,4,7,1,feasible,0.0,0.0,0.0,42,42.0,0.0,0.0,0,0,1,0.4523809523809524,19,263.0,1.0
low_compressibility,5,capacity_aware_static,C,4,4,7,1,feasible,0.0,0.0,0.0,42,42.0,0.0,0.0,0,0,1,0.4523809523809524,19,263.0,1.0
low_compressibility,5,smoothed,none,0,4,7,1,feasible,0.0,0.0,0.0,42,42.0,0.0,0.0,0,0,1,0.4523809523809524,19,263.0,1.0
low_compressibility,5,static_min,none,0,4,8,1,feasible,0.0,0.0,0.0,42,42.0,0.0,0.0,0,0,1,0.4523809523809524,19,263.0,1.0
low_compressibility,5,capacity_aware_static,C,4,4,8,1,feasible,0.0,0.0,0.0,42,42.0,0.0,0.0,0,0,1,0.4523809523809524,19,263.0,1.0
low_compressibility,5,smoothed,none,0,4,8,1,feasible,0.0,0.0,0.0,42,42.0,0.0,0.0,0,0,1,0.4523809523809524,19,263.0,1.0
low_compressibility,5,static_min,none,0,4,9,1,feasible,0.0,0.0,0.0,42,42.0,0.0,0.0,0,0,1,0.4523809523809524,19,263.0,1.0
low_compressibility,5,capacity_aware_static,C,4,4,9,1,feasible,0.0,0.0,0.0,42,42.0,0.0,0.0,0,0,1,0.4523809523809524,19,263.0,1.0
low_compressibility,5,smoothed,none,0,4,9,1,feasible,0.0,0.0,0.0,42,42.0,0.0,0.0,0,0,1,0.4523809523809524,19,263.0,1.0
low_compressibility,5,static_min,none,0,4,10,1,feasible,0.0,0.0,0.0,42,42.0,0.0,0.0,0,0,1,0.4523809523809524,19,263.0,1.0
low_compressibility,5,capacity_aware_static,C,4,4,10,1,feasible,0.0,0.0,0.0,42,42.0,0.0,0.0,0,0,1,0.4523809523809524,19,263.0,1.0
low_compressibility,5,smoothed,none,0,4,10,1,feasible,0.0,0.0,0.0,42,42.0,0.0,0.0,0,0,1,0.4523809523809524,19,263.0,1.0
low_compressibility,5,static_min,none,0,4,11,1,feasible,0.0,0.0,0.0,42,42.0,0.0,0.0,0,0,1,0.4523809523809524,19,263.0,1.0
low_compressibility,5,capacity_aware_static,C,4,4,11,1,feasible,0.0,0.0,0.0,42,42.0,0.0,0.0,0,0,1,0.4523809523809524,19,263.0,1.0
low_compressibility,5,smoothed,none,0,4,11,1,feasible,0.0,0.0,0.0,42,42.0,0.0,0.0,0,0,1,0.4523809523809524,19,263.0,1.0
low_compressibility,5,static_min,none,0,4,12,1,feasible,0.0,0.0,0.0,42,42.0,0.0,0.0,0,0,1,0.4523809523809524,19,263.0,1.0
low_compressibility,5,capacity_aware_static,C,4,4,12,1,feasible,0.0,0.0,0.0,42,42.0,0.0,0.0,0,0,1,0.4523809523809524,19,263.0,1.0
low_compressibility,5,smoothed,none,0,4,12,1,feasible,0.0,0.0,0.0,42,42.0,0.0,0.0,0,0,1,0.4523809523809524,19,263.0,1.0
low_compressibility,5,static_min,none,0,4,13,1,feasible,0.0,0.0,0.0,42,42.0,0.0,0.0,0,0,1,0.4523809523809524,19,263.0,1.0
low_compressibility,5,capacity_aware_static,C,4,4,13,1,feasible,0.0,0.0,0.0,42,42.0,0.0,0.0,0,0,1,0.4523809523809524,19,263.0,1.0
low_compressibility,5,smoothed,none,0,4,13,1,feasible,0.0,0.0,0.0,42,42.0,0.0,0.0,0,0,1,0.4523809523809524,19,263.0,1.0
low_compressibility,5,static_min,none,0,4,14,1,feasible,0.0,0.0,0.0,42,42.0,0.0,0.0,0,0,1,0.4523809523809524,19,263.0,1.0
low_compressibility,5,capacity_aware_static,C,4,4,14,1,feasible,0.0,0.0,0.0,42,42.0,0.0,0.0,0,0,1,0.4523809523809524,19,263.0,1.0
low_compressibility,5,smoothed,none,0,4,14,1,feasible,0.0,0.0,0.0,42,42.0,0.0,0.0,0,0,1,0.4523809523809524,19,263.0,1.0
low_compressibility,5,static_min,none,0,4,15,1,feasible,0.0,0.0,0.0,42,42.0,0.0,0.0,0,0,1,0.4523809523809524,19,263.0,1.0
low_compressibility,5,capacity_aware_static,C,4,4,15,1,feasible,0.0,0.0,0.0,42,42.0,0.0,0.0,0,0,1,0.4523809523809524,19,263.0,1.0
low_compressibility,5,smoothed,none,0,4,15,1,feasible,0.0,0.0,0.0,42,42.0,0.0,0.0,0,0,1,0.4523809523809524,19,263.0,1.0
low_compressibility,5,static_min,none,0,5,0,1,feasible,0.0,0.0,0.0,42,42.0,0.0,0.0,0,0,1,0.4523809523809524,19,263.0,1.0
low_compressibility,5,capacity_aware_static,C,5,5,0,1,feasible,0.0,0.0,0.0,42,42.0,0.0,0.0,0,0,1,0.4523809523809524,19,263.0,1.0
low_compressibility,5,smoothed,none,0,5,0,1,feasible,0.0,0.0,0.0,42,42.0,0.0,0.0,0,0,1,0.4523809523809524,19,263.0,1.0
low_compressibility,5,static_min,none,0,5,1,1,feasible,0.0,0.0,0.0,42,42.0,0.0,0.0,0,0,1,0.4523809523809524,19,263.0,1.0
low_compressibility,5,capacity_aware_static,C,5,5,1,1,feasible,0.0,0.0,0.0,42,42.0,0.0,0.0,0,0,1,0.4523809523809524,19,263.0,1.0
low_compressibility,5,smoothed,none,0,5,1,1,feasible,0.0,0.0,0.0,42,42.0,0.0,0.0,0,0,1,0.4523809523809524,19,263.0,1.0
low_compressibility,5,static_min,none,0,5,2,1,feasible,0.0,0.0,0.0,42,42.0,0.0,0.0,0,0,1,0.4523809523809524,19,263.0,1.0
low_compressibility,5,capacity_aware_static,C,5,5,2,1,feasible,0.0,0.0,0.0,42,42.0,0.0,0.0,0,0,1,0.4523809523809524,19,263.0,1.0
low_compressibility,5,smoothed,none,0,5,2,1,feasible,0.0,0.0,0.0,42,42.0,0.0,0.0,0,0,1,0.4523809523809524,19,263.0,1.0
low_compressibility,5,static_min,none,0,5,3,1,feasible,0.0,0.0,0.0,42,42.0,0.0,0.0,0,0,1,0.4523809523809524,19,263.0,1.0
low_compressibility,5,capacity_aware_static,C,5,5,3,1,feasible,0.0,0.0,0.0,42,42.0,0.0,0.0,0,0,1,0.4523809523809524,19,263.0,1.0
low_compressibility,5,smoothed,none,0,5,3,1,feasible,0.0,0.0,0.0,42,42.0,0.0,0.0,0,0,1,0.4523809523809524,19,263.0,1.0
low_compressibility,5,static_min,none,0,5,4,1,feasible,0.0,0.0,0.0,42,42.0,0.0,0.0,0,0,1,0.4523809523809524,19,263.0,1.0
low_compressibility,5,capacity_aware_static,C,5,5,4,1,feasible,0.0,0.0,0.0,42,42.0,0.0,0.0,0,0,1,0.4523809523809524,19,263.0,1.0
low_compressibility,5,smoothed,none,0,5,4,1,feasible,0.0,0.0,0.0,42,42.0,0.0,0.0,0,0,1,0.4523809523809524,19,263.0,1.0
low_compressibility,5,static_min,none,0,5,5,1,feasible,0.0,0.0,0.0,42,42.0,0.0,0.0,0,0,1,0.4523809523809524,19,263.0,1.0
low_compressibility,5,capacity_aware_static,C,5,5,5,1,feasible,0.0,0.0,0.0,42,42.0,0.0,0.0,0,0,1,0.4523809523809524,19,263.0,1.0
low_compressibility,5,smoothed,none,0,5,5,1,feasible,0.0,0.0,0.0,42,42.0,0.0,0.0,0,0,1,0.4523809523809524,19,263.0,1.0
low_compressibility,5,static_min,none,0,5,6,1,feasible,0.0,0.0,0.0,42,42.0,0.0,0.0,0,0,1,0.4523809523809524,19,263.0,1.0
low_compressibility,5,capacity_aware_static,C,5,5,6,1,feasible,0.0,0.0,0.0,42,42.0,0.0,0.0,0,0,1,0.4523809523809524,19,263.0,1.0
low_compressibility,5,smoothed,none,0,5,6,1,feasible,0.0,0.0,0.0,42,42.0,0.0,0.0,0,0,1,0.4523809523809524,19,263.0,1.0
low_compressibility,5,static_min,none,0,5,7,1,feasible,0.0,0.0,0.0,42,42.0,0.0,0.0,0,0,1,0.4523809523809524,19,263.0,1.0
low_compressibility,5,capacity_aware_static,C,5,5,7,1,feasible,0.0,0.0,0.0,42,42.0,0.0,0.0,0,0,1,0.4523809523809524,19,263.0,1.0
low_compressibility,5,smoothed,none,0,5,7,1,feasible,0.0,0.0,0.0,42,42.0,0.0,0.0,0,0,1,0.4523809523809524,19,263.0,1.0
low_compressibility,5,static_min,none,0,5,8,1,feasible,0.0,0.0,0.0,42,42.0,0.0,0.0,0,0,1,0.4523809523809524,19,263.0,1.0
low_compressibility,5,capacity_aware_static,C,5,5,8,1,feasible,0.0,0.0,0.0,42,42.0,0.0,0.0,0,0,1,0.4523809523809524,19,263.0,1.0
low_compressibility,5,smoothed,none,0,5,8,1,feasible,0.0,0.0,0.0,42,42.0,0.0,0.0,0,0,1,0.4523809523809524,19,263.0,1.0
low_compressibility,5,static_min,none,0,5,9,1,feasible,0.0,0.0,0.0,42,42.0,0.0,0.0,0,0,1,0.4523809523809524,19,263.0,1.0
low_compressibility,5,capacity_aware_static,C,5,5,9,1,feasible,0.0,0.0,0.0,42,42.0,0.0,0.0,0,0,1,0.4523809523809524,19,263.0,1.0
low_compressibility,5,smoothed,none,0,5,9,1,feasible,0.0,0.0,0.0,42,42.0,0.0,0.0,0,0,1,0.4523809523809524,19,263.0,1.0
low_compressibility,5,static_min,none,0,5,10,1,feasible,0.0,0.0,0.0,42,42.0,0.0,0.0,0,0,1,0.4523809523809524,19,263.0,1.0
low_compressibility,5,capacity_aware_static,C,5,5,10,1,feasible,0.0,0.0,0.0,42,42.0,0.0,0.0,0,0,1,0.4523809523809524,19,263.0,1.0
low_compressibility,5,smoothed,none,0,5,10,1,feasible,0.0,0.0,0.0,42,42.0,0.0,0.0,0,0,1,0.4523809523809524,19,263.0,1.0
low_compressibility,5,static_min,none,0,5,11,1,feasible,0.0,0.0,0.0,42,42.0,0.0,0.0,0,0,1,0.4523809523809524,19,263.0,1.0
low_compressibility,5,capacity_aware_static,C,5,5,11,1,feasible,0.0,0.0,0.0,42,42.0,0.0,0.0,0,0,1,0.4523809523809524,19,263.0,1.0
low_compressibility,5,smoothed,none,0,5,11,1,feasible,0.0,0.0,0.0,42,42.0,0.0,0.0,0,0,1,0.4523809523809524,19,263.0,1.0
low_compressibility,5,static_min,none,0,5,12,1,feasible,0.0,0.0,0.0,42,42.0,0.0,0.0,0,0,1,0.4523809523809524,19,263.0,1.0
low_compressibility,5,capacity_aware_static,C,5,5,12,1,feasible,0.0,0.0,0.0,42,42.0,0.0,0.0,0,0,1,0.4523809523809524,19,263.0,1.0
low_compressibility,5,smoothed,none,0,5,12,1,feasible,0.0,0.0,0.0,42,42.0,0.0,0.0,0,0,1,0.4523809523809524,19,263.0,1.0
low_compressibility,5,static_min,none,0,5,13,1,feasible,0.0,0.0,0.0,42,42.0,0.0,0.0,0,0,1,0.4523809523809524,19,263.0,1.0
low_compressibility,5,capacity_aware_static,C,5,5,13,1,feasible,0.0,0.0,0.0,42,42.0,0.0,0.0,0,0,1,0.4523809523809524,19,263.0,1.0
low_compressibility,5,smoothed,none,0,5,13,1,feasible,0.0,0.0,0.0,42,42.0,0.0,0.0,0,0,1,0.4523809523809524,19,263.0,1.0
low_compressibility,5,static_min,none,0,5,14,1,feasible,0.0,0.0,0.0,42,42.0,0.0,0.0,0,0,1,0.4523809523809524,19,263.0,1.0
low_compressibility,5,capacity_aware_static,C,5,5,14,1,feasible,0.0,0.0,0.0,42,42.0,0.0,0.0,0,0,1,0.4523809523809524,19,263.0,1.0
low_compressibility,5,smoothed,none,0,5,14,1,feasible,0.0,0.0,0.0,42,42.0,0.0,0.0,0,0,1,0.4523809523809524,19,263.0,1.0
low_compressibility,5,static_min,none,0,5,15,1,feasible,0.0,0.0,0.0,42,42.0,0.0,0.0,0,0,1,0.4523809523809524,19,263.0,1.0
low_compressibility,5,capacity_aware_static,C,5,5,15,1,feasible,0.0,0.0,0.0,42,42.0,0.0,0.0,0,0,1,0.4523809523809524,19,263.0,1.0
low_compressibility,5,smoothed,none,0,5,15,1,feasible,0.0,0.0,0.0,42,42.0,0.0,0.0,0,0,1,0.4523809523809524,19,263.0,1.0
low_compressibility,5,static_min,none,0,6,0,1,feasible,0.0,0.0,0.0,42,42.0,0.0,0.0,0,0,1,0.4523809523809524,19,263.0,1.0
low_compressibility,5,capacity_aware_static,C,6,6,0,1,feasible,0.0,0.0,0.0,42,42.0,0.0,0.0,0,0,1,0.4523809523809524,19,263.0,1.0
low_compressibility,5,smoothed,none,0,6,0,1,feasible,0.0,0.0,0.0,42,42.0,0.0,0.0,0,0,1,0.4523809523809524,19,263.0,1.0
low_compressibility,5,static_min,none,0,6,1,1,feasible,0.0,0.0,0.0,42,42.0,0.0,0.0,0,0,1,0.4523809523809524,19,263.0,1.0
low_compressibility,5,capacity_aware_static,C,6,6,1,1,feasible,0.0,0.0,0.0,42,42.0,0.0,0.0,0,0,1,0.4523809523809524,19,263.0,1.0
low_compressibility,5,smoothed,none,0,6,1,1,feasible,0.0,0.0,0.0,42,42.0,0.0,0.0,0,0,1,0.4523809523809524,19,263.0,1.0
low_compressibility,5,static_min,none,0,6,2,1,feasible,0.0,0.0,0.0,42,42.0,0.0,0.0,0,0,1,0.4523809523809524,19,263.0,1.0
low_compressibility,5,capacity_aware_static,C,6,6,2,1,feasible,0.0,0.0,0.0,42,42.0,0.0,0.0,0,0,1,0.4523809523809524,19,263.0,1.0
low_compressibility,5,smoothed,none,0,6,2,1,feasible,0.0,0.0,0.0,42,42.0,0.0,0.0,0,0,1,0.4523809523809524,19,263.0,1.0
low_compressibility,5,static_min,none,0,6,3,1,feasible,0.0,0.0,0.0,42,42.0,0.0,0.0,0,0,1,0.4523809523809524,19,263.0,1.0
low_compressibility,5,capacity_aware_static,C,6,6,3,1,feasible,0.0,0.0,0.0,42,42.0,0.0,0.0,0,0,1,0.4523809523809524,19,263.0,1.0
low_compressibility,5,smoothed,none,0,6,3,1,feasible,0.0,0.0,0.0,42,42.0,0.0,0.0,0,0,1,0.4523809523809524,19,263.0,1.0
low_compressibility,5,static_min,none,0,6,4,1,feasible,0.0,0.0,0.0,42,42.0,0.0,0.0,0,0,1,0.4523809523809524,19,263.0,1.0
low_compressibility,5,capacity_aware_static,C,6,6,4,1,feasible,0.0,0.0,0.0,42,42.0,0.0,0.0,0,0,1,0.4523809523809524,19,263.0,1.0
low_compressibility,5,smoothed,none,0,6,4,1,feasible,0.0,0.0,0.0,42,42.0,0.0,0.0,0,0,1,0.4523809523809524,19,263.0,1.0
low_compressibility,5,static_min,none,0,6,5,1,feasible,0.0,0.0,0.0,42,42.0,0.0,0.0,0,0,1,0.4523809523809524,19,263.0,1.0
low_compressibility,5,capacity_aware_static,C,6,6,5,1,feasible,0.0,0.0,0.0,42,42.0,0.0,0.0,0,0,1,0.4523809523809524,19,263.0,1.0
low_compressibility,5,smoothed,none,0,6,5,1,feasible,0.0,0.0,0.0,42,42.0,0.0,0.0,0,0,1,0.4523809523809524,19,263.0,1.0
low_compressibility,5,static_min,none,0,6,6,1,feasible,0.0,0.0,0.0,42,42.0,0.0,0.0,0,0,1,0.4523809523809524,19,263.0,1.0
low_compressibility,5,capacity_aware_static,C,6,6,6,1,feasible,0.0,0.0,0.0,42,42.0,0.0,0.0,0,0,1,0.4523809523809524,19,263.0,1.0
low_compressibility,5,smoothed,none,0,6,6,1,feasible,0.0,0.0,0.0,42,42.0,0.0,0.0,0,0,1,0.4523809523809524,19,263.0,1.0
low_compressibility,5,static_min,none,0,6,7,1,feasible,0.0,0.0,0.0,42,42.0,0.0,0.0,0,0,1,0.4523809523809524,19,263.0,1.0
low_compressibility,5,capacity_aware_static,C,6,6,7,1,feasible,0.0,0.0,0.0,42,42.0,0.0,0.0,0,0,1,0.4523809523809524,19,263.0,1.0
low_compressibility,5,smoothed,none,0,6,7,1,feasible,0.0,0.0,0.0,42,42.0,0.0,0.0,0,0,1,0.4523809523809524,19,263.0,1.0
low_compressibility,5,static_min,none,0,6,8,1,feasible,0.0,0.0,0.0,42,42.0,0.0,0.0,0,0,1,0.4523809523809524,19,263.0,1.0
low_compressibility,5,capacity_aware_static,C,6,6,8,1,feasible,0.0,0.0,0.0,42,42.0,0.0,0.0,0,0,1,0.4523809523809524,19,263.0,1.0
low_compressibility,5,smoothed,none,0,6,8,1,feasible,0.0,0.0,0.0,42,42.0,0.0,0.0,0,0,1,0.4523809523809524,19,263.0,1.0
low_compressibility,5,static_min,none,0,6,9,1,feasible,0.0,0.0,0.0,42,42.0,0.0,0.0,0,0,1,0.4523809523809524,19,263.0,1.0
low_compressibility,5,capacity_aware_static,C,6,6,9,1,feasible,0.0,0.0,0.0,42,42.0,0.0,0.0,0,0,1,0.4523809523809524,19,263.0,1.0
low_compressibility,5,smoothed,none,0,6,9,1,feasible,0.0,0.0,0.0,42,42.0,0.0,0.0,0,0,1,0.4523809523809524,19,263.0,1.0
low_compressibility,5,static_min,none,0,6,10,1,feasible,0.0,0.0,0.0,42,42.0,0.0,0.0,0,0,1,0.4523809523809524,19,263.0,1.0
low_compressibility,5,capacity_aware_static,C,6,6,10,1,feasible,0.0,0.0,0.0,42,42.0,0.0,0.0,0,0,1,0.4523809523809524,19,263.0,1.0
low_compressibility,5,smoothed,none,0,6,10,1,feasible,0.0,0.0,0.0,42,42.0,0.0,0.0,0,0,1,0.4523809523809524,19,263.0,1.0
low_compressibility,5,static_min,none,0,6,11,1,feasible,0.0,0.0,0.0,42,42.0,0.0,0.0,0,0,1,0.4523809523809524,19,263.0,1.0
low_compressibility,5,capacity_aware_static,C,6,6,11,1,feasible,0.0,0.0,0.0,42,42.0,0.0,0.0,0,0,1,0.4523809523809524,19,263.0,1.0
low_compressibility,5,smoothed,none,0,6,11,1,feasible,0.0,0.0,0.0,42,42.0,0.0,0.0,0,0,1,0.4523809523809524,19,263.0,1.0
low_compressibility,5,static_min,none,0,6,12,1,feasible,0.0,0.0,0.0,42,42.0,0.0,0.0,0,0,1,0.4523809523809524,19,263.0,1.0
low_compressibility,5,capacity_aware_static,C,6,6,12,1,feasible,0.0,0.0,0.0,42,42.0,0.0,0.0,0,0,1,0.4523809523809524,19,263.0,1.0
low_compressibility,5,smoothed,none,0,6,12,1,feasible,0.0,0.0,0.0,42,42.0,0.0,0.0,0,0,1,0.4523809523809524,19,263.0,1.0
low_compressibility,5,static_min,none,0,6,13,1,feasible,0.0,0.0,0.0,42,42.0,0.0,0.0,0,0,1,0.4523809523809524,19,263.0,1.0
low_compressibility,5,capacity_aware_static,C,6,6,13,1,feasible,0.0,0.0,0.0,42,42.0,0.0,0.0,0,0,1,0.4523809523809524,19,263.0,1.0
low_compressibility,5,smoothed,none,0,6,13,1,feasible,0.0,0.0,0.0,42,42.0,0.0,0.0,0,0,1,0.4523809523809524,19,263.0,1.0
low_compressibility,5,static_min,none,0,6,14,1,feasible,0.0,0.0,0.0,42,42.0,0.0,0.0,0,0,1,0.4523809523809524,19,263.0,1.0
low_compressibility,5,capacity_aware_static,C,6,6,14,1,feasible,0.0,0.0,0.0,42,42.0,0.0,0.0,0,0,1,0.4523809523809524,19,263.0,1.0
low_compressibility,5,smoothed,none,0,6,14,1,feasible,0.0,0.0,0.0,42,42.0,0.0,0.0,0,0,1,0.4523809523809524,19,263.0,1.0
low_compressibility,5,static_min,none,0,6,15,1,feasible,0.0,0.0,0.0,42,42.0,0.0,0.0,0,0,1,0.4523809523809524,19,263.0,1.0
low_compressibility,5,capacity_aware_static,C,6,6,15,1,feasible,0.0,0.0,0.0,42,42.0,0.0,0.0,0,0,1,0.4523809523809524,19,263.0,1.0
low_compressibility,5,smoothed,none,0,6,15,1,feasible,0.0,0.0,0.0,42,42.0,0.0,0.0,0,0,1,0.4523809523809524,19,263.0,1.0
low_compressibility,5,static_min,none,0,7,0,1,feasible,0.0,0.0,0.0,42,42.0,0.0,0.0,0,0,1,0.4523809523809524,19,263.0,1.0
low_compressibility,5,capacity_aware_static,C,7,7,0,1,feasible,0.0,0.0,0.0,42,42.0,0.0,0.0,0,0,1,0.4523809523809524,19,263.0,1.0
low_compressibility,5,smoothed,none,0,7,0,1,feasible,0.0,0.0,0.0,42,42.0,0.0,0.0,0,0,1,0.4523809523809524,19,263.0,1.0
low_compressibility,5,static_min,none,0,7,1,1,feasible,0.0,0.0,0.0,42,42.0,0.0,0.0,0,0,1,0.4523809523809524,19,263.0,1.0
low_compressibility,5,capacity_aware_static,C,7,7,1,1,feasible,0.0,0.0,0.0,42,42.0,0.0,0.0,0,0,1,0.4523809523809524,19,263.0,1.0
low_compressibility,5,smoothed,none,0,7,1,1,feasible,0.0,0.0,0.0,42,42.0,0.0,0.0,0,0,1,0.4523809523809524,19,263.0,1.0
low_compressibility,5,static_min,none,0,7,2,1,feasible,0.0,0.0,0.0,42,42.0,0.0,0.0,0,0,1,0.4523809523809524,19,263.0,1.0
low_compressibility,5,capacity_aware_static,C,7,7,2,1,feasible,0.0,0.0,0.0,42,42.0,0.0,0.0,0,0,1,0.4523809523809524,19,263.0,1.0
low_compressibility,5,smoothed,none,0,7,2,1,feasible,0.0,0.0,0.0,42,42.0,0.0,0.0,0,0,1,0.4523809523809524,19,263.0,1.0
low_compressibility,5,static_min,none,0,7,3,1,feasible,0.0,0.0,0.0,42,42.0,0.0,0.0,0,0,1,0.4523809523809524,19,263.0,1.0
low_compressibility,5,capacity_aware_static,C,7,7,3,1,feasible,0.0,0.0,0.0,42,42.0,0.0,0.0,0,0,1,0.4523809523809524,19,263.0,1.0
low_compressibility,5,smoothed,none,0,7,3,1,feasible,0.0,0.0,0.0,42,42.0,0.0,0.0,0,0,1,0.4523809523809524,19,263.0,1.0
low_compressibility,5,static_min,none,0,7,4,1,feasible,0.0,0.0,0.0,42,42.0,0.0,0.0,0,0,1,0.4523809523809524,19,263.0,1.0
low_compressibility,5,capacity_aware_static,C,7,7,4,1,feasible,0.0,0.0,0.0,42,42.0,0.0,0.0,0,0,1,0.4523809523809524,19,263.0,1.0
low_compressibility,5,smoothed,none,0,7,4,1,feasible,0.0,0.0,0.0,42,42.0,0.0,0.0,0,0,1,0.4523809523809524,19,263.0,1.0
low_compressibility,5,static_min,none,0,7,5,1,feasible,0.0,0.0,0.0,42,42.0,0.0,0.0,0,0,1,0.4523809523809524,19,263.0,1.0
low_compressibility,5,capacity_aware_static,C,7,7,5,1,feasible,0.0,0.0,0.0,42,42.0,0.0,0.0,0,0,1,0.4523809523809524,19,263.0,1.0
low_compressibility,5,smoothed,none,0,7,5,1,feasible,0.0,0.0,0.0,42,42.0,0.0,0.0,0,0,1,0.4523809523809524,19,263.0,1.0
low_compressibility,5,static_min,none,0,7,6,1,feasible,0.0,0.0,0.0,42,42.0,0.0,0.0,0,0,1,0.4523809523809524,19,263.0,1.0
low_compressibility,5,capacity_aware_static,C,7,7,6,1,feasible,0.0,0.0,0.0,42,42.0,0.0,0.0,0,0,1,0.4523809523809524,19,263.0,1.0
low_compressibility,5,smoothed,none,0,7,6,1,feasible,0.0,0.0,0.0,42,42.0,0.0,0.0,0,0,1,0.4523809523809524,19,263.0,1.0
low_compressibility,5,static_min,none,0,7,7,1,feasible,0.0,0.0,0.0,42,42.0,0.0,0.0,0,0,1,0.4523809523809524,19,263.0,1.0
low_compressibility,5,capacity_aware_static,C,7,7,7,1,feasible,0.0,0.0,0.0,42,42.0,0.0,0.0,0,0,1,0.4523809523809524,19,263.0,1.0
low_compressibility,5,smoothed,none,0,7,7,1,feasible,0.0,0.0,0.0,42,42.0,0.0,0.0,0,0,1,0.4523809523809524,19,263.0,1.0
low_compressibility,5,static_min,none,0,7,8,1,feasible,0.0,0.0,0.0,42,42.0,0.0,0.0,0,0,1,0.4523809523809524,19,263.0,1.0
low_compressibility,5,capacity_aware_static,C,7,7,8,1,feasible,0.0,0.0,0.0,42,42.0,0.0,0.0,0,0,1,0.4523809523809524,19,263.0,1.0
low_compressibility,5,smoothed,none,0,7,8,1,feasible,0.0,0.0,0.0,42,42.0,0.0,0.0,0,0,1,0.4523809523809524,19,263.0,1.0
low_compressibility,5,static_min,none,0,7,9,1,feasible,0.0,0.0,0.0,42,42.0,0.0,0.0,0,0,1,0.4523809523809524,19,263.0,1.0
low_compressibility,5,capacity_aware_static,C,7,7,9,1,feasible,0.0,0.0,0.0,42,42.0,0.0,0.0,0,0,1,0.4523809523809524,19,263.0,1.0
low_compressibility,5,smoothed,none,0,7,9,1,feasible,0.0,0.0,0.0,42,42.0,0.0,0.0,0,0,1,0.4523809523809524,19,263.0,1.0
low_compressibility,5,static_min,none,0,7,10,1,feasible,0.0,0.0,0.0,42,42.0,0.0,0.0,0,0,1,0.4523809523809524,19,263.0,1.0
low_compressibility,5,capacity_aware_static,C,7,7,10,1,feasible,0.0,0.0,0.0,42,42.0,0.0,0.0,0,0,1,0.4523809523809524,19,263.0,1.0
low_compressibility,5,smoothed,none,0,7,10,1,feasible,0.0,0.0,0.0,42,42.0,0.0,0.0,0,0,1,0.4523809523809524,19,263.0,1.0
low_compressibility,5,static_min,none,0,7,11,1,feasible,0.0,0.0,0.0,42,42.0,0.0,0.0,0,0,1,0.4523809523809524,19,263.0,1.0
low_compressibility,5,capacity_aware_static,C,7,7,11,1,feasible,0.0,0.0,0.0,42,42.0,0.0,0.0,0,0,1,0.4523809523809524,19,263.0,1.0
low_compressibility,5,smoothed,none,0,7,11,1,feasible,0.0,0.0,0.0,42,42.0,0.0,0.0,0,0,1,0.4523809523809524,19,263.0,1.0
low_compressibility,5,static_min,none,0,7,12,1,feasible,0.0,0.0,0.0,42,42.0,0.0,0.0,0,0,1,0.4523809523809524,19,263.0,1.0
low_compressibility,5,capacity_aware_static,C,7,7,12,1,feasible,0.0,0.0,0.0,42,42.0,0.0,0.0,0,0,1,0.4523809523809524,19,263.0,1.0
low_compressibility,5,smoothed,none,0,7,12,1,feasible,0.0,0.0,0.0,42,42.0,0.0,0.0,0,0,1,0.4523809523809524,19,263.0,1.0
low_compressibility,5,static_min,none,0,7,13,1,feasible,0.0,0.0,0.0,42,42.0,0.0,0.0,0,0,1,0.4523809523809524,19,263.0,1.0
low_compressibility,5,capacity_aware_static,C,7,7,13,1,feasible,0.0,0.0,0.0,42,42.0,0.0,0.0,0,0,1,0.4523809523809524,19,263.0,1.0
low_compressibility,5,smoothed,none,0,7,13,1,feasible,0.0,0.0,0.0,42,42.0,0.0,0.0,0,0,1,0.4523809523809524,19,263.0,1.0
low_compressibility,5,static_min,none,0,7,14,1,feasible,0.0,0.0,0.0,42,42.0,0.0,0.0,0,0,1,0.4523809523809524,19,263.0,1.0
low_compressibility,5,capacity_aware_static,C,7,7,14,1,feasible,0.0,0.0,0.0,42,42.0,0.0,0.0,0,0,1,0.4523809523809524,19,263.0,1.0
low_compressibility,5,smoothed,none,0,7,14,1,feasible,0.0,0.0,0.0,42,42.0,0.0,0.0,0,0,1,0.4523809523809524,19,263.0,1.0
low_compressibility,5,static_min,none,0,7,15,1,feasible,0.0,0.0,0.0,42,42.0,0.0,0.0,0,0,1,0.4523809523809524,19,263.0,1.0
low_compressibility,5,capacity_aware_static,C,7,7,15,1,feasible,0.0,0.0,0.0,42,42.0,0.0,0.0,0,0,1,0.4523809523809524,19,263.0,1.0
low_compressibility,5,smoothed,none,0,7,15,1,feasible,0.0,0.0,0.0,42,42.0,0.0,0.0,0,0,1,0.4523809523809524,19,263.0,1.0
low_compressibility,7,static_min,none,0,1,0,1,feasible,0.0,0.0,0.0,42,42.0,0.0,0.0,0,0,1,0.4523809523809524,19,263.0,1.0
low_compressibility,7,capacity_aware_static,C,1,1,0,1,feasible,0.0,0.0,0.0,42,42.0,0.0,0.0,0,0,1,0.4523809523809524,19,263.0,1.0
low_compressibility,7,smoothed,none,0,1,0,1,feasible,0.0,0.0,0.0,42,42.0,0.0,0.0,0,0,1,0.4523809523809524,19,263.0,1.0
low_compressibility,7,static_min,none,0,1,1,1,feasible,0.0,0.0,0.0,42,42.0,0.0,0.0,0,0,1,0.4523809523809524,19,263.0,1.0
low_compressibility,7,capacity_aware_static,C,1,1,1,1,feasible,0.0,0.0,0.0,42,42.0,0.0,0.0,0,0,1,0.4523809523809524,19,263.0,1.0
low_compressibility,7,smoothed,none,0,1,1,1,feasible,0.0,0.0,0.0,42,42.0,0.0,0.0,0,0,1,0.4523809523809524,19,263.0,1.0
low_compressibility,7,static_min,none,0,1,2,1,feasible,0.0,0.0,0.0,42,42.0,0.0,0.0,0,0,1,0.4523809523809524,19,263.0,1.0
low_compressibility,7,capacity_aware_static,C,1,1,2,1,feasible,0.0,0.0,0.0,42,42.0,0.0,0.0,0,0,1,0.4523809523809524,19,263.0,1.0
low_compressibility,7,smoothed,none,0,1,2,1,feasible,0.0,0.0,0.0,42,42.0,0.0,0.0,0,0,1,0.4523809523809524,19,263.0,1.0
low_compressibility,7,static_min,none,0,1,3,1,feasible,0.0,0.0,0.0,42,42.0,0.0,0.0,0,0,1,0.4523809523809524,19,263.0,1.0
low_compressibility,7,capacity_aware_static,C,1,1,3,1,feasible,0.0,0.0,0.0,42,42.0,0.0,0.0,0,0,1,0.4523809523809524,19,263.0,1.0
low_compressibility,7,smoothed,none,0,1,3,1,feasible,0.0,0.0,0.0,42,42.0,0.0,0.0,0,0,1,0.4523809523809524,19,263.0,1.0
low_compressibility,7,static_min,none,0,1,4,1,feasible,0.0,0.0,0.0,42,42.0,0.0,0.0,0,0,1,0.4523809523809524,19,263.0,1.0
low_compressibility,7,capacity_aware_static,C,1,1,4,1,feasible,0.0,0.0,0.0,42,42.0,0.0,0.0,0,0,1,0.4523809523809524,19,263.0,1.0
low_compressibility,7,smoothed,none,0,1,4,1,feasible,0.0,0.0,0.0,42,42.0,0.0,0.0,0,0,1,0.4523809523809524,19,263.0,1.0
low_compressibility,7,static_min,none,0,1,5,1,feasible,0.0,0.0,0.0,42,42.0,0.0,0.0,0,0,1,0.4523809523809524,19,263.0,1.0
low_compressibility,7,capacity_aware_static,C,1,1,5,1,feasible,0.0,0.0,0.0,42,42.0,0.0,0.0,0,0,1,0.4523809523809524,19,263.0,1.0
low_compressibility,7,smoothed,none,0,1,5,1,feasible,0.0,0.0,0.0,42,42.0,0.0,0.0,0,0,1,0.4523809523809524,19,263.0,1.0
low_compressibility,7,static_min,none,0,1,6,1,feasible,0.0,0.0,0.0,42,42.0,0.0,0.0,0,0,1,0.4523809523809524,19,263.0,1.0
low_compressibility,7,capacity_aware_static,C,1,1,6,1,feasible,0.0,0.0,0.0,42,42.0,0.0,0.0,0,0,1,0.4523809523809524,19,263.0,1.0
low_compressibility,7,smoothed,none,0,1,6,1,feasible,0.0,0.0,0.0,42,42.0,0.0,0.0,0,0,1,0.4523809523809524,19,263.0,1.0
low_compressibility,7,static_min,none,0,1,7,1,feasible,0.0,0.0,0.0,42,42.0,0.0,0.0,0,0,1,0.4523809523809524,19,263.0,1.0
low_compressibility,7,capacity_aware_static,C,1,1,7,1,feasible,0.0,0.0,0.0,42,42.0,0.0,0.0,0,0,1,0.4523809523809524,19,263.0,1.0
low_compressibility,7,smoothed,none,0,1,7,1,feasible,0.0,0.0,0.0,42,42.0,0.0,0.0,0,0,1,0.4523809523809524,19,263.0,1.0
low_compressibility,7,static_min,none,0,1,8,1,feasible,0.0,0.0,0.0,42,42.0,0.0,0.0,0,0,1,0.4523809523809524,19,263.0,1.0
low_compressibility,7,capacity_aware_static,C,1,1,8,1,feasible,0.0,0.0,0.0,42,42.0,0.0,0.0,0,0,1,0.4523809523809524,19,263.0,1.0
low_compressibility,7,smoothed,none,0,1,8,1,feasible,0.0,0.0,0.0,42,42.0,0.0,0.0,0,0,1,0.4523809523809524,19,263.0,1.0
low_compressibility,7,static_min,none,0,1,9,1,feasible,0.0,0.0,0.0,42,42.0,0.0,0.0,0,0,1,0.4523809523809524,19,263.0,1.0
low_compressibility,7,capacity_aware_static,C,1,1,9,1,feasible,0.0,0.0,0.0,42,42.0,0.0,0.0,0,0,1,0.4523809523809524,19,263.0,1.0
low_compressibility,7,smoothed,none,0,1,9,1,feasible,0.0,0.0,0.0,42,42.0,0.0,0.0,0,0,1,0.4523809523809524,19,263.0,1.0
low_compressibility,7,static_min,none,0,1,10,1,feasible,0.0,0.0,0.0,42,42.0,0.0,0.0,0,0,1,0.4523809523809524,19,263.0,1.0
low_compressibility,7,capacity_aware_static,C,1,1,10,1,feasible,0.0,0.0,0.0,42,42.0,0.0,0.0,0,0,1,0.4523809523809524,19,263.0,1.0
low_compressibility,7,smoothed,none,0,1,10,1,feasible,0.0,0.0,0.0,42,42.0,0.0,0.0,0,0,1,0.4523809523809524,19,263.0,1.0
low_compressibility,7,static_min,none,0,1,11,1,feasible,0.0,0.0,0.0,42,42.0,0.0,0.0,0,0,1,0.4523809523809524,19,263.0,1.0
low_compressibility,7,capacity_aware_static,C,1,1,11,1,feasible,0.0,0.0,0.0,42,42.0,0.0,0.0,0,0,1,0.4523809523809524,19,263.0,1.0
low_compressibility,7,smoothed,none,0,1,11,1,feasible,0.0,0.0,0.0,42,42.0,0.0,0.0,0,0,1,0.4523809523809524,19,263.0,1.0
low_compressibility,7,static_min,none,0,1,12,1,feasible,0.0,0.0,0.0,42,42.0,0.0,0.0,0,0,1,0.4523809523809524,19,263.0,1.0
low_compressibility,7,capacity_aware_static,C,1,1,12,1,feasible,0.0,0.0,0.0,42,42.0,0.0,0.0,0,0,1,0.4523809523809524,19,263.0,1.0
low_compressibility,7,smoothed,none,0,1,12,1,feasible,0.0,0.0,0.0,42,42.0,0.0,0.0,0,0,1,0.4523809523809524,19,263.0,1.0
low_compressibility,7,static_min,none,0,1,13,1,feasible,0.0,0.0,0.0,42,42.0,0.0,0.0,0,0,1,0.4523809523809524,19,263.0,1.0
low_compressibility,7,capacity_aware_static,C,1,1,13,1,feasible,0.0,0.0,0.0,42,42.0,0.0,0.0,0,0,1,0.4523809523809524,19,263.0,1.0
low_compressibility,7,smoothed,none,0,1,13,1,feasible,0.0,0.0,0.0,42,42.0,0.0,0.0,0,0,1,0.4523809523809524,19,263.0,1.0
low_compressibility,7,static_min,none,0,1,14,1,feasible,0.0,0.0,0.0,42,42.0,0.0,0.0,0,0,1,0.4523809523809524,19,263.0,1.0
low_compressibility,7,capacity_aware_static,C,1,1,14,1,feasible,0.0,0.0,0.0,42,42.0,0.0,0.0,0,0,1,0.4523809523809524,19,263.0,1.0
low_compressibility,7,smoothed,none,0,1,14,1,feasible,0.0,0.0,0.0,42,42.0,0.0,0.0,0,0,1,0.4523809523809524,19,263.0,1.0
low_compressibility,7,static_min,none,0,1,15,1,feasible,0.0,0.0,0.0,42,42.0,0.0,0.0,0,0,1,0.4523809523809524,19,263.0,1.0
low_compressibility,7,capacity_aware_static,C,1,1,15,1,feasible,0.0,0.0,0.0,42,42.0,0.0,0.0,0,0,1,0.4523809523809524,19,263.0,1.0
low_compressibility,7,smoothed,none,0,1,15,1,feasible,0.0,0.0,0.0,42,42.0,0.0,0.0,0,0,1,0.4523809523809524,19,263.0,1.0
low_compressibility,7,static_min,none,0,2,0,1,feasible,0.0,0.0,0.0,42,42.0,0.0,0.0,0,0,1,0.4523809523809524,19,263.0,1.0
low_compressibility,7,capacity_aware_static,C,2,2,0,1,feasible,0.0,0.0,0.0,42,42.0,0.0,0.0,0,0,1,0.4523809523809524,19,263.0,1.0
low_compressibility,7,smoothed,none,0,2,0,1,feasible,0.0,0.0,0.0,42,42.0,0.0,0.0,0,0,1,0.4523809523809524,19,263.0,1.0
low_compressibility,7,static_min,none,0,2,1,1,feasible,0.0,0.0,0.0,42,42.0,0.0,0.0,0,0,1,0.4523809523809524,19,263.0,1.0
low_compressibility,7,capacity_aware_static,C,2,2,1,1,feasible,0.0,0.0,0.0,42,42.0,0.0,0.0,0,0,1,0.4523809523809524,19,263.0,1.0
low_compressibility,7,smoothed,none,0,2,1,1,feasible,0.0,0.0,0.0,42,42.0,0.0,0.0,0,0,1,0.4523809523809524,19,263.0,1.0
low_compressibility,7,static_min,none,0,2,2,1,feasible,0.0,0.0,0.0,42,42.0,0.0,0.0,0,0,1,0.4523809523809524,19,263.0,1.0
low_compressibility,7,capacity_aware_static,C,2,2,2,1,feasible,0.0,0.0,0.0,42,42.0,0.0,0.0,0,0,1,0.4523809523809524,19,263.0,1.0
low_compressibility,7,smoothed,none,0,2,2,1,feasible,0.0,0.0,0.0,42,42.0,0.0,0.0,0,0,1,0.4523809523809524,19,263.0,1.0
low_compressibility,7,static_min,none,0,2,3,1,feasible,0.0,0.0,0.0,42,42.0,0.0,0.0,0,0,1,0.4523809523809524,19,263.0,1.0
low_compressibility,7,capacity_aware_static,C,2,2,3,1,feasible,0.0,0.0,0.0,42,42.0,0.0,0.0,0,0,1,0.4523809523809524,19,263.0,1.0
low_compressibility,7,smoothed,none,0,2,3,1,feasible,0.0,0.0,0.0,42,42.0,0.0,0.0,0,0,1,0.4523809523809524,19,263.0,1.0
low_compressibility,7,static_min,none,0,2,4,1,feasible,0.0,0.0,0.0,42,42.0,0.0,0.0,0,0,1,0.4523809523809524,19,263.0,1.0
low_compressibility,7,capacity_aware_static,C,2,2,4,1,feasible,0.0,0.0,0.0,42,42.0,0.0,0.0,0,0,1,0.4523809523809524,19,263.0,1.0
low_compressibility,7,smoothed,none,0,2,4,1,feasible,0.0,0.0,0.0,42,42.0,0.0,0.0,0,0,1,0.4523809523809524,19,263.0,1.0
low_compressibility,7,static_min,none,0,2,5,1,feasible,0.0,0.0,0.0,42,42.0,0.0,0.0,0,0,1,0.4523809523809524,19,263.0,1.0
low_compressibility,7,capacity_aware_static,C,2,2,5,1,feasible,0.0,0.0,0.0,42,42.0,0.0,0.0,0,0,1,0.4523809523809524,19,263.0,1.0
low_compressibility,7,smoothed,none,0,2,5,1,feasible,0.0,0.0,0.0,42,42.0,0.0,0.0,0,0,1,0.4523809523809524,19,263.0,1.0
low_compressibility,7,static_min,none,0,2,6,1,feasible,0.0,0.0,0.0,42,42.0,0.0,0.0,0,0,1,0.4523809523809524,19,263.0,1.0
low_compressibility,7,capacity_aware_static,C,2,2,6,1,feasible,0.0,0.0,0.0,42,42.0,0.0,0.0,0,0,1,0.4523809523809524,19,263.0,1.0
low_compressibility,7,smoothed,none,0,2,6,1,feasible,0.0,0.0,0.0,42,42.0,0.0,0.0,0,0,1,0.4523809523809524,19,263.0,1.0
low_compressibility,7,static_min,none,0,2,7,1,feasible,0.0,0.0,0.0,42,42.0,0.0,0.0,0,0,1,0.4523809523809524,19,263.0,1.0
low_compressibility,7,capacity_aware_static,C,2,2,7,1,feasible,0.0,0.0,0.0,42,42.0,0.0,0.0,0,0,1,0.4523809523809524,19,263.0,1.0
low_compressibility,7,smoothed,none,0,2,7,1,feasible,0.0,0.0,0.0,42,42.0,0.0,0.0,0,0,1,0.4523809523809524,19,263.0,1.0
low_compressibility,7,static_min,none,0,2,8,1,feasible,0.0,0.0,0.0,42,42.0,0.0,0.0,0,0,1,0.4523809523809524,19,263.0,1.0
low_compressibility,7,capacity_aware_static,C,2,2,8,1,feasible,0.0,0.0,0.0,42,42.0,0.0,0.0,0,0,1,0.4523809523809524,19,263.0,1.0
low_compressibility,7,smoothed,none,0,2,8,1,feasible,0.0,0.0,0.0,42,42.0,0.0,0.0,0,0,1,0.4523809523809524,19,263.0,1.0
low_compressibility,7,static_min,none,0,2,9,1,feasible,0.0,0.0,0.0,42,42.0,0.0,0.0,0,0,1,0.4523809523809524,19,263.0,1.0
low_compressibility,7,capacity_aware_static,C,2,2,9,1,feasible,0.0,0.0,0.0,42,42.0,0.0,0.0,0,0,1,0.4523809523809524,19,263.0,1.0
low_compressibility,7,smoothed,none,0,2,9,1,feasible,0.0,0.0,0.0,42,42.0,0.0,0.0,0,0,1,0.4523809523809524,19,263.0,1.0
low_compressibility,7,static_min,none,0,2,10,1,feasible,0.0,0.0,0.0,42,42.0,0.0,0.0,0,0,1,0.4523809523809524,19,263.0,1.0
low_compressibility,7,capacity_aware_static,C,2,2,10,1,feasible,0.0,0.0,0.0,42,42.0,0.0,0.0,0,0,1,0.4523809523809524,19,263.0,1.0
low_compressibility,7,smoothed,none,0,2,10,1,feasible,0.0,0.0,0.0,42,42.0,0.0,0.0,0,0,1,0.4523809523809524,19,263.0,1.0
low_compressibility,7,static_min,none,0,2,11,1,feasible,0.0,0.0,0.0,42,42.0,0.0,0.0,0,0,1,0.4523809523809524,19,263.0,1.0
low_compressibility,7,capacity_aware_static,C,2,2,11,1,feasible,0.0,0.0,0.0,42,42.0,0.0,0.0,0,0,1,0.4523809523809524,19,263.0,1.0
low_compressibility,7,smoothed,none,0,2,11,1,feasible,0.0,0.0,0.0,42,42.0,0.0,0.0,0,0,1,0.4523809523809524,19,263.0,1.0
low_compressibility,7,static_min,none,0,2,12,1,feasible,0.0,0.0,0.0,42,42.0,0.0,0.0,0,0,1,0.4523809523809524,19,263.0,1.0
low_compressibility,7,capacity_aware_static,C,2,2,12,1,feasible,0.0,0.0,0.0,42,42.0,0.0,0.0,0,0,1,0.4523809523809524,19,263.0,1.0
low_compressibility,7,smoothed,none,0,2,12,1,feasible,0.0,0.0,0.0,42,42.0,0.0,0.0,0,0,1,0.4523809523809524,19,263.0,1.0
low_compressibility,7,static_min,none,0,2,13,1,feasible,0.0,0.0,0.0,42,42.0,0.0,0.0,0,0,1,0.4523809523809524,19,263.0,1.0
low_compressibility,7,capacity_aware_static,C,2,2,13,1,feasible,0.0,0.0,0.0,42,42.0,0.0,0.0,0,0,1,0.4523809523809524,19,263.0,1.0
low_compressibility,7,smoothed,none,0,2,13,1,feasible,0.0,0.0,0.0,42,42.0,0.0,0.0,0,0,1,0.4523809523809524,19,263.0,1.0
low_compressibility,7,static_min,none,0,2,14,1,feasible,0.0,0.0,0.0,42,42.0,0.0,0.0,0,0,1,0.4523809523809524,19,263.0,1.0
low_compressibility,7,capacity_aware_static,C,2,2,14,1,feasible,0.0,0.0,0.0,42,42.0,0.0,0.0,0,0,1,0.4523809523809524,19,263.0,1.0
low_compressibility,7,smoothed,none,0,2,14,1,feasible,0.0,0.0,0.0,42,42.0,0.0,0.0,0,0,1,0.4523809523809524,19,263.0,1.0
low_compressibility,7,static_min,none,0,2,15,1,feasible,0.0,0.0,0.0,42,42.0,0.0,0.0,0,0,1,0.4523809523809524,19,263.0,1.0
low_compressibility,7,capacity_aware_static,C,2,2,15,1,feasible,0.0,0.0,0.0,42,42.0,0.0,0.0,0,0,1,0.4523809523809524,19,263.0,1.0
low_compressibility,7,smoothed,none,0,2,15,1,feasible,0.0,0.0,0.0,42,42.0,0.0,0.0,0,0,1,0.4523809523809524,19,263.0,1.0
low_compressibility,7,static_min,none,0,3,0,1,feasible,0.0,0.0,0.0,42,42.0,0.0,0.0,0,0,1,0.4523809523809524,19,263.0,1.0
low_compressibility,7,capacity_aware_static,C,3,3,0,1,feasible,0.0,0.0,0.0,42,42.0,0.0,0.0,0,0,1,0.4523809523809524,19,263.0,1.0
low_compressibility,7,smoothed,none,0,3,0,1,feasible,0.0,0.0,0.0,42,42.0,0.0,0.0,0,0,1,0.4523809523809524,19,263.0,1.0
low_compressibility,7,static_min,none,0,3,1,1,feasible,0.0,0.0,0.0,42,42.0,0.0,0.0,0,0,1,0.4523809523809524,19,263.0,1.0
low_compressibility,7,capacity_aware_static,C,3,3,1,1,feasible,0.0,0.0,0.0,42,42.0,0.0,0.0,0,0,1,0.4523809523809524,19,263.0,1.0
low_compressibility,7,smoothed,none,0,3,1,1,feasible,0.0,0.0,0.0,42,42.0,0.0,0.0,0,0,1,0.4523809523809524,19,263.0,1.0
low_compressibility,7,static_min,none,0,3,2,1,feasible,0.0,0.0,0.0,42,42.0,0.0,0.0,0,0,1,0.4523809523809524,19,263.0,1.0
low_compressibility,7,capacity_aware_static,C,3,3,2,1,feasible,0.0,0.0,0.0,42,42.0,0.0,0.0,0,0,1,0.4523809523809524,19,263.0,1.0
low_compressibility,7,smoothed,none,0,3,2,1,feasible,0.0,0.0,0.0,42,42.0,0.0,0.0,0,0,1,0.4523809523809524,19,263.0,1.0
low_compressibility,7,static_min,none,0,3,3,1,feasible,0.0,0.0,0.0,42,42.0,0.0,0.0,0,0,1,0.4523809523809524,19,263.0,1.0
low_compressibility,7,capacity_aware_static,C,3,3,3,1,feasible,0.0,0.0,0.0,42,42.0,0.0,0.0,0,0,1,0.4523809523809524,19,263.0,1.0
low_compressibility,7,smoothed,none,0,3,3,1,feasible,0.0,0.0,0.0,42,42.0,0.0,0.0,0,0,1,0.4523809523809524,19,263.0,1.0
low_compressibility,7,static_min,none,0,3,4,1,feasible,0.0,0.0,0.0,42,42.0,0.0,0.0,0,0,1,0.4523809523809524,19,263.0,1.0
low_compressibility,7,capacity_aware_static,C,3,3,4,1,feasible,0.0,0.0,0.0,42,42.0,0.0,0.0,0,0,1,0.4523809523809524,19,263.0,1.0
low_compressibility,7,smoothed,none,0,3,4,1,feasible,0.0,0.0,0.0,42,42.0,0.0,0.0,0,0,1,0.4523809523809524,19,263.0,1.0
low_compressibility,7,static_min,none,0,3,5,1,feasible,0.0,0.0,0.0,42,42.0,0.0,0.0,0,0,1,0.4523809523809524,19,263.0,1.0
low_compressibility,7,capacity_aware_static,C,3,3,5,1,feasible,0.0,0.0,0.0,42,42.0,0.0,0.0,0,0,1,0.4523809523809524,19,263.0,1.0
low_compressibility,7,smoothed,none,0,3,5,1,feasible,0.0,0.0,0.0,42,42.0,0.0,0.0,0,0,1,0.4523809523809524,19,263.0,1.0
low_compressibility,7,static_min,none,0,3,6,1,feasible,0.0,0.0,0.0,42,42.0,0.0,0.0,0,0,1,0.4523809523809524,19,263.0,1.0
low_compressibility,7,capacity_aware_static,C,3,3,6,1,feasible,0.0,0.0,0.0,42,42.0,0.0,0.0,0,0,1,0.4523809523809524,19,263.0,1.0
low_compressibility,7,smoothed,none,0,3,6,1,feasible,0.0,0.0,0.0,42,42.0,0.0,0.0,0,0,1,0.4523809523809524,19,263.0,1.0
low_compressibility,7,static_min,none,0,3,7,1,feasible,0.0,0.0,0.0,42,42.0,0.0,0.0,0,0,1,0.4523809523809524,19,263.0,1.0
low_compressibility,7,capacity_aware_static,C,3,3,7,1,feasible,0.0,0.0,0.0,42,42.0,0.0,0.0,0,0,1,0.4523809523809524,19,263.0,1.0
low_compressibility,7,smoothed,none,0,3,7,1,feasible,0.0,0.0,0.0,42,42.0,0.0,0.0,0,0,1,0.4523809523809524,19,263.0,1.0
low_compressibility,7,static_min,none,0,3,8,1,feasible,0.0,0.0,0.0,42,42.0,0.0,0.0,0,0,1,0.4523809523809524,19,263.0,1.0
low_compressibility,7,capacity_aware_static,C,3,3,8,1,feasible,0.0,0.0,0.0,42,42.0,0.0,0.0,0,0,1,0.4523809523809524,19,263.0,1.0
low_compressibility,7,smoothed,none,0,3,8,1,feasible,0.0,0.0,0.0,42,42.0,0.0,0.0,0,0,1,0.4523809523809524,19,263.0,1.0
low_compressibility,7,static_min,none,0,3,9,1,feasible,0.0,0.0,0.0,42,42.0,0.0,0.0,0,0,1,0.4523809523809524,19,263.0,1.0
low_compressibility,7,capacity_aware_static,C,3,3,9,1,feasible,0.0,0.0,0.0,42,42.0,0.0,0.0,0,0,1,0.4523809523809524,19,263.0,1.0
low_compressibility,7,smoothed,none,0,3,9,1,feasible,0.0,0.0,0.0,42,42.0,0.0,0.0,0,0,1,0.4523809523809524,19,263.0,1.0
low_compressibility,7,static_min,none,0,3,10,1,feasible,0.0,0.0,0.0,42,42.0,0.0,0.0,0,0,1,0.4523809523809524,19,263.0,1.0
low_compressibility,7,capacity_aware_static,C,3,3,10,1,feasible,0.0,0.0,0.0,42,42.0,0.0,0.0,0,0,1,0.4523809523809524,19,263.0,1.0
low_compressibility,7,smoothed,none,0,3,10,1,feasible,0.0,0.0,0.0,42,42.0,0.0,0.0,0,0,1,0.4523809523809524,19,263.0,1.0
low_compressibility,7,static_min,none,0,3,11,1,feasible,0.0,0.0,0.0,42,42.0,0.0,0.0,0,0,1,0.4523809523809524,19,263.0,1.0
low_compressibility,7,capacity_aware_static,C,3,3,11,1,feasible,0.0,0.0,0.0,42,42.0,0.0,0.0,0,0,1,0.4523809523809524,19,263.0,1.0
low_compressibility,7,smoothed,none,0,3,11,1,feasible,0.0,0.0,0.0,42,42.0,0.0,0.0,0,0,1,0.4523809523809524,19,263.0,1.0
low_compressibility,7,static_min,none,0,3,12,1,feasible,0.0,0.0,0.0,42,42.0,0.0,0.0,0,0,1,0.4523809523809524,19,263.0,1.0
low_compressibility,7,capacity_aware_static,C,3,3,12,1,feasible,0.0,0.0,0.0,42,42.0,0.0,0.0,0,0,1,0.4523809523809524,19,263.0,1.0
low_compressibility,7,smoothed,none,0,3,12,1,feasible,0.0,0.0,0.0,42,42.0,0.0,0.0,0,0,1,0.4523809523809524,19,263.0,1.0
low_compressibility,7,static_min,none,0,3,13,1,feasible,0.0,0.0,0.0,42,42.0,0.0,0.0,0,0,1,0.4523809523809524,19,263.0,1.0
low_compressibility,7,capacity_aware_static,C,3,3,13,1,feasible,0.0,0.0,0.0,42,42.0,0.0,0.0,0,0,1,0.4523809523809524,19,263.0,1.0
low_compressibility,7,smoothed,none,0,3,13,1,feasible,0.0,0.0,0.0,42,42.0,0.0,0.0,0,0,1,0.4523809523809524,19,263.0,1.0
low_compressibility,7,static_min,none,0,3,14,1,feasible,0.0,0.0,0.0,42,42.0,0.0,0.0,0,0,1,0.4523809523809524,19,263.0,1.0
low_compressibility,7,capacity_aware_static,C,3,3,14,1,feasible,0.0,0.0,0.0,42,42.0,0.0,0.0,0,0,1,0.4523809523809524,19,263.0,1.0
low_compressibility,7,smoothed,none,0,3,14,1,feasible,0.0,0.0,0.0,42,42.0,0.0,0.0,0,0,1,0.4523809523809524,19,263.0,1.0
low_compressibility,7,static_min,none,0,3,15,1,feasible,0.0,0.0,0.0,42,42.0,0.0,0.0,0,0,1,0.4523809523809524,19,263.0,1.0
low_compressibility,7,capacity_aware_static,C,3,3,15,1,feasible,0.0,0.0,0.0,42,42.0,0.0,0.0,0,0,1,0.4523809523809524,19,263.0,1.0
low_compressibility,7,smoothed,none,0,3,15,1,feasible,0.0,0.0,0.0,42,42.0,0.0,0.0,0,0,1,0.4523809523809524,19,263.0,1.0
low_compressibility,7,static_min,none,0,4,0,1,feasible,0.0,0.0,0.0,42,42.0,0.0,0.0,0,0,1,0.4523809523809524,19,263.0,1.0
low_compressibility,7,capacity_aware_static,C,4,4,0,1,feasible,0.0,0.0,0.0,42,42.0,0.0,0.0,0,0,1,0.4523809523809524,19,263.0,1.0
low_compressibility,7,smoothed,none,0,4,0,1,feasible,0.0,0.0,0.0,42,42.0,0.0,0.0,0,0,1,0.4523809523809524,19,263.0,1.0
low_compressibility,7,static_min,none,0,4,1,1,feasible,0.0,0.0,0.0,42,42.0,0.0,0.0,0,0,1,0.4523809523809524,19,263.0,1.0
low_compressibility,7,capacity_aware_static,C,4,4,1,1,feasible,0.0,0.0,0.0,42,42.0,0.0,0.0,0,0,1,0.4523809523809524,19,263.0,1.0
low_compressibility,7,smoothed,none,0,4,1,1,feasible,0.0,0.0,0.0,42,42.0,0.0,0.0,0,0,1,0.4523809523809524,19,263.0,1.0
low_compressibility,7,static_min,none,0,4,2,1,feasible,0.0,0.0,0.0,42,42.0,0.0,0.0,0,0,1,0.4523809523809524,19,263.0,1.0
low_compressibility,7,capacity_aware_static,C,4,4,2,1,feasible,0.0,0.0,0.0,42,42.0,0.0,0.0,0,0,1,0.4523809523809524,19,263.0,1.0
low_compressibility,7,smoothed,none,0,4,2,1,feasible,0.0,0.0,0.0,42,42.0,0.0,0.0,0,0,1,0.4523809523809524,19,263.0,1.0
low_compressibility,7,static_min,none,0,4,3,1,feasible,0.0,0.0,0.0,42,42.0,0.0,0.0,0,0,1,0.4523809523809524,19,263.0,1.0
low_compressibility,7,capacity_aware_static,C,4,4,3,1,feasible,0.0,0.0,0.0,42,42.0,0.0,0.0,0,0,1,0.4523809523809524,19,263.0,1.0
low_compressibility,7,smoothed,none,0,4,3,1,feasible,0.0,0.0,0.0,42,42.0,0.0,0.0,0,0,1,0.4523809523809524,19,263.0,1.0
low_compressibility,7,static_min,none,0,4,4,1,feasible,0.0,0.0,0.0,42,42.0,0.0,0.0,0,0,1,0.4523809523809524,19,263.0,1.0
low_compressibility,7,capacity_aware_static,C,4,4,4,1,feasible,0.0,0.0,0.0,42,42.0,0.0,0.0,0,0,1,0.4523809523809524,19,263.0,1.0
low_compressibility,7,smoothed,none,0,4,4,1,feasible,0.0,0.0,0.0,42,42.0,0.0,0.0,0,0,1,0.4523809523809524,19,263.0,1.0
low_compressibility,7,static_min,none,0,4,5,1,feasible,0.0,0.0,0.0,42,42.0,0.0,0.0,0,0,1,0.4523809523809524,19,263.0,1.0
low_compressibility,7,capacity_aware_static,C,4,4,5,1,feasible,0.0,0.0,0.0,42,42.0,0.0,0.0,0,0,1,0.4523809523809524,19,263.0,1.0
low_compressibility,7,smoothed,none,0,4,5,1,feasible,0.0,0.0,0.0,42,42.0,0.0,0.0,0,0,1,0.4523809523809524,19,263.0,1.0
low_compressibility,7,static_min,none,0,4,6,1,feasible,0.0,0.0,0.0,42,42.0,0.0,0.0,0,0,1,0.4523809523809524,19,263.0,1.0
low_compressibility,7,capacity_aware_static,C,4,4,6,1,feasible,0.0,0.0,0.0,42,42.0,0.0,0.0,0,0,1,0.4523809523809524,19,263.0,1.0
low_compressibility,7,smoothed,none,0,4,6,1,feasible,0.0,0.0,0.0,42,42.0,0.0,0.0,0,0,1,0.4523809523809524,19,263.0,1.0
low_compressibility,7,static_min,none,0,4,7,1,feasible,0.0,0.0,0.0,42,42.0,0.0,0.0,0,0,1,0.4523809523809524,19,263.0,1.0
low_compressibility,7,capacity_aware_static,C,4,4,7,1,feasible,0.0,0.0,0.0,42,42.0,0.0,0.0,0,0,1,0.4523809523809524,19,263.0,1.0
low_compressibility,7,smoothed,none,0,4,7,1,feasible,0.0,0.0,0.0,42,42.0,0.0,0.0,0,0,1,0.4523809523809524,19,263.0,1.0
low_compressibility,7,static_min,none,0,4,8,1,feasible,0.0,0.0,0.0,42,42.0,0.0,0.0,0,0,1,0.4523809523809524,19,263.0,1.0
low_compressibility,7,capacity_aware_static,C,4,4,8,1,feasible,0.0,0.0,0.0,42,42.0,0.0,0.0,0,0,1,0.4523809523809524,19,263.0,1.0
low_compressibility,7,smoothed,none,0,4,8,1,feasible,0.0,0.0,0.0,42,42.0,0.0,0.0,0,0,1,0.4523809523809524,19,263.0,1.0
low_compressibility,7,static_min,none,0,4,9,1,feasible,0.0,0.0,0.0,42,42.0,0.0,0.0,0,0,1,0.4523809523809524,19,263.0,1.0
low_compressibility,7,capacity_aware_static,C,4,4,9,1,feasible,0.0,0.0,0.0,42,42.0,0.0,0.0,0,0,1,0.4523809523809524,19,263.0,1.0
low_compressibility,7,smoothed,none,0,4,9,1,feasible,0.0,0.0,0.0,42,42.0,0.0,0.0,0,0,1,0.4523809523809524,19,263.0,1.0
low_compressibility,7,static_min,none,0,4,10,1,feasible,0.0,0.0,0.0,42,42.0,0.0,0.0,0,0,1,0.4523809523809524,19,263.0,1.0
low_compressibility,7,capacity_aware_static,C,4,4,10,1,feasible,0.0,0.0,0.0,42,42.0,0.0,0.0,0,0,1,0.4523809523809524,19,263.0,1.0
low_compressibility,7,smoothed,none,0,4,10,1,feasible,0.0,0.0,0.0,42,42.0,0.0,0.0,0,0,1,0.4523809523809524,19,263.0,1.0
low_compressibility,7,static_min,none,0,4,11,1,feasible,0.0,0.0,0.0,42,42.0,0.0,0.0,0,0,1,0.4523809523809524,19,263.0,1.0
low_compressibility,7,capacity_aware_static,C,4,4,11,1,feasible,0.0,0.0,0.0,42,42.0,0.0,0.0,0,0,1,0.4523809523809524,19,263.0,1.0
low_compressibility,7,smoothed,none,0,4,11,1,feasible,0.0,0.0,0.0,42,42.0,0.0,0.0,0,0,1,0.4523809523809524,19,263.0,1.0
low_compressibility,7,static_min,none,0,4,12,1,feasible,0.0,0.0,0.0,42,42.0,0.0,0.0,0,0,1,0.4523809523809524,19,263.0,1.0
low_compressibility,7,capacity_aware_static,C,4,4,12,1,feasible,0.0,0.0,0.0,42,42.0,0.0,0.0,0,0,1,0.4523809523809524,19,263.0,1.0
low_compressibility,7,smoothed,none,0,4,12,1,feasible,0.0,0.0,0.0,42,42.0,0.0,0.0,0,0,1,0.4523809523809524,19,263.0,1.0
low_compressibility,7,static_min,none,0,4,13,1,feasible,0.0,0.0,0.0,42,42.0,0.0,0.0,0,0,1,0.4523809523809524,19,263.0,1.0
low_compressibility,7,capacity_aware_static,C,4,4,13,1,feasible,0.0,0.0,0.0,42,42.0,0.0,0.0,0,0,1,0.4523809523809524,19,263.0,1.0
low_compressibility,7,smoothed,none,0,4,13,1,feasible,0.0,0.0,0.0,42,42.0,0.0,0.0,0,0,1,0.4523809523809524,19,263.0,1.0
low_compressibility,7,static_min,none,0,4,14,1,feasible,0.0,0.0,0.0,42,42.0,0.0,0.0,0,0,1,0.4523809523809524,19,263.0,1.0
low_compressibility,7,capacity_aware_static,C,4,4,14,1,feasible,0.0,0.0,0.0,42,42.0,0.0,0.0,0,0,1,0.4523809523809524,19,263.0,1.0
low_compressibility,7,smoothed,none,0,4,14,1,feasible,0.0,0.0,0.0,42,42.0,0.0,0.0,0,0,1,0.4523809523809524,19,263.0,1.0
low_compressibility,7,static_min,none,0,4,15,1,feasible,0.0,0.0,0.0,42,42.0,0.0,0.0,0,0,1,0.4523809523809524,19,263.0,1.0
low_compressibility,7,capacity_aware_static,C,4,4,15,1,feasible,0.0,0.0,0.0,42,42.0,0.0,0.0,0,0,1,0.4523809523809524,19,263.0,1.0
low_compressibility,7,smoothed,none,0,4,15,1,feasible,0.0,0.0,0.0,42,42.0,0.0,0.0,0,0,1,0.4523809523809524,19,263.0,1.0
low_compressibility,7,static_min,none,0,5,0,1,feasible,0.0,0.0,0.0,42,42.0,0.0,0.0,0,0,1,0.4523809523809524,19,263.0,1.0
low_compressibility,7,capacity_aware_static,C,5,5,0,1,feasible,0.0,0.0,0.0,42,42.0,0.0,0.0,0,0,1,0.4523809523809524,19,263.0,1.0
low_compressibility,7,smoothed,none,0,5,0,1,feasible,0.0,0.0,0.0,42,42.0,0.0,0.0,0,0,1,0.4523809523809524,19,263.0,1.0
low_compressibility,7,static_min,none,0,5,1,1,feasible,0.0,0.0,0.0,42,42.0,0.0,0.0,0,0,1,0.4523809523809524,19,263.0,1.0
low_compressibility,7,capacity_aware_static,C,5,5,1,1,feasible,0.0,0.0,0.0,42,42.0,0.0,0.0,0,0,1,0.4523809523809524,19,263.0,1.0
low_compressibility,7,smoothed,none,0,5,1,1,feasible,0.0,0.0,0.0,42,42.0,0.0,0.0,0,0,1,0.4523809523809524,19,263.0,1.0
low_compressibility,7,static_min,none,0,5,2,1,feasible,0.0,0.0,0.0,42,42.0,0.0,0.0,0,0,1,0.4523809523809524,19,263.0,1.0
low_compressibility,7,capacity_aware_static,C,5,5,2,1,feasible,0.0,0.0,0.0,42,42.0,0.0,0.0,0,0,1,0.4523809523809524,19,263.0,1.0
low_compressibility,7,smoothed,none,0,5,2,1,feasible,0.0,0.0,0.0,42,42.0,0.0,0.0,0,0,1,0.4523809523809524,19,263.0,1.0
low_compressibility,7,static_min,none,0,5,3,1,feasible,0.0,0.0,0.0,42,42.0,0.0,0.0,0,0,1,0.4523809523809524,19,263.0,1.0
low_compressibility,7,capacity_aware_static,C,5,5,3,1,feasible,0.0,0.0,0.0,42,42.0,0.0,0.0,0,0,1,0.4523809523809524,19,263.0,1.0
low_compressibility,7,smoothed,none,0,5,3,1,feasible,0.0,0.0,0.0,42,42.0,0.0,0.0,0,0,1,0.4523809523809524,19,263.0,1.0
low_compressibility,7,static_min,none,0,5,4,1,feasible,0.0,0.0,0.0,42,42.0,0.0,0.0,0,0,1,0.4523809523809524,19,263.0,1.0
low_compressibility,7,capacity_aware_static,C,5,5,4,1,feasible,0.0,0.0,0.0,42,42.0,0.0,0.0,0,0,1,0.4523809523809524,19,263.0,1.0
low_compressibility,7,smoothed,none,0,5,4,1,feasible,0.0,0.0,0.0,42,42.0,0.0,0.0,0,0,1,0.4523809523809524,19,263.0,1.0
low_compressibility,7,static_min,none,0,5,5,1,feasible,0.0,0.0,0.0,42,42.0,0.0,0.0,0,0,1,0.4523809523809524,19,263.0,1.0
low_compressibility,7,capacity_aware_static,C,5,5,5,1,feasible,0.0,0.0,0.0,42,42.0,0.0,0.0,0,0,1,0.4523809523809524,19,263.0,1.0
low_compressibility,7,smoothed,none,0,5,5,1,feasible,0.0,0.0,0.0,42,42.0,0.0,0.0,0,0,1,0.4523809523809524,19,263.0,1.0
low_compressibility,7,static_min,none,0,5,6,1,feasible,0.0,0.0,0.0,42,42.0,0.0,0.0,0,0,1,0.4523809523809524,19,263.0,1.0
low_compressibility,7,capacity_aware_static,C,5,5,6,1,feasible,0.0,0.0,0.0,42,42.0,0.0,0.0,0,0,1,0.4523809523809524,19,263.0,1.0
low_compressibility,7,smoothed,none,0,5,6,1,feasible,0.0,0.0,0.0,42,42.0,0.0,0.0,0,0,1,0.4523809523809524,19,263.0,1.0
low_compressibility,7,static_min,none,0,5,7,1,feasible,0.0,0.0,0.0,42,42.0,0.0,0.0,0,0,1,0.4523809523809524,19,263.0,1.0
low_compressibility,7,capacity_aware_static,C,5,5,7,1,feasible,0.0,0.0,0.0,42,42.0,0.0,0.0,0,0,1,0.4523809523809524,19,263.0,1.0
low_compressibility,7,smoothed,none,0,5,7,1,feasible,0.0,0.0,0.0,42,42.0,0.0,0.0,0,0,1,0.4523809523809524,19,263.0,1.0
low_compressibility,7,static_min,none,0,5,8,1,feasible,0.0,0.0,0.0,42,42.0,0.0,0.0,0,0,1,0.4523809523809524,19,263.0,1.0
low_compressibility,7,capacity_aware_static,C,5,5,8,1,feasible,0.0,0.0,0.0,42,42.0,0.0,0.0,0,0,1,0.4523809523809524,19,263.0,1.0
low_compressibility,7,smoothed,none,0,5,8,1,feasible,0.0,0.0,0.0,42,42.0,0.0,0.0,0,0,1,0.4523809523809524,19,263.0,1.0
low_compressibility,7,static_min,none,0,5,9,1,feasible,0.0,0.0,0.0,42,42.0,0.0,0.0,0,0,1,0.4523809523809524,19,263.0,1.0
low_compressibility,7,capacity_aware_static,C,5,5,9,1,feasible,0.0,0.0,0.0,42,42.0,0.0,0.0,0,0,1,0.4523809523809524,19,263.0,1.0
low_compressibility,7,smoothed,none,0,5,9,1,feasible,0.0,0.0,0.0,42,42.0,0.0,0.0,0,0,1,0.4523809523809524,19,263.0,1.0
low_compressibility,7,static_min,none,0,5,10,1,feasible,0.0,0.0,0.0,42,42.0,0.0,0.0,0,0,1,0.4523809523809524,19,263.0,1.0
low_compressibility,7,capacity_aware_static,C,5,5,10,1,feasible,0.0,0.0,0.0,42,42.0,0.0,0.0,0,0,1,0.4523809523809524,19,263.0,1.0
low_compressibility,7,smoothed,none,0,5,10,1,feasible,0.0,0.0,0.0,42,42.0,0.0,0.0,0,0,1,0.4523809523809524,19,263.0,1.0
low_compressibility,7,static_min,none,0,5,11,1,feasible,0.0,0.0,0.0,42,42.0,0.0,0.0,0,0,1,0.4523809523809524,19,263.0,1.0
low_compressibility,7,capacity_aware_static,C,5,5,11,1,feasible,0.0,0.0,0.0,42,42.0,0.0,0.0,0,0,1,0.4523809523809524,19,263.0,1.0
low_compressibility,7,smoothed,none,0,5,11,1,feasible,0.0,0.0,0.0,42,42.0,0.0,0.0,0,0,1,0.4523809523809524,19,263.0,1.0
low_compressibility,7,static_min,none,0,5,12,1,feasible,0.0,0.0,0.0,42,42.0,0.0,0.0,0,0,1,0.4523809523809524,19,263.0,1.0
low_compressibility,7,capacity_aware_static,C,5,5,12,1,feasible,0.0,0.0,0.0,42,42.0,0.0,0.0,0,0,1,0.4523809523809524,19,263.0,1.0
low_compressibility,7,smoothed,none,0,5,12,1,feasible,0.0,0.0,0.0,42,42.0,0.0,0.0,0,0,1,0.4523809523809524,19,263.0,1.0
low_compressibility,7,static_min,none,0,5,13,1,feasible,0.0,0.0,0.0,42,42.0,0.0,0.0,0,0,1,0.4523809523809524,19,263.0,1.0
low_compressibility,7,capacity_aware_static,C,5,5,13,1,feasible,0.0,0.0,0.0,42,42.0,0.0,0.0,0,0,1,0.4523809523809524,19,263.0,1.0
low_compressibility,7,smoothed,none,0,5,13,1,feasible,0.0,0.0,0.0,42,42.0,0.0,0.0,0,0,1,0.4523809523809524,19,263.0,1.0
low_compressibility,7,static_min,none,0,5,14,1,feasible,0.0,0.0,0.0,42,42.0,0.0,0.0,0,0,1,0.4523809523809524,19,263.0,1.0
low_compressibility,7,capacity_aware_static,C,5,5,14,1,feasible,0.0,0.0,0.0,42,42.0,0.0,0.0,0,0,1,0.4523809523809524,19,263.0,1.0
low_compressibility,7,smoothed,none,0,5,14,1,feasible,0.0,0.0,0.0,42,42.0,0.0,0.0,0,0,1,0.4523809523809524,19,263.0,1.0
low_compressibility,7,static_min,none,0,5,15,1,feasible,0.0,0.0,0.0,42,42.0,0.0,0.0,0,0,1,0.4523809523809524,19,263.0,1.0
low_compressibility,7,capacity_aware_static,C,5,5,15,1,feasible,0.0,0.0,0.0,42,42.0,0.0,0.0,0,0,1,0.4523809523809524,19,263.0,1.0
low_compressibility,7,smoothed,none,0,5,15,1,feasible,0.0,0.0,0.0,42,42.0,0.0,0.0,0,0,1,0.4523809523809524,19,263.0,1.0
low_compressibility,7,static_min,none,0,6,0,1,feasible,0.0,0.0,0.0,42,42.0,0.0,0.0,0,0,1,0.4523809523809524,19,263.0,1.0
low_compressibility,7,capacity_aware_static,C,6,6,0,1,feasible,0.0,0.0,0.0,42,42.0,0.0,0.0,0,0,1,0.4523809523809524,19,263.0,1.0
low_compressibility,7,smoothed,none,0,6,0,1,feasible,0.0,0.0,0.0,42,42.0,0.0,0.0,0,0,1,0.4523809523809524,19,263.0,1.0
low_compressibility,7,static_min,none,0,6,1,1,feasible,0.0,0.0,0.0,42,42.0,0.0,0.0,0,0,1,0.4523809523809524,19,263.0,1.0
low_compressibility,7,capacity_aware_static,C,6,6,1,1,feasible,0.0,0.0,0.0,42,42.0,0.0,0.0,0,0,1,0.4523809523809524,19,263.0,1.0
low_compressibility,7,smoothed,none,0,6,1,1,feasible,0.0,0.0,0.0,42,42.0,0.0,0.0,0,0,1,0.4523809523809524,19,263.0,1.0
low_compressibility,7,static_min,none,0,6,2,1,feasible,0.0,0.0,0.0,42,42.0,0.0,0.0,0,0,1,0.4523809523809524,19,263.0,1.0
low_compressibility,7,capacity_aware_static,C,6,6,2,1,feasible,0.0,0.0,0.0,42,42.0,0.0,0.0,0,0,1,0.4523809523809524,19,263.0,1.0
low_compressibility,7,smoothed,none,0,6,2,1,feasible,0.0,0.0,0.0,42,42.0,0.0,0.0,0,0,1,0.4523809523809524,19,263.0,1.0
low_compressibility,7,static_min,none,0,6,3,1,feasible,0.0,0.0,0.0,42,42.0,0.0,0.0,0,0,1,0.4523809523809524,19,263.0,1.0
low_compressibility,7,capacity_aware_static,C,6,6,3,1,feasible,0.0,0.0,0.0,42,42.0,0.0,0.0,0,0,1,0.4523809523809524,19,263.0,1.0
low_compressibility,7,smoothed,none,0,6,3,1,feasible,0.0,0.0,0.0,42,42.0,0.0,0.0,0,0,1,0.4523809523809524,19,263.0,1.0
low_compressibility,7,static_min,none,0,6,4,1,feasible,0.0,0.0,0.0,42,42.0,0.0,0.0,0,0,1,0.4523809523809524,19,263.0,1.0
low_compressibility,7,capacity_aware_static,C,6,6,4,1,feasible,0.0,0.0,0.0,42,42.0,0.0,0.0,0,0,1,0.4523809523809524,19,263.0,1.0
low_compressibility,7,smoothed,none,0,6,4,1,feasible,0.0,0.0,0.0,42,42.0,0.0,0.0,0,0,1,0.4523809523809524,19,263.0,1.0
low_compressibility,7,static_min,none,0,6,5,1,feasible,0.0,0.0,0.0,42,42.0,0.0,0.0,0,0,1,0.4523809523809524,19,263.0,1.0
low_compressibility,7,capacity_aware_static,C,6,6,5,1,feasible,0.0,0.0,0.0,42,42.0,0.0,0.0,0,0,1,0.4523809523809524,19,263.0,1.0
low_compressibility,7,smoothed,none,0,6,5,1,feasible,0.0,0.0,0.0,42,42.0,0.0,0.0,0,0,1,0.4523809523809524,19,263.0,1.0
low_compressibility,7,static_min,none,0,6,6,1,feasible,0.0,0.0,0.0,42,42.0,0.0,0.0,0,0,1,0.4523809523809524,19,263.0,1.0
low_compressibility,7,capacity_aware_static,C,6,6,6,1,feasible,0.0,0.0,0.0,42,42.0,0.0,0.0,0,0,1,0.4523809523809524,19,263.0,1.0
low_compressibility,7,smoothed,none,0,6,6,1,feasible,0.0,0.0,0.0,42,42.0,0.0,0.0,0,0,1,0.4523809523809524,19,263.0,1.0
low_compressibility,7,static_min,none,0,6,7,1,feasible,0.0,0.0,0.0,42,42.0,0.0,0.0,0,0,1,0.4523809523809524,19,263.0,1.0
low_compressibility,7,capacity_aware_static,C,6,6,7,1,feasible,0.0,0.0,0.0,42,42.0,0.0,0.0,0,0,1,0.4523809523809524,19,263.0,1.0
low_compressibility,7,smoothed,none,0,6,7,1,feasible,0.0,0.0,0.0,42,42.0,0.0,0.0,0,0,1,0.4523809523809524,19,263.0,1.0
low_compressibility,7,static_min,none,0,6,8,1,feasible,0.0,0.0,0.0,42,42.0,0.0,0.0,0,0,1,0.4523809523809524,19,263.0,1.0
low_compressibility,7,capacity_aware_static,C,6,6,8,1,feasible,0.0,0.0,0.0,42,42.0,0.0,0.0,0,0,1,0.4523809523809524,19,263.0,1.0
low_compressibility,7,smoothed,none,0,6,8,1,feasible,0.0,0.0,0.0,42,42.0,0.0,0.0,0,0,1,0.4523809523809524,19,263.0,1.0
low_compressibility,7,static_min,none,0,6,9,1,feasible,0.0,0.0,0.0,42,42.0,0.0,0.0,0,0,1,0.4523809523809524,19,263.0,1.0
low_compressibility,7,capacity_aware_static,C,6,6,9,1,feasible,0.0,0.0,0.0,42,42.0,0.0,0.0,0,0,1,0.4523809523809524,19,263.0,1.0
low_compressibility,7,smoothed,none,0,6,9,1,feasible,0.0,0.0,0.0,42,42.0,0.0,0.0,0,0,1,0.4523809523809524,19,263.0,1.0
low_compressibility,7,static_min,none,0,6,10,1,feasible,0.0,0.0,0.0,42,42.0,0.0,0.0,0,0,1,0.4523809523809524,19,263.0,1.0
low_compressibility,7,capacity_aware_static,C,6,6,10,1,feasible,0.0,0.0,0.0,42,42.0,0.0,0.0,0,0,1,0.4523809523809524,19,263.0,1.0
low_compressibility,7,smoothed,none,0,6,10,1,feasible,0.0,0.0,0.0,42,42.0,0.0,0.0,0,0,1,0.4523809523809524,19,263.0,1.0
low_compressibility,7,static_min,none,0,6,11,1,feasible,0.0,0.0,0.0,42,42.0,0.0,0.0,0,0,1,0.4523809523809524,19,263.0,1.0
low_compressibility,7,capacity_aware_static,C,6,6,11,1,feasible,0.0,0.0,0.0,42,42.0,0.0,0.0,0,0,1,0.4523809523809524,19,263.0,1.0
low_compressibility,7,smoothed,none,0,6,11,1,feasible,0.0,0.0,0.0,42,42.0,0.0,0.0,0,0,1,0.4523809523809524,19,263.0,1.0
low_compressibility,7,static_min,none,0,6,12,1,feasible,0.0,0.0,0.0,42,42.0,0.0,0.0,0,0,1,0.4523809523809524,19,263.0,1.0
low_compressibility,7,capacity_aware_static,C,6,6,12,1,feasible,0.0,0.0,0.0,42,42.0,0.0,0.0,0,0,1,0.4523809523809524,19,263.0,1.0
low_compressibility,7,smoothed,none,0,6,12,1,feasible,0.0,0.0,0.0,42,42.0,0.0,0.0,0,0,1,0.4523809523809524,19,263.0,1.0
low_compressibility,7,static_min,none,0,6,13,1,feasible,0.0,0.0,0.0,42,42.0,0.0,0.0,0,0,1,0.4523809523809524,19,263.0,1.0
low_compressibility,7,capacity_aware_static,C,6,6,13,1,feasible,0.0,0.0,0.0,42,42.0,0.0,0.0,0,0,1,0.4523809523809524,19,263.0,1.0
low_compressibility,7,smoothed,none,0,6,13,1,feasible,0.0,0.0,0.0,42,42.0,0.0,0.0,0,0,1,0.4523809523809524,19,263.0,1.0
low_compressibility,7,static_min,none,0,6,14,1,feasible,0.0,0.0,0.0,42,42.0,0.0,0.0,0,0,1,0.4523809523809524,19,263.0,1.0
low_compressibility,7,capacity_aware_static,C,6,6,14,1,feasible,0.0,0.0,0.0,42,42.0,0.0,0.0,0,0,1,0.4523809523809524,19,263.0,1.0
low_compressibility,7,smoothed,none,0,6,14,1,feasible,0.0,0.0,0.0,42,42.0,0.0,0.0,0,0,1,0.4523809523809524,19,263.0,1.0
low_compressibility,7,static_min,none,0,6,15,1,feasible,0.0,0.0,0.0,42,42.0,0.0,0.0,0,0,1,0.4523809523809524,19,263.0,1.0
low_compressibility,7,capacity_aware_static,C,6,6,15,1,feasible,0.0,0.0,0.0,42,42.0,0.0,0.0,0,0,1,0.4523809523809524,19,263.0,1.0
low_compressibility,7,smoothed,none,0,6,15,1,feasible,0.0,0.0,0.0,42,42.0,0.0,0.0,0,0,1,0.4523809523809524,19,263.0,1.0
low_compressibility,7,static_min,none,0,7,0,1,feasible,0.0,0.0,0.0,42,42.0,0.0,0.0,0,0,1,0.4523809523809524,19,263.0,1.0
low_compressibility,7,capacity_aware_static,C,7,7,0,1,feasible,0.0,0.0,0.0,42,42.0,0.0,0.0,0,0,1,0.4523809523809524,19,263.0,1.0
low_compressibility,7,smoothed,none,0,7,0,1,feasible,0.0,0.0,0.0,42,42.0,0.0,0.0,0,0,1,0.4523809523809524,19,263.0,1.0
low_compressibility,7,static_min,none,0,7,1,1,feasible,0.0,0.0,0.0,42,42.0,0.0,0.0,0,0,1,0.4523809523809524,19,263.0,1.0
low_compressibility,7,capacity_aware_static,C,7,7,1,1,feasible,0.0,0.0,0.0,42,42.0,0.0,0.0,0,0,1,0.4523809523809524,19,263.0,1.0
low_compressibility,7,smoothed,none,0,7,1,1,feasible,0.0,0.0,0.0,42,42.0,0.0,0.0,0,0,1,0.4523809523809524,19,263.0,1.0
low_compressibility,7,static_min,none,0,7,2,1,feasible,0.0,0.0,0.0,42,42.0,0.0,0.0,0,0,1,0.4523809523809524,19,263.0,1.0
low_compressibility,7,capacity_aware_static,C,7,7,2,1,feasible,0.0,0.0,0.0,42,42.0,0.0,0.0,0,0,1,0.4523809523809524,19,263.0,1.0
low_compressibility,7,smoothed,none,0,7,2,1,feasible,0.0,0.0,0.0,42,42.0,0.0,0.0,0,0,1,0.4523809523809524,19,263.0,1.0
low_compressibility,7,static_min,none,0,7,3,1,feasible,0.0,0.0,0.0,42,42.0,0.0,0.0,0,0,1,0.4523809523809524,19,263.0,1.0
low_compressibility,7,capacity_aware_static,C,7,7,3,1,feasible,0.0,0.0,0.0,42,42.0,0.0,0.0,0,0,1,0.4523809523809524,19,263.0,1.0
low_compressibility,7,smoothed,none,0,7,3,1,feasible,0.0,0.0,0.0,42,42.0,0.0,0.0,0,0,1,0.4523809523809524,19,263.0,1.0
low_compressibility,7,static_min,none,0,7,4,1,feasible,0.0,0.0,0.0,42,42.0,0.0,0.0,0,0,1,0.4523809523809524,19,263.0,1.0
low_compressibility,7,capacity_aware_static,C,7,7,4,1,feasible,0.0,0.0,0.0,42,42.0,0.0,0.0,0,0,1,0.4523809523809524,19,263.0,1.0
low_compressibility,7,smoothed,none,0,7,4,1,feasible,0.0,0.0,0.0,42,42.0,0.0,0.0,0,0,1,0.4523809523809524,19,263.0,1.0
low_compressibility,7,static_min,none,0,7,5,1,feasible,0.0,0.0,0.0,42,42.0,0.0,0.0,0,0,1,0.4523809523809524,19,263.0,1.0
low_compressibility,7,capacity_aware_static,C,7,7,5,1,feasible,0.0,0.0,0.0,42,42.0,0.0,0.0,0,0,1,0.4523809523809524,19,263.0,1.0
low_compressibility,7,smoothed,none,0,7,5,1,feasible,0.0,0.0,0.0,42,42.0,0.0,0.0,0,0,1,0.4523809523809524,19,263.0,1.0
low_compressibility,7,static_min,none,0,7,6,1,feasible,0.0,0.0,0.0,42,42.0,0.0,0.0,0,0,1,0.4523809523809524,19,263.0,1.0
low_compressibility,7,capacity_aware_static,C,7,7,6,1,feasible,0.0,0.0,0.0,42,42.0,0.0,0.0,0,0,1,0.4523809523809524,19,263.0,1.0
low_compressibility,7,smoothed,none,0,7,6,1,feasible,0.0,0.0,0.0,42,42.0,0.0,0.0,0,0,1,0.4523809523809524,19,263.0,1.0
low_compressibility,7,static_min,none,0,7,7,1,feasible,0.0,0.0,0.0,42,42.0,0.0,0.0,0,0,1,0.4523809523809524,19,263.0,1.0
low_compressibility,7,capacity_aware_static,C,7,7,7,1,feasible,0.0,0.0,0.0,42,42.0,0.0,0.0,0,0,1,0.4523809523809524,19,263.0,1.0
low_compressibility,7,smoothed,none,0,7,7,1,feasible,0.0,0.0,0.0,42,42.0,0.0,0.0,0,0,1,0.4523809523809524,19,263.0,1.0
low_compressibility,7,static_min,none,0,7,8,1,feasible,0.0,0.0,0.0,42,42.0,0.0,0.0,0,0,1,0.4523809523809524,19,263.0,1.0
low_compressibility,7,capacity_aware_static,C,7,7,8,1,feasible,0.0,0.0,0.0,42,42.0,0.0,0.0,0,0,1,0.4523809523809524,19,263.0,1.0
low_compressibility,7,smoothed,none,0,7,8,1,feasible,0.0,0.0,0.0,42,42.0,0.0,0.0,0,0,1,0.4523809523809524,19,263.0,1.0
low_compressibility,7,static_min,none,0,7,9,1,feasible,0.0,0.0,0.0,42,42.0,0.0,0.0,0,0,1,0.4523809523809524,19,263.0,1.0
low_compressibility,7,capacity_aware_static,C,7,7,9,1,feasible,0.0,0.0,0.0,42,42.0,0.0,0.0,0,0,1,0.4523809523809524,19,263.0,1.0
low_compressibility,7,smoothed,none,0,7,9,1,feasible,0.0,0.0,0.0,42,42.0,0.0,0.0,0,0,1,0.4523809523809524,19,263.0,1.0
low_compressibility,7,static_min,none,0,7,10,1,feasible,0.0,0.0,0.0,42,42.0,0.0,0.0,0,0,1,0.4523809523809524,19,263.0,1.0
low_compressibility,7,capacity_aware_static,C,7,7,10,1,feasible,0.0,0.0,0.0,42,42.0,0.0,0.0,0,0,1,0.4523809523809524,19,263.0,1.0
low_compressibility,7,smoothed,none,0,7,10,1,feasible,0.0,0.0,0.0,42,42.0,0.0,0.0,0,0,1,0.4523809523809524,19,263.0,1.0
low_compressibility,7,static_min,none,0,7,11,1,feasible,0.0,0.0,0.0,42,42.0,0.0,0.0,0,0,1,0.4523809523809524,19,263.0,1.0
low_compressibility,7,capacity_aware_static,C,7,7,11,1,feasible,0.0,0.0,0.0,42,42.0,0.0,0.0,0,0,1,0.4523809523809524,19,263.0,1.0
low_compressibility,7,smoothed,none,0,7,11,1,feasible,0.0,0.0,0.0,42,42.0,0.0,0.0,0,0,1,0.4523809523809524,19,263.0,1.0
low_compressibility,7,static_min,none,0,7,12,1,feasible,0.0,0.0,0.0,42,42.0,0.0,0.0,0,0,1,0.4523809523809524,19,263.0,1.0
low_compressibility,7,capacity_aware_static,C,7,7,12,1,feasible,0.0,0.0,0.0,42,42.0,0.0,0.0,0,0,1,0.4523809523809524,19,263.0,1.0
low_compressibility,7,smoothed,none,0,7,12,1,feasible,0.0,0.0,0.0,42,42.0,0.0,0.0,0,0,1,0.4523809523809524,19,263.0,1.0
low_compressibility,7,static_min,none,0,7,13,1,feasible,0.0,0.0,0.0,42,42.0,0.0,0.0,0,0,1,0.4523809523809524,19,263.0,1.0
low_compressibility,7,capacity_aware_static,C,7,7,13,1,feasible,0.0,0.0,0.0,42,42.0,0.0,0.0,0,0,1,0.4523809523809524,19,263.0,1.0
low_compressibility,7,smoothed,none,0,7,13,1,feasible,0.0,0.0,0.0,42,42.0,0.0,0.0,0,0,1,0.4523809523809524,19,263.0,1.0
low_compressibility,7,static_min,none,0,7,14,1,feasible,0.0,0.0,0.0,42,42.0,0.0,0.0,0,0,1,0.4523809523809524,19,263.0,1.0
low_compressibility,7,capacity_aware_static,C,7,7,14,1,feasible,0.0,0.0,0.0,42,42.0,0.0,0.0,0,0,1,0.4523809523809524,19,263.0,1.0
low_compressibility,7,smoothed,none,0,7,14,1,feasible,0.0,0.0,0.0,42,42.0,0.0,0.0,0,0,1,0.4523809523809524,19,263.0,1.0
low_compressibility,7,static_min,none,0,7,15,1,feasible,0.0,0.0,0.0,42,42.0,0.0,0.0,0,0,1,0.4523809523809524,19,263.0,1.0
low_compressibility,7,capacity_aware_static,C,7,7,15,1,feasible,0.0,0.0,0.0,42,42.0,0.0,0.0,0,0,1,0.4523809523809524,19,263.0,1.0
low_compressibility,7,smoothed,none,0,7,15,1,feasible,0.0,0.0,0.0,42,42.0,0.0,0.0,0,0,1,0.4523809523809524,19,263.0,1.0
low_compressibility,9,static_min,none,0,1,0,1,feasible,0.0,0.0,0.0,42,42.0,0.0,0.0,0,0,1,0.4523809523809524,19,263.0,1.0
low_compressibility,9,capacity_aware_static,C,1,1,0,1,feasible,0.0,0.0,0.0,42,42.0,0.0,0.0,0,0,1,0.4523809523809524,19,263.0,1.0
low_compressibility,9,smoothed,none,0,1,0,1,feasible,0.0,0.0,0.0,42,42.0,0.0,0.0,0,0,1,0.4523809523809524,19,263.0,1.0
low_compressibility,9,static_min,none,0,1,1,1,feasible,0.0,0.0,0.0,42,42.0,0.0,0.0,0,0,1,0.4523809523809524,19,263.0,1.0
low_compressibility,9,capacity_aware_static,C,1,1,1,1,feasible,0.0,0.0,0.0,42,42.0,0.0,0.0,0,0,1,0.4523809523809524,19,263.0,1.0
low_compressibility,9,smoothed,none,0,1,1,1,feasible,0.0,0.0,0.0,42,42.0,0.0,0.0,0,0,1,0.4523809523809524,19,263.0,1.0
low_compressibility,9,static_min,none,0,1,2,1,feasible,0.0,0.0,0.0,42,42.0,0.0,0.0,0,0,1,0.4523809523809524,19,263.0,1.0
low_compressibility,9,capacity_aware_static,C,1,1,2,1,feasible,0.0,0.0,0.0,42,42.0,0.0,0.0,0,0,1,0.4523809523809524,19,263.0,1.0
low_compressibility,9,smoothed,none,0,1,2,1,feasible,0.0,0.0,0.0,42,42.0,0.0,0.0,0,0,1,0.4523809523809524,19,263.0,1.0
low_compressibility,9,static_min,none,0,1,3,1,feasible,0.0,0.0,0.0,42,42.0,0.0,0.0,0,0,1,0.4523809523809524,19,263.0,1.0
low_compressibility,9,capacity_aware_static,C,1,1,3,1,feasible,0.0,0.0,0.0,42,42.0,0.0,0.0,0,0,1,0.4523809523809524,19,263.0,1.0
low_compressibility,9,smoothed,none,0,1,3,1,feasible,0.0,0.0,0.0,42,42.0,0.0,0.0,0,0,1,0.4523809523809524,19,263.0,1.0
low_compressibility,9,static_min,none,0,1,4,1,feasible,0.0,0.0,0.0,42,42.0,0.0,0.0,0,0,1,0.4523809523809524,19,263.0,1.0
low_compressibility,9,capacity_aware_static,C,1,1,4,1,feasible,0.0,0.0,0.0,42,42.0,0.0,0.0,0,0,1,0.4523809523809524,19,263.0,1.0
low_compressibility,9,smoothed,none,0,1,4,1,feasible,0.0,0.0,0.0,42,42.0,0.0,0.0,0,0,1,0.4523809523809524,19,263.0,1.0
low_compressibility,9,static_min,none,0,1,5,1,feasible,0.0,0.0,0.0,42,42.0,0.0,0.0,0,0,1,0.4523809523809524,19,263.0,1.0
low_compressibility,9,capacity_aware_static,C,1,1,5,1,feasible,0.0,0.0,0.0,42,42.0,0.0,0.0,0,0,1,0.4523809523809524,19,263.0,1.0
low_compressibility,9,smoothed,none,0,1,5,1,feasible,0.0,0.0,0.0,42,42.0,0.0,0.0,0,0,1,0.4523809523809524,19,263.0,1.0
low_compressibility,9,static_min,none,0,1,6,1,feasible,0.0,0.0,0.0,42,42.0,0.0,0.0,0,0,1,0.4523809523809524,19,263.0,1.0
low_compressibility,9,capacity_aware_static,C,1,1,6,1,feasible,0.0,0.0,0.0,42,42.0,0.0,0.0,0,0,1,0.4523809523809524,19,263.0,1.0
low_compressibility,9,smoothed,none,0,1,6,1,feasible,0.0,0.0,0.0,42,42.0,0.0,0.0,0,0,1,0.4523809523809524,19,263.0,1.0
low_compressibility,9,static_min,none,0,1,7,1,feasible,0.0,0.0,0.0,42,42.0,0.0,0.0,0,0,1,0.4523809523809524,19,263.0,1.0
low_compressibility,9,capacity_aware_static,C,1,1,7,1,feasible,0.0,0.0,0.0,42,42.0,0.0,0.0,0,0,1,0.4523809523809524,19,263.0,1.0
low_compressibility,9,smoothed,none,0,1,7,1,feasible,0.0,0.0,0.0,42,42.0,0.0,0.0,0,0,1,0.4523809523809524,19,263.0,1.0
low_compressibility,9,static_min,none,0,1,8,1,feasible,0.0,0.0,0.0,42,42.0,0.0,0.0,0,0,1,0.4523809523809524,19,263.0,1.0
low_compressibility,9,capacity_aware_static,C,1,1,8,1,feasible,0.0,0.0,0.0,42,42.0,0.0,0.0,0,0,1,0.4523809523809524,19,263.0,1.0
low_compressibility,9,smoothed,none,0,1,8,1,feasible,0.0,0.0,0.0,42,42.0,0.0,0.0,0,0,1,0.4523809523809524,19,263.0,1.0
low_compressibility,9,static_min,none,0,1,9,1,feasible,0.0,0.0,0.0,42,42.0,0.0,0.0,0,0,1,0.4523809523809524,19,263.0,1.0
low_compressibility,9,capacity_aware_static,C,1,1,9,1,feasible,0.0,0.0,0.0,42,42.0,0.0,0.0,0,0,1,0.4523809523809524,19,263.0,1.0
low_compressibility,9,smoothed,none,0,1,9,1,feasible,0.0,0.0,0.0,42,42.0,0.0,0.0,0,0,1,0.4523809523809524,19,263.0,1.0
low_compressibility,9,static_min,none,0,1,10,1,feasible,0.0,0.0,0.0,42,42.0,0.0,0.0,0,0,1,0.4523809523809524,19,263.0,1.0
low_compressibility,9,capacity_aware_static,C,1,1,10,1,feasible,0.0,0.0,0.0,42,42.0,0.0,0.0,0,0,1,0.4523809523809524,19,263.0,1.0
low_compressibility,9,smoothed,none,0,1,10,1,feasible,0.0,0.0,0.0,42,42.0,0.0,0.0,0,0,1,0.4523809523809524,19,263.0,1.0
low_compressibility,9,static_min,none,0,1,11,1,feasible,0.0,0.0,0.0,42,42.0,0.0,0.0,0,0,1,0.4523809523809524,19,263.0,1.0
low_compressibility,9,capacity_aware_static,C,1,1,11,1,feasible,0.0,0.0,0.0,42,42.0,0.0,0.0,0,0,1,0.4523809523809524,19,263.0,1.0
low_compressibility,9,smoothed,none,0,1,11,1,feasible,0.0,0.0,0.0,42,42.0,0.0,0.0,0,0,1,0.4523809523809524,19,263.0,1.0
low_compressibility,9,static_min,none,0,1,12,1,feasible,0.0,0.0,0.0,42,42.0,0.0,0.0,0,0,1,0.4523809523809524,19,263.0,1.0
low_compressibility,9,capacity_aware_static,C,1,1,12,1,feasible,0.0,0.0,0.0,42,42.0,0.0,0.0,0,0,1,0.4523809523809524,19,263.0,1.0
low_compressibility,9,smoothed,none,0,1,12,1,feasible,0.0,0.0,0.0,42,42.0,0.0,0.0,0,0,1,0.4523809523809524,19,263.0,1.0
low_compressibility,9,static_min,none,0,1,13,1,feasible,0.0,0.0,0.0,42,42.0,0.0,0.0,0,0,1,0.4523809523809524,19,263.0,1.0
low_compressibility,9,capacity_aware_static,C,1,1,13,1,feasible,0.0,0.0,0.0,42,42.0,0.0,0.0,0,0,1,0.4523809523809524,19,263.0,1.0
low_compressibility,9,smoothed,none,0,1,13,1,feasible,0.0,0.0,0.0,42,42.0,0.0,0.0,0,0,1,0.4523809523809524,19,263.0,1.0
low_compressibility,9,static_min,none,0,1,14,1,feasible,0.0,0.0,0.0,42,42.0,0.0,0.0,0,0,1,0.4523809523809524,19,263.0,1.0
low_compressibility,9,capacity_aware_static,C,1,1,14,1,feasible,0.0,0.0,0.0,42,42.0,0.0,0.0,0,0,1,0.4523809523809524,19,263.0,1.0
low_compressibility,9,smoothed,none,0,1,14,1,feasible,0.0,0.0,0.0,42,42.0,0.0,0.0,0,0,1,0.4523809523809524,19,263.0,1.0
low_compressibility,9,static_min,none,0,1,15,1,feasible,0.0,0.0,0.0,42,42.0,0.0,0.0,0,0,1,0.4523809523809524,19,263.0,1.0
low_compressibility,9,capacity_aware_static,C,1,1,15,1,feasible,0.0,0.0,0.0,42,42.0,0.0,0.0,0,0,1,0.4523809523809524,19,263.0,1.0
low_compressibility,9,smoothed,none,0,1,15,1,feasible,0.0,0.0,0.0,42,42.0,0.0,0.0,0,0,1,0.4523809523809524,19,263.0,1.0
low_compressibility,9,static_min,none,0,2,0,1,feasible,0.0,0.0,0.0,42,42.0,0.0,0.0,0,0,1,0.4523809523809524,19,263.0,1.0
low_compressibility,9,capacity_aware_static,C,2,2,0,1,feasible,0.0,0.0,0.0,42,42.0,0.0,0.0,0,0,1,0.4523809523809524,19,263.0,1.0
low_compressibility,9,smoothed,none,0,2,0,1,feasible,0.0,0.0,0.0,42,42.0,0.0,0.0,0,0,1,0.4523809523809524,19,263.0,1.0
low_compressibility,9,static_min,none,0,2,1,1,feasible,0.0,0.0,0.0,42,42.0,0.0,0.0,0,0,1,0.4523809523809524,19,263.0,1.0
low_compressibility,9,capacity_aware_static,C,2,2,1,1,feasible,0.0,0.0,0.0,42,42.0,0.0,0.0,0,0,1,0.4523809523809524,19,263.0,1.0
low_compressibility,9,smoothed,none,0,2,1,1,feasible,0.0,0.0,0.0,42,42.0,0.0,0.0,0,0,1,0.4523809523809524,19,263.0,1.0
low_compressibility,9,static_min,none,0,2,2,1,feasible,0.0,0.0,0.0,42,42.0,0.0,0.0,0,0,1,0.4523809523809524,19,263.0,1.0
low_compressibility,9,capacity_aware_static,C,2,2,2,1,feasible,0.0,0.0,0.0,42,42.0,0.0,0.0,0,0,1,0.4523809523809524,19,263.0,1.0
low_compressibility,9,smoothed,none,0,2,2,1,feasible,0.0,0.0,0.0,42,42.0,0.0,0.0,0,0,1,0.4523809523809524,19,263.0,1.0
low_compressibility,9,static_min,none,0,2,3,1,feasible,0.0,0.0,0.0,42,42.0,0.0,0.0,0,0,1,0.4523809523809524,19,263.0,1.0
low_compressibility,9,capacity_aware_static,C,2,2,3,1,feasible,0.0,0.0,0.0,42,42.0,0.0,0.0,0,0,1,0.4523809523809524,19,263.0,1.0
low_compressibility,9,smoothed,none,0,2,3,1,feasible,0.0,0.0,0.0,42,42.0,0.0,0.0,0,0,1,0.4523809523809524,19,263.0,1.0
low_compressibility,9,static_min,none,0,2,4,1,feasible,0.0,0.0,0.0,42,42.0,0.0,0.0,0,0,1,0.4523809523809524,19,263.0,1.0
low_compressibility,9,capacity_aware_static,C,2,2,4,1,feasible,0.0,0.0,0.0,42,42.0,0.0,0.0,0,0,1,0.4523809523809524,19,263.0,1.0
low_compressibility,9,smoothed,none,0,2,4,1,feasible,0.0,0.0,0.0,42,42.0,0.0,0.0,0,0,1,0.4523809523809524,19,263.0,1.0
low_compressibility,9,static_min,none,0,2,5,1,feasible,0.0,0.0,0.0,42,42.0,0.0,0.0,0,0,1,0.4523809523809524,19,263.0,1.0
low_compressibility,9,capacity_aware_static,C,2,2,5,1,feasible,0.0,0.0,0.0,42,42.0,0.0,0.0,0,0,1,0.4523809523809524,19,263.0,1.0
low_compressibility,9,smoothed,none,0,2,5,1,feasible,0.0,0.0,0.0,42,42.0,0.0,0.0,0,0,1,0.4523809523809524,19,263.0,1.0
low_compressibility,9,static_min,none,0,2,6,1,feasible,0.0,0.0,0.0,42,42.0,0.0,0.0,0,0,1,0.4523809523809524,19,263.0,1.0
low_compressibility,9,capacity_aware_static,C,2,2,6,1,feasible,0.0,0.0,0.0,42,42.0,0.0,0.0,0,0,1,0.4523809523809524,19,263.0,1.0
low_compressibility,9,smoothed,none,0,2,6,1,feasible,0.0,0.0,0.0,42,42.0,0.0,0.0,0,0,1,0.4523809523809524,19,263.0,1.0
low_compressibility,9,static_min,none,0,2,7,1,feasible,0.0,0.0,0.0,42,42.0,0.0,0.0,0,0,1,0.4523809523809524,19,263.0,1.0
low_compressibility,9,capacity_aware_static,C,2,2,7,1,feasible,0.0,0.0,0.0,42,42.0,0.0,0.0,0,0,1,0.4523809523809524,19,263.0,1.0
low_compressibility,9,smoothed,none,0,2,7,1,feasible,0.0,0.0,0.0,42,42.0,0.0,0.0,0,0,1,0.4523809523809524,19,263.0,1.0
low_compressibility,9,static_min,none,0,2,8,1,feasible,0.0,0.0,0.0,42,42.0,0.0,0.0,0,0,1,0.4523809523809524,19,263.0,1.0
low_compressibility,9,capacity_aware_static,C,2,2,8,1,feasible,0.0,0.0,0.0,42,42.0,0.0,0.0,0,0,1,0.4523809523809524,19,263.0,1.0
low_compressibility,9,smoothed,none,0,2,8,1,feasible,0.0,0.0,0.0,42,42.0,0.0,0.0,0,0,1,0.4523809523809524,19,263.0,1.0
low_compressibility,9,static_min,none,0,2,9,1,feasible,0.0,0.0,0.0,42,42.0,0.0,0.0,0,0,1,0.4523809523809524,19,263.0,1.0
low_compressibility,9,capacity_aware_static,C,2,2,9,1,feasible,0.0,0.0,0.0,42,42.0,0.0,0.0,0,0,1,0.4523809523809524,19,263.0,1.0
low_compressibility,9,smoothed,none,0,2,9,1,feasible,0.0,0.0,0.0,42,42.0,0.0,0.0,0,0,1,0.4523809523809524,19,263.0,1.0
low_compressibility,9,static_min,none,0,2,10,1,feasible,0.0,0.0,0.0,42,42.0,0.0,0.0,0,0,1,0.4523809523809524,19,263.0,1.0
low_compressibility,9,capacity_aware_static,C,2,2,10,1,feasible,0.0,0.0,0.0,42,42.0,0.0,0.0,0,0,1,0.4523809523809524,19,263.0,1.0
low_compressibility,9,smoothed,none,0,2,10,1,feasible,0.0,0.0,0.0,42,42.0,0.0,0.0,0,0,1,0.4523809523809524,19,263.0,1.0
low_compressibility,9,static_min,none,0,2,11,1,feasible,0.0,0.0,0.0,42,42.0,0.0,0.0,0,0,1,0.4523809523809524,19,263.0,1.0
low_compressibility,9,capacity_aware_static,C,2,2,11,1,feasible,0.0,0.0,0.0,42,42.0,0.0,0.0,0,0,1,0.4523809523809524,19,263.0,1.0
low_compressibility,9,smoothed,none,0,2,11,1,feasible,0.0,0.0,0.0,42,42.0,0.0,0.0,0,0,1,0.4523809523809524,19,263.0,1.0
low_compressibility,9,static_min,none,0,2,12,1,feasible,0.0,0.0,0.0,42,42.0,0.0,0.0,0,0,1,0.4523809523809524,19,263.0,1.0
low_compressibility,9,capacity_aware_static,C,2,2,12,1,feasible,0.0,0.0,0.0,42,42.0,0.0,0.0,0,0,1,0.4523809523809524,19,263.0,1.0
low_compressibility,9,smoothed,none,0,2,12,1,feasible,0.0,0.0,0.0,42,42.0,0.0,0.0,0,0,1,0.4523809523809524,19,263.0,1.0
low_compressibility,9,static_min,none,0,2,13,1,feasible,0.0,0.0,0.0,42,42.0,0.0,0.0,0,0,1,0.4523809523809524,19,263.0,1.0
low_compressibility,9,capacity_aware_static,C,2,2,13,1,feasible,0.0,0.0,0.0,42,42.0,0.0,0.0,0,0,1,0.4523809523809524,19,263.0,1.0
low_compressibility,9,smoothed,none,0,2,13,1,feasible,0.0,0.0,0.0,42,42.0,0.0,0.0,0,0,1,0.4523809523809524,19,263.0,1.0
low_compressibility,9,static_min,none,0,2,14,1,feasible,0.0,0.0,0.0,42,42.0,0.0,0.0,0,0,1,0.4523809523809524,19,263.0,1.0
low_compressibility,9,capacity_aware_static,C,2,2,14,1,feasible,0.0,0.0,0.0,42,42.0,0.0,0.0,0,0,1,0.4523809523809524,19,263.0,1.0
low_compressibility,9,smoothed,none,0,2,14,1,feasible,0.0,0.0,0.0,42,42.0,0.0,0.0,0,0,1,0.4523809523809524,19,263.0,1.0
low_compressibility,9,static_min,none,0,2,15,1,feasible,0.0,0.0,0.0,42,42.0,0.0,0.0,0,0,1,0.4523809523809524,19,263.0,1.0
low_compressibility,9,capacity_aware_static,C,2,2,15,1,feasible,0.0,0.0,0.0,42,42.0,0.0,0.0,0,0,1,0.4523809523809524,19,263.0,1.0
low_compressibility,9,smoothed,none,0,2,15,1,feasible,0.0,0.0,0.0,42,42.0,0.0,0.0,0,0,1,0.4523809523809524,19,263.0,1.0
low_compressibility,9,static_min,none,0,3,0,1,feasible,0.0,0.0,0.0,42,42.0,0.0,0.0,0,0,1,0.4523809523809524,19,263.0,1.0
low_compressibility,9,capacity_aware_static,C,3,3,0,1,feasible,0.0,0.0,0.0,42,42.0,0.0,0.0,0,0,1,0.4523809523809524,19,263.0,1.0
low_compressibility,9,smoothed,none,0,3,0,1,feasible,0.0,0.0,0.0,42,42.0,0.0,0.0,0,0,1,0.4523809523809524,19,263.0,1.0
low_compressibility,9,static_min,none,0,3,1,1,feasible,0.0,0.0,0.0,42,42.0,0.0,0.0,0,0,1,0.4523809523809524,19,263.0,1.0
low_compressibility,9,capacity_aware_static,C,3,3,1,1,feasible,0.0,0.0,0.0,42,42.0,0.0,0.0,0,0,1,0.4523809523809524,19,263.0,1.0
low_compressibility,9,smoothed,none,0,3,1,1,feasible,0.0,0.0,0.0,42,42.0,0.0,0.0,0,0,1,0.4523809523809524,19,263.0,1.0
low_compressibility,9,static_min,none,0,3,2,1,feasible,0.0,0.0,0.0,42,42.0,0.0,0.0,0,0,1,0.4523809523809524,19,263.0,1.0
low_compressibility,9,capacity_aware_static,C,3,3,2,1,feasible,0.0,0.0,0.0,42,42.0,0.0,0.0,0,0,1,0.4523809523809524,19,263.0,1.0
low_compressibility,9,smoothed,none,0,3,2,1,feasible,0.0,0.0,0.0,42,42.0,0.0,0.0,0,0,1,0.4523809523809524,19,263.0,1.0
low_compressibility,9,static_min,none,0,3,3,1,feasible,0.0,0.0,0.0,42,42.0,0.0,0.0,0,0,1,0.4523809523809524,19,263.0,1.0
low_compressibility,9,capacity_aware_static,C,3,3,3,1,feasible,0.0,0.0,0.0,42,42.0,0.0,0.0,0,0,1,0.4523809523809524,19,263.0,1.0
low_compressibility,9,smoothed,none,0,3,3,1,feasible,0.0,0.0,0.0,42,42.0,0.0,0.0,0,0,1,0.4523809523809524,19,263.0,1.0
low_compressibility,9,static_min,none,0,3,4,1,feasible,0.0,0.0,0.0,42,42.0,0.0,0.0,0,0,1,0.4523809523809524,19,263.0,1.0
low_compressibility,9,capacity_aware_static,C,3,3,4,1,feasible,0.0,0.0,0.0,42,42.0,0.0,0.0,0,0,1,0.4523809523809524,19,263.0,1.0
low_compressibility,9,smoothed,none,0,3,4,1,feasible,0.0,0.0,0.0,42,42.0,0.0,0.0,0,0,1,0.4523809523809524,19,263.0,1.0
low_compressibility,9,static_min,none,0,3,5,1,feasible,0.0,0.0,0.0,42,42.0,0.0,0.0,0,0,1,0.4523809523809524,19,263.0,1.0
low_compressibility,9,capacity_aware_static,C,3,3,5,1,feasible,0.0,0.0,0.0,42,42.0,0.0,0.0,0,0,1,0.4523809523809524,19,263.0,1.0
low_compressibility,9,smoothed,none,0,3,5,1,feasible,0.0,0.0,0.0,42,42.0,0.0,0.0,0,0,1,0.4523809523809524,19,263.0,1.0
low_compressibility,9,static_min,none,0,3,6,1,feasible,0.0,0.0,0.0,42,42.0,0.0,0.0,0,0,1,0.4523809523809524,19,263.0,1.0
low_compressibility,9,capacity_aware_static,C,3,3,6,1,feasible,0.0,0.0,0.0,42,42.0,0.0,0.0,0,0,1,0.4523809523809524,19,263.0,1.0
low_compressibility,9,smoothed,none,0,3,6,1,feasible,0.0,0.0,0.0,42,42.0,0.0,0.0,0,0,1,0.4523809523809524,19,263.0,1.0
low_compressibility,9,static_min,none,0,3,7,1,feasible,0.0,0.0,0.0,42,42.0,0.0,0.0,0,0,1,0.4523809523809524,19,263.0,1.0
low_compressibility,9,capacity_aware_static,C,3,3,7,1,feasible,0.0,0.0,0.0,42,42.0,0.0,0.0,0,0,1,0.4523809523809524,19,263.0,1.0
low_compressibility,9,smoothed,none,0,3,7,1,feasible,0.0,0.0,0.0,42,42.0,0.0,0.0,0,0,1,0.4523809523809524,19,263.0,1.0
low_compressibility,9,static_min,none,0,3,8,1,feasible,0.0,0.0,0.0,42,42.0,0.0,0.0,0,0,1,0.4523809523809524,19,263.0,1.0
low_compressibility,9,capacity_aware_static,C,3,3,8,1,feasible,0.0,0.0,0.0,42,42.0,0.0,0.0,0,0,1,0.4523809523809524,19,263.0,1.0
low_compressibility,9,smoothed,none,0,3,8,1,feasible,0.0,0.0,0.0,42,42.0,0.0,0.0,0,0,1,0.4523809523809524,19,263.0,1.0
low_compressibility,9,static_min,none,0,3,9,1,feasible,0.0,0.0,0.0,42,42.0,0.0,0.0,0,0,1,0.4523809523809524,19,263.0,1.0
low_compressibility,9,capacity_aware_static,C,3,3,9,1,feasible,0.0,0.0,0.0,42,42.0,0.0,0.0,0,0,1,0.4523809523809524,19,263.0,1.0
low_compressibility,9,smoothed,none,0,3,9,1,feasible,0.0,0.0,0.0,42,42.0,0.0,0.0,0,0,1,0.4523809523809524,19,263.0,1.0
low_compressibility,9,static_min,none,0,3,10,1,feasible,0.0,0.0,0.0,42,42.0,0.0,0.0,0,0,1,0.4523809523809524,19,263.0,1.0
low_compressibility,9,capacity_aware_static,C,3,3,10,1,feasible,0.0,0.0,0.0,42,42.0,0.0,0.0,0,0,1,0.4523809523809524,19,263.0,1.0
low_compressibility,9,smoothed,none,0,3,10,1,feasible,0.0,0.0,0.0,42,42.0,0.0,0.0,0,0,1,0.4523809523809524,19,263.0,1.0
low_compressibility,9,static_min,none,0,3,11,1,feasible,0.0,0.0,0.0,42,42.0,0.0,0.0,0,0,1,0.4523809523809524,19,263.0,1.0
low_compressibility,9,capacity_aware_static,C,3,3,11,1,feasible,0.0,0.0,0.0,42,42.0,0.0,0.0,0,0,1,0.4523809523809524,19,263.0,1.0
low_compressibility,9,smoothed,none,0,3,11,1,feasible,0.0,0.0,0.0,42,42.0,0.0,0.0,0,0,1,0.4523809523809524,19,263.0,1.0
low_compressibility,9,static_min,none,0,3,12,1,feasible,0.0,0.0,0.0,42,42.0,0.0,0.0,0,0,1,0.4523809523809524,19,263.0,1.0
low_compressibility,9,capacity_aware_static,C,3,3,12,1,feasible,0.0,0.0,0.0,42,42.0,0.0,0.0,0,0,1,0.4523809523809524,19,263.0,1.0
low_compressibility,9,smoothed,none,0,3,12,1,feasible,0.0,0.0,0.0,42,42.0,0.0,0.0,0,0,1,0.4523809523809524,19,263.0,1.0
low_compressibility,9,static_min,none,0,3,13,1,feasible,0.0,0.0,0.0,42,42.0,0.0,0.0,0,0,1,0.4523809523809524,19,263.0,1.0
low_compressibility,9,capacity_aware_static,C,3,3,13,1,feasible,0.0,0.0,0.0,42,42.0,0.0,0.0,0,0,1,0.4523809523809524,19,263.0,1.0
low_compressibility,9,smoothed,none,0,3,13,1,feasible,0.0,0.0,0.0,42,42.0,0.0,0.0,0,0,1,0.4523809523809524,19,263.0,1.0
low_compressibility,9,static_min,none,0,3,14,1,feasible,0.0,0.0,0.0,42,42.0,0.0,0.0,0,0,1,0.4523809523809524,19,263.0,1.0
low_compressibility,9,capacity_aware_static,C,3,3,14,1,feasible,0.0,0.0,0.0,42,42.0,0.0,0.0,0,0,1,0.4523809523809524,19,263.0,1.0
low_compressibility,9,smoothed,none,0,3,14,1,feasible,0.0,0.0,0.0,42,42.0,0.0,0.0,0,0,1,0.4523809523809524,19,263.0,1.0
low_compressibility,9,static_min,none,0,3,15,1,feasible,0.0,0.0,0.0,42,42.0,0.0,0.0,0,0,1,0.4523809523809524,19,263.0,1.0
low_compressibility,9,capacity_aware_static,C,3,3,15,1,feasible,0.0,0.0,0.0,42,42.0,0.0,0.0,0,0,1,0.4523809523809524,19,263.0,1.0
low_compressibility,9,smoothed,none,0,3,15,1,feasible,0.0,0.0,0.0,42,42.0,0.0,0.0,0,0,1,0.4523809523809524,19,263.0,1.0
low_compressibility,9,static_min,none,0,4,0,1,feasible,0.0,0.0,0.0,42,42.0,0.0,0.0,0,0,1,0.4523809523809524,19,263.0,1.0
low_compressibility,9,capacity_aware_static,C,4,4,0,1,feasible,0.0,0.0,0.0,42,42.0,0.0,0.0,0,0,1,0.4523809523809524,19,263.0,1.0
low_compressibility,9,smoothed,none,0,4,0,1,feasible,0.0,0.0,0.0,42,42.0,0.0,0.0,0,0,1,0.4523809523809524,19,263.0,1.0
low_compressibility,9,static_min,none,0,4,1,1,feasible,0.0,0.0,0.0,42,42.0,0.0,0.0,0,0,1,0.4523809523809524,19,263.0,1.0
low_compressibility,9,capacity_aware_static,C,4,4,1,1,feasible,0.0,0.0,0.0,42,42.0,0.0,0.0,0,0,1,0.4523809523809524,19,263.0,1.0
low_compressibility,9,smoothed,none,0,4,1,1,feasible,0.0,0.0,0.0,42,42.0,0.0,0.0,0,0,1,0.4523809523809524,19,263.0,1.0
low_compressibility,9,static_min,none,0,4,2,1,feasible,0.0,0.0,0.0,42,42.0,0.0,0.0,0,0,1,0.4523809523809524,19,263.0,1.0
low_compressibility,9,capacity_aware_static,C,4,4,2,1,feasible,0.0,0.0,0.0,42,42.0,0.0,0.0,0,0,1,0.4523809523809524,19,263.0,1.0
low_compressibility,9,smoothed,none,0,4,2,1,feasible,0.0,0.0,0.0,42,42.0,0.0,0.0,0,0,1,0.4523809523809524,19,263.0,1.0
low_compressibility,9,static_min,none,0,4,3,1,feasible,0.0,0.0,0.0,42,42.0,0.0,0.0,0,0,1,0.4523809523809524,19,263.0,1.0
low_compressibility,9,capacity_aware_static,C,4,4,3,1,feasible,0.0,0.0,0.0,42,42.0,0.0,0.0,0,0,1,0.4523809523809524,19,263.0,1.0
low_compressibility,9,smoothed,none,0,4,3,1,feasible,0.0,0.0,0.0,42,42.0,0.0,0.0,0,0,1,0.4523809523809524,19,263.0,1.0
low_compressibility,9,static_min,none,0,4,4,1,feasible,0.0,0.0,0.0,42,42.0,0.0,0.0,0,0,1,0.4523809523809524,19,263.0,1.0
low_compressibility,9,capacity_aware_static,C,4,4,4,1,feasible,0.0,0.0,0.0,42,42.0,0.0,0.0,0,0,1,0.4523809523809524,19,263.0,1.0
low_compressibility,9,smoothed,none,0,4,4,1,feasible,0.0,0.0,0.0,42,42.0,0.0,0.0,0,0,1,0.4523809523809524,19,263.0,1.0
low_compressibility,9,static_min,none,0,4,5,1,feasible,0.0,0.0,0.0,42,42.0,0.0,0.0,0,0,1,0.4523809523809524,19,263.0,1.0
low_compressibility,9,capacity_aware_static,C,4,4,5,1,feasible,0.0,0.0,0.0,42,42.0,0.0,0.0,0,0,1,0.4523809523809524,19,263.0,1.0
low_compressibility,9,smoothed,none,0,4,5,1,feasible,0.0,0.0,0.0,42,42.0,0.0,0.0,0,0,1,0.4523809523809524,19,263.0,1.0
low_compressibility,9,static_min,none,0,4,6,1,feasible,0.0,0.0,0.0,42,42.0,0.0,0.0,0,0,1,0.4523809523809524,19,263.0,1.0
low_compressibility,9,capacity_aware_static,C,4,4,6,1,feasible,0.0,0.0,0.0,42,42.0,0.0,0.0,0,0,1,0.4523809523809524,19,263.0,1.0
low_compressibility,9,smoothed,none,0,4,6,1,feasible,0.0,0.0,0.0,42,42.0,0.0,0.0,0,0,1,0.4523809523809524,19,263.0,1.0
low_compressibility,9,static_min,none,0,4,7,1,feasible,0.0,0.0,0.0,42,42.0,0.0,0.0,0,0,1,0.4523809523809524,19,263.0,1.0
low_compressibility,9,capacity_aware_static,C,4,4,7,1,feasible,0.0,0.0,0.0,42,42.0,0.0,0.0,0,0,1,0.4523809523809524,19,263.0,1.0
low_compressibility,9,smoothed,none,0,4,7,1,feasible,0.0,0.0,0.0,42,42.0,0.0,0.0,0,0,1,0.4523809523809524,19,263.0,1.0
low_compressibility,9,static_min,none,0,4,8,1,feasible,0.0,0.0,0.0,42,42.0,0.0,0.0,0,0,1,0.4523809523809524,19,263.0,1.0
low_compressibility,9,capacity_aware_static,C,4,4,8,1,feasible,0.0,0.0,0.0,42,42.0,0.0,0.0,0,0,1,0.4523809523809524,19,263.0,1.0
low_compressibility,9,smoothed,none,0,4,8,1,feasible,0.0,0.0,0.0,42,42.0,0.0,0.0,0,0,1,0.4523809523809524,19,263.0,1.0
low_compressibility,9,static_min,none,0,4,9,1,feasible,0.0,0.0,0.0,42,42.0,0.0,0.0,0,0,1,0.4523809523809524,19,263.0,1.0
low_compressibility,9,capacity_aware_static,C,4,4,9,1,feasible,0.0,0.0,0.0,42,42.0,0.0,0.0,0,0,1,0.4523809523809524,19,263.0,1.0
low_compressibility,9,smoothed,none,0,4,9,1,feasible,0.0,0.0,0.0,42,42.0,0.0,0.0,0,0,1,0.4523809523809524,19,263.0,1.0
low_compressibility,9,static_min,none,0,4,10,1,feasible,0.0,0.0,0.0,42,42.0,0.0,0.0,0,0,1,0.4523809523809524,19,263.0,1.0
low_compressibility,9,capacity_aware_static,C,4,4,10,1,feasible,0.0,0.0,0.0,42,42.0,0.0,0.0,0,0,1,0.4523809523809524,19,263.0,1.0
low_compressibility,9,smoothed,none,0,4,10,1,feasible,0.0,0.0,0.0,42,42.0,0.0,0.0,0,0,1,0.4523809523809524,19,263.0,1.0
low_compressibility,9,static_min,none,0,4,11,1,feasible,0.0,0.0,0.0,42,42.0,0.0,0.0,0,0,1,0.4523809523809524,19,263.0,1.0
low_compressibility,9,capacity_aware_static,C,4,4,11,1,feasible,0.0,0.0,0.0,42,42.0,0.0,0.0,0,0,1,0.4523809523809524,19,263.0,1.0
low_compressibility,9,smoothed,none,0,4,11,1,feasible,0.0,0.0,0.0,42,42.0,0.0,0.0,0,0,1,0.4523809523809524,19,263.0,1.0
low_compressibility,9,static_min,none,0,4,12,1,feasible,0.0,0.0,0.0,42,42.0,0.0,0.0,0,0,1,0.4523809523809524,19,263.0,1.0
low_compressibility,9,capacity_aware_static,C,4,4,12,1,feasible,0.0,0.0,0.0,42,42.0,0.0,0.0,0,0,1,0.4523809523809524,19,263.0,1.0
low_compressibility,9,smoothed,none,0,4,12,1,feasible,0.0,0.0,0.0,42,42.0,0.0,0.0,0,0,1,0.4523809523809524,19,263.0,1.0
low_compressibility,9,static_min,none,0,4,13,1,feasible,0.0,0.0,0.0,42,42.0,0.0,0.0,0,0,1,0.4523809523809524,19,263.0,1.0
low_compressibility,9,capacity_aware_static,C,4,4,13,1,feasible,0.0,0.0,0.0,42,42.0,0.0,0.0,0,0,1,0.4523809523809524,19,263.0,1.0
low_compressibility,9,smoothed,none,0,4,13,1,feasible,0.0,0.0,0.0,42,42.0,0.0,0.0,0,0,1,0.4523809523809524,19,263.0,1.0
low_compressibility,9,static_min,none,0,4,14,1,feasible,0.0,0.0,0.0,42,42.0,0.0,0.0,0,0,1,0.4523809523809524,19,263.0,1.0
low_compressibility,9,capacity_aware_static,C,4,4,14,1,feasible,0.0,0.0,0.0,42,42.0,0.0,0.0,0,0,1,0.4523809523809524,19,263.0,1.0
low_compressibility,9,smoothed,none,0,4,14,1,feasible,0.0,0.0,0.0,42,42.0,0.0,0.0,0,0,1,0.4523809523809524,19,263.0,1.0
low_compressibility,9,static_min,none,0,4,15,1,feasible,0.0,0.0,0.0,42,42.0,0.0,0.0,0,0,1,0.4523809523809524,19,263.0,1.0
low_compressibility,9,capacity_aware_static,C,4,4,15,1,feasible,0.0,0.0,0.0,42,42.0,0.0,0.0,0,0,1,0.4523809523809524,19,263.0,1.0
low_compressibility,9,smoothed,none,0,4,15,1,feasible,0.0,0.0,0.0,42,42.0,0.0,0.0,0,0,1,0.4523809523809524,19,263.0,1.0
low_compressibility,9,static_min,none,0,5,0,1,feasible,0.0,0.0,0.0,42,42.0,0.0,0.0,0,0,1,0.4523809523809524,19,263.0,1.0
low_compressibility,9,capacity_aware_static,C,5,5,0,1,feasible,0.0,0.0,0.0,42,42.0,0.0,0.0,0,0,1,0.4523809523809524,19,263.0,1.0
low_compressibility,9,smoothed,none,0,5,0,1,feasible,0.0,0.0,0.0,42,42.0,0.0,0.0,0,0,1,0.4523809523809524,19,263.0,1.0
low_compressibility,9,static_min,none,0,5,1,1,feasible,0.0,0.0,0.0,42,42.0,0.0,0.0,0,0,1,0.4523809523809524,19,263.0,1.0
low_compressibility,9,capacity_aware_static,C,5,5,1,1,feasible,0.0,0.0,0.0,42,42.0,0.0,0.0,0,0,1,0.4523809523809524,19,263.0,1.0
low_compressibility,9,smoothed,none,0,5,1,1,feasible,0.0,0.0,0.0,42,42.0,0.0,0.0,0,0,1,0.4523809523809524,19,263.0,1.0
low_compressibility,9,static_min,none,0,5,2,1,feasible,0.0,0.0,0.0,42,42.0,0.0,0.0,0,0,1,0.4523809523809524,19,263.0,1.0
low_compressibility,9,capacity_aware_static,C,5,5,2,1,feasible,0.0,0.0,0.0,42,42.0,0.0,0.0,0,0,1,0.4523809523809524,19,263.0,1.0
low_compressibility,9,smoothed,none,0,5,2,1,feasible,0.0,0.0,0.0,42,42.0,0.0,0.0,0,0,1,0.4523809523809524,19,263.0,1.0
low_compressibility,9,static_min,none,0,5,3,1,feasible,0.0,0.0,0.0,42,42.0,0.0,0.0,0,0,1,0.4523809523809524,19,263.0,1.0
low_compressibility,9,capacity_aware_static,C,5,5,3,1,feasible,0.0,0.0,0.0,42,42.0,0.0,0.0,0,0,1,0.4523809523809524,19,263.0,1.0
low_compressibility,9,smoothed,none,0,5,3,1,feasible,0.0,0.0,0.0,42,42.0,0.0,0.0,0,0,1,0.4523809523809524,19,263.0,1.0
low_compressibility,9,static_min,none,0,5,4,1,feasible,0.0,0.0,0.0,42,42.0,0.0,0.0,0,0,1,0.4523809523809524,19,263.0,1.0
low_compressibility,9,capacity_aware_static,C,5,5,4,1,feasible,0.0,0.0,0.0,42,42.0,0.0,0.0,0,0,1,0.4523809523809524,19,263.0,1.0
low_compressibility,9,smoothed,none,0,5,4,1,feasible,0.0,0.0,0.0,42,42.0,0.0,0.0,0,0,1,0.4523809523809524,19,263.0,1.0
low_compressibility,9,static_min,none,0,5,5,1,feasible,0.0,0.0,0.0,42,42.0,0.0,0.0,0,0,1,0.4523809523809524,19,263.0,1.0
low_compressibility,9,capacity_aware_static,C,5,5,5,1,feasible,0.0,0.0,0.0,42,42.0,0.0,0.0,0,0,1,0.4523809523809524,19,263.0,1.0
low_compressibility,9,smoothed,none,0,5,5,1,feasible,0.0,0.0,0.0,42,42.0,0.0,0.0,0,0,1,0.4523809523809524,19,263.0,1.0
low_compressibility,9,static_min,none,0,5,6,1,feasible,0.0,0.0,0.0,42,42.0,0.0,0.0,0,0,1,0.4523809523809524,19,263.0,1.0
low_compressibility,9,capacity_aware_static,C,5,5,6,1,feasible,0.0,0.0,0.0,42,42.0,0.0,0.0,0,0,1,0.4523809523809524,19,263.0,1.0
low_compressibility,9,smoothed,none,0,5,6,1,feasible,0.0,0.0,0.0,42,42.0,0.0,0.0,0,0,1,0.4523809523809524,19,263.0,1.0
low_compressibility,9,static_min,none,0,5,7,1,feasible,0.0,0.0,0.0,42,42.0,0.0,0.0,0,0,1,0.4523809523809524,19,263.0,1.0
low_compressibility,9,capacity_aware_static,C,5,5,7,1,feasible,0.0,0.0,0.0,42,42.0,0.0,0.0,0,0,1,0.4523809523809524,19,263.0,1.0
low_compressibility,9,smoothed,none,0,5,7,1,feasible,0.0,0.0,0.0,42,42.0,0.0,0.0,0,0,1,0.4523809523809524,19,263.0,1.0
low_compressibility,9,static_min,none,0,5,8,1,feasible,0.0,0.0,0.0,42,42.0,0.0,0.0,0,0,1,0.4523809523809524,19,263.0,1.0
low_compressibility,9,capacity_aware_static,C,5,5,8,1,feasible,0.0,0.0,0.0,42,42.0,0.0,0.0,0,0,1,0.4523809523809524,19,263.0,1.0
low_compressibility,9,smoothed,none,0,5,8,1,feasible,0.0,0.0,0.0,42,42.0,0.0,0.0,0,0,1,0.4523809523809524,19,263.0,1.0
low_compressibility,9,static_min,none,0,5,9,1,feasible,0.0,0.0,0.0,42,42.0,0.0,0.0,0,0,1,0.4523809523809524,19,263.0,1.0
low_compressibility,9,capacity_aware_static,C,5,5,9,1,feasible,0.0,0.0,0.0,42,42.0,0.0,0.0,0,0,1,0.4523809523809524,19,263.0,1.0
low_compressibility,9,smoothed,none,0,5,9,1,feasible,0.0,0.0,0.0,42,42.0,0.0,0.0,0,0,1,0.4523809523809524,19,263.0,1.0
low_compressibility,9,static_min,none,0,5,10,1,feasible,0.0,0.0,0.0,42,42.0,0.0,0.0,0,0,1,0.4523809523809524,19,263.0,1.0
low_compressibility,9,capacity_aware_static,C,5,5,10,1,feasible,0.0,0.0,0.0,42,42.0,0.0,0.0,0,0,1,0.4523809523809524,19,263.0,1.0
low_compressibility,9,smoothed,none,0,5,10,1,feasible,0.0,0.0,0.0,42,42.0,0.0,0.0,0,0,1,0.4523809523809524,19,263.0,1.0
low_compressibility,9,static_min,none,0,5,11,1,feasible,0.0,0.0,0.0,42,42.0,0.0,0.0,0,0,1,0.4523809523809524,19,263.0,1.0
low_compressibility,9,capacity_aware_static,C,5,5,11,1,feasible,0.0,0.0,0.0,42,42.0,0.0,0.0,0,0,1,0.4523809523809524,19,263.0,1.0
low_compressibility,9,smoothed,none,0,5,11,1,feasible,0.0,0.0,0.0,42,42.0,0.0,0.0,0,0,1,0.4523809523809524,19,263.0,1.0
low_compressibility,9,static_min,none,0,5,12,1,feasible,0.0,0.0,0.0,42,42.0,0.0,0.0,0,0,1,0.4523809523809524,19,263.0,1.0
low_compressibility,9,capacity_aware_static,C,5,5,12,1,feasible,0.0,0.0,0.0,42,42.0,0.0,0.0,0,0,1,0.4523809523809524,19,263.0,1.0
low_compressibility,9,smoothed,none,0,5,12,1,feasible,0.0,0.0,0.0,42,42.0,0.0,0.0,0,0,1,0.4523809523809524,19,263.0,1.0
low_compressibility,9,static_min,none,0,5,13,1,feasible,0.0,0.0,0.0,42,42.0,0.0,0.0,0,0,1,0.4523809523809524,19,263.0,1.0
low_compressibility,9,capacity_aware_static,C,5,5,13,1,feasible,0.0,0.0,0.0,42,42.0,0.0,0.0,0,0,1,0.4523809523809524,19,263.0,1.0
low_compressibility,9,smoothed,none,0,5,13,1,feasible,0.0,0.0,0.0,42,42.0,0.0,0.0,0,0,1,0.4523809523809524,19,263.0,1.0
low_compressibility,9,static_min,none,0,5,14,1,feasible,0.0,0.0,0.0,42,42.0,0.0,0.0,0,0,1,0.4523809523809524,19,263.0,1.0
low_compressibility,9,capacity_aware_static,C,5,5,14,1,feasible,0.0,0.0,0.0,42,42.0,0.0,0.0,0,0,1,0.4523809523809524,19,263.0,1.0
low_compressibility,9,smoothed,none,0,5,14,1,feasible,0.0,0.0,0.0,42,42.0,0.0,0.0,0,0,1,0.4523809523809524,19,263.0,1.0
low_compressibility,9,static_min,none,0,5,15,1,feasible,0.0,0.0,0.0,42,42.0,0.0,0.0,0,0,1,0.4523809523809524,19,263.0,1.0
low_compressibility,9,capacity_aware_static,C,5,5,15,1,feasible,0.0,0.0,0.0,42,42.0,0.0,0.0,0,0,1,0.4523809523809524,19,263.0,1.0
low_compressibility,9,smoothed,none,0,5,15,1,feasible,0.0,0.0,0.0,42,42.0,0.0,0.0,0,0,1,0.4523809523809524,19,263.0,1.0
low_compressibility,9,static_min,none,0,6,0,1,feasible,0.0,0.0,0.0,42,42.0,0.0,0.0,0,0,1,0.4523809523809524,19,263.0,1.0
low_compressibility,9,capacity_aware_static,C,6,6,0,1,feasible,0.0,0.0,0.0,42,42.0,0.0,0.0,0,0,1,0.4523809523809524,19,263.0,1.0
low_compressibility,9,smoothed,none,0,6,0,1,feasible,0.0,0.0,0.0,42,42.0,0.0,0.0,0,0,1,0.4523809523809524,19,263.0,1.0
low_compressibility,9,static_min,none,0,6,1,1,feasible,0.0,0.0,0.0,42,42.0,0.0,0.0,0,0,1,0.4523809523809524,19,263.0,1.0
low_compressibility,9,capacity_aware_static,C,6,6,1,1,feasible,0.0,0.0,0.0,42,42.0,0.0,0.0,0,0,1,0.4523809523809524,19,263.0,1.0
low_compressibility,9,smoothed,none,0,6,1,1,feasible,0.0,0.0,0.0,42,42.0,0.0,0.0,0,0,1,0.4523809523809524,19,263.0,1.0
low_compressibility,9,static_min,none,0,6,2,1,feasible,0.0,0.0,0.0,42,42.0,0.0,0.0,0,0,1,0.4523809523809524,19,263.0,1.0
low_compressibility,9,capacity_aware_static,C,6,6,2,1,feasible,0.0,0.0,0.0,42,42.0,0.0,0.0,0,0,1,0.4523809523809524,19,263.0,1.0
low_compressibility,9,smoothed,none,0,6,2,1,feasible,0.0,0.0,0.0,42,42.0,0.0,0.0,0,0,1,0.4523809523809524,19,263.0,1.0
low_compressibility,9,static_min,none,0,6,3,1,feasible,0.0,0.0,0.0,42,42.0,0.0,0.0,0,0,1,0.4523809523809524,19,263.0,1.0
low_compressibility,9,capacity_aware_static,C,6,6,3,1,feasible,0.0,0.0,0.0,42,42.0,0.0,0.0,0,0,1,0.4523809523809524,19,263.0,1.0
low_compressibility,9,smoothed,none,0,6,3,1,feasible,0.0,0.0,0.0,42,42.0,0.0,0.0,0,0,1,0.4523809523809524,19,263.0,1.0
low_compressibility,9,static_min,none,0,6,4,1,feasible,0.0,0.0,0.0,42,42.0,0.0,0.0,0,0,1,0.4523809523809524,19,263.0,1.0
low_compressibility,9,capacity_aware_static,C,6,6,4,1,feasible,0.0,0.0,0.0,42,42.0,0.0,0.0,0,0,1,0.4523809523809524,19,263.0,1.0
low_compressibility,9,smoothed,none,0,6,4,1,feasible,0.0,0.0,0.0,42,42.0,0.0,0.0,0,0,1,0.4523809523809524,19,263.0,1.0
low_compressibility,9,static_min,none,0,6,5,1,feasible,0.0,0.0,0.0,42,42.0,0.0,0.0,0,0,1,0.4523809523809524,19,263.0,1.0
low_compressibility,9,capacity_aware_static,C,6,6,5,1,feasible,0.0,0.0,0.0,42,42.0,0.0,0.0,0,0,1,0.4523809523809524,19,263.0,1.0
low_compressibility,9,smoothed,none,0,6,5,1,feasible,0.0,0.0,0.0,42,42.0,0.0,0.0,0,0,1,0.4523809523809524,19,263.0,1.0
low_compressibility,9,static_min,none,0,6,6,1,feasible,0.0,0.0,0.0,42,42.0,0.0,0.0,0,0,1,0.4523809523809524,19,263.0,1.0
low_compressibility,9,capacity_aware_static,C,6,6,6,1,feasible,0.0,0.0,0.0,42,42.0,0.0,0.0,0,0,1,0.4523809523809524,19,263.0,1.0
low_compressibility,9,smoothed,none,0,6,6,1,feasible,0.0,0.0,0.0,42,42.0,0.0,0.0,0,0,1,0.4523809523809524,19,263.0,1.0
low_compressibility,9,static_min,none,0,6,7,1,feasible,0.0,0.0,0.0,42,42.0,0.0,0.0,0,0,1,0.4523809523809524,19,263.0,1.0
low_compressibility,9,capacity_aware_static,C,6,6,7,1,feasible,0.0,0.0,0.0,42,42.0,0.0,0.0,0,0,1,0.4523809523809524,19,263.0,1.0
low_compressibility,9,smoothed,none,0,6,7,1,feasible,0.0,0.0,0.0,42,42.0,0.0,0.0,0,0,1,0.4523809523809524,19,263.0,1.0
low_compressibility,9,static_min,none,0,6,8,1,feasible,0.0,0.0,0.0,42,42.0,0.0,0.0,0,0,1,0.4523809523809524,19,263.0,1.0
low_compressibility,9,capacity_aware_static,C,6,6,8,1,feasible,0.0,0.0,0.0,42,42.0,0.0,0.0,0,0,1,0.4523809523809524,19,263.0,1.0
low_compressibility,9,smoothed,none,0,6,8,1,feasible,0.0,0.0,0.0,42,42.0,0.0,0.0,0,0,1,0.4523809523809524,19,263.0,1.0
low_compressibility,9,static_min,none,0,6,9,1,feasible,0.0,0.0,0.0,42,42.0,0.0,0.0,0,0,1,0.4523809523809524,19,263.0,1.0
low_compressibility,9,capacity_aware_static,C,6,6,9,1,feasible,0.0,0.0,0.0,42,42.0,0.0,0.0,0,0,1,0.4523809523809524,19,263.0,1.0
low_compressibility,9,smoothed,none,0,6,9,1,feasible,0.0,0.0,0.0,42,42.0,0.0,0.0,0,0,1,0.4523809523809524,19,263.0,1.0
low_compressibility,9,static_min,none,0,6,10,1,feasible,0.0,0.0,0.0,42,42.0,0.0,0.0,0,0,1,0.4523809523809524,19,263.0,1.0
low_compressibility,9,capacity_aware_static,C,6,6,10,1,feasible,0.0,0.0,0.0,42,42.0,0.0,0.0,0,0,1,0.4523809523809524,19,263.0,1.0
low_compressibility,9,smoothed,none,0,6,10,1,feasible,0.0,0.0,0.0,42,42.0,0.0,0.0,0,0,1,0.4523809523809524,19,263.0,1.0
low_compressibility,9,static_min,none,0,6,11,1,feasible,0.0,0.0,0.0,42,42.0,0.0,0.0,0,0,1,0.4523809523809524,19,263.0,1.0
low_compressibility,9,capacity_aware_static,C,6,6,11,1,feasible,0.0,0.0,0.0,42,42.0,0.0,0.0,0,0,1,0.4523809523809524,19,263.0,1.0
low_compressibility,9,smoothed,none,0,6,11,1,feasible,0.0,0.0,0.0,42,42.0,0.0,0.0,0,0,1,0.4523809523809524,19,263.0,1.0
low_compressibility,9,static_min,none,0,6,12,1,feasible,0.0,0.0,0.0,42,42.0,0.0,0.0,0,0,1,0.4523809523809524,19,263.0,1.0
low_compressibility,9,capacity_aware_static,C,6,6,12,1,feasible,0.0,0.0,0.0,42,42.0,0.0,0.0,0,0,1,0.4523809523809524,19,263.0,1.0
low_compressibility,9,smoothed,none,0,6,12,1,feasible,0.0,0.0,0.0,42,42.0,0.0,0.0,0,0,1,0.4523809523809524,19,263.0,1.0
low_compressibility,9,static_min,none,0,6,13,1,feasible,0.0,0.0,0.0,42,42.0,0.0,0.0,0,0,1,0.4523809523809524,19,263.0,1.0
low_compressibility,9,capacity_aware_static,C,6,6,13,1,feasible,0.0,0.0,0.0,42,42.0,0.0,0.0,0,0,1,0.4523809523809524,19,263.0,1.0
low_compressibility,9,smoothed,none,0,6,13,1,feasible,0.0,0.0,0.0,42,42.0,0.0,0.0,0,0,1,0.4523809523809524,19,263.0,1.0
low_compressibility,9,static_min,none,0,6,14,1,feasible,0.0,0.0,0.0,42,42.0,0.0,0.0,0,0,1,0.4523809523809524,19,263.0,1.0
low_compressibility,9,capacity_aware_static,C,6,6,14,1,feasible,0.0,0.0,0.0,42,42.0,0.0,0.0,0,0,1,0.4523809523809524,19,263.0,1.0
low_compressibility,9,smoothed,none,0,6,14,1,feasible,0.0,0.0,0.0,42,42.0,0.0,0.0,0,0,1,0.4523809523809524,19,263.0,1.0
low_compressibility,9,static_min,none,0,6,15,1,feasible,0.0,0.0,0.0,42,42.0,0.0,0.0,0,0,1,0.4523809523809524,19,263.0,1.0
low_compressibility,9,capacity_aware_static,C,6,6,15,1,feasible,0.0,0.0,0.0,42,42.0,0.0,0.0,0,0,1,0.4523809523809524,19,263.0,1.0
low_compressibility,9,smoothed,none,0,6,15,1,feasible,0.0,0.0,0.0,42,42.0,0.0,0.0,0,0,1,0.4523809523809524,19,263.0,1.0
low_compressibility,9,static_min,none,0,7,0,1,feasible,0.0,0.0,0.0,42,42.0,0.0,0.0,0,0,1,0.4523809523809524,19,263.0,1.0
low_compressibility,9,capacity_aware_static,C,7,7,0,1,feasible,0.0,0.0,0.0,42,42.0,0.0,0.0,0,0,1,0.4523809523809524,19,263.0,1.0
low_compressibility,9,smoothed,none,0,7,0,1,feasible,0.0,0.0,0.0,42,42.0,0.0,0.0,0,0,1,0.4523809523809524,19,263.0,1.0
low_compressibility,9,static_min,none,0,7,1,1,feasible,0.0,0.0,0.0,42,42.0,0.0,0.0,0,0,1,0.4523809523809524,19,263.0,1.0
low_compressibility,9,capacity_aware_static,C,7,7,1,1,feasible,0.0,0.0,0.0,42,42.0,0.0,0.0,0,0,1,0.4523809523809524,19,263.0,1.0
low_compressibility,9,smoothed,none,0,7,1,1,feasible,0.0,0.0,0.0,42,42.0,0.0,0.0,0,0,1,0.4523809523809524,19,263.0,1.0
low_compressibility,9,static_min,none,0,7,2,1,feasible,0.0,0.0,0.0,42,42.0,0.0,0.0,0,0,1,0.4523809523809524,19,263.0,1.0
low_compressibility,9,capacity_aware_static,C,7,7,2,1,feasible,0.0,0.0,0.0,42,42.0,0.0,0.0,0,0,1,0.4523809523809524,19,263.0,1.0
low_compressibility,9,smoothed,none,0,7,2,1,feasible,0.0,0.0,0.0,42,42.0,0.0,0.0,0,0,1,0.4523809523809524,19,263.0,1.0
low_compressibility,9,static_min,none,0,7,3,1,feasible,0.0,0.0,0.0,42,42.0,0.0,0.0,0,0,1,0.4523809523809524,19,263.0,1.0
low_compressibility,9,capacity_aware_static,C,7,7,3,1,feasible,0.0,0.0,0.0,42,42.0,0.0,0.0,0,0,1,0.4523809523809524,19,263.0,1.0
low_compressibility,9,smoothed,none,0,7,3,1,feasible,0.0,0.0,0.0,42,42.0,0.0,0.0,0,0,1,0.4523809523809524,19,263.0,1.0
low_compressibility,9,static_min,none,0,7,4,1,feasible,0.0,0.0,0.0,42,42.0,0.0,0.0,0,0,1,0.4523809523809524,19,263.0,1.0
low_compressibility,9,capacity_aware_static,C,7,7,4,1,feasible,0.0,0.0,0.0,42,42.0,0.0,0.0,0,0,1,0.4523809523809524,19,263.0,1.0
low_compressibility,9,smoothed,none,0,7,4,1,feasible,0.0,0.0,0.0,42,42.0,0.0,0.0,0,0,1,0.4523809523809524,19,263.0,1.0
low_compressibility,9,static_min,none,0,7,5,1,feasible,0.0,0.0,0.0,42,42.0,0.0,0.0,0,0,1,0.4523809523809524,19,263.0,1.0
low_compressibility,9,capacity_aware_static,C,7,7,5,1,feasible,0.0,0.0,0.0,42,42.0,0.0,0.0,0,0,1,0.4523809523809524,19,263.0,1.0
low_compressibility,9,smoothed,none,0,7,5,1,feasible,0.0,0.0,0.0,42,42.0,0.0,0.0,0,0,1,0.4523809523809524,19,263.0,1.0
low_compressibility,9,static_min,none,0,7,6,1,feasible,0.0,0.0,0.0,42,42.0,0.0,0.0,0,0,1,0.4523809523809524,19,263.0,1.0
low_compressibility,9,capacity_aware_static,C,7,7,6,1,feasible,0.0,0.0,0.0,42,42.0,0.0,0.0,0,0,1,0.4523809523809524,19,263.0,1.0
low_compressibility,9,smoothed,none,0,7,6,1,feasible,0.0,0.0,0.0,42,42.0,0.0,0.0,0,0,1,0.4523809523809524,19,263.0,1.0
low_compressibility,9,static_min,none,0,7,7,1,feasible,0.0,0.0,0.0,42,42.0,0.0,0.0,0,0,1,0.4523809523809524,19,263.0,1.0
low_compressibility,9,capacity_aware_static,C,7,7,7,1,feasible,0.0,0.0,0.0,42,42.0,0.0,0.0,0,0,1,0.4523809523809524,19,263.0,1.0
low_compressibility,9,smoothed,none,0,7,7,1,feasible,0.0,0.0,0.0,42,42.0,0.0,0.0,0,0,1,0.4523809523809524,19,263.0,1.0
low_compressibility,9,static_min,none,0,7,8,1,feasible,0.0,0.0,0.0,42,42.0,0.0,0.0,0,0,1,0.4523809523809524,19,263.0,1.0
low_compressibility,9,capacity_aware_static,C,7,7,8,1,feasible,0.0,0.0,0.0,42,42.0,0.0,0.0,0,0,1,0.4523809523809524,19,263.0,1.0
low_compressibility,9,smoothed,none,0,7,8,1,feasible,0.0,0.0,0.0,42,42.0,0.0,0.0,0,0,1,0.4523809523809524,19,263.0,1.0
low_compressibility,9,static_min,none,0,7,9,1,feasible,0.0,0.0,0.0,42,42.0,0.0,0.0,0,0,1,0.4523809523809524,19,263.0,1.0
low_compressibility,9,capacity_aware_static,C,7,7,9,1,feasible,0.0,0.0,0.0,42,42.0,0.0,0.0,0,0,1,0.4523809523809524,19,263.0,1.0
low_compressibility,9,smoothed,none,0,7,9,1,feasible,0.0,0.0,0.0,42,42.0,0.0,0.0,0,0,1,0.4523809523809524,19,263.0,1.0
low_compressibility,9,static_min,none,0,7,10,1,feasible,0.0,0.0,0.0,42,42.0,0.0,0.0,0,0,1,0.4523809523809524,19,263.0,1.0
low_compressibility,9,capacity_aware_static,C,7,7,10,1,feasible,0.0,0.0,0.0,42,42.0,0.0,0.0,0,0,1,0.4523809523809524,19,263.0,1.0
low_compressibility,9,smoothed,none,0,7,10,1,feasible,0.0,0.0,0.0,42,42.0,0.0,0.0,0,0,1,0.4523809523809524,19,263.0,1.0
low_compressibility,9,static_min,none,0,7,11,1,feasible,0.0,0.0,0.0,42,42.0,0.0,0.0,0,0,1,0.4523809523809524,19,263.0,1.0
low_compressibility,9,capacity_aware_static,C,7,7,11,1,feasible,0.0,0.0,0.0,42,42.0,0.0,0.0,0,0,1,0.4523809523809524,19,263.0,1.0
low_compressibility,9,smoothed,none,0,7,11,1,feasible,0.0,0.0,0.0,42,42.0,0.0,0.0,0,0,1,0.4523809523809524,19,263.0,1.0
low_compressibility,9,static_min,none,0,7,12,1,feasible,0.0,0.0,0.0,42,42.0,0.0,0.0,0,0,1,0.4523809523809524,19,263.0,1.0
low_compressibility,9,capacity_aware_static,C,7,7,12,1,feasible,0.0,0.0,0.0,42,42.0,0.0,0.0,0,0,1,0.4523809523809524,19,263.0,1.0
low_compressibility,9,smoothed,none,0,7,12,1,feasible,0.0,0.0,0.0,42,42.0,0.0,0.0,0,0,1,0.4523809523809524,19,263.0,1.0
low_compressibility,9,static_min,none,0,7,13,1,feasible,0.0,0.0,0.0,42,42.0,0.0,0.0,0,0,1,0.4523809523809524,19,263.0,1.0
low_compressibility,9,capacity_aware_static,C,7,7,13,1,feasible,0.0,0.0,0.0,42,42.0,0.0,0.0,0,0,1,0.4523809523809524,19,263.0,1.0
low_compressibility,9,smoothed,none,0,7,13,1,feasible,0.0,0.0,0.0,42,42.0,0.0,0.0,0,0,1,0.4523809523809524,19,263.0,1.0
low_compressibility,9,static_min,none,0,7,14,1,feasible,0.0,0.0,0.0,42,42.0,0.0,0.0,0,0,1,0.4523809523809524,19,263.0,1.0
low_compressibility,9,capacity_aware_static,C,7,7,14,1,feasible,0.0,0.0,0.0,42,42.0,0.0,0.0,0,0,1,0.4523809523809524,19,263.0,1.0
low_compressibility,9,smoothed,none,0,7,14,1,feasible,0.0,0.0,0.0,42,42.0,0.0,0.0,0,0,1,0.4523809523809524,19,263.0,1.0
low_compressibility,9,static_min,none,0,7,15,1,feasible,0.0,0.0,0.0,42,42.0,0.0,0.0,0,0,1,0.4523809523809524,19,263.0,1.0
low_compressibility,9,capacity_aware_static,C,7,7,15,1,feasible,0.0,0.0,0.0,42,42.0,0.0,0.0,0,0,1,0.4523809523809524,19,263.0,1.0
low_compressibility,9,smoothed,none,0,7,15,1,feasible,0.0,0.0,0.0,42,42.0,0.0,0.0,0,0,1,0.4523809523809524,19,263.0,1.0
